iso3,source_id,source_name,owner,lat,lon,emissions_quantity,sector,gas,subsector,country,capacity,activity,origin
AUS,53059054,Russia_Central Sub-basin - West Siberia_Conventional onshore,,63.14992056,75.07028719,268604732.3177545,fossil-fuel-operations,co2e_100yr,oil-and-gas-production,RUS,0.0,0.0,api
AUS,53058858,Iran_Zagros Foldbelt_Conventional onshore,,30.98387974,49.3947384,169628975.34764776,fossil-fuel-operations,co2e_100yr,oil-and-gas-production,IRN,0.0,0.0,api
AUS,53058624,Canada_West Canadian - Alberta_Oil sands AB,,56.16913987,-111.3587498,166847823.89487568,fossil-fuel-operations,co2e_100yr,oil-and-gas-production,CAN,0.0,0.0,api
AUS,53059095,Saudi Arabia_Widyan - North Arabian Gulf_Conventional onshore,,24.83770287,48.8153371,109863545.51253554,fossil-fuel-operations,co2e_100yr,oil-and-gas-production,SAU,0.0,0.0,api
AUS,8319715,Mougoutsi Department,,-3.030898383499931,11.383505647108503,107966664.38242002,forestry-and-land-use,co2e_100yr,net-forest-land,GAB,529.5206409298695,516541050.6934498,api
AUS,8605505,Mougoutsi Department,,-3.030898383499931,11.383505647108503,104209740.64748996,forestry-and-land-use,co2e_100yr,removals,GAB,408.1403635526708,554666127.1318702,api
AUS,8565746,Mvouti District,,-4.356110572499944,12.413261316570399,102942761.31442003,forestry-and-land-use,co2e_100yr,removals,COG,380.0447779500558,138780039.84040004,api
AUS,8310866,Mvouti District,,-4.356110572499944,12.413261316570399,102595692.09125,forestry-and-land-use,co2e_100yr,net-forest-land,COG,383.4678240738797,136174277.45139998,api
AUS,8560515,Ndian Department,,4.841376305000067,8.947191404109706,102075194.06230997,forestry-and-land-use,co2e_100yr,removals,CMR,403.1638628909338,245979735.84017003,api
AUS,8310606,Ndian Department,,4.841376305000067,8.947191404109706,101442456.94438003,forestry-and-land-use,co2e_100yr,net-forest-land,CMR,406.794750588609,244443175.72598,api
AUS,53058863,Iraq_Widyan - North Arabian Gulf_Conventional onshore,,30.87667217,47.15489484,99995863.09950207,fossil-fuel-operations,co2e_100yr,oil-and-gas-production,IRQ,0.0,0.0,api
AUS,8164920,Velasco Province,,-15.45555519999991,-60.87755103889528,90388376.00000001,forestry-and-land-use,co2e_100yr,forest-land-fires,BOL,108.20941968320732,243209945.14207742,api
AUS,53059076,Russia_Volga - Urals_Conventional onshore,,54.58341793,53.18313135,84961146.5940599,fossil-fuel-operations,co2e_100yr,oil-and-gas-production,RUS,0.0,0.0,api
AUS,53058854,Iran_Rub al Khali_Conventional shelf,,26.62288477,52.29625915,83605137.93459398,fossil-fuel-operations,co2e_100yr,oil-and-gas-production,IRN,0.0,0.0,api
AUS,53059897,Russia_Central Sub-basin - West Siberia_Conventional onshore,,63.14992056,75.07028719,82816177.7628175,fossil-fuel-operations,co2e_100yr,oil-and-gas-transport,RUS,0.0,0.0,api
AUS,8164908,Angel Sandoval Province,,-17.18895706149985,-58.95696975687621,80039070.00000001,forestry-and-land-use,co2e_100yr,forest-land-fires,BOL,108.20941968320732,215362845.15082887,api
AUS,53059122,Spraberry Lower Light Oil TX,,31.95319952,-101.8681182,68136935.67061621,fossil-fuel-operations,co2e_100yr,oil-and-gas-production,USA,0.0,0.0,api
AUS,5018183,São Félix do Xingu Municipality,,-7.4614655154999525,-52.462040878054744,67535990.0,forestry-and-land-use,co2e_100yr,forest-land-clearing,BRA,109.98810961949103,67535990.0,api
AUS,8164916,Ñuflo De Chávez Province,,-15.63050455149994,-62.035541627143026,67121550.0,forestry-and-land-use,co2e_100yr,forest-land-fires,BOL,108.20941968320732,180605396.5761173,api
AUS,53059096,Saudi Arabia_Widyan - North Arabian Gulf_Conventional shelf,,27.74535928,49.48245891,60055563.53799553,fossil-fuel-operations,co2e_100yr,oil-and-gas-production,SAU,0.0,0.0,api
AUS,5054522,Olekminskiy District,,59.348526001000096,120.92468829200622,59403300.00000001,forestry-and-land-use,co2e_100yr,forest-land-clearing,RUS,121.4364969169983,59403300.00000001,api
AUS,8319706,Basse Banio Department,,-3.218193999999926,10.760829096722599,59303213.362530015,forestry-and-land-use,co2e_100yr,net-forest-land,GAB,586.2875334739206,306880359.82819,api
AUS,8605501,Basse Banio Department,,-3.218193999999926,10.760829096722599,59105198.904020004,forestry-and-land-use,co2e_100yr,removals,GAB,556.7132257754698,314276243.74661,api
AUS,53059881,Qatar_Rub al Khali_LNG,,26.33890017,52.01875243,56617592.965530515,fossil-fuel-operations,co2e_100yr,oil-and-gas-transport,QAT,0.0,0.0,api
AUS,8319690,Douya Onoye Department,,-1.7650240059999476,11.108346917067466,56471661.115100004,forestry-and-land-use,co2e_100yr,net-forest-land,GAB,606.5888181393647,288242248.00766003,api
AUS,8605496,Douya Onoye Department,,-1.7650240059999476,11.108346917067466,55388308.96458999,forestry-and-land-use,co2e_100yr,removals,GAB,582.7281344704409,292489599.76824003,api
AUS,8164913,Guarayos Province,,-15.24431232449993,-63.19446770766885,52186369.99999999,forestry-and-land-use,co2e_100yr,forest-land-fires,BOL,108.20941968320732,140418986.89344913,api
AUS,8565744,Madingo-Kayes District,,-3.965502500499952,11.453096402771978,51601588.03615001,forestry-and-land-use,co2e_100yr,removals,COG,447.6014494582806,184975830.26847994,api
AUS,53058999,Oman_Rub al Khali_Conventional onshore,,22.07836452,56.30801465,51147088.9058113,fossil-fuel-operations,co2e_100yr,oil-and-gas-production,OMN,0.0,0.0,api
AUS,53059697,Iran_Rub al Khali_Conventional shelf,,26.62288477,52.29625915,50711609.490266964,fossil-fuel-operations,co2e_100yr,oil-and-gas-transport,IRN,0.0,0.0,api
AUS,5015641,Velasco Province,,-15.45555519999991,-60.87755103889528,50641790.00000001,forestry-and-land-use,co2e_100yr,forest-land-clearing,BOL,99.48493566700984,50641790.00000001,api
AUS,8310865,Madingo-Kayes District,,-3.965502500499952,11.453096402771978,50499006.57543998,forestry-and-land-use,co2e_100yr,net-forest-land,COG,513.4996424408367,174750371.81883,api
AUS,5021543,Northern Rockies Regional District,,59.000022887500116,-123.46930811295908,50484904.0,forestry-and-land-use,co2e_100yr,forest-land-clearing,CAN,144.87411564442831,50484904.0,api
AUS,8310869,Sibiti District,,-3.632638930999945,13.297169845328407,50455001.09543001,forestry-and-land-use,co2e_100yr,net-forest-land,COG,546.3706344954591,351074637.79829,api
AUS,5015634,Guarayos Province,,-15.24431232449993,-63.19446770766885,49728550.00000001,forestry-and-land-use,co2e_100yr,forest-land-clearing,BOL,99.48493566700984,49728550.00000001,api
AUS,53058453,Algeria_Illizi - Ghadames_Conventional onshore,,30.25093858,8.029969123,48605458.61484325,fossil-fuel-operations,co2e_100yr,oil-and-gas-production,DZA,0.0,0.0,api
AUS,53058893,Kuwait_Widyan - North Arabian Gulf_Conventional onshore,,29.21565747,47.71724959,48360798.12330735,fossil-fuel-operations,co2e_100yr,oil-and-gas-production,KWT,0.0,0.0,api
AUS,8565752,Sibiti District,,-3.632638930999945,13.297169845328407,48145982.91426999,forestry-and-land-use,co2e_100yr,removals,COG,504.9939385078173,365199343.95606,api
AUS,53059221,Venezuela_Maturin_Heavy oil,,8.590301896,-63.99002992,47835056.23139443,fossil-fuel-operations,co2e_100yr,oil-and-gas-production,VEN,0.0,0.0,api
AUS,53059167,Turkmenistan_Amu-Dar'ya_Acid/sour gas,,37.66144356,62.45741854,47643792.82222016,fossil-fuel-operations,co2e_100yr,oil-and-gas-production,TKM,0.0,0.0,api
AUS,8161305,Roper Gulf Shire,,-15.305660999999958,134.05687560478293,47605796.0,forestry-and-land-use,co2e_100yr,forest-land-fires,AUS,120.90969421143886,158685992.1019387,api
AUS,53058916,Marcellus Dry Gas PA,,41.04079676,-78.09209805,47022582.360899016,fossil-fuel-operations,co2e_100yr,oil-and-gas-production,USA,0.0,0.0,api
AUS,53059220,Venezuela_Maturin_Conventional onshore,,9.466661063,-63.78457063,46896432.97360408,fossil-fuel-operations,co2e_100yr,oil-and-gas-production,VEN,0.0,0.0,api
AUS,5015637,Ñuflo De Chávez Province,,-15.63050455149994,-62.035541627143026,44898584.0,forestry-and-land-use,co2e_100yr,forest-land-clearing,BOL,99.48493566700984,44898584.0,api
AUS,53058963,Nigeria_Niger Delta_Conventional onshore,,5.288781783,6.469426675,44661308.34107403,fossil-fuel-operations,co2e_100yr,oil-and-gas-production,NGA,0.0,0.0,api
AUS,53059188,United Arab Emirates_Rub al Khali_Conventional onshore,,23.46381559,54.29735641,44552956.439630404,fossil-fuel-operations,co2e_100yr,oil-and-gas-production,ARE,0.0,0.0,api
AUS,53058455,Algeria_Oued Mya_Conventional onshore,,32.04436361,5.39090612,44325909.21781323,fossil-fuel-operations,co2e_100yr,oil-and-gas-production,DZA,0.0,0.0,api
AUS,8565741,Kakamoeka District,,-4.031550645999914,12.001317618553683,43956371.825179994,forestry-and-land-use,co2e_100yr,removals,COG,502.924959255719,143978498.94017997,api
AUS,8310863,Kakamoeka District,,-4.031550645999914,12.001317618553683,43710498.82712999,forestry-and-land-use,co2e_100yr,net-forest-land,COG,516.460212652286,140841704.2445,api
AUS,8155532,Barkly Shire,,-19.482268332999894,135.010080517215,42387649.99999999,forestry-and-land-use,co2e_100yr,shrubgrass-fires,AUS,58.92091690835678,80431973.59637591,api
AUS,8160249,Alto Zambeze Municipality|City Council,,-12.161863767999876,23.160127240174887,41951160.00000001,forestry-and-land-use,co2e_100yr,forest-land-fires,AGO,117.74169939838069,236983476.53073707,api
AUS,8183444,Mutshatsha Territory,,-10.857646464499934,25.165533169224766,41229530.0,forestry-and-land-use,co2e_100yr,forest-land-fires,COD,111.09987074929762,137431776.63749292,api
AUS,53059189,United Arab Emirates_Rub al Khali_Conventional shelf,,24.98680362,53.5037868,41031062.138419285,fossil-fuel-operations,co2e_100yr,oil-and-gas-production,ARE,0.0,0.0,api
AUS,53059759,Marcellus Dry Gas PA,,41.04079676,-78.09209805,41011479.07704357,fossil-fuel-operations,co2e_100yr,oil-and-gas-transport,USA,0.0,0.0,api
AUS,5021513,Division No. 17 Census Division,,57.231557846500095,-116.381902095557,40831628.0,forestry-and-land-use,co2e_100yr,forest-land-clearing,CAN,144.87411564442831,40831628.0,api
AUS,8183605,Manono Territory,,-7.4205415244999235,27.588914376913515,40251827.99999999,forestry-and-land-use,co2e_100yr,forest-land-fires,COD,111.09987074929762,134172769.73438172,api
AUS,3645972,Los Angeles County,,34.253569000000084,-118.14520630888786,38423537.795331486,transportation,co2e_100yr,road-transportation,USA,77642.07358747642,121158900423.22339,api
AUS,8183243,Kamina Territory,,-8.63520097649996,24.840525777239485,38374828.00000001,forestry-and-land-use,co2e_100yr,forest-land-fires,COD,111.09987074929762,127916102.61378701,api
AUS,1566956,POSCO Gwangyang steel plant,,34.92026635257,127.73213500275,38336150.65305675,manufacturing,co2e_100yr,iron-and-steel,KOR,22998999.999999996,20176921.396345656,api
AUS,53059063,Russia_Nepa - Botuoba_Conventional onshore,,59.38119356,108.7400947,38143014.912927635,fossil-fuel-operations,co2e_100yr,oil-and-gas-production,RUS,0.0,0.0,api
AUS,5172749,Guarayos Province,,-15.24431232449993,-63.19446770766885,37200830.00000001,forestry-and-land-use,co2e_100yr,forest-land-degradation,BOL,124.30714351121098,248005533.33333346,api
AUS,1566610,Angang Steel Co Ltd,,41.1392046339499,122.981078374674,37194436.55804418,manufacturing,co2e_100yr,iron-and-steel,CHN,21605191.2568306,19576019.241075885,api
AUS,5018071,Altamira Municipality,,-6.316830312499917,-54.262612400284326,37094480.00000001,forestry-and-land-use,co2e_100yr,forest-land-clearing,BRA,109.98810961949103,37094480.00000001,api
AUS,53059169,Turkmenistan_South Caspian_Conventional onshore,,38.86713707,54.01866823,36727445.44247204,fossil-fuel-operations,co2e_100yr,oil-and-gas-production,TKM,0.0,0.0,api
AUS,53058598,Brazil_Santos_Deepwater,,-24.99738756,-42.83584196,36601087.3487523,fossil-fuel-operations,co2e_100yr,oil-and-gas-production,BRA,0.0,0.0,api
AUS,8172593,São Félix do Xingu Municipality,,-7.4614655154999525,-52.462040878054744,36574620.000000015,forestry-and-land-use,co2e_100yr,forest-land-fires,BRA,79.87187030252272,126484390.7197302,api
AUS,53058899,Libya_Sirte_Conventional onshore,,28.91068786,20.15592532,36381184.66499316,fossil-fuel-operations,co2e_100yr,oil-and-gas-production,LBY,0.0,0.0,api
AUS,25451489,Vindhyachal power station,,24.0983,82.6719,36247000.0,power,co2e_100yr,electricity-generation,IND,4760.0,36655000.0,api
AUS,8183219,Kambove Territory,,-11.236378192499899,26.674059355771256,36111896.0,forestry-and-land-use,co2e_100yr,forest-land-fires,COD,111.09987074929762,120372995.39985962,api
AUS,8319702,Tsamba Mangotsi Department,,-1.2266355159999307,10.645556673295726,35743357.844560005,forestry-and-land-use,co2e_100yr,net-forest-land,GAB,728.4925537018347,620574798.2328,api
AUS,8163349,Manjimup Shire,,-34.59383799999992,116.30241018089446,35639332.0,forestry-and-land-use,co2e_100yr,forest-land-fires,AUS,120.90969421143886,118797777.40236446,api
AUS,8183434,Dilolo Territory,,-10.540426611999946,23.309473743282737,35515388.0,forestry-and-land-use,co2e_100yr,forest-land-fires,COD,111.09987074929762,118384635.25560193,api
AUS,8397975,Cook Shire,,-13.681178499999927,142.76152389644906,35280361.078379996,forestry-and-land-use,co2e_100yr,net-forest-land,AUS,232.5003445001305,2332305238.9043107,api
AUS,8182196,Fort Smith Region,,63.597002237,-115.96886862218385,35095890.0,forestry-and-land-use,co2e_100yr,forest-land-fires,CAN,102.55426887170368,88420486.5906205,api
AUS,8605500,Tsamba Mangotsi Department,,-1.2266355159999307,10.645556673295726,34710350.2944,forestry-and-land-use,co2e_100yr,removals,GAB,720.5647295307591,629237151.8198398,api
AUS,53058864,Iraq_Zagros Foldbelt_Conventional onshore,,34.82806855,44.72896095,34661683.508586444,fossil-fuel-operations,co2e_100yr,oil-and-gas-production,IRQ,0.0,0.0,api
AUS,53058562,Bakken Light Oil ND,,47.96915082,-102.9313991,34608462.34750299,fossil-fuel-operations,co2e_100yr,oil-and-gas-production,USA,0.0,0.0,api
AUS,53059070,Russia_South Kara/Yamal Sub-basin - West Siberia_Conventional onshore,,69.20327595,74.86079681,34012729.94932506,fossil-fuel-operations,co2e_100yr,oil-and-gas-production,RUS,0.0,0.0,api
AUS,8160264,Lumbala-Nguimbo Municipality|City Council,,-14.442763805499961,21.33640077022227,33741372.000000015,forestry-and-land-use,co2e_100yr,forest-land-fires,AGO,117.74169939838069,190606115.2892284,api
AUS,8299269,Buco Zau Municipality|City Council,,-4.817457516499928,12.54584258104516,33741142.92536,forestry-and-land-use,co2e_100yr,net-forest-land,AGO,447.2617197546499,85113373.09047998,api
AUS,8501679,Buco Zau Municipality|City Council,,-4.817457516499928,12.54584258104516,33530932.142550003,forestry-and-land-use,co2e_100yr,removals,AGO,442.5511589447599,86289908.2809,api
AUS,8160262,Luchazes Municipality|City Council,,-13.82960891649995,19.48250626016396,32923854.0,forestry-and-land-use,co2e_100yr,forest-land-fires,AGO,117.74169939838069,185987929.33760145,api
AUS,8183182,Ango Territory,,4.447162151500066,26.250668061217766,32827204.000000004,forestry-and-land-use,co2e_100yr,forest-land-fires,COD,111.09987074929762,109424021.27216618,api
AUS,8160225,Muconda Municipality|City Council,,-10.169949531499952,21.471543009809274,32639572.000000004,forestry-and-land-use,co2e_100yr,forest-land-fires,AGO,117.74169939838069,184382011.01078734,api
AUS,8347847,Akamkpa Local Authority,,5.378412007500173,8.522291027915994,32297535.28429999,forestry-and-land-use,co2e_100yr,net-forest-land,NGA,537.5774192035972,284095827.96770996,api
AUS,8337593,Butaw District,,5.43307542800008,-9.188947928070267,32075719.643809993,forestry-and-land-use,co2e_100yr,net-forest-land,LBR,615.8589381258993,134888782.00797,api
AUS,8557939,Magallanes Province,,-53.09276649999989,-72.68683777839978,32071760.224449996,forestry-and-land-use,co2e_100yr,removals,CHL,122.02693896751424,361226226.62713987,api
AUS,8650536,Butaw District,,5.43307542800008,-9.188947928070267,31744554.794859994,forestry-and-land-use,co2e_100yr,removals,LBR,612.5379654439279,135432092.0878,api
AUS,8310602,Koupé Manengouba Department,,5.047327995500126,9.640890674154425,31447187.646730002,forestry-and-land-use,co2e_100yr,net-forest-land,CMR,540.9573021119764,183952648.88513005,api
AUS,8560511,Koupé Manengouba Department,,5.047327995500126,9.640890674154425,31354353.253889997,forestry-and-land-use,co2e_100yr,removals,CMR,538.821493729469,184148244.2895,api
AUS,8310604,Manyu Department,,5.907525778000064,9.262241466121422,31156142.825299997,forestry-and-land-use,co2e_100yr,net-forest-land,CMR,645.3231568478345,606815334.54309,api
AUS,8161376,Cook Shire,,-13.681178499999927,142.76152389644906,31064024.0,forestry-and-land-use,co2e_100yr,forest-land-fires,AUS,120.90969421143886,103546750.2133235,api
AUS,53059385,Australia_North Carnarvon_LNG,,-19.8136935,115.0733663,30971133.78681749,fossil-fuel-operations,co2e_100yr,oil-and-gas-transport,AUS,0.0,0.0,api
AUS,53058626,Canada_West Canadian - Alberta_Tight gas AB,,54.81624341,-118.3758214,30771667.273343407,fossil-fuel-operations,co2e_100yr,oil-and-gas-production,CAN,0.0,0.0,api
AUS,8735098,Unincorporated South Australia Unincorporated Area,,-30.10202249999992,137.0008409029071,30691276.239690002,forestry-and-land-use,co2e_100yr,removals,AUS,12.34997148805948,695981996.25473,api
AUS,1567260,Inner Mongolia BaoTou Steel Union Co Ltd,,40.6402765541958,109.736137308756,30251799.999999993,manufacturing,co2e_100yr,iron-and-steel,CHN,16760000.000000002,15921999.999999996,api
AUS,8560513,Manyu Department,,5.907525778000064,9.262241466121422,30087757.707330003,forestry-and-land-use,co2e_100yr,removals,CMR,642.2135426912453,608176140.36193,api
AUS,8183085,Mbam et Kim Department,,5.304209947000032,11.959831271539652,30009315.999999996,forestry-and-land-use,co2e_100yr,forest-land-fires,CMR,127.51014417979042,120074146.983879,api
AUS,5021787,Division No. 18 Census Division,,56.815696716000076,-105.99999920239443,29630185.999999996,forestry-and-land-use,co2e_100yr,forest-land-clearing,CAN,144.87411564442831,29630185.999999996,api
AUS,8182381,Division No. 18 Census Division,,56.815696716000076,-105.99999920239443,29520630.000000007,forestry-and-land-use,co2e_100yr,forest-land-fires,CAN,102.55426887170368,74374192.2219858,api
AUS,38089178,Maanshan Iron and Steel Co Ltd,,31.7031920212503,118.472269928503,29359242.62422495,manufacturing,co2e_100yr,iron-and-steel,CHN,17340000.000000004,15820300.07320067,api
AUS,53059036,Qatar_Rub al Khali_Conventional shelf,,25.98055475,52.29534136,29357625.201638885,fossil-fuel-operations,co2e_100yr,oil-and-gas-production,QAT,0.0,0.0,api
AUS,8160439,Kamina Territory,,-8.63520097649996,24.840525777239485,29331392.0,forestry-and-land-use,co2e_100yr,shrubgrass-fires,COD,39.637311355837255,55657290.29862088,api
AUS,25453691,Sasan Ultra Mega Power Project,,23.9775,82.6265,29137000.0,power,co2e_100yr,electricity-generation,IND,3960.0,32299000.0,api
AUS,1566957,POSCO Pohang steel plant,,36.0182619894792,129.393784109359,29009525.02435314,manufacturing,co2e_100yr,iron-and-steel,KOR,18608819.672131147,16168559.747622652,api
AUS,8160266,Moxico Municipality|City Council,,-12.271106719499898,19.989307088224994,28930705.99999999,forestry-and-land-use,co2e_100yr,forest-land-fires,AGO,117.74169939838069,163430505.5299699,api
AUS,25451405,Togtoh power station,,40.1952,111.3589,28920000.0,power,co2e_100yr,electricity-generation,CHN,6720.0,32388000.0,api
AUS,53059938,Saudi Arabia_Widyan - North Arabian Gulf_Conventional onshore,,24.83770287,48.8153371,28462361.35119434,fossil-fuel-operations,co2e_100yr,oil-and-gas-transport,SAU,0.0,0.0,api
AUS,5051196,Zeyskiy District,,54.19112000000009,128.2286599053229,28315158.000000004,forestry-and-land-use,co2e_100yr,forest-land-clearing,RUS,121.4364969169983,28315158.000000004,api
AUS,449443,Taichung power station,,24.215,120.479,28274000.0,power,co2e_100yr,electricity-generation,TWN,5780.0,29224000.0,api
AUS,53058448,Alaska North Slope Wet Gas AK,,70.3161829,-148.9349674,27647288.004357807,fossil-fuel-operations,co2e_100yr,oil-and-gas-production,USA,0.0,0.0,api
AUS,449560,Surgut GRES-1 and Surgut GRES-2 power station,,61.2794,73.4889,27558000.0,power,co2e_100yr,electricity-generation,RUS,8632.0,37920000.0,api
AUS,53058908,Malaysia_Malay_Conventional shelf,,5.868322874,104.523407,27429418.528855804,fossil-fuel-operations,co2e_100yr,oil-and-gas-production,MYS,0.0,0.0,api
AUS,53059291,Alaska North Slope Wet Gas AK,,70.3161829,-148.9349674,27314827.204188835,fossil-fuel-operations,co2e_100yr,oil-and-gas-transport,USA,0.0,0.0,api
AUS,53058886,Kazakhstan_Precaspian_Conventional onshore,,47.50219919,53.99829072,27186811.892296627,fossil-fuel-operations,co2e_100yr,oil-and-gas-production,KAZ,0.0,0.0,api
AUS,8671218,Akamkpa Local Authority,,5.378412007500173,8.522291027915994,27049220.288509995,forestry-and-land-use,co2e_100yr,removals,NGA,535.0629802852501,285448734.35335,api
AUS,4571361,Unincorporated South Australia Unincorporated Area,,-30.10202249999992,137.0008409029071,27000220.296889994,forestry-and-land-use,co2e_100yr,net-shrubgrass,AUS,9.71475681975578,512576887.97612,api
AUS,8165071,Lábrea Municipality,,-8.38285774849993,-65.71101527113018,26917043.999999996,forestry-and-land-use,co2e_100yr,forest-land-fires,BRA,79.87187030252272,93086022.77525151,api
AUS,53059038,Qatar_Rub al Khali_LNG,,26.33890017,52.01875243,26777842.898790374,fossil-fuel-operations,co2e_100yr,oil-and-gas-production,QAT,0.0,0.0,api
AUS,8310694,Lukula Territory,,-5.3860755084999425,12.744443864075729,26777498.324389998,forestry-and-land-use,co2e_100yr,net-forest-land,COD,261.46289545652127,84370030.98114,api
AUS,5021601,Fort Smith Region,,63.597002237,-115.96886862218385,26760705.999999996,forestry-and-land-use,co2e_100yr,forest-land-clearing,CAN,144.87411564442831,26760705.999999996,api
AUS,53058620,Canada_West Canadian - Alberta_Conventional onshore AB,,54.91789089,-117.5406456,26645851.25422148,fossil-fuel-operations,co2e_100yr,oil-and-gas-production,CAN,0.0,0.0,api
AUS,53058676,Colombia_Llanos_Heavy oil,,4.005657885,-72.51338224,26503794.266287964,fossil-fuel-operations,co2e_100yr,oil-and-gas-production,COL,0.0,0.0,api
AUS,25453453,Mundra Thermal Power Project (Adani),,22.8235,69.5535,26444000.0,power,co2e_100yr,electricity-generation,IND,4620.0,28227000.0,api
AUS,8183442,Lubudi Territory,,-10.357925891499889,26.479283771114215,26378913.999999996,forestry-and-land-use,co2e_100yr,forest-land-fires,COD,111.09987074929762,87929719.71273102,api
AUS,53058964,Nigeria_Niger Delta_Conventional shelf,,4.0,6.65,26342644.89773968,fossil-fuel-operations,co2e_100yr,oil-and-gas-production,NGA,0.0,0.0,api
AUS,5156675,São Félix do Xingu Municipality,,-7.4614655154999525,-52.462040878054744,26327012.000000004,forestry-and-land-use,co2e_100yr,forest-land-degradation,BRA,121.4019451059567,175513413.3333334,api
AUS,8310879,Mossendjo District,,-3.046527504999943,12.700840414704077,26264331.75653999,forestry-and-land-use,co2e_100yr,net-forest-land,COG,606.4051403476811,371965833.89131,api
AUS,25450764,Belchatow power station,,51.2679,19.3265,26178000.0,power,co2e_100yr,electricity-generation,POL,5030.0,24620000.0,api
AUS,5055944,Tungokochenskiy District,,54.111412047500096,116.36461058751127,26109295.999999996,forestry-and-land-use,co2e_100yr,forest-land-clearing,RUS,121.4364969169983,26109295.999999996,api
AUS,8165041,Apuí Municipality,,-7.593203420499945,-59.44142963856085,26033678.0,forestry-and-land-use,co2e_100yr,forest-land-fires,BRA,79.87187030252272,90031117.207059,api
AUS,1566560,Wuhan Iron and Steel Co Ltd,,30.6269888930925,114.448152348092,26017561.427731484,manufacturing,co2e_100yr,iron-and-steel,CHN,15907000.000000004,13693453.383016575,api
AUS,53059125,Spraberry Lower Wet Gas TX,,31.81474239,-101.7970332,25946657.961155917,fossil-fuel-operations,co2e_100yr,oil-and-gas-production,USA,0.0,0.0,api
AUS,53058653,China_North China_Heavy oil,,39.30509795,119.2959569,25935828.821897455,fossil-fuel-operations,co2e_100yr,oil-and-gas-production,CHN,0.0,0.0,api
AUS,8183446,Sandoa Territory,,-9.38192510549996,22.97498115457688,25934636.000000007,forestry-and-land-use,co2e_100yr,forest-land-fires,COD,111.09987074929762,86448792.93862148,api
AUS,25452419,Anpara power station,,24.2031,82.7883,25769000.0,power,co2e_100yr,electricity-generation,IND,3830.0,26308000.0,api
AUS,44375670,Georgia Pacific - Brewton - AL,,31.077332851206,-87.1110882122001,25700398.66300001,manufacturing,co2e_100yr,pulp-and-paper,USA,47556000.0,44234765.335,api
AUS,8555819,Nord-du-Québec County,,55.75281500000011,-70.3898471804419,25549716.020150002,forestry-and-land-use,co2e_100yr,removals,CAN,93.870955425132,6134376154.900739,api
AUS,53059187,United Arab Emirates_Rub al Khali_Acid/sour gas,,24.29602765,53.68329652,25532645.916497685,fossil-fuel-operations,co2e_100yr,oil-and-gas-production,ARE,0.0,0.0,api
AUS,25453357,Changshu-2 power station,,31.7566,120.9731,25516000.0,power,co2e_100yr,electricity-generation,CHN,5270.0,28935000.0,api
AUS,5015629,Angel Sandoval Province,,-17.18895706149985,-58.95696975687621,25471222.000000004,forestry-and-land-use,co2e_100yr,forest-land-clearing,BOL,99.48493566700984,25471222.000000004,api
AUS,8565785,Mossendjo District,,-3.046527504999943,12.700840414704077,25404558.05785999,forestry-and-land-use,co2e_100yr,removals,COG,580.0560985497668,381077467.72244,api
AUS,53058655,China_Ordos_Tight gas,,38.22120548,108.964488,25338729.69722529,fossil-fuel-operations,co2e_100yr,oil-and-gas-production,CHN,0.0,0.0,api
AUS,8183221,Kasenga Territory,,-10.448071479499959,27.90706270070349,25307886.000000004,forestry-and-land-use,co2e_100yr,forest-land-fires,COD,111.09987074929762,84359626.1203835,api
AUS,8183231,Mitwaba Territory,,-9.1108083714999,27.09898474116313,25283847.999999993,forestry-and-land-use,co2e_100yr,forest-land-fires,COD,111.09987074929762,84279499.44790353,api
AUS,8671164,Southern Ijaw Local Authority,,4.708611000000104,5.945272048621614,25134784.72618,forestry-and-land-use,co2e_100yr,removals,NGA,242.3679961440409,62166898.76396999,api
AUS,4621469,Ghanzi Sub-district,,-22.156114577499892,22.400001288864388,25063603.694399998,forestry-and-land-use,co2e_100yr,net-shrubgrass,BWA,27.04134712128906,306284558.00891006,api
AUS,8161311,Victoria-Daly Shire,,-15.953898499999953,130.5458545339942,25005866.000000004,forestry-and-land-use,co2e_100yr,forest-land-fires,AUS,120.90969421143886,83352889.52164856,api
AUS,8183378,Kahemba Territory,,-7.197203701999939,19.004670010310534,24911920.000000004,forestry-and-land-use,co2e_100yr,forest-land-fires,COD,111.09987074929762,83039739.35795757,api
AUS,8183234,Pweto Territory,,-8.697970079999948,28.278974244090914,24804892.000000007,forestry-and-land-use,co2e_100yr,forest-land-fires,COD,111.09987074929762,82682979.33207428,api
AUS,54502803,Zouping Aluminum Smelter Complex,,37.025562,117.472117,24771173.287500005,manufacturing,co2e_100yr,aluminum,CHN,2500000.0,2375000.0,api
AUS,8255168,Kasempa District,,-13.792621912499865,26.258209696770273,24739561.999999996,forestry-and-land-use,co2e_100yr,forest-land-fires,ZMB,100.01652266616671,146809252.08749574,api
AUS,25453047,Tamnar power station,,22.0987,83.4513,24738000.0,power,co2e_100yr,electricity-generation,IND,3400.0,25820000.0,api
AUS,25452549,Jiaxing power station,,30.628,121.1442,24669000.0,power,co2e_100yr,electricity-generation,CHN,5030.0,27618000.0,api
AUS,53058924,Mexico_Salinas - Sureste_Conventional onshore,,18.0313467,-93.41235214,24578099.713692218,fossil-fuel-operations,co2e_100yr,oil-and-gas-production,MEX,0.0,0.0,api
AUS,8172357,Altamira Municipality,,-6.316830312499917,-54.262612400284326,24511540.000000004,forestry-and-land-use,co2e_100yr,forest-land-fires,BRA,79.87187030252272,84767174.68294397,api
AUS,32440512,Jiangsu Shagang Iron & Steel Co Ltd,,31.9803618839701,120.630568048814,24386106.68264732,manufacturing,co2e_100yr,iron-and-steel,CHN,17305000.000000004,15767395.828764087,api
AUS,3644601,Maricopa County,,33.275846482000105,-112.76466143987253,24378333.82502857,transportation,co2e_100yr,road-transportation,USA,68295.70563122918,73030049045.51448,api
AUS,32440567,Baoshan Iron and Steel Co Ltd Headquarters,,31.4381773367548,121.431570271147,24353063.428728323,manufacturing,co2e_100yr,iron-and-steel,CHN,19203278.68852459,15066082.537309922,api
AUS,3645440,Harris County,,29.83457600000017,-95.39074195075592,24345335.86668579,transportation,co2e_100yr,road-transportation,USA,53102.90689843849,74551764963.36938,api
AUS,447565,Fengcheng power station,,28.1944,115.7088,24223000.0,power,co2e_100yr,electricity-generation,CHN,4760.0,25884000.0,api
AUS,8161501,Tablelands Region,,-17.31046449349995,144.1169689425493,24061213.999999996,forestry-and-land-use,co2e_100yr,forest-land-fires,AUS,120.90969421143886,80204049.41379526,api
AUS,53059375,Australia_Bowen - Surat_LNG,,-26.41611972,149.706723,23930967.831594538,fossil-fuel-operations,co2e_100yr,oil-and-gas-transport,AUS,0.0,0.0,api
AUS,8560603,Lukula Territory,,-5.3860755084999425,12.744443864075729,23869490.67744,forestry-and-land-use,co2e_100yr,removals,COD,254.7052532199319,87191941.61688,api
AUS,53059913,Russia_South Kara/Yamal Sub-basin - West Siberia_Conventional onshore,,69.20327595,74.86079681,23865447.915194586,fossil-fuel-operations,co2e_100yr,oil-and-gas-transport,RUS,0.0,0.0,api
AUS,452326,East Hope Metals Wucaiwan power station,,44.6885,89.1138,23840000.0,power,co2e_100yr,electricity-generation,CHN,4640.0,25477000.0,api
AUS,25451483,Ramagundam power station,,18.7565,79.4601,23765000.0,power,co2e_100yr,electricity-generation,IND,4200.0,25049000.0,api
AUS,8299268,Belize Municipality|City Council,,-4.587435006999897,12.839166949363236,23679030.566820007,forestry-and-land-use,co2e_100yr,net-forest-land,AGO,475.67170201050686,57358178.143869996,api
AUS,8501673,Belize Municipality|City Council,,-4.587435006999897,12.839166949363236,23507944.472859994,forestry-and-land-use,co2e_100yr,removals,AGO,467.0239127439047,58383899.00973001,api
AUS,8310599,Océan Department,,2.8683441880000937,10.284885280574837,23488508.888150003,forestry-and-land-use,co2e_100yr,net-forest-land,CMR,697.8182044223624,789815989.8064,api
AUS,448452,Taean power station,,36.9033,126.2343,23488000.0,power,co2e_100yr,electricity-generation,KOR,6641.0,27253000.0,api
AUS,25450976,Taishan power station,,21.8667,112.9228,23239000.0,power,co2e_100yr,electricity-generation,CHN,5030.0,26172000.0,api
AUS,8319709,Douigny Department,,-2.4819095129999194,10.812188083521765,23167129.90956,forestry-and-land-use,co2e_100yr,net-forest-land,GAB,577.8158363820728,93183727.36945003,api
AUS,1567021,NLMK Lipetsk steel plant,,52.5538212579753,39.6384379860879,23060382.37985758,manufacturing,co2e_100yr,iron-and-steel,RUS,14400000.0,12137043.357819779,api
AUS,53058552,Azerbaijan_South Caspian_Conventional shelf,,40.11990199,50.65543204,22851474.829361208,fossil-fuel-operations,co2e_100yr,oil-and-gas-production,AZE,0.0,0.0,api
AUS,8347793,Southern Ijaw Local Authority,,4.708611000000104,5.945272048621614,22790095.446139995,forestry-and-land-use,co2e_100yr,net-forest-land,NGA,256.0614918040388,58013684.750179976,api
AUS,25452317,Manjung power station,,4.1586,100.6423,22661000.0,power,co2e_100yr,electricity-generation,MYS,4100.0,26106000.0,api
AUS,8612742,Luba Districts|Municipals,,3.4256940000001066,8.568310931697198,22637337.03734,forestry-and-land-use,co2e_100yr,removals,GNQ,383.2239473191864,38068564.72171,api
AUS,8192169,Metekel Zone,,10.964930058000078,35.77847032562828,22610252.000000004,forestry-and-land-use,co2e_100yr,forest-land-fires,ETH,52.749337130786834,119909967.89886305,api
AUS,448682,Rihand power station,,24.027,82.7915,22514000.0,power,co2e_100yr,electricity-generation,IND,3002.6,23153000.0,api
AUS,4622440,Nord-du-Québec County,,55.75281500000011,-70.3898471804419,22482232.61103,forestry-and-land-use,co2e_100yr,net-shrubgrass,CAN,63.72943120542737,2081885760.8199804,api
AUS,8183380,Kasongo-Lunda Territory,,-7.011138438999893,17.71135766714284,22472229.999999996,forestry-and-land-use,co2e_100yr,forest-land-fires,COD,111.09987074929762,74907438.76795022,api
AUS,25451254,Dangjin power station,,37.0551,126.5122,22385000.0,power,co2e_100yr,electricity-generation,KOR,6040.0,26896000.0,api
AUS,8370299,Berezovskiy District,,63.717723846000126,62.432202981846665,22315431.38142,forestry-and-land-use,co2e_100yr,net-forest-land,RUS,160.97057774807342,1144976688.49301,api
AUS,25452546,Beilun power station,,29.9427,121.8131,22223000.0,power,co2e_100yr,electricity-generation,CHN,5100.0,25099000.0,api
AUS,25454003,Duyen Hai Power Generation Complex,,9.5835,106.5268,22170000.0,power,co2e_100yr,electricity-generation,VNM,4378.0,23954000.0,api
AUS,53058802,Haynesville-Bossier Dry Gas LA,,32.22328905,-93.62222569,22082334.56026432,fossil-fuel-operations,co2e_100yr,oil-and-gas-production,USA,0.0,0.0,api
AUS,2801126,Singapore,,1.2783665838769727,103.76292785862566,22077217.02710014,transportation,co2e_100yr,international-shipping,SGP,104881.0,48185978.44556255,api
AUS,8161363,Central Highlands Region,,-24.063095029999943,148.30867430028027,21986609.999999993,forestry-and-land-use,co2e_100yr,forest-land-fires,AUS,120.90969421143886,73288702.51026592,api
AUS,8160213,Lubalo Municipality|City Council,,-9.334715366499893,19.496642535824712,21876378.0,forestry-and-land-use,co2e_100yr,forest-land-fires,AGO,117.74169939838069,123580375.66399907,api
AUS,8605502,Douigny Department,,-2.4819095129999194,10.812188083521765,21764817.53835,forestry-and-land-use,co2e_100yr,removals,GAB,545.4907516456186,95854757.79370002,api
AUS,8322119,Luba Districts|Municipals,,3.4256940000001066,8.568310931697198,21743310.394830003,forestry-and-land-use,co2e_100yr,net-forest-land,GNQ,392.1484819603946,37516802.37595,api
AUS,8183436,Kapanga Territory,,-8.487841129499941,22.796433973232766,21727320.0,forestry-and-land-use,co2e_100yr,forest-land-fires,COD,111.09987074929762,72424405.25447011,api
AUS,8182071,Northern Rockies Regional District,,59.000022887500116,-123.46930811295908,21665575.999999996,forestry-and-land-use,co2e_100yr,forest-land-fires,CAN,102.55426887170368,54584191.259605296,api
AUS,8310705,Tshela Territory,,-4.983499407499949,12.786022119690415,21637120.34444,forestry-and-land-use,co2e_100yr,net-forest-land,COD,287.03385652586195,88413073.71151,api
AUS,8309916,Nord-du-Québec County,,55.75281500000011,-70.3898471804419,21605914.311169997,forestry-and-land-use,co2e_100yr,net-forest-land,CAN,125.97800906942386,4007370491.6212,api
AUS,53058578,Bone Spring Light Oil NM,,32.37085459,-103.7434043,21585490.903474394,fossil-fuel-operations,co2e_100yr,oil-and-gas-production,USA,0.0,0.0,api
AUS,8690324,Bilibinskiy District,,67.19539635850012,164.38635133221283,21584998.365050003,forestry-and-land-use,co2e_100yr,removals,RUS,43.07975819518858,716785866.5768999,api
AUS,25453850,Vinh Tan power station,,11.317,108.808,21147000.0,power,co2e_100yr,electricity-generation,VNM,4244.0,23223000.0,api
AUS,25453799,Talcher Kaniha Super Thermal Power Station,,21.0971,85.075,21140000.0,power,co2e_100yr,electricity-generation,IND,3000.0,21738000.0,api
AUS,32440544,Bengang Steel Plates Co Ltd,,41.2779217142276,123.720619258997,21115604.611688536,manufacturing,co2e_100yr,iron-and-steel,CHN,13440000.0,11898483.241929082,api
AUS,25453295,Shangdu power station,,42.2237,116.0293,21115000.0,power,co2e_100yr,electricity-generation,CHN,3720.0,19663000.0,api
AUS,25453086,Houshi power station,,24.3031,118.1259,21112000.0,power,co2e_100yr,electricity-generation,CHN,4200.0,23060000.0,api
AUS,3672952,Alba Aluminum Smelting & Refining,,26.087689,50.602951,21079985.761427995,manufacturing,co2e_100yr,aluminum,BHR,1650000.0,1567500.0,api
AUS,8255189,Mwinilunga District,,-12.150632826999953,24.588662095733532,21016629.999999996,forestry-and-land-use,co2e_100yr,forest-land-fires,ZMB,100.01652266616671,124716667.6475366,api
AUS,8396975,Chiquitos Province,,-17.840149821999944,-61.15129643933918,21001857.15872,forestry-and-land-use,co2e_100yr,net-forest-land,BOL,209.38141586083745,637126361.26109,api
AUS,5021525,Bulkley-Nechako Regional District,,54.496032715500114,-125.82560082647828,21001790.0,forestry-and-land-use,co2e_100yr,forest-land-clearing,CAN,144.87411564442831,21001790.0,api
AUS,25452937,Sipat power station,,22.1317,82.2904,20978000.0,power,co2e_100yr,electricity-generation,IND,2980.0,23027000.0,api
AUS,25452033,Waigaoqiao power station,,31.3536,121.6003,20937000.0,power,co2e_100yr,electricity-generation,CHN,5080.0,23873000.0,api
AUS,8691740,Berezovskiy District,,63.717723846000126,62.432202981846665,20931724.00836,forestry-and-land-use,co2e_100yr,removals,RUS,136.96582646704422,1186503858.61609,api
AUS,5018121,Itaituba Municipality,,-6.032696319999928,-55.96954590403428,20746226.000000004,forestry-and-land-use,co2e_100yr,forest-land-clearing,BRA,109.98810961949103,20746226.000000004,api
AUS,5018143,Novo Progresso Municipality,,-7.907613842499956,-55.59574605418925,20726084.000000004,forestry-and-land-use,co2e_100yr,forest-land-clearing,BRA,109.98810961949103,20726084.000000004,api
AUS,8310148,Magallanes Province,,-53.09276649999989,-72.68683777839978,20724537.080720004,forestry-and-land-use,co2e_100yr,net-forest-land,CHL,270.6407391911772,241200749.57657,api
AUS,5021762,Nord-du-Québec County,,55.75281500000011,-70.3898471804419,20710490.0,forestry-and-land-use,co2e_100yr,forest-land-clearing,CAN,144.87411564442831,20710490.0,api
AUS,3673026,Fukang Aluminum Smelter,,44.0994,88.3639,20625025.635,manufacturing,co2e_100yr,aluminum,CHN,1900000.0000000002,1805000.0000000002,api
AUS,54502760,Tongshuan aluminium plant,,34.972484,108.979591,20625025.634999998,manufacturing,co2e_100yr,aluminum,CHN,1899999.9999999998,1805000.0000000002,api
AUS,25454315,Fugu Qingshuichuan power station,,39.2049,111.119,20558000.0,power,co2e_100yr,electricity-generation,CHN,4600.0,25256000.0,api
AUS,8181902,Yalinga Sub-prefecture,,7.660138369000123,23.738642625834853,20495371.999999996,forestry-and-land-use,co2e_100yr,forest-land-fires,CAF,107.20483406932685,119493609.52668566,api
AUS,8396656,Mufumbwe District,,-13.761732363999926,25.040349443016908,20488093.92887,forestry-and-land-use,co2e_100yr,net-forest-land,ZMB,174.9605077764143,282538701.30485994,api
AUS,3166444,Dubai International Airport,,25.24979,55.370992,20392790.000222616,transportation,co2e_100yr,international-aviation,ARE,433521.0,6403065.651051843,api
AUS,25451349,Mailiao power station,,23.8034,120.189,20333000.0,power,co2e_100yr,electricity-generation,TWN,3600.0,23207000.0,api
AUS,1566515,Shougang Jingtang United Iron and Steel Co Ltd,,38.9585527174235,118.500854796019,20314378.762554687,manufacturing,co2e_100yr,iron-and-steel,CHN,13699999.999999998,10691778.296081416,api
AUS,449168,Qurayyah Thermal power plant,,25.826,50.1351,20265000.0,power,co2e_100yr,electricity-generation,SAU,6275.2,27521000.0,api
AUS,8183186,Bondo Territory,,4.254997969000101,23.948347929629612,20251204.0,forestry-and-land-use,co2e_100yr,forest-land-fires,COD,111.09987074929762,67504018.23082396,api
AUS,25453692,Tata Mundra Ultra Mega Power Project,,22.8158,69.5281,20239650.0,power,co2e_100yr,electricity-generation,IND,4000.0,22603640.0,api
AUS,32440882,Hyundai Steel Dangjin steel plant,,36.9878211586027,126.706969081279,20230860.000392355,manufacturing,co2e_100yr,iron-and-steel,KOR,16200000.0,13236849.324056514,api
AUS,8716057,North Slope Borough,,69.6677055000001,-152.23359699999992,20221562.230920002,forestry-and-land-use,co2e_100yr,removals,USA,50.78338203252058,1050001257.0578699,api
AUS,8255192,Solwezi District,,-12.676318965999911,26.4589024006087,20202116.0,forestry-and-land-use,co2e_100yr,forest-land-fires,ZMB,100.01652266616671,119883187.12129307,api
AUS,25450906,Majuba power station,,-27.1006,29.771,20197000.0,power,co2e_100yr,electricity-generation,ZAF,4143.0,21098000.0,api
AUS,448480,Az Zour South power plant,,28.7055,48.3701,20186000.0,power,co2e_100yr,electricity-generation,KWT,6125.0,24067000.0,api
AUS,4573559,East Pilbara Shire,,-21.617351499999955,124.06153187305512,20179841.60019,forestry-and-land-use,co2e_100yr,net-shrubgrass,AUS,8.997360967555295,326260599.75816,api
AUS,1566628,Rizhao Steel Holding Group Co Ltd,,35.1577892419939,119.348627448055,20173369.70186547,manufacturing,co2e_100yr,iron-and-steel,CHN,11299999.999999998,10617563.000981826,api
AUS,8155564,Victoria-Daly Shire,,-15.953898499999953,130.5458545339942,20145066.0,forestry-and-land-use,co2e_100yr,shrubgrass-fires,AUS,58.92091690835678,38225931.76572068,api
AUS,8236103,Tungokochenskiy District,,54.111412047500096,116.36461058751127,20069726.0,forestry-and-land-use,co2e_100yr,forest-land-fires,RUS,64.49278156444537,54502577.41008557,api
AUS,25450220,Pingwei power station,,32.6842,116.9014,20051000.0,power,co2e_100yr,electricity-generation,CHN,4540.0,23173000.0,api
AUS,25451260,Yeongheung power station,,37.2369,126.4361,20034000.0,power,co2e_100yr,electricity-generation,KOR,5080.0,23291000.0,api
AUS,53058824,India_Mumbai - Saurashtra_Conventional shelf,,20.49077931,72.25117395,20001874.55868038,fossil-fuel-operations,co2e_100yr,oil-and-gas-production,IND,0.0,0.0,api
AUS,8310605,Meme Department,,4.661018133500107,9.3932892411345,19967214.12478,forestry-and-land-use,co2e_100yr,net-forest-land,CMR,435.4410243216834,119936157.10133995,api
AUS,8172499,Novo Progresso Municipality,,-7.907613842499956,-55.59574605418925,19956207.999999996,forestry-and-land-use,co2e_100yr,forest-land-fires,BRA,79.87187030252272,69013671.5010629,api
AUS,53059645,Haynesville-Bossier Dry Gas LA,,32.22328905,-93.62222569,19877804.84463749,fossil-fuel-operations,co2e_100yr,oil-and-gas-transport,USA,0.0,0.0,api
AUS,25451481,Korba Super Thermal Power Station (NTPC),,22.3881,82.6858,19865000.0,power,co2e_100yr,electricity-generation,IND,2600.0,20106000.0,api
AUS,5015822,Lábrea Municipality,,-8.38285774849993,-65.71101527113018,19859605.999999996,forestry-and-land-use,co2e_100yr,forest-land-clearing,BRA,109.98810961949103,19859605.999999996,api
AUS,25451402,Dalate power station,,40.367,109.996,19808000.0,power,co2e_100yr,electricity-generation,CHN,4180.0,21493000.0,api
AUS,3621135,Shanghai Municipality,,31.09528446150012,121.37200387260373,19787923.52015491,transportation,co2e_100yr,road-transportation,CHN,57568.629405292486,77262782645.54547,api
AUS,53058477,Angola_Lower Congo_Deepwater,,-6.851654936,11.47720676,19775133.641176075,fossil-fuel-operations,co2e_100yr,oil-and-gas-production,AGO,0.0,0.0,api
AUS,5018203,Uruará Municipality,,-3.5766136804999458,-53.74192622225557,19771350.000000004,forestry-and-land-use,co2e_100yr,forest-land-clearing,BRA,109.98810961949103,19771350.000000004,api
AUS,25453234,Ninghai power station,,29.4818,121.5115,19766000.0,power,co2e_100yr,electricity-generation,CHN,4455.0,22560000.0,api
AUS,447793,Shanghai Shidongkou power station,,31.4651,121.4048,19760000.0,power,co2e_100yr,electricity-generation,CHN,5020.0,23926000.0,api
AUS,25451058,Yimin power station,,48.5497,119.7739,19738000.0,power,co2e_100yr,electricity-generation,CHN,3500.0,18583000.0,api
AUS,8183240,Sakania Territory,,-12.596176286999935,29.1426039668331,19728048.0,forestry-and-land-use,co2e_100yr,forest-land-fires,COD,111.09987074929762,65760164.77097215,api
AUS,8236099,Tungiro-Olekminskiy District,,54.86819076550011,119.8362903635543,19703734.000000004,forestry-and-land-use,co2e_100yr,forest-land-fires,RUS,64.49278156444537,53508667.113977306,api
AUS,8160064,Chitembo Municipality|City Council,,-13.579079627499908,17.24299362499258,19656511.999999996,forestry-and-land-use,co2e_100yr,forest-land-fires,AGO,117.74169939838069,111040279.94048676,api
AUS,25450446,Hekinan power station,,34.8346,136.9593,19594000.0,power,co2e_100yr,electricity-generation,JPN,4100.0,24017000.0,api
AUS,45257094,Golmud (Qarhan) Chemical Complex,,36.810561,95.3066556,19583306.604715418,manufacturing,co2e_100yr,chemicals,CHN,7257479.999999998,5047243.9702874785,api
AUS,8155556,Roper Gulf Shire,,-15.305660999999958,134.05687560478293,19557322.000000004,forestry-and-land-use,co2e_100yr,shrubgrass-fires,AUS,58.92091690835678,37110668.00636086,api
AUS,3621257,Chongqing Municipality,,30.18792343150014,107.86975436631752,19555392.454682004,transportation,co2e_100yr,road-transportation,CHN,149416.40323310578,76817421297.91815,api
AUS,8560514,Meme Department,,4.661018133500107,9.3932892411345,19503720.70698,forestry-and-land-use,co2e_100yr,removals,CMR,431.86543255512913,120440651.83402997,api
AUS,8319684,Boumi-lowetsi Department,,-2.0487380029999542,11.993514719431435,19495186.33043,forestry-and-land-use,co2e_100yr,net-forest-land,GAB,735.6386331253116,524030360.00580007,api
AUS,53058925,Mexico_Salinas - Sureste_Conventional shelf,,18.91278869,-93.03729725,19470276.064001966,fossil-fuel-operations,co2e_100yr,oil-and-gas-production,MEX,0.0,0.0,api
AUS,25452218,Reftinskaya GRES power station,,57.1108,61.7059,19442000.0,power,co2e_100yr,electricity-generation,RUS,3800.0,20666000.0,api
AUS,25454050,Tiroda Thermal Power Project,,21.4125,79.9673,19430000.0,power,co2e_100yr,electricity-generation,IND,3300.0,21323000.0,api
AUS,53059272,Wolfcamp Ultra-Light Oil NM,,32.18175478,-103.7591504,19417611.151736222,fossil-fuel-operations,co2e_100yr,oil-and-gas-production,USA,0.0,0.0,api
AUS,25451725,PLN Paiton power station,,-7.7147,113.585,19403000.0,power,co2e_100yr,electricity-generation,IDN,4825.0,20513000.0,api
AUS,8560614,Tshela Territory,,-4.983499407499949,12.786022119690415,19351695.909249995,forestry-and-land-use,co2e_100yr,removals,COD,277.8315831564991,91124303.57910001,api
AUS,8160086,Cuito Cuanavale Municipality|City Council,,-14.852451323999926,19.023207385522596,19333926.0,forestry-and-land-use,co2e_100yr,forest-land-fires,AGO,117.74169939838069,109217981.06340815,api
AUS,8177924,Porto Velho Municipality,,-8.988166152999952,-63.99460564926338,19303623.999999993,forestry-and-land-use,co2e_100yr,forest-land-fires,BRA,79.87187030252272,66756869.116418995,api
AUS,8560171,Gyêgu Tibetan Autonomous Prefecture,,33.910614014000174,93.62742454604651,19212046.053840004,forestry-and-land-use,co2e_100yr,removals,CHN,17.507779162660494,317420982.8683599,api
AUS,8181893,Djemah Sub-prefecture,,6.993127823000094,25.278666832091183,19165626.0,forestry-and-land-use,co2e_100yr,forest-land-fires,CAF,107.20483406932685,111740827.6160342,api
AUS,53058990,Norway_Northern North Sea_Conventional shelf,,60.07386485,2.416939121,19121164.788669076,fossil-fuel-operations,co2e_100yr,oil-and-gas-production,NOR,0.0,0.0,api
AUS,4624385,Gyêgu Tibetan Autonomous Prefecture,,33.910614014000174,93.62742454604651,19067993.7931,forestry-and-land-use,co2e_100yr,net-shrubgrass,CHN,17.319035761253613,312922110.86735994,api
AUS,32440961,Severstal Cherepovets steel plant,,59.1434510585063,37.8457849897228,19017007.992117155,manufacturing,co2e_100yr,iron-and-steel,RUS,12201000.0,10321536.87943356,api
AUS,5015570,General José Ballivián Province,,-13.903712388999875,-67.01416259233619,19005046.000000004,forestry-and-land-use,co2e_100yr,forest-land-clearing,BOL,99.48493566700984,19005046.000000004,api
AUS,3167702,London Heathrow Airport,,51.470748,-0.459909,18956866.44376218,transportation,co2e_100yr,international-aviation,GBR,442332.0,5952204.694713464,api
AUS,8163503,Wyndham-East Kimberley Shire,,-15.538554499999863,127.10177071019228,18876516.000000004,forestry-and-land-use,co2e_100yr,forest-land-fires,AUS,120.90969421143886,62921722.155178756,api
AUS,3143912,RPL (Reliance Petroleum Limited) Jamnagar Refinery,,22.335477,69.854513,18862551.623495027,fossil-fuel-operations,co2e_100yr,oil-and-gas-refining,IND,1369000.0,480590313.79999995,api
AUS,25453872,Medupi power station,,-23.705,27.5638,18801000.0,power,co2e_100yr,electricity-generation,ZAF,4768.8,20779000.0,api
AUS,8605494,Boumi-lowetsi Department,,-2.0487380029999542,11.993514719431435,18794386.7774,forestry-and-land-use,co2e_100yr,removals,GAB,735.452458169763,524859625.2617598,api
AUS,25451479,Kahalgaon Super Thermal Power Plant,,25.2369,87.2656,18776000.0,power,co2e_100yr,electricity-generation,IND,2340.0,16703000.0,api
AUS,25454598,Yangxi Zhujiang power station,,21.5426,111.6703,18763000.0,power,co2e_100yr,electricity-generation,CHN,5000.0,24009000.0,api
AUS,25450908,Matla power station,,-26.2813,29.1415,18754000.0,power,co2e_100yr,electricity-generation,ZAF,3600.0,19470000.0,api
AUS,53059072,Russia_Timan - Pechora_Conventional onshore,,66.98139782,56.75270421,18737324.42691019,fossil-fuel-operations,co2e_100yr,oil-and-gas-production,RUS,0.0,0.0,api
AUS,25450905,Lethabo power station,,-26.742,27.9769,18723000.0,power,co2e_100yr,electricity-generation,ZAF,3708.0,19466000.0,api
AUS,3621036,Beijing Municipality,,40.250894547500025,116.6239986979351,18722892.958447635,transportation,co2e_100yr,road-transportation,CHN,85985.40879058307,73375603342.59895,api
AUS,53058666,China_Songliao_Conventional onshore,,45.09964158,124.7392062,18664723.645342506,fossil-fuel-operations,co2e_100yr,oil-and-gas-production,CHN,0.0,0.0,api
AUS,54502775,Xinjiang aluminium plant,,44.2804108989397,87.6925575127968,18605944.178099997,manufacturing,co2e_100yr,aluminum,CHN,1714000.0000000002,1628299.9999999998,api
AUS,25453105,Tanjung Jati B power station,,-6.4448,110.7435,18534000.0,power,co2e_100yr,electricity-generation,IDN,4640.0,19726000.0,api
AUS,8160226,Saurimo Municipality|City Council,,-9.49022531549994,20.34700590271639,18515614.000000004,forestry-and-land-use,co2e_100yr,forest-land-fires,AGO,117.74169939838069,104595309.77978168,api
AUS,25448871,James H Miller Jr,,33.6319,-87.0597,18463000.0,power,co2e_100yr,electricity-generation,USA,2822.0,19492000.0,api
AUS,8183253,Dungu Territory,,4.00480866450016,28.77332785888719,18435117.999999996,forestry-and-land-use,co2e_100yr,forest-land-fires,COD,111.09987074929762,61450397.79162714,api
AUS,53059753,Malaysia_Sarawak - East Natuna_LNG,,4.616052495,112.493303,18314678.95152811,fossil-fuel-operations,co2e_100yr,oil-and-gas-transport,MYS,0.0,0.0,api
AUS,8255183,Mufumbwe District,,-13.761732363999926,25.040349443016908,18306930.0,forestry-and-land-use,co2e_100yr,forest-land-fires,ZMB,100.01652266616671,108636794.02724022,api
AUS,8557925,Antártica Chilena Province,,-54.66714849999994,-70.28913559919114,18249140.519620005,forestry-and-land-use,co2e_100yr,removals,CHL,100.85884521971104,79516475.47765,api
AUS,25454807,Wujiaqu power station,,44.2689,87.6879,18204000.0,power,co2e_100yr,electricity-generation,CHN,3640.0,19533000.0,api
AUS,8369160,Bilibinskiy District,,67.19539635850012,164.38635133221283,18163170.42408,forestry-and-land-use,co2e_100yr,net-forest-land,RUS,67.5042934770459,415538870.5584199,api
AUS,449190,Rabigh-2 power plant,,22.6694,39.0365,18127000.0,power,co2e_100yr,electricity-generation,SAU,7400.0,22849000.0,api
AUS,53058749,Ecuador_Oriente_Conventional onshore,,-0.6757475184999999,-77.06276030000001,18126917.428181924,fossil-fuel-operations,co2e_100yr,oil-and-gas-production,ECU,0.0,0.0,api
AUS,449864,Shoaiba power plant,,20.6275,39.5559,18076000.0,power,co2e_100yr,electricity-generation,SAU,9448.0,23972000.0,api
AUS,25452688,Xishan Gujiao power station,,37.8937,112.0907,18048000.0,power,co2e_100yr,electricity-generation,CHN,3120.0,17131000.0,api
AUS,53059914,Russia_South Kara/Yamal Sub-basin - West Siberia_LNG,,71.13040459,72.93909026,18033539.74348439,fossil-fuel-operations,co2e_100yr,oil-and-gas-transport,RUS,0.0,0.0,api
AUS,32440535,Xinyu Iron and Steel Group Co Ltd,,27.7862614820957,114.913356569256,17862148.738500882,manufacturing,co2e_100yr,iron-and-steel,CHN,11000999.999999998,10190955.540059252,api
AUS,8560508,Océan Department,,2.8683441880000937,10.284885280574837,17801617.661040004,forestry-and-land-use,co2e_100yr,removals,CMR,696.0918989346914,792147450.8391099,api
AUS,32440772,ArcelorMittal Nippon Steel Hazira plant,,21.1110209776414,72.6458444959035,17770747.23810078,manufacturing,co2e_100yr,iron-and-steel,IND,9600000.0,8477521.199490407,api
AUS,8162217,Sandoa Territory,,-9.38192510549996,22.97498115457688,17755815.999999996,forestry-and-land-use,co2e_100yr,shrubgrass-fires,COD,39.637311355837255,33692250.45987921,api
AUS,25453969,ZETES power stations,,41.5075,31.8949,17740100.0,power,co2e_100yr,electricity-generation,TUR,2790.0,19374800.0,api
AUS,25452980,Tanjung Bin power station,,1.334,103.5422,17727000.0,power,co2e_100yr,electricity-generation,MYS,3100.0,19736000.0,api
AUS,8182007,Division No. 17 Census Division,,57.231557846500095,-116.381902095557,17707422.0,forestry-and-land-use,co2e_100yr,forest-land-fires,CAN,102.55426887170368,44612029.200725734,api
AUS,8161317,West Arnhem Shire,,-12.41875449999992,133.41625975000022,17679964.0,forestry-and-land-use,co2e_100yr,forest-land-fires,AUS,120.90969421143886,58933215.351898775,api
AUS,8337592,Timbo District,,5.67234253950005,-9.491291697760037,17646996.029389996,forestry-and-land-use,co2e_100yr,net-forest-land,LBR,632.0786849906998,213559928.55349004,api
AUS,25453816,Haimen power station,,23.1899,116.6548,17625000.0,power,co2e_100yr,electricity-generation,CHN,4144.0,22754000.0,api
AUS,8398004,North Burnett Region,,-25.244355200499882,151.17307933386155,17499782.14201,forestry-and-land-use,co2e_100yr,net-forest-land,AUS,236.80763920207124,336888419.96285,api
AUS,8208642,Saurimo Municipality|City Council,,-9.49022531549994,20.34700590271639,17466200.0,forestry-and-land-use,co2e_100yr,shrubgrass-fires,AGO,31.88744105491313,33142694.42967922,api
AUS,25454092,Huadian Laizhou power station,,37.4322,120.0181,17437000.0,power,co2e_100yr,electricity-generation,CHN,4100.0,22512000.0,api
AUS,8162205,Lubao Territory,,-5.574939489499911,25.407911757321656,17397380.000000004,forestry-and-land-use,co2e_100yr,shrubgrass-fires,COD,39.637311355837255,33012106.2476483,api
AUS,8160205,Caungula Municipality|City Council,,-8.36640024199994,18.8038345841883,17332572.0,forestry-and-land-use,co2e_100yr,forest-land-fires,AGO,117.74169939838069,97912266.7830713,api
AUS,25451242,Hadong power station,,34.9524,127.8199,17300000.0,power,co2e_100yr,electricity-generation,KOR,4000.0,19368000.0,api
AUS,8255164,Kalumbila District,,-12.358867211499927,25.48661705851561,17284754.0,forestry-and-land-use,co2e_100yr,forest-land-fires,ZMB,100.01652266616671,102571007.81559312,api
AUS,53059092,Saudi Arabia_Rub al Khali_Conventional onshore,,22.55653817,54.04050877,17284655.341313522,fossil-fuel-operations,co2e_100yr,oil-and-gas-production,SAU,0.0,0.0,api
AUS,5018137,Mojuí dos Campos Municipality,,-3.037083473999928,-54.53800368878393,17276835.999999996,forestry-and-land-use,co2e_100yr,forest-land-clearing,BRA,109.98810961949103,17276835.999999996,api
AUS,25450168,Ekibastuz-1 power station,,51.8861,75.3769,17273000.0,power,co2e_100yr,electricity-generation,KAZ,4000.0,19504000.0,api
AUS,25452028,Zouxian power station,,35.3256,116.9261,17272000.0,power,co2e_100yr,electricity-generation,CHN,4640.0,19406000.0,api
AUS,25450166,Suizhong power station,,40.0796,120.0096,17229000.0,power,co2e_100yr,electricity-generation,CHN,3760.0,20646000.0,api
AUS,8160204,Capenda Municipality|City Council,,-9.745653628999918,18.985610230840237,17220818.0,forestry-and-land-use,co2e_100yr,forest-land-fires,AGO,117.74169939838069,97280964.77768658,api
AUS,25450899,Duvha power station,,-25.9613,29.3397,17219000.0,power,co2e_100yr,electricity-generation,ZAF,3600.0,17879000.0,api
AUS,1566505,Liuzhou Iron and Steel Co Ltd Liuzhou Base,,24.3852527858698,109.382140439608,17201073.465573348,manufacturing,co2e_100yr,iron-and-steel,CHN,12295431.693989072,9053196.560828077,api
AUS,1566584,Nanjing Iron and Steel Co Ltd,,32.1876425264049,118.744814957189,17193014.575967643,manufacturing,co2e_100yr,iron-and-steel,CHN,10000000.0,9048955.03998297,api
AUS,25450902,Kendal power station,,-26.0903,28.9688,17169000.0,power,co2e_100yr,electricity-generation,ZAF,4116.0,17933000.0,api
AUS,8181149,Ndélé Sub-prefecture,,8.553472042500118,20.93775463330535,17111619.999999996,forestry-and-land-use,co2e_100yr,forest-land-fires,CAF,107.20483406932685,99765412.34035784,api
AUS,32440568,Shanxi Taigang Stainless Steel Co Ltd,,37.9309278461558,112.540146674964,17110894.235032525,manufacturing,co2e_100yr,iron-and-steel,CHN,12460000.0,11338986.23103609,api
AUS,25451063,Hubei Ezhou power station,,30.5518,114.642,17109000.0,power,co2e_100yr,electricity-generation,CHN,3960.0,19959000.0,api
AUS,25451015,Qinbei power station,,35.1676,112.7165,17045000.0,power,co2e_100yr,electricity-generation,CHN,4400.0,20017000.0,api
AUS,5021512,Division No. 16 Census Division,,57.65343093950005,-112.00000000049995,17024010.0,forestry-and-land-use,co2e_100yr,forest-land-clearing,CAN,144.87411564442831,17024010.0,api
AUS,8181148,Bamingui Sub-prefecture,,7.90236210850014,20.040489568749123,17012219.999999996,forestry-and-land-use,co2e_100yr,forest-land-fires,CAF,107.20483406932685,99185883.22583617,api
AUS,8208680,Alto Zambeze Municipality|City Council,,-12.161863767999876,23.160127240174887,16960931.999999996,forestry-and-land-use,co2e_100yr,shrubgrass-fires,AGO,31.88744105491313,32183931.623281993,api
AUS,8319747,Ndougou Department,,-2.3659720419999246,10.047558795536887,16959456.872859996,forestry-and-land-use,co2e_100yr,net-forest-land,GAB,704.7342351287336,412181316.8893001,api
AUS,53058926,Mexico_Salinas - Sureste_Heavy oil,,19.63689065,-92.26411964,16946805.35548351,fossil-fuel-operations,co2e_100yr,oil-and-gas-production,MEX,0.0,0.0,api
AUS,4929661,North Slope Borough,,69.6677055000001,-152.23359699999992,16910671.15938,forestry-and-land-use,co2e_100yr,net-shrubgrass,USA,53.0264484956877,874017439.4224696,api
AUS,25452514,Yangcheng power station,,35.4661,112.5742,16877000.0,power,co2e_100yr,electricity-generation,CHN,3300.0,17160000.0,api
AUS,715475,Neyveli Thermal Power Station I & II,,11.5573,79.4415,16860000.0,power,co2e_100yr,electricity-generation,IND,2390.0,14524000.0,api
AUS,8255006,Lufwanyama District,,-12.929626286999905,27.51694835566684,16778438.000000004,forestry-and-land-use,co2e_100yr,forest-land-fires,ZMB,100.01652266616671,99566432.66264851,api
AUS,5018149,Ourilândia do Norte Municipality,,-7.4550121199999335,-51.51467379592235,16728377.000000002,forestry-and-land-use,co2e_100yr,forest-land-clearing,BRA,109.98810961949103,16728377.000000002,api
AUS,25454834,Guazhou Changle power station,,40.654,96.5027,16668000.0,power,co2e_100yr,electricity-generation,CHN,4000.0,21962000.0,api
AUS,25450907,Matimba power station,,-23.6688,27.6108,16666000.0,power,co2e_100yr,electricity-generation,ZAF,3990.0,17384000.0,api
AUS,32440950,Magnitogorsk Iron and Steel Works,,53.4250532956562,59.0454570358125,16660925.679163342,manufacturing,co2e_100yr,iron-and-steel,RUS,14500000.000000004,11591710.551201928,api
AUS,25454545,Jurong power station,,32.1957,119.2497,16582000.0,power,co2e_100yr,electricity-generation,CHN,4000.0,21398000.0,api
AUS,8560133,Hulunbuir Prefecture City,,50.24089050400008,122.38733314984397,16549830.588080002,forestry-and-land-use,co2e_100yr,removals,CHN,110.29584150706629,2501499910.1057906,api
AUS,25452505,Ligang power station,,31.939,120.0806,16518000.0,power,co2e_100yr,electricity-generation,CHN,3980.0,17536000.0,api
AUS,8565742,Loandjili District,,-4.684722999999933,12.000158474491627,16511123.924909996,forestry-and-land-use,co2e_100yr,removals,COG,203.36554601094764,46273067.61956999,api
AUS,8605539,Ndougou Department,,-2.3659720419999246,10.047558795536887,16506399.981439995,forestry-and-land-use,co2e_100yr,removals,GAB,681.0545135493411,415991008.8471,api
AUS,25453164,Yuhuan power station,,28.1152,121.1391,16465000.0,power,co2e_100yr,electricity-generation,CHN,4200.0,21259000.0,api
AUS,448927,Banten Suralaya power station,,-5.8892,106.0336,16461000.0,power,co2e_100yr,electricity-generation,IDN,4065.0,17134000.0,api
AUS,8605131,Doolo Zone,,7.184787988500121,45.94289569504356,16444607.478470003,forestry-and-land-use,co2e_100yr,removals,ETH,15.32992025249775,80159071.6702,api
AUS,53058910,Malaysia_Sarawak - East Natuna_LNG,,4.616052495,112.493303,16437204.513319893,fossil-fuel-operations,co2e_100yr,oil-and-gas-production,MYS,0.0,0.0,api
AUS,4659581,Doolo Zone,,7.184787988500121,45.94289569504356,16418957.35914,forestry-and-land-use,co2e_100yr,net-shrubgrass,ETH,15.313212283074051,79934480.31725998,api
AUS,25450762,Nikola Tesla power station,,44.6713,20.1584,16402000.0,power,co2e_100yr,electricity-generation,SRB,3066.0,14699000.0,api
AUS,8183609,Moba Territory,,-7.412849187499944,29.536064819285485,16361000.999999996,forestry-and-land-use,co2e_100yr,forest-land-fires,COD,111.09987074929762,54536673.956695564,api
AUS,8183242,Kabongo Territory,,-7.0927803509999015,25.544792756635598,16311232.0,forestry-and-land-use,co2e_100yr,forest-land-fires,COD,111.09987074929762,54370777.27799291,api
AUS,3673075,Jharsuguda Aluminum Smelter 02,,21.809029,84.039783,16308702.247628858,manufacturing,co2e_100yr,aluminum,IND,1725000.0,1110729.0049777871,api
AUS,25450684,Matsuura Kyushu power station,,33.3534,129.6876,16304300.0,power,co2e_100yr,electricity-generation,JPN,3700.0,19564000.0,api
AUS,8310703,Seke-Banza Territory,,-5.391104683499947,13.371645275085216,16280739.197269997,forestry-and-land-use,co2e_100yr,net-forest-land,COD,211.19612596069368,57436293.52310998,api
AUS,1566573,Hunan Valin Lianyuan Iron and Steel Co Ltd,,27.7484114944584,111.964254249157,16245000.000000002,manufacturing,co2e_100yr,iron-and-steel,CHN,9000000.0,8550000.000000002,api
AUS,8160066,Cuemba Municipality|City Council,,-11.733641147999919,18.302239068742267,16223717.000000002,forestry-and-land-use,co2e_100yr,forest-land-fires,AGO,117.74169939838069,91648308.57861425,api
AUS,3643398,Cook County,,41.814729690000064,-87.7521778458969,16172737.297416227,transportation,co2e_100yr,road-transportation,USA,38661.54276181416,50723685526.3113,api
AUS,25453911,Taizhou power station,,32.1872,119.9144,16168000.0,power,co2e_100yr,electricity-generation,CHN,4000.0,20868000.0,api
AUS,53058856,Iran_Widyan - North Arabian Gulf_Conventional shelf,,28.23338039,51.07973259,16164210.4606155,fossil-fuel-operations,co2e_100yr,oil-and-gas-production,IRN,0.0,0.0,api
AUS,25453720,Jinjie power station,,38.7369,110.1661,16162000.0,power,co2e_100yr,electricity-generation,CHN,3720.0,17956000.0,api
AUS,25451979,Ghazlan power plant,,26.8541,49.8976,16151000.0,power,co2e_100yr,electricity-generation,SAU,4256.0,21112000.0,api
AUS,25450642,Bayswater power station,,-32.394,150.9501,16144500.0,power,co2e_100yr,electricity-generation,AUS,2665.0,16841000.0,api
AUS,5055939,Tungiro-Olekminskiy District,,54.86819076550011,119.8362903635543,16102564.999999996,forestry-and-land-use,co2e_100yr,forest-land-clearing,RUS,121.4364969169983,16102564.999999996,api
AUS,1566499,Baosteel Zhanjiang Iron and Steel Co Ltd,,21.0585578022727,110.502211577761,16076654.6835092,manufacturing,co2e_100yr,iron-and-steel,CHN,12528000.000000004,8461397.201846948,api
AUS,8241312,Mlele District,,-6.611046074999933,31.860435680269582,16072487.999999998,forestry-and-land-use,co2e_100yr,forest-land-fires,TZA,63.06758313610766,91335274.36318104,api
AUS,25451328,Loy Yang A power station,,-38.2524,146.5753,16061600.0,power,co2e_100yr,electricity-generation,AUS,2215.0,14654800.0,api
AUS,5015575,Vaca Diez Province,,-11.192786529999836,-65.75762546404243,15925537.000000002,forestry-and-land-use,co2e_100yr,forest-land-clearing,BOL,99.48493566700984,15925537.000000002,api
AUS,5020035,Caracaraí Municipality,,0.31156469800009745,-62.10849498595866,15876581.000000002,forestry-and-land-use,co2e_100yr,forest-land-clearing,BRA,109.98810961949103,15876581.000000002,api
AUS,8337597,Juarzon District,,5.418173552000155,-8.956203001692817,15873354.325719997,forestry-and-land-use,co2e_100yr,net-forest-land,LBR,603.1645967440746,97260725.02096003,api
AUS,8208630,Lucapa Municipality|City Council,,-8.525926590499893,20.62633194732897,15871811.0,forestry-and-land-use,co2e_100yr,shrubgrass-fires,AGO,31.88744105491313,30117288.363732312,api
AUS,53058827,Indonesia_Central Sumatra_Conventional onshore,,0.659298533,101.3298725,15784246.915893326,fossil-fuel-operations,co2e_100yr,oil-and-gas-production,IDN,0.0,0.0,api
AUS,25450558,Mejia power station,,23.4639,87.1311,15772000.0,power,co2e_100yr,electricity-generation,IND,2340.0,16030000.0,api
AUS,25455866,Guoneng Shanghaimiao power station,,38.3238,106.7213,15770000.0,power,co2e_100yr,electricity-generation,CHN,4000.0,20352000.0,api
AUS,25454015,Kusile power station,,-25.9201,28.9249,15766000.0,power,co2e_100yr,electricity-generation,ZAF,4000.0,17426000.0,api
AUS,25451486,Singrauli Super Thermal Power Station,,24.1042,82.7064,15750000.0,power,co2e_100yr,electricity-generation,IND,2000.0,15662000.0,api
AUS,8161287,East Arnhem Shire,,-13.099555999999865,135.6478821079395,15728422.000000004,forestry-and-land-use,co2e_100yr,forest-land-fires,AUS,120.90969421143886,52428075.12908638,api
AUS,5018159,Portel Municipality,,-2.6209954594999085,-50.99747187310027,15708323.000000002,forestry-and-land-use,co2e_100yr,forest-land-clearing,BRA,109.98810961949103,15708323.000000002,api
AUS,25453946,Datong-2 power station,,40.0279,113.2933,15700000.0,power,co2e_100yr,electricity-generation,CHN,3120.0,17131000.0,api
AUS,1566917,JFE West Japan Works (Fukuyama) steel plant,,34.4652276750651,133.436263198201,15693058.119503474,manufacturing,co2e_100yr,iron-and-steel,JPN,13002000.0,8259504.273422882,api
AUS,8181953,Ippy Sub-prefecture,,6.725555420000035,21.178501510723287,15612378.0,forestry-and-land-use,co2e_100yr,forest-land-fires,CAF,107.20483406932685,91024422.51426408,api
AUS,8650553,Juarzon District,,5.418173552000155,-8.956203001692817,15595875.435019994,forestry-and-land-use,co2e_100yr,removals,LBR,601.8337845460082,97465603.96617001,api
AUS,5015571,Iténez Province,,-13.371724821999976,-63.18538526806759,15585712.000000002,forestry-and-land-use,co2e_100yr,forest-land-clearing,BOL,99.48493566700984,15585712.000000002,api
AUS,25451342,Chandrapur Thermal Power Station,,20.0063,79.29,15573200.0,power,co2e_100yr,electricity-generation,IND,2920.0,15868800.0,api
AUS,8650532,Timbo District,,5.67234253950005,-9.491291697760037,15535583.492000004,forestry-and-land-use,co2e_100yr,removals,LBR,630.5140378350567,213892854.05549994,api
AUS,8560510,Fako Department,,4.184217215000132,9.263231413585675,15482116.661279999,forestry-and-land-use,co2e_100yr,removals,CMR,232.67541614395367,43919522.235740006,api
AUS,8183596,Kalemie Territory,,-6.065995692499882,28.888766204601332,15480698.0,forestry-and-land-use,co2e_100yr,forest-land-fires,COD,111.09987074929762,51602330.41047238,api
AUS,8183103,Lom et Djerem Department,,5.199634075500086,13.696085462542618,15461485.0,forestry-and-land-use,co2e_100yr,forest-land-fires,CMR,127.51014417979042,61864942.95568215,api
AUS,8181900,Ouadda Sub-prefecture,,8.080120564000083,22.44104518578085,15437052.999999998,forestry-and-land-use,co2e_100yr,forest-land-fires,CAF,107.20483406932685,90002229.938776,api
AUS,25453930,Fuzhou Kemen power station,,26.3734,119.7622,15413000.0,power,co2e_100yr,electricity-generation,CHN,3400.0,17636000.0,api
AUS,447843,Eraring power station,,-33.0622,151.5214,15409800.0,power,co2e_100yr,electricity-generation,AUS,2922.0,16169700.0,api
AUS,8181917,Bakouma Sub-prefecture,,5.57305550600006,22.63688180444218,15399636.999999998,forestry-and-land-use,co2e_100yr,forest-land-fires,CAF,107.20483406932685,89784084.45236811,api
AUS,25454362,Yuanyang Lake power station,,38.0575,106.6914,15382000.0,power,co2e_100yr,electricity-generation,CHN,3520.0,18630000.0,api
AUS,8181960,Bossangoa Sub-prefecture,,6.444304943000077,17.402529623426247,15375348.0,forestry-and-land-use,co2e_100yr,forest-land-fires,CAF,107.20483406932685,89642472.95676836,api
AUS,25453196,Ningxia Lingwu power station,,38.1483,106.3458,15361000.0,power,co2e_100yr,electricity-generation,CHN,3320.0,18229000.0,api
AUS,33999052,CHN-Yinchuan_methanol,,38.219198547189,106.34127437586,15325876.896000003,manufacturing,co2e_100yr,chemicals,CHN,5381276.999999999,4789336.529999999,api
AUS,5054530,Ust'-Mayskiy District,,60.762064084500054,135.77092957698724,15289760.999999998,forestry-and-land-use,co2e_100yr,forest-land-clearing,RUS,121.4364969169983,15289760.999999998,api
AUS,1566684,Shandong Iron and Steel Group Rizhao Co Ltd,,35.1963495675448,119.382214605277,15234022.665020637,manufacturing,co2e_100yr,iron-and-steel,CHN,8500000.0,8017906.665800337,api
AUS,3620957,Suzhou Prefecture City,,31.404355049000092,120.73464185303058,15225910.204201423,transportation,co2e_100yr,road-transportation,CHN,45016.8502344027,59462360650.655075,api
AUS,8310864,Loandjili District,,-4.684722999999933,12.000158474491627,15220261.144509993,forestry-and-land-use,co2e_100yr,net-forest-land,COG,240.3894978437253,38644514.74251,api
AUS,1566771,ThyssenKrupp Steel Duisburg steel plant,,51.492850088943,6.72618872977656,15212775.994043015,manufacturing,co2e_100yr,iron-and-steel,DEU,9000000.0,8006724.207391061,api
AUS,16439,North Antelope Rochelle Coal Mine,,43.566667,-105.283333,15168207.264062205,fossil-fuel-operations,co2e_100yr,coal-mining,USA,87180180.37502433,57584999.1419959,api
AUS,4573507,Derby-West Kimberley Shire,,-17.674192404999953,124.69403814550003,15149324.450789995,forestry-and-land-use,co2e_100yr,net-shrubgrass,AUS,23.361558310462105,191720462.70993006,api
AUS,3672937,Taweelah Aluminum Smelter,,24.798287,54.711626,15148244.163095994,manufacturing,co2e_100yr,aluminum,ARE,1628000.0,1546600.0,api
AUS,8160089,Mavinga Municipality|City Council,,-16.14233684599995,20.09016649623971,15138520.0,forestry-and-land-use,co2e_100yr,forest-land-fires,AGO,117.74169939838069,85517995.1908384,api
AUS,3645645,Dallas County,,32.68277168300002,-96.78010244136738,15122279.595087595,transportation,co2e_100yr,road-transportation,USA,30654.132741437443,46314931629.79449,api
AUS,8734886,North Burnett Region,,-25.244355200499882,151.17307933386155,15098577.584360002,forestry-and-land-use,co2e_100yr,removals,AUS,193.11473853897397,378201578.88623,api
AUS,5018104,Cumaru do Norte Municipality,,-8.509149566499929,-51.37249199405182,15090852.000000002,forestry-and-land-use,co2e_100yr,forest-land-clearing,BRA,109.98810961949103,15090852.000000002,api
AUS,447853,Mae Moh power station,,18.296,99.752,15066000.0,power,co2e_100yr,electricity-generation,THA,2455.0,13995000.0,api
AUS,8208640,Muconda Municipality|City Council,,-10.169949531499952,21.471543009809274,15052640.000000004,forestry-and-land-use,co2e_100yr,shrubgrass-fires,AGO,31.88744105491313,28562884.192323845,api
AUS,8162212,Kapanga Territory,,-8.487841129499941,22.796433973232766,15030373.000000002,forestry-and-land-use,co2e_100yr,shrubgrass-fires,COD,39.637311355837255,28520631.866280105,api
AUS,5015792,Apuí Municipality,,-7.593203420499945,-59.44142963856085,14997170.000000002,forestry-and-land-use,co2e_100yr,forest-land-clearing,BRA,109.98810961949103,14997170.000000002,api
AUS,451113,Linkou power station,,25.1209,121.298,14984800.0,power,co2e_100yr,electricity-generation,TWN,2400.0,19243000.0,api
AUS,25450904,Kriel power station,,-26.2539,29.1785,14975000.0,power,co2e_100yr,electricity-generation,ZAF,3000.0,15400000.0,api
AUS,8164912,Germán Busch Province,,-19.07554451749996,-58.40933990638696,14915369.000000002,forestry-and-land-use,co2e_100yr,forest-land-fires,BOL,108.20941968320732,40133103.7993629,api
AUS,53059170,Turkmenistan_South Caspian_Conventional shelf,,39.5685962,52.68377709,14867250.388845826,fossil-fuel-operations,co2e_100yr,oil-and-gas-production,TKM,0.0,0.0,api
AUS,5015800,Boca do Acre Municipality,,-8.81738647399996,-68.00209562715554,14839897.999999998,forestry-and-land-use,co2e_100yr,forest-land-clearing,BRA,109.98810961949103,14839897.999999998,api
AUS,25453828,Tianjin Beijiang power station,,39.2193,117.9299,14821000.0,power,co2e_100yr,electricity-generation,CHN,4000.0,19529000.0,api
AUS,1566527,Hebei Donghai Special Steel Co Ltd,,39.6051179045896,118.470396942639,14820916.874564763,manufacturing,co2e_100yr,iron-and-steel,CHN,10001000.0,7800482.565560402,api
AUS,53059209,Uzbekistan_Amu-Dar'ya_Conventional onshore,,38.98892634,65.14868935,14800839.117123652,fossil-fuel-operations,co2e_100yr,oil-and-gas-production,UZB,0.0,0.0,api
AUS,8736442,East Pilbara Shire,,-21.617351499999955,124.06153187305512,14799018.613729997,forestry-and-land-use,co2e_100yr,removals,AUS,9.125123653722326,334306357.50938994,api
AUS,3673013,Gansu Dongxing Jiujia aluminium plant,,39.828632468665,98.2685852942817,14752320.967349997,manufacturing,co2e_100yr,aluminum,CHN,1359000.0,1291050.0,api
AUS,8215008,Loilen District,,20.844579697000114,97.95137366807833,14712899.0,forestry-and-land-use,co2e_100yr,forest-land-fires,MMR,105.57465871263598,34156486.708338246,api
AUS,8310601,Fako Department,,4.184217215000132,9.263231413585675,14711379.648819996,forestry-and-land-use,co2e_100yr,net-forest-land,CMR,248.5242510093424,42733856.34217,api
AUS,25452938,Barh I & II power stations,,25.4865,85.7452,14710000.0,power,co2e_100yr,electricity-generation,IND,2640.0,16525000.0,api
AUS,3673012,Wujiaqu aluminium plant,,44.1640613,87.5403611,14654623.4775,manufacturing,co2e_100yr,aluminum,CHN,1350000.0,1282499.9999999998,api
AUS,54502806,Chiping Xinfa aluminium plant,,36.5865512,116.2406737,14654623.4775,manufacturing,co2e_100yr,aluminum,CHN,1350000.0,1282500.0,api
AUS,3673006,Baotou Shi aluminium plant,,40.592408,109.798065,14654623.477499997,manufacturing,co2e_100yr,aluminum,CHN,1350000.0,1282500.0,api
AUS,53058507,Argentina_Neuquen_Shale oil,,-38.02345756,-68.7787454,14649754.710014267,fossil-fuel-operations,co2e_100yr,oil-and-gas-production,ARG,0.0,0.0,api
AUS,3645985,Orange County,,33.666528701500084,-117.7200844268178,14635591.110727724,transportation,co2e_100yr,road-transportation,USA,23988.029123617784,46280386462.442825,api
AUS,53058473,Anandarko - Hugoton Wet Gas OK,,35.866746125,-98.58529589,14630967.942217609,fossil-fuel-operations,co2e_100yr,oil-and-gas-production,USA,0.0,0.0,api
AUS,53059273,Wolfcamp Ultra-Light Oil TX,,31.6133886,-103.5417935,14582682.789620023,fossil-fuel-operations,co2e_100yr,oil-and-gas-production,USA,0.0,0.0,api
AUS,25454155,Zhangjiagang Shazhou power station,,31.9897,120.6879,14540000.0,power,co2e_100yr,electricity-generation,CHN,3260.0,17899000.0,api
AUS,447784,Jebel Ali G Power and Desalination Station,,25.0493,55.1116,14516900.0,power,co2e_100yr,electricity-generation,ARE,8284.8,35564000.0,api
AUS,8337565,Sasstown 180606 District,,4.848575591000127,-8.441909352127205,14490656.484380001,forestry-and-land-use,co2e_100yr,net-forest-land,LBR,586.4115963236524,70430804.66262999,api
AUS,8160131,Mussende Municipality|City Council,,-10.360459327499967,16.11131551097318,14450401.0,forestry-and-land-use,co2e_100yr,forest-land-fires,AGO,117.74169939838069,81630788.42738171,api
AUS,1567087,China Steel Xiaogang steel plant,,22.5419993003744,120.356462826436,14407091.142123569,manufacturing,co2e_100yr,iron-and-steel,TWN,10000000.0,7582679.548486089,api
AUS,53058917,Marcellus Dry Gas WV,,39.28571088,-80.87333277,14378926.082023019,fossil-fuel-operations,co2e_100yr,oil-and-gas-production,USA,0.0,0.0,api
AUS,53058855,Iran_Widyan - North Arabian Gulf_Conventional onshore,,31.13165664,47.92467602,14364163.64936263,fossil-fuel-operations,co2e_100yr,oil-and-gas-production,IRN,0.0,0.0,api
AUS,25449255,Labadie,,38.5622,-90.8377,14357300.0,power,co2e_100yr,electricity-generation,USA,2389.4,15043600.0,api
AUS,25454308,Zheneng Yueqing power station,,28.1704,121.0889,14332000.0,power,co2e_100yr,electricity-generation,CHN,4520.0,17579000.0,api
AUS,8370643,Srednekanskiy District,,64.12085825600008,153.76108829455455,14326573.179339996,forestry-and-land-use,co2e_100yr,net-forest-land,RUS,80.33770097276138,449332074.37662,api
AUS,25455924,Shandong Xinfa Xinyuan power station,,36.6155,116.2191,14302000.0,power,co2e_100yr,electricity-generation,CHN,3960.0,19169000.0,api
AUS,53059270,Wolfcamp Light Oil TX,,31.6133886,-103.5417935,14285709.815480646,fossil-fuel-operations,co2e_100yr,oil-and-gas-production,USA,0.0,0.0,api
AUS,1308528,Theran County,,35.75943374650004,51.43996725891933,14277239.846439997,buildings,co2e_100yr,residential-onsite-fuel-usage,IRN,2056959480.8631594,35850458211.73502,api
AUS,8347852,Boki Local Authority,,6.244329691500069,9.018015656483703,14246287.494939996,forestry-and-land-use,co2e_100yr,net-forest-land,NGA,549.3716670291844,157885987.22854003,api
AUS,25454094,Jiangsu Sheyanggang power station,,33.8185,120.4633,14201000.0,power,co2e_100yr,electricity-generation,CHN,3320.0,18229000.0,api
AUS,53059701,Iran_Zagros Foldbelt_Conventional onshore,,30.98387974,49.3947384,14181400.380511776,fossil-fuel-operations,co2e_100yr,oil-and-gas-transport,IRN,0.0,0.0,api
AUS,8160091,Menongue Municipality|City Council,,-15.152125834499971,17.723058101248053,14179844.000000002,forestry-and-land-use,co2e_100yr,forest-land-fires,AGO,117.74169939838069,80102403.07499272,api
AUS,25450361,Hanchuan power station,,30.6566,113.9173,14168500.0,power,co2e_100yr,electricity-generation,CHN,3320.0,16710000.0,api
AUS,8194014,Pibor District,,6.680438041000031,33.48913997429241,14163092.999999998,forestry-and-land-use,co2e_100yr,shrubgrass-fires,SSD,17.328581586846592,26874939.040303092,api
AUS,8650439,Sasstown 180606 District,,4.848575591000127,-8.441909352127205,14135189.398519995,forestry-and-land-use,co2e_100yr,removals,LBR,570.6268779464941,70930421.07827999,api
AUS,25453372,Chaozhou Sanbaimen power station,,23.5665,117.0972,14111000.0,power,co2e_100yr,electricity-generation,CHN,3260.0,17038000.0,api
AUS,25453594,Chhabra Thermal Power Station,,24.6274,77.0376,14101300.0,power,co2e_100yr,electricity-generation,IND,2320.0,14793400.0,api
AUS,8234258,Olekminskiy District,,59.348526001000096,120.92468829200622,14087956.0,forestry-and-land-use,co2e_100yr,forest-land-fires,RUS,64.49278156444537,38258116.35095963,api
AUS,8183532,Bosobolo Territory,,4.523170471500122,19.93847263006735,14085806.000000002,forestry-and-land-use,co2e_100yr,forest-land-fires,COD,111.09987074929762,46952690.07313588,api
AUS,8305692,São Félix do Xingu Municipality,,-7.4614655154999525,-52.462040878054744,14082004.982650004,forestry-and-land-use,co2e_100yr,net-forest-land,BRA,413.4931733498065,3013323852.841791,api
AUS,8160437,Kabongo Territory,,-7.0927803509999015,25.544792756635598,14073966.999999996,forestry-and-land-use,co2e_100yr,shrubgrass-fires,COD,39.637311355837255,26705819.72284883,api
AUS,8164909,Chiquitos Province,,-17.840149821999944,-61.15129643933918,14059247.000000002,forestry-and-land-use,co2e_100yr,forest-land-fires,BOL,108.20941968320732,37829517.94165346,api
AUS,5156563,Altamira Municipality,,-6.316830312499917,-54.262612400284326,14038185.0,forestry-and-land-use,co2e_100yr,forest-land-degradation,BRA,121.4019451059567,93587899.99999997,api
AUS,25453565,Shree Singaji Thermal Power Project,,22.0991,76.5317,13990700.0,power,co2e_100yr,electricity-generation,IND,2520.0,15098700.0,api
AUS,1566916,JFE West Japan Works (Kurashiki) steel plant,,34.4888080379258,133.722980026749,13986267.399177948,manufacturing,co2e_100yr,iron-and-steel,JPN,9999000.0,7361193.367988394,api
AUS,8215178,Macossa District,,-18.024814604999932,33.850102241796456,13984009.999999998,forestry-and-land-use,co2e_100yr,forest-land-fires,MOZ,100.21761594836289,83523133.217694,api
AUS,25450767,Kozienice power station,,51.667,21.462,13962100.0,power,co2e_100yr,electricity-generation,POL,3994.0,14199400.0,api
AUS,4708924,Ulytauskiy District,,47.87786865300009,66.90064706607978,13955776.692679996,forestry-and-land-use,co2e_100yr,net-shrubgrass,KAZ,5.3729718701385085,67246924.57975002,api
AUS,53059275,Wolfcamp Wet Gas TX,,31.63900364,-103.7001274,13952711.825240972,fossil-fuel-operations,co2e_100yr,oil-and-gas-production,USA,0.0,0.0,api
AUS,8319699,Ogoulou Department,,-1.3724990484999182,11.593107119106097,13947520.371560002,forestry-and-land-use,co2e_100yr,net-forest-land,GAB,805.3447523380459,750222657.9456798,api
AUS,3621195,Chengdu Prefecture City,,30.770359993000056,104.22354764322127,13942292.198011436,transportation,co2e_100yr,road-transportation,CHN,61769.28989265388,55042801263.19469,api
AUS,4963597,Pixley ka Seme District Municipality,,-30.210919380999968,23.040088798538207,13899688.086809995,forestry-and-land-use,co2e_100yr,net-shrubgrass,ZAF,29.011064612453357,262349849.56709,api
AUS,8311322,Santa Rosa Municipality,,1.5518123510001374,-76.5490273990555,13888876.877559997,forestry-and-land-use,co2e_100yr,net-forest-land,COL,268.31531158484285,71035049.26274998,api
AUS,53059094,Saudi Arabia_Widyan - North Arabian Gulf_Acid/sour gas,,27.89459241,49.90391617,13876652.69394852,fossil-fuel-operations,co2e_100yr,oil-and-gas-production,SAU,0.0,0.0,api
AUS,8644357,Ulytauskiy District,,47.87786865300009,66.90064706607978,13862713.310170002,forestry-and-land-use,co2e_100yr,removals,KAZ,5.38692202584121,67529950.71516,api
AUS,25457222,Weiqiao Zouping-1 power station,,36.9107,117.7854,13846000.0,power,co2e_100yr,electricity-generation,CHN,3960.0,18962000.0,api
AUS,8162182,Feshi Territory,,-6.30609679199992,18.23331218538432,13822574.999999998,forestry-and-land-use,co2e_100yr,shrubgrass-fires,COD,39.637311355837255,26228795.055122487,api
AUS,1566925,"Nippon Kyushu Works (Oita Area, Oita) steel plant",,33.260570013592,131.646196771159,13815913.794453878,manufacturing,co2e_100yr,iron-and-steel,JPN,9999000.0,7271533.576028355,api
AUS,8568554,Santa Rosa Municipality,,1.5518123510001374,-76.5490273990555,13799282.79601,forestry-and-land-use,co2e_100yr,removals,COL,265.59403775956537,71458506.93427,api
AUS,8215395,Morrumbala District,,-17.0049247739999,35.81788887949222,13791787.999999998,forestry-and-land-use,co2e_100yr,forest-land-fires,MOZ,100.21761594836289,82375037.37727544,api
AUS,8372278,Srednekolymskiy District,,67.82240665850006,153.33648876000365,13786147.242609994,forestry-and-land-use,co2e_100yr,net-forest-land,RUS,72.6200074344087,510224583.3817099,api
AUS,53059003,Pakistan_Indus_Conventional onshore,,26.71248808,68.78385008,13780042.483780442,fossil-fuel-operations,co2e_100yr,oil-and-gas-production,PAK,0.0,0.0,api
AUS,53058965,Nigeria_Niger Delta_Deepwater,,3.945819868,5.857950346,13767834.594106358,fossil-fuel-operations,co2e_100yr,oil-and-gas-production,NGA,0.0,0.0,api
AUS,53058739,Eagle Ford Ultra-Light Oil TX,,28.8104902,-98.27494626,13747791.378721908,fossil-fuel-operations,co2e_100yr,oil-and-gas-production,USA,0.0,0.0,api
AUS,53058737,Eagle Ford Light Oil TX,,28.99905665,-98.29277548,13716565.430302003,fossil-fuel-operations,co2e_100yr,oil-and-gas-production,USA,0.0,0.0,api
AUS,32440450,Hebei Yanshan Iron and Steel Group Co Ltd,,39.9190181700982,118.680142991859,13706447.823559014,manufacturing,co2e_100yr,iron-and-steel,CHN,9989999.999999998,7707256.725137568,api
AUS,8731790,Pixley ka Seme District Municipality,,-30.210919380999968,23.040088798538207,13675684.011459997,forestry-and-land-use,co2e_100yr,removals,ZAF,29.13692162137074,264234850.54047993,api
AUS,1281165,Chongqing Municipality,,30.18792343150014,107.86975436631752,13674453.21345,buildings,co2e_100yr,residential-onsite-fuel-usage,CHN,6210113752.745879,76062735629.2249,api
AUS,8160084,Cuchi Municipality|City Council,,-14.738856314999879,17.008550411513426,13668906.999999996,forestry-and-land-use,co2e_100yr,forest-land-fires,AGO,117.74169939838069,77216103.23136063,api
AUS,8160239,Luquembo Municipality|City Council,,-10.990474223499945,17.570481209305356,13668299.0,forestry-and-land-use,co2e_100yr,forest-land-fires,AGO,117.74169939838069,77212668.61945166,api
AUS,8692201,Dudinka District,,70.24322120700006,89.93616919058259,13660117.388289997,forestry-and-land-use,co2e_100yr,removals,RUS,24.561130703497007,360447420.7918999,api
AUS,3167058,Incheon International Airport,,37.469101,126.450996,13647371.782257421,transportation,co2e_100yr,international-aviation,KOR,390629.0,4285093.775062298,api
AUS,32440775,JSW Steel Dolvi steel plant,,18.6882527370815,73.0392103496705,13640194.773903063,manufacturing,co2e_100yr,iron-and-steel,IND,10200000.0,6800910.519229203,api
AUS,8160224,Dala Municipality|City Council,,-10.90871190999988,20.31075346284992,13634452.999999998,forestry-and-land-use,co2e_100yr,forest-land-fires,AGO,117.74169939838069,77021471.45716436,api
AUS,8397945,East Arnhem Shire,,-13.099555999999865,135.6478821079395,13612107.483589994,forestry-and-land-use,co2e_100yr,net-forest-land,AUS,181.9483662687113,564348562.7710799,api
AUS,25452661,Berezovskaya power station,,55.5795,89.0713,13605000.0,power,co2e_100yr,electricity-generation,RUS,2420.0,13162100.0,api
AUS,25451477,Farakka power station,,24.7727,87.8937,13604800.0,power,co2e_100yr,electricity-generation,IND,2100.0,13844000.0,api
AUS,25452780,Zhanjiang power station,,21.3132,110.4095,13589000.0,power,co2e_100yr,electricity-generation,CHN,2520.0,13838000.0,api
AUS,8160223,Cacolo Municipality|City Council,,-10.687063215999956,19.13805935835874,13559926.999999998,forestry-and-land-use,co2e_100yr,forest-land-fires,AGO,117.74169939838069,76600471.64281051,api
AUS,5018123,Jacareacanga Municipality,,-7.4789103494998965,-57.60563007740002,13548106.0,forestry-and-land-use,co2e_100yr,forest-land-clearing,BRA,109.98810961949103,13548106.0,api
AUS,451854,Huolinhe Zhanute power station,,45.4098,119.5967,13545000.0,power,co2e_100yr,electricity-generation,CHN,2380.0,13067700.0,api
AUS,25455961,Tongmei Tashan power station,,39.9242,113.0851,13526000.0,power,co2e_100yr,electricity-generation,CHN,2520.0,13838000.0,api
AUS,8160492,Kamonia Territory,,-6.513253926999937,20.631531122203008,13518907.000000004,forestry-and-land-use,co2e_100yr,shrubgrass-fires,COD,39.637311355837255,25652574.94151856,api
AUS,25451041,Qinzhou power station,,21.7005,108.6243,13509000.0,power,co2e_100yr,electricity-generation,CHN,3360.0,16343000.0,api
AUS,8183594,Kabalo Territory,,-6.183926581999913,26.977782080596274,13493834.0,forestry-and-land-use,co2e_100yr,forest-land-fires,COD,111.09987074929762,44979449.92997512,api
AUS,8160135,Quibala Municipality|City Council,,-10.759948253499942,15.367316442960103,13487606.000000004,forestry-and-land-use,co2e_100yr,forest-land-fires,AGO,117.74169939838069,76191927.94565938,api
AUS,53058668,China_Tarim_Conventional onshore,,41.85261239,83.78736845,13479651.187120512,fossil-fuel-operations,co2e_100yr,oil-and-gas-production,CHN,0.0,0.0,api
AUS,25454218,Xuzhou Pengcheng power station,,34.3779,117.1759,13462000.0,power,co2e_100yr,electricity-generation,CHN,3340.0,15575000.0,api
AUS,8164863,Iténez Province,,-13.371724821999976,-63.18538526806759,13442995.999999998,forestry-and-land-use,co2e_100yr,forest-land-fires,BOL,108.20941968320732,36171358.13686006,api
AUS,5015832,Novo Aripuanã Municipality,,-6.828447477499935,-60.22930634264338,13440377.999999998,forestry-and-land-use,co2e_100yr,forest-land-clearing,BRA,109.98810961949103,13440377.999999998,api
AUS,25448961,Monroe (MI),,41.8906,-83.3464,13424600.0,power,co2e_100yr,electricity-generation,USA,3293.1,14103600.0,api
AUS,3169099,Singapore Changi Airport,,1.35019,103.994003,13421657.241586344,transportation,co2e_100yr,international-aviation,SGP,361722.0,4214222.402273281,api
AUS,25453947,Mauda power station,,21.1807,79.3965,13420900.0,power,co2e_100yr,electricity-generation,IND,2320.0,14453200.0,api
AUS,3621211,Tianjin Municipality,,39.4071369185001,117.35753768721537,13397451.418692619,transportation,co2e_100yr,road-transportation,CHN,49579.42651793154,52452978834.35239,api
AUS,1566601,Shanghai Meishan Iron and Steel Co Ltd,,31.9039009292538,118.608454622383,13385902.126962923,manufacturing,co2e_100yr,iron-and-steel,CHN,7599999.999999998,7045211.645769958,api
AUS,25451764,Suratgarh Super Thermal Power Station,,29.1754,74.0199,13355400.0,power,co2e_100yr,electricity-generation,IND,2820.0,13988500.0,api
AUS,25454026,İÇDAŞ Biga power station,,40.4438,27.1307,13345500.0,power,co2e_100yr,electricity-generation,TUR,1605.0,12767700.0,api
AUS,8671223,Boki Local Authority,,6.244329691500069,9.018015656483703,13338430.64688,forestry-and-land-use,co2e_100yr,removals,NGA,547.2849436967946,158063819.76952997,api
AUS,8211206,Santa María Chimalapa Municipality,,16.94168021150017,-94.35866641746367,13289480.000000002,forestry-and-land-use,co2e_100yr,forest-land-fires,MEX,64.76636358159928,55126662.907323465,api
AUS,32440965,Evraz ZSMK steel plant,,53.8838469332366,87.2613386072394,13269913.757354084,manufacturing,co2e_100yr,iron-and-steel,RUS,9900999.999999998,8439725.251293126,api
AUS,8183321,Luiza Territory,,-7.201206921499932,22.477009783468425,13249852.999999998,forestry-and-land-use,co2e_100yr,forest-land-fires,COD,111.09987074929762,44166179.8709715,api
AUS,448484,Sabiya power plant,,29.5642,48.1707,13247300.0,power,co2e_100yr,electricity-generation,KWT,7096.7,26683000.0,api
AUS,25451572,Guodian Baoji-2 power station,,34.4964,107.2192,13235100.0,power,co2e_100yr,electricity-generation,CHN,2520.0,13838000.0,api
AUS,25450213,Dr. Narla Tata Rao Thermal power station,,16.5952,80.5393,13230200.0,power,co2e_100yr,electricity-generation,IND,2560.0,13410500.0,api
AUS,8560512,Lebialem Department,,5.562587977000078,9.91617246712765,13201504.882319996,forestry-and-land-use,co2e_100yr,removals,CMR,299.7983241265369,18792294.078189995,api
AUS,3645992,San Diego County,,33.01818300000008,-116.6931273753809,13193405.309617566,transportation,co2e_100yr,road-transportation,USA,36789.71379497263,41724862431.79514,api
AUS,3166941,Hong Kong International Airport,,22.31184,113.914862,13181045.551373553,transportation,co2e_100yr,international-aviation,HKG,335692.0,4138673.522064823,api
AUS,38467505,"Guangxi Huili New Materials Technology Co., Ltd.",,23.2374799,109.33464,13169307.396028932,manufacturing,co2e_100yr,lime,CHN,20000000.001026805,10601901.897663038,api
AUS,8372275,Olekminskiy District,,59.348526001000096,120.92468829200622,13138479.300699996,forestry-and-land-use,co2e_100yr,net-forest-land,RUS,150.60829845759233,2316547708.78959,api
AUS,3166395,Hamad International Airport,,25.273056,51.608056,13122018.23882586,transportation,co2e_100yr,international-aviation,QAT,271123.0,4120139.728628814,api
AUS,3621298,Hangzhou Prefecture City,,29.875601769000035,119.4725937680054,13108079.417535283,transportation,co2e_100yr,road-transportation,CHN,58963.23846345845,51073919738.288605,api
AUS,25452444,Boxberg power station,,51.4205,14.5703,13079300.0,power,co2e_100yr,electricity-generation,DEU,2582.0,13216000.0,api
AUS,8560612,Seke-Banza Territory,,-5.391104683499947,13.371645275085216,13078304.314160002,forestry-and-land-use,co2e_100yr,removals,COD,187.1962929655897,66081237.69973001,api
AUS,8181924,Rafaï Sub-prefecture,,5.722083330500084,24.15499738125903,13068607.0,forestry-and-land-use,co2e_100yr,forest-land-fires,CAF,107.20483406932685,76193543.68955639,api
AUS,5054485,Aldanskiy District,,58.93835830700007,127.63246342528893,13043093.0,forestry-and-land-use,co2e_100yr,forest-land-clearing,RUS,121.4364969169983,13043093.0,api
AUS,8501691,Landana Municipality|City Council,,-5.02208435499989,12.238019498492761,13032496.783959994,forestry-and-land-use,co2e_100yr,removals,AGO,242.84466687253163,34392118.16361,api
AUS,1566572,Hunan Valin Xiangtan Iron and Steel Co Ltd,,27.8184553227856,112.896396467957,13026932.389421768,manufacturing,co2e_100yr,iron-and-steel,CHN,7250000.000000001,6856280.204958828,api
AUS,8734892,Quilpie Shire,,-26.138063429999903,143.75510653127884,13020236.578180002,forestry-and-land-use,co2e_100yr,removals,AUS,39.149350490262485,263233028.62761998,api
AUS,25452916,Anqing power station,,30.541,117.1717,13016400.0,power,co2e_100yr,electricity-generation,CHN,2640.0,15688000.0,api
AUS,5018070,Almeirim Municipality,,0.42471085400009656,-54.00479929673564,13004245.999999996,forestry-and-land-use,co2e_100yr,forest-land-clearing,BRA,109.98810961949103,13004245.999999996,api
AUS,25451532,Daihai power station,,40.5197,112.6677,12995200.0,power,co2e_100yr,electricity-generation,CHN,2460.0,13507000.0,api
AUS,32440516,Lianfeng Steel Zhangjiagang Co Ltd,,31.8499209181937,120.72863256117,12968697.404169131,manufacturing,co2e_100yr,iron-and-steel,CHN,8239999.999999999,7613400.087415024,api
AUS,8183241,Bukama Territory,,-8.835054397499931,26.118999480348894,12925674.0,forestry-and-land-use,co2e_100yr,forest-land-fires,COD,111.09987074929762,43085583.125906356,api
AUS,25451344,Koradi Thermal Power Station,,21.2421,79.095,12916000.0,power,co2e_100yr,electricity-generation,IND,2190.0,13991700.0,api
AUS,708729,Bogatyr Coal Mine (Kazakhstan),,51.655495,75.4336006,12913958.235493157,fossil-fuel-operations,co2e_100yr,coal-mining,KAZ,40000000.0,32529999.889686093,api
AUS,8181925,Kaga-Bandoro Sub-prefecture,,7.483477116000129,19.19801886780504,12906933.000000004,forestry-and-land-use,co2e_100yr,forest-land-fires,CAF,107.20483406932685,75250940.16781417,api
AUS,448447,Boryeong power station,,36.4009,126.4908,12898000.0,power,co2e_100yr,electricity-generation,KOR,4400.0,17403000.0,api
AUS,25454596,Fujian Hongshan power station,,24.7273,118.7497,12890000.0,power,co2e_100yr,electricity-generation,CHN,3200.0,16349000.0,api
AUS,8716044,Bethel Census Area,,60.439321500000055,-160.8665702603099,12849561.800029995,forestry-and-land-use,co2e_100yr,removals,USA,87.44834383514181,860948576.2149998,api
AUS,1566531,Cangzhou China Railway Equipment Manufacture Material Co Ltd,,38.2901277025542,117.818735633681,12846773.300343337,manufacturing,co2e_100yr,iron-and-steel,CHN,7500000.0,6761459.631759649,api
AUS,449445,Datan power station,,25.0262,121.0471,12840000.0,power,co2e_100yr,electricity-generation,TWN,5300.0,33426000.0,api
AUS,25452427,Sirdaryo power station,,40.2296,69.0998,12837900.0,power,co2e_100yr,electricity-generation,UZB,3200.0,16782000.0,api
AUS,25451574,Daba power station,,37.9855,105.9283,12822400.0,power,co2e_100yr,electricity-generation,CHN,3840.0,13955000.0,api
AUS,25450475,Jorf Lasfar power station,,33.1047,-8.6376,12798500.0,power,co2e_100yr,electricity-generation,MAR,2056.0,12840000.0,api
AUS,1566507,Guangxi Shenglong Metallurgical Co Ltd,,21.6834014362869,108.409590522982,12796296.91219718,manufacturing,co2e_100yr,iron-and-steel,CHN,9783000.0,6734893.111682727,api
AUS,8310603,Lebialem Department,,5.562587977000078,9.91617246712765,12784652.92322,forestry-and-land-use,co2e_100yr,net-forest-land,CMR,308.6567568545861,18256149.69287,api
AUS,25451326,Meizhouwan power station,,25.1608,119.0333,12769400.0,power,co2e_100yr,electricity-generation,CHN,2786.0,15298000.0,api
AUS,1753130,Sulawesi Labota power station,,-2.8686,122.1727,12766200.0,power,co2e_100yr,electricity-generation,IDN,3360.0,14283000.0,api
AUS,4623622,Antártica Chilena Province,,-54.66714849999994,-70.28913559919114,12765465.917879999,forestry-and-land-use,co2e_100yr,net-shrubgrass,CHL,52.44557452570611,27179677.029799998,api
AUS,8550394,Ghanzi Sub-district,,-22.156114577499892,22.400001288864388,12749385.669060001,forestry-and-land-use,co2e_100yr,removals,BWA,27.26539845189633,311790019.91905,api
AUS,8172451,Itaituba Municipality,,-6.032696319999928,-55.96954590403428,12743896.0,forestry-and-land-use,co2e_100yr,forest-land-fires,BRA,79.87187030252272,44071651.89838217,api
AUS,53059760,Marcellus Dry Gas WV,,39.28571088,-80.87333277,12715942.184201319,fossil-fuel-operations,co2e_100yr,oil-and-gas-transport,USA,0.0,0.0,api
AUS,1566623,Shaanxi Longmen Steel Co Ltd,,35.613507325744,110.574570059455,12671869.045591675,manufacturing,co2e_100yr,iron-and-steel,CHN,7200000.0,6669404.7608377235,api
AUS,1566853,Tata Steel Jamshedpur steel plant,,22.788289867606,86.2001310770696,12662484.133726725,manufacturing,co2e_100yr,iron-and-steel,IND,11000000.0,6664465.333540381,api
AUS,1567174,Hoa Phat Dung Quat steel plant,,15.3829880336492,108.793618245857,12645512.24638162,manufacturing,co2e_100yr,iron-and-steel,VNM,10007196.721311474,6655532.7612534845,api
AUS,8182388,Yukon Territory,,64.82077483950002,-136.8059130990692,12613741.000000002,forestry-and-land-use,co2e_100yr,forest-land-fires,CAN,102.55426887170368,31779023.610686615,api
AUS,25450910,Tutuka power station,,-26.7772,29.3524,12611300.0,power,co2e_100yr,electricity-generation,ZAF,3654.0,13101500.0,api
AUS,5069951,Lane County,,43.86459922850008,-122.74995185572925,12609142.0,forestry-and-land-use,co2e_100yr,forest-land-clearing,USA,124.32943771015906,12609142.0,api
AUS,25452872,Kostromskaya GRES power station,,57.4595,41.1747,12603200.0,power,co2e_100yr,electricity-generation,RUS,3750.0,16474000.0,api
AUS,32440777,JSW Steel Vijayanagar steel plant,,15.1792329205203,76.659005085373,12598515.102273326,manufacturing,co2e_100yr,iron-and-steel,IND,11898999.999999998,8050997.422249119,api
AUS,8310385,Hulunbuir Prefecture City,,50.24089050400008,122.38733314984397,12591351.03236,forestry-and-land-use,co2e_100yr,net-forest-land,CHN,177.3289639844149,2309079361.96338,api
AUS,8160215,Lucapa Municipality|City Council,,-8.525926590499893,20.62633194732897,12579829.999999996,forestry-and-land-use,co2e_100yr,forest-land-fires,AGO,117.74169939838069,71063871.5965342,api
AUS,8694038,Srednekanskiy District,,64.12085825600008,153.76108829455455,12564806.30787,forestry-and-land-use,co2e_100yr,removals,RUS,63.0812066640968,578330730.6634699,api
AUS,25449409,Oak Grove (TX),,31.1813,-96.489,12535900.0,power,co2e_100yr,electricity-generation,USA,1795.4,11616300.0,api
AUS,8183249,Malemba-Nkulu Territory,,-8.058809280499958,27.143365750936702,12513742.0,forestry-and-land-use,co2e_100yr,forest-land-fires,COD,111.09987074929762,41712476.35961929,api
AUS,8396976,Cordillera Province,,-19.24790343449993,-61.39536444382379,12506287.92189,forestry-and-land-use,co2e_100yr,net-forest-land,BOL,141.79756318598373,996327265.9412398,api
AUS,8192168,Kemashi Zone,,10.12025451700012,35.35990514455486,12497333.000000002,forestry-and-land-use,co2e_100yr,forest-land-fires,ETH,52.749337130786834,66277669.03488745,api
AUS,449439,Hsinta power station,,22.8558,120.1972,12496100.0,power,co2e_100yr,electricity-generation,TWN,3280.0,19359000.0,api
AUS,8605499,Ogoulou Department,,-1.3724990484999182,11.593107119106097,12485945.48663,forestry-and-land-use,co2e_100yr,removals,GAB,804.789940264777,752200922.67342,api
AUS,1566923,Nippon East Japan Works (Kimitsu) steel plant,,35.3582338626058,139.868542482411,12485404.739948815,manufacturing,co2e_100yr,iron-and-steel,JPN,10001000.0,6571265.6526046395,api
AUS,3673022,Shandong Xinfa aluminium plant,,36.59129835,116.183670446196,12483568.147499997,manufacturing,co2e_100yr,aluminum,CHN,1150000.0000000002,1092499.9999999998,api
AUS,5156635,Novo Progresso Municipality,,-7.907613842499956,-55.59574605418925,12436912.000000002,forestry-and-land-use,co2e_100yr,forest-land-degradation,BRA,121.4019451059567,82912746.66666666,api
AUS,8183422,Lubao Territory,,-5.574939489499911,25.407911757321656,12410282.999999996,forestry-and-land-use,co2e_100yr,forest-land-fires,COD,111.09987074929762,41367613.001265734,api
AUS,8215108,Montepuez District,,-12.632664202999933,38.59158793236881,12404048.0,forestry-and-land-use,co2e_100yr,forest-land-fires,MOZ,100.21761594836289,74086399.64807454,api
AUS,25453561,Datang Sanmenxia power station,,34.6855,111.0274,12337300.0,power,co2e_100yr,electricity-generation,CHN,2900.0,13942000.0,api
AUS,8299271,Landana Municipality|City Council,,-5.02208435499989,12.238019498492761,12335135.134189999,forestry-and-land-use,co2e_100yr,net-forest-land,AGO,286.90019375324795,29742942.76794,api
AUS,25452965,Zheneng Wenzhou power station,,27.9957,120.8359,12322200.0,power,co2e_100yr,electricity-generation,CHN,2520.0,13838000.0,api
AUS,53058941,Midland - Permian Light Oil TX,,32.132610525000004,-101.9960255,12290026.377859501,fossil-fuel-operations,co2e_100yr,oil-and-gas-production,USA,0.0,0.0,api
AUS,8160247,Quirima Municipality|City Council,,-11.01467990899991,18.265728209730604,12286653.000000002,forestry-and-land-use,co2e_100yr,forest-land-fires,AGO,117.74169939838069,69407705.12345332,api
AUS,25453844,Mong Duong power station,,21.0732,107.3485,12247600.0,power,co2e_100yr,electricity-generation,VNM,2320.0,12694600.0,api
AUS,3166058,Charles de Gaulle International Airport,,49.00896,2.554117,12193237.601340659,transportation,co2e_100yr,international-aviation,FRA,384628.0,3828514.9241180727,api
AUS,5172752,Ñuflo De Chávez Province,,-15.63050455149994,-62.035541627143026,12182821.000000002,forestry-and-land-use,co2e_100yr,forest-land-degradation,BOL,124.30714351121098,81218806.66666664,api
AUS,53058816,India_Cambay_Conventional onshore,,23.99757272,72.15843713,12168534.5226979,fossil-fuel-operations,co2e_100yr,oil-and-gas-production,IND,0.0,0.0,api
AUS,25449020,W A Parish,,29.479,-95.6326,12162800.0,power,co2e_100yr,electricity-generation,USA,4090.6,13373500.0,api
AUS,25452336,Hitachinaka power station,,36.4368,140.6138,12159500.0,power,co2e_100yr,electricity-generation,JPN,2650.0,15650700.0,api
AUS,3621385,Guangzhou Prefecture City,,23.249464035500182,113.53840599995627,12154612.663309088,transportation,co2e_100yr,road-transportation,CHN,37829.72574930147,47061072758.055855,api
AUS,8208632,Xá Muteba Municipality|City Council,,-9.514818668499913,17.895028555014548,12147939.000000002,forestry-and-land-use,co2e_100yr,shrubgrass-fires,AGO,31.88744105491313,23051117.600129563,api
AUS,5022483,Mambasa Territory,,1.5314872860001003,28.78402652329055,12142024.999999998,forestry-and-land-use,co2e_100yr,forest-land-clearing,COD,146.97787471139233,12142024.999999998,api
AUS,25454007,Nabinagar Super Thermal Power Project,,24.776,84.158,12135300.0,power,co2e_100yr,electricity-generation,IND,1980.0,13633300.0,api
AUS,5018157,Placas Municipality,,-3.9135688354998592,-54.44226523434583,12133094.999999998,forestry-and-land-use,co2e_100yr,forest-land-clearing,BRA,109.98810961949103,12133094.999999998,api
AUS,25453439,Heyuan power station,,23.5672,114.6403,12132300.0,power,co2e_100yr,electricity-generation,CHN,3244.2,15559000.0,api
AUS,25450591,Jianbi power station,,32.1769,119.5755,12129600.0,power,co2e_100yr,electricity-generation,CHN,2660.0,14605000.0,api
AUS,3166651,Frankfurt Main Airport,,50.026706,8.55835,12112745.725297011,transportation,co2e_100yr,international-aviation,DEU,381826.0,3803241.542365102,api
AUS,25451055,Jiangsu Nantong power station,,32.0321,120.7696,12095900.0,power,co2e_100yr,electricity-generation,CHN,2700.0,14825000.0,api
AUS,1566611,Angang Steel Co Ltd Bayuquan branch,,40.3128472773855,122.12967812922,12092122.039879879,manufacturing,co2e_100yr,iron-and-steel,CHN,7500000.0,6364274.757831516,api
AUS,8319681,Ogooué et des Lacs Department,,-0.7768054904998962,10.095249835496872,12086237.4987,forestry-and-land-use,co2e_100yr,net-forest-land,GAB,638.8672938179247,498894159.63565993,api
AUS,1566991,Tata Steel IJmuiden steel plant,,52.482892829098,4.60665423672489,12076751.904918032,manufacturing,co2e_100yr,iron-and-steel,NLD,7500000.0,6356185.213114753,api
AUS,3673004,Shihezi Tianshan Aluminum Smelter & Power Plant,,44.4136,86.0933,12076122.942,manufacturing,co2e_100yr,aluminum,CHN,1200000.0,1140000.0,api
AUS,1566514,Chengde Iron and Steel Group Co Ltd,,40.946606971163,117.719699120488,12044869.978124212,manufacturing,co2e_100yr,iron-and-steel,CHN,7999999.999999999,6339405.251644322,api
AUS,8161273,Barkly Shire,,-19.482268332999894,135.010080517215,12024408.0,forestry-and-land-use,co2e_100yr,forest-land-fires,AUS,120.90969421143886,40081361.37285654,api
AUS,1566516,Shougang Qian an Iron and Steel Co Ltd,,39.9772379051758,118.562203723589,12014526.850944687,manufacturing,co2e_100yr,iron-and-steel,CHN,8299999.999999999,6323435.18470773,api
AUS,450553,Fenyi power station,,27.959,114.7522,12002300.0,power,co2e_100yr,electricity-generation,CHN,2650.0,13926000.0,api
AUS,25453560,Ningde power station,,26.7574,119.7354,11979400.0,power,co2e_100yr,electricity-generation,CHN,2520.0,13115900.0,api
AUS,5021551,Thompson-Nicola Regional District,,51.242786408000086,-120.975636366711,11961564.999999998,forestry-and-land-use,co2e_100yr,forest-land-clearing,CAN,144.87411564442831,11961564.999999998,api
AUS,25453351,Dingzhou power station,,38.5122,114.8434,11950300.0,power,co2e_100yr,electricity-generation,CHN,2520.0,12767300.0,api
AUS,53058542,Australia_North Carnarvon_LNG,,-19.8136935,115.0733663,11913010.892684272,fossil-fuel-operations,co2e_100yr,oil-and-gas-production,AUS,0.0,0.0,api
AUS,8337566,Upperkrucoast District,,4.689543962500039,-8.152239469560971,11901379.9105,forestry-and-land-use,co2e_100yr,net-forest-land,LBR,432.4044093727748,44106753.38181999,api
AUS,8161421,Isaac Region,,-22.243119499999978,147.8261117484854,11895179.0,forestry-and-land-use,co2e_100yr,forest-land-fires,AUS,120.90969421143886,39650598.02476883,api
AUS,25452703,Pingliang power station,,35.5017,106.7861,11890400.0,power,co2e_100yr,electricity-generation,CHN,2505.0,12391400.0,api
AUS,8208695,Lucano Municipality|City Council,,-11.760960101999927,22.053083854812822,11889303.999999996,forestry-and-land-use,co2e_100yr,shrubgrass-fires,AGO,31.88744105491313,22560349.10017994,api
AUS,8183492,Kibombo Territory,,-4.081661938999957,25.488176921427822,11877790.999999996,forestry-and-land-use,co2e_100yr,forest-land-fires,COD,111.09987074929762,39592639.53915612,api
AUS,8508545,MacDonnell Shire,,-24.45698642699989,133.49969903144637,11870140.837910004,forestry-and-land-use,co2e_100yr,removals,AUS,9.734927481786167,259604373.23861,api
AUS,449138,Ryazanskaya GRES power station,,54.0346,39.7799,11867800.0,power,co2e_100yr,electricity-generation,RUS,3134.0,14933000.0,api
AUS,5020014,Porto Velho Municipality,,-8.988166152999952,-63.99460564926338,11854052.999999998,forestry-and-land-use,co2e_100yr,forest-land-clearing,BRA,109.98810961949103,11854052.999999998,api
AUS,8387291,Yukon-Koyukuk Census Area,,65.19268417400008,-154.12197386662905,11850722.021969996,forestry-and-land-use,co2e_100yr,net-forest-land,USA,139.47986791340992,3255369509.491331,api
AUS,25453267,Hebei Cangdong power station,,38.31,117.8786,11850100.0,power,co2e_100yr,electricity-generation,CHN,2520.0,12661600.0,api
AUS,8183611,Nyunzu Territory,,-5.860455035999905,27.660441557913046,11842336.999999998,forestry-and-land-use,co2e_100yr,forest-land-fires,COD,111.09987074929762,39474459.53058203,api
AUS,8165081,Novo Aripuanã Municipality,,-6.828447477499935,-60.22930634264338,11825264.0,forestry-and-land-use,co2e_100yr,forest-land-fires,BRA,79.87187030252272,40894787.48213814,api
AUS,450661,Wujing cogen power station,,31.0611,121.4667,11809800.0,power,co2e_100yr,electricity-generation,CHN,2400.0,12568100.0,api
AUS,8169385,Colniza Municipality,,-9.42302564649992,-59.43007696617918,11795189.999999998,forestry-and-land-use,co2e_100yr,forest-land-fires,BRA,79.87187030252272,40790783.89805429,api
AUS,25454746,Shenhua Guoneng Hami power station,,42.407,93.0131,11775600.0,power,co2e_100yr,electricity-generation,CHN,2640.0,14147000.0,api
AUS,8181914,Carnot Sub-prefecture,,4.608473062500082,16.48412919668477,11775442.0,forestry-and-land-use,co2e_100yr,forest-land-fires,CAF,107.20483406932685,68654038.98753993,api
AUS,25453514,Guangdong Huilai power station,,23.0048,116.5472,11773800.0,power,co2e_100yr,electricity-generation,CHN,3200.0,14227000.0,api
AUS,8183477,Kabambare Territory,,-4.414208411999907,27.776419002620848,11756579.0,forestry-and-land-use,co2e_100yr,forest-land-fires,COD,111.09987074929762,39188599.50984258,api
AUS,8560384,Nagchu Prefecture,,33.21288490400008,88.30538751683753,11746436.714840002,forestry-and-land-use,co2e_100yr,removals,CHN,15.100129512541894,258498488.26203993,api
AUS,1566838,Dexin Steel Morowali plant,,-2.83444358269719,122.17526342152,11745459.733130783,manufacturing,co2e_100yr,iron-and-steel,IDN,6999999.999999999,6181820.912174097,api
AUS,449701,Yangluo power station,,30.6939,114.5431,11739900.0,power,co2e_100yr,electricity-generation,CHN,2717.5,12382600.0,api
AUS,25454219,Guohua Taicang power station,,31.5877,121.2563,11731100.0,power,co2e_100yr,electricity-generation,CHN,2560.0,12772500.0,api
AUS,8160443,Kaniama Territory,,-7.846235513499948,24.24521700839402,11714278.000000002,forestry-and-land-use,co2e_100yr,shrubgrass-fires,COD,39.637311355837255,22228231.48948226,api
AUS,25452724,Simhadri power station,,17.591,83.0917,11711300.0,power,co2e_100yr,electricity-generation,IND,2000.0,12094900.0,api
AUS,8236915,Raja District,,8.707434654500076,25.242069756256093,11691067.999999998,forestry-and-land-use,co2e_100yr,forest-land-fires,SSD,38.696959414854994,60639845.44804521,api
AUS,4621472,Hukunsti Sub-district,,-24.098613738999916,21.526663780000064,11686543.562020002,forestry-and-land-use,co2e_100yr,net-shrubgrass,BWA,25.77319212114212,118129226.01205999,api
AUS,53060010,Turkmenistan_Amu-Dar'ya_Acid/sour gas,,37.66144356,62.45741854,11659572.784014812,fossil-fuel-operations,co2e_100yr,oil-and-gas-transport,TKM,0.0,0.0,api
AUS,5022069,Baise Prefecture City,,23.980685235000152,106.64386691576738,11658195.999999996,forestry-and-land-use,co2e_100yr,forest-land-clearing,CHN,92.36376965705226,11658195.999999996,api
AUS,8605493,Ogooué et des Lacs Department,,-0.7768054904998962,10.095249835496872,11644224.093100004,forestry-and-land-use,co2e_100yr,removals,GAB,618.6394754886296,506649954.04213,api
AUS,8352720,Satipo Province,,-11.580546854999936,-74.19909135262016,11637996.100279996,forestry-and-land-use,co2e_100yr,net-forest-land,PER,403.5589418774302,739802466.82827,api
AUS,3167631,Los Angeles International Airport,,33.942501,-118.407997,11621097.406195415,transportation,co2e_100yr,international-aviation,USA,134752.0,3648870.489438925,api
AUS,25455495,Tianchi Energy Zhundong Wucaiwan power station,,44.8524,89.1959,11618400.0,power,co2e_100yr,electricity-generation,CHN,2640.0,14496000.0,api
AUS,25453201,Shenhua Hequ power station,,39.3831,111.1843,11590100.0,power,co2e_100yr,electricity-generation,CHN,2400.0,12554300.0,api
AUS,8398240,Derby-West Kimberley Shire,,-17.674192404999953,124.69403814550003,11586913.693449996,forestry-and-land-use,co2e_100yr,net-forest-land,AUS,73.6710984360808,263889836.78414002,api
AUS,4624715,Nagchu Prefecture,,33.21288490400008,88.30538751683753,11583038.651440002,forestry-and-land-use,co2e_100yr,net-shrubgrass,CHN,14.034671255418193,238705628.14963996,api
AUS,25451620,Ib Valley Thermal Power Station,,21.6898,83.8602,11549800.0,power,co2e_100yr,electricity-generation,IND,1740.0,12566600.0,api
AUS,8310701,Moanda Territory,,-5.746690964999942,12.822382272742715,11543334.488129996,forestry-and-land-use,co2e_100yr,net-forest-land,COD,249.95987590128632,56777782.32535001,api
AUS,8650442,Upperkrucoast District,,4.689543962500039,-8.152239469560971,11539679.202689998,forestry-and-land-use,co2e_100yr,removals,LBR,417.551546973921,44905633.93123,api
AUS,8208627,Cuilo Municipality|City Council,,-8.010629176499918,19.681647139178242,11530559.0,forestry-and-land-use,co2e_100yr,shrubgrass-fires,AGO,31.88744105491313,21879618.55128121,api
AUS,3167227,John F. Kennedy International Airport,,40.639447,-73.779317,11521741.8720303,transportation,co2e_100yr,international-aviation,USA,199296.0,3617674.1691684937,api
AUS,1566487,Sansteel Minguang Co Ltd Fujian plant,,26.2610624956757,117.612347851755,11510575.361660404,manufacturing,co2e_100yr,iron-and-steel,CHN,6799000.0,6058197.558768634,api
AUS,5018150,Pacajá Municipality,,-3.6996993214999065,-50.60320547217121,11507765.0,forestry-and-land-use,co2e_100yr,forest-land-clearing,BRA,109.98810961949103,11507765.0,api
AUS,5015600,Abel Iturralde Province,,-13.222690979999953,-68.06092678531375,11494570.0,forestry-and-land-use,co2e_100yr,forest-land-clearing,BOL,99.48493566700984,11494570.0,api
AUS,8161367,Charters Towers Region,,-20.209086725999924,145.97413970478345,11492557.0,forestry-and-land-use,co2e_100yr,forest-land-fires,AUS,120.90969421143886,38308524.64546713,api
AUS,25453132,Kobe power station,,34.7032,135.2394,11471900.0,power,co2e_100yr,electricity-generation,JPN,2775.0,14770300.0,api
AUS,53059298,Algeria_Oued Mya_Conventional onshore,,32.04436361,5.39090612,11456152.942545261,fossil-fuel-operations,co2e_100yr,oil-and-gas-transport,DZA,0.0,0.0,api
AUS,451089,Ruijin power station,,25.9244,115.1028,11456100.0,power,co2e_100yr,electricity-generation,CHN,2700.0,12382500.0,api
AUS,25453435,Huainan Tianji power station,,32.7465,116.8127,11443600.0,power,co2e_100yr,electricity-generation,CHN,2580.0,13759000.0,api
AUS,448250,Huaneng Dalian power station,,39.0142,121.7244,11442000.0,power,co2e_100yr,electricity-generation,CHN,2200.0,12079900.0,api
AUS,25451939,Neurath power station,,51.0358,6.633,11437300.0,power,co2e_100yr,electricity-generation,DEU,3488.0,12498800.0,api
AUS,8208620,Chitato Municipality|City Council,,-7.404201983499918,20.4598252367253,11436675.000000002,forestry-and-land-use,co2e_100yr,shrubgrass-fires,AGO,31.88744105491313,21701470.544053752,api
AUS,8310875,Kibangou District,,-3.3809150454999606,12.217599994124516,11432996.78164,forestry-and-land-use,co2e_100yr,net-forest-land,COG,433.30824811569954,82461729.65622999,api
AUS,25451931,Novocherkasskaya GRES power station,,47.401,40.232,11432100.0,power,co2e_100yr,electricity-generation,RUS,2258.0,12280400.0,api
AUS,25449377,Prairie State Generating Station,,38.2792,-89.6669,11422500.0,power,co2e_100yr,electricity-generation,USA,1766.0,12020500.0,api
AUS,25454391,Lalitpur power project,,24.7958,78.6469,11420100.0,power,co2e_100yr,electricity-generation,IND,1980.0,12659100.0,api
AUS,53059129,Syria_Euphrates - Sinjar_Conventional onshore,,35.33177213,40.46124202,11411425.012484346,fossil-fuel-operations,co2e_100yr,oil-and-gas-production,SYR,0.0,0.0,api
AUS,25451551,Zhangjiakou power station,,40.6596,114.9438,11409700.0,power,co2e_100yr,electricity-generation,CHN,2560.0,11392400.0,api
AUS,8181958,Batangafo Sub-prefecture,,7.422535419500123,18.167746978334684,11393702.999999998,forestry-and-land-use,co2e_100yr,forest-land-fires,CAF,107.20483406932685,66428396.486047044,api
AUS,1308356,Shiraz County,,29.422710419500106,52.820013917530886,11392215.895127999,buildings,co2e_100yr,residential-onsite-fuel-usage,IRN,781305469.8623999,13617263412.398048,api
AUS,8255195,Zambezi District,,-13.592041015999884,22.988994053082322,11391279.0,forestry-and-land-use,co2e_100yr,forest-land-fires,ZMB,100.01652266616671,67598009.62967722,api
AUS,53058846,Indonesia_South Sumatra_Conventional onshore,,-2.521050569,103.9619032,11375553.849376868,fossil-fuel-operations,co2e_100yr,oil-and-gas-production,IDN,0.0,0.0,api
AUS,16585,Zhundong South Surface Mine,,44.818916,89.233076,11358529.0663228,fossil-fuel-operations,co2e_100yr,coal-mining,CHN,40000000.0,29119999.566118274,api
AUS,3168750,Shanghai Pudong International Airport,,31.1434,121.805,11358197.266884178,transportation,co2e_100yr,international-aviation,CHN,232718.0,3566323.33175907,api
AUS,8230417,Zeyskiy District,,54.19112000000009,128.2286599053229,11352574.000000004,forestry-and-land-use,co2e_100yr,forest-land-fires,RUS,64.49278156444537,30829745.420476835,api
AUS,1567170,Formosa Ha Tinh Steel plant,,18.0363252887948,106.432410893311,11352254.898031833,manufacturing,co2e_100yr,iron-and-steel,VNM,7500000.0,5974870.998964123,api
AUS,4623625,Magallanes Province,,-53.09276649999989,-72.68683777839978,11345823.689509997,forestry-and-land-use,co2e_100yr,net-shrubgrass,CHL,58.18479243412771,119320067.98701996,api
AUS,25452019,Huaneng Laiwu power station,,36.1343,117.685,11342800.0,power,co2e_100yr,electricity-generation,CHN,2909.0,13559500.0,api
AUS,8181971,Bozoum Sub-prefecture,,6.100416899000066,16.349382460024948,11340724.0,forestry-and-land-use,co2e_100yr,forest-land-fires,CAF,107.20483406932685,66119514.46433432,api
AUS,1566683,Hebei Zongheng Group Fengnan Iron and Steel Co Ltd,,39.2246442934324,118.09302346596,11338002.899586316,manufacturing,co2e_100yr,iron-and-steel,CHN,7700000.0,5967369.947150692,api
AUS,25452029,Huaneng Dezhou power station,,37.4493,116.2416,11338000.0,power,co2e_100yr,electricity-generation,CHN,2700.0,11595300.0,api
AUS,8162183,Kahemba Territory,,-7.197203701999939,19.004670010310534,11332329.999999998,forestry-and-land-use,co2e_100yr,shrubgrass-fires,COD,39.637311355837255,21503472.47651153,api
AUS,25449242,Martin Lake,,32.2606,-94.5706,11329500.0,power,co2e_100yr,electricity-generation,USA,2379.6,10471700.0,api
AUS,53059467,Canada_West Canadian - Alberta_Oil sands AB,,56.16913987,-111.3587498,11327393.190025808,fossil-fuel-operations,co2e_100yr,oil-and-gas-transport,CAN,0.0,0.0,api
AUS,25454115,Bara Thermal Power Project,,25.1963,81.6585,11317300.0,power,co2e_100yr,electricity-generation,IND,1980.0,12715000.0,api
AUS,8160217,Xá Muteba Municipality|City Council,,-9.514818668499913,17.895028555014548,11303977.000000002,forestry-and-land-use,co2e_100yr,forest-land-fires,AGO,117.74169939838069,63856536.221727625,api
AUS,25455150,Shentou power station,,39.551,112.4887,11294600.0,power,co2e_100yr,electricity-generation,CHN,3320.0,13624000.0,api
AUS,53059833,Norway_Northern North Sea_Conventional shelf,,60.07386485,2.416939121,11290108.41730646,fossil-fuel-operations,co2e_100yr,oil-and-gas-transport,NOR,0.0,0.0,api
AUS,8692241,Ust'-Yeniseyskiy District,,70.4552115000001,85.01829603365076,11288247.33687,forestry-and-land-use,co2e_100yr,removals,RUS,18.20060157628769,158554434.61187,api
AUS,8397982,Gladstone Region,,-24.167684438999935,151.3098843072896,11284602.18574,forestry-and-land-use,co2e_100yr,net-forest-land,AUS,270.374105384219,247113014.42875996,api
AUS,8565775,Kibangou District,,-3.3809150454999606,12.217599994124516,11261934.289719999,forestry-and-land-use,co2e_100yr,removals,COG,236.38634416219728,97143668.38544999,api
AUS,4571087,MacDonnell Shire,,-24.45698642699989,133.49969903144637,11228778.458539998,forestry-and-land-use,co2e_100yr,net-shrubgrass,AUS,8.888772934255325,222161680.68957996,api
AUS,25452781,Guang'an power station,,30.5288,106.8265,11225100.0,power,co2e_100yr,electricity-generation,CHN,2400.0,11681100.0,api
AUS,25451054,Luohuang power station,,29.3474,106.4332,11217400.0,power,co2e_100yr,electricity-generation,CHN,2640.0,11452600.0,api
AUS,25451153,Guoxin Yangzhou power station,,32.2678,119.4194,11216200.0,power,co2e_100yr,electricity-generation,CHN,2460.0,11949200.0,api
AUS,25450373,Huadian Xiangyang power station,,31.9118,112.1669,11170500.0,power,co2e_100yr,electricity-generation,CHN,2600.0,11677300.0,api
AUS,3645572,Tarrant County,,32.7687854775001,-97.29128094034975,11169274.034578135,transportation,co2e_100yr,road-transportation,USA,29473.64630639652,34253053107.383656,api
AUS,8255285,Lukulu District,,-14.363342284999927,23.858321236695332,11154650.0,forestry-and-land-use,co2e_100yr,forest-land-fires,ZMB,100.01652266616671,66193808.27347647,api
AUS,25455941,Weiqiao Huji power station,,37.3537,117.7793,11100600.0,power,co2e_100yr,electricity-generation,CHN,2640.0,11560900.0,api
AUS,25449001,Bowen,,34.1256,-84.9222,11099300.0,power,co2e_100yr,electricity-generation,USA,3498.6,11673000.0,api
AUS,8160185,Jamba Municipality|City Council,,-14.783362388499881,15.815803943563768,11095797.999999998,forestry-and-land-use,co2e_100yr,forest-land-fires,AGO,117.74169939838069,62680526.23390624,api
AUS,53058823,India_Krishna - Godavari_Deepwater,,16.20697051,82.39143452,11094977.31083055,fossil-fuel-operations,co2e_100yr,oil-and-gas-production,IND,0.0,0.0,api
AUS,25453794,Huainan Fengtai power station,,32.758,116.65,11088700.0,power,co2e_100yr,electricity-generation,CHN,2520.0,13087000.0,api
AUS,8397955,West Arnhem Shire,,-12.41875449999992,133.41625975000022,11086567.477080002,forestry-and-land-use,co2e_100yr,net-forest-land,AUS,170.07332838023763,771184857.5727597,api
AUS,53058731,Denver Wet Gas CO,,40.23311468,-104.4321222,11083707.019597659,fossil-fuel-operations,co2e_100yr,oil-and-gas-production,USA,0.0,0.0,api
AUS,3673020,Nongbashi aluminium plant,,44.4349479097253,86.0787746265625,11072382.183000002,manufacturing,co2e_100yr,aluminum,CHN,1019999.9999999998,969000.0,api
AUS,8695006,Srednekolymskiy District,,67.82240665850006,153.33648876000365,11070291.46494,forestry-and-land-use,co2e_100yr,removals,RUS,56.21478783041711,632125512.8134301,api
AUS,8255077,Kawambwa District,,-9.75773337399994,29.3698338102877,11064646.000000002,forestry-and-land-use,co2e_100yr,forest-land-fires,ZMB,100.01652266616671,65659707.47068607,api
AUS,25454369,Lara Integrated Thermal Power Project,,21.7577,83.4575,11058300.0,power,co2e_100yr,electricity-generation,IND,1600.0,12515300.0,api
AUS,449497,Sultan Aziz power station,,3.1172,101.3204,11053700.0,power,co2e_100yr,electricity-generation,MYS,2182.0,11505900.0,api
AUS,32440428,Guangdong Zhongnan Iron & Steel Co Ltd,,24.7100570682778,113.641620602938,11038217.379741741,manufacturing,co2e_100yr,iron-and-steel,CHN,8698000.000000002,6179290.344876005,api
AUS,5020031,Amajari Municipality,,3.7247982885000397,-61.81014837380529,11035064.000000002,forestry-and-land-use,co2e_100yr,forest-land-clearing,BRA,109.98810961949103,11035064.000000002,api
AUS,25455926,Changzhi power station,,36.3311,113.1022,11031800.0,power,co2e_100yr,electricity-generation,CHN,2420.0,13287000.0,api
AUS,25449044,Ghent,,38.7485,-85.0374,10988100.0,power,co2e_100yr,electricity-generation,USA,2225.9,11364400.0,api
AUS,25452247,North Chennai Thermal Power Station,,13.253,80.3278,10986100.0,power,co2e_100yr,electricity-generation,IND,1830.0,11122000.0,api
AUS,1281407,Shanghai Municipality,,31.09528446150012,121.37200387260373,10939321.651354,buildings,co2e_100yr,residential-onsite-fuel-usage,CHN,10121901597.54276,123975108181.45152,api
AUS,8691801,Surgutskiy District,,61.02735710200011,74.44233718801841,10930734.14925,forestry-and-land-use,co2e_100yr,removals,RUS,98.19169755225,819362955.8134502,api
AUS,25453051,Diandong power station,,25.1994,104.6819,10908700.0,power,co2e_100yr,electricity-generation,CHN,2400.0,11324600.0,api
AUS,3644581,Clark County,,35.92834472600009,-115.25596462857149,10891788.920633316,transportation,co2e_100yr,road-transportation,USA,27255.90891593372,33175890070.76257,api
AUS,8155646,Carpentaria Shire,,-17.32235526949995,141.59983526958553,10891771.0,forestry-and-land-use,co2e_100yr,shrubgrass-fires,AUS,58.92091690835678,20667497.195286196,api
AUS,8155756,Mount Isa City,,-19.759073256499875,138.76127803434332,10877426.000000002,forestry-and-land-use,co2e_100yr,shrubgrass-fires,AUS,58.92091690835678,20640277.081379432,api
AUS,25453943,Lusigang power station,,32.0586,121.7267,10863300.0,power,co2e_100yr,electricity-generation,CHN,2640.0,13833000.0,api
AUS,25449078,FirstEnergy Harrison Power Station,,39.3842,-80.3325,10855900.0,power,co2e_100yr,electricity-generation,USA,2052.0,11336000.0,api
AUS,25451547,Xibaipo power station,,38.2451,114.2149,10855600.0,power,co2e_100yr,electricity-generation,CHN,2400.0,11297900.0,api
AUS,53058803,Haynesville-Bossier Dry Gas TX,,32.05980915,-94.31244973,10851473.356676875,fossil-fuel-operations,co2e_100yr,oil-and-gas-production,USA,0.0,0.0,api
AUS,5051194,Tyndinskiy District,,55.46202659600005,124.1520852256159,10850985.0,forestry-and-land-use,co2e_100yr,forest-land-clearing,RUS,121.4364969169983,10850985.0,api
AUS,8347017,Maravia District,,-14.866130351499915,31.981414015532348,10849733.69996,forestry-and-land-use,co2e_100yr,net-forest-land,MOZ,125.80025809999418,162368150.80421996,api
AUS,8156418,Halls Creek Shire,,-19.0007332294999,127.57749961284449,10834905.0,forestry-and-land-use,co2e_100yr,shrubgrass-fires,AUS,58.92091690835678,20559592.071729418,api
AUS,8326230,Kutai Timur Regency,,0.9313482375000603,117.01438266593757,10829199.38182,forestry-and-land-use,co2e_100yr,net-forest-land,IDN,377.322659059761,1146611007.50454,api
AUS,8311269,San Vicente del Caguán Municipality,,1.7562520500000858,-74.58413898660018,10825424.740929998,forestry-and-land-use,co2e_100yr,net-forest-land,COL,402.2493332590811,640550653.0288398,api
AUS,53058733,Eagle Ford Condensate TX,,28.53884299,-98.79522119,10820502.847988172,fossil-fuel-operations,co2e_100yr,oil-and-gas-production,USA,0.0,0.0,api
AUS,25455377,Wucaiwan Bei'er power station,,44.8412,89.1954,10815600.0,power,co2e_100yr,electricity-generation,CHN,2640.0,14496000.0,api
AUS,1566657,Chengyu Vanadium and Titanium Technology Co Ltd,,29.7322791023305,104.50142214854,10796258.206637595,manufacturing,co2e_100yr,iron-and-steel,CHN,6050000.0,5682241.161388208,api
AUS,5156641,Ourilândia do Norte Municipality,,-7.4550121199999335,-51.51467379592235,10793893.0,forestry-and-land-use,co2e_100yr,forest-land-degradation,BRA,121.4019451059567,71959286.66666667,api
AUS,452482,Xinjiang Qiya Smelter power station,,44.8608,89.0233,10780600.0,power,co2e_100yr,electricity-generation,CHN,2160.0,11858700.0,api
AUS,451683,Kudgi Super Thermal Power Project,,16.4995,75.8346,10767600.0,power,co2e_100yr,electricity-generation,IND,2435.0,12199800.0,api
AUS,25451056,Shang'an power station,,38.0573,114.1963,10759400.0,power,co2e_100yr,electricity-generation,CHN,2500.0,11212500.0,api
AUS,25455102,XPCC Shihezi Cogen power station,,44.4281,86.0936,10745100.0,power,co2e_100yr,electricity-generation,CHN,2120.0,11640700.0,api
AUS,451589,Riyadh 9 power plant,,24.9491,47.0649,10738100.0,power,co2e_100yr,electricity-generation,SAU,3696.0,17366000.0,api
AUS,1566485,Chongqing Iron and Steel Co Ltd,,29.7871691267538,107.039695087302,10732054.14431302,manufacturing,co2e_100yr,iron-and-steel,CHN,8399999.999999998,5648449.549638432,api
AUS,53058759,Egypt_Western Desert_Conventional onshore,,30.2866173,28.02623573,10709502.260419222,fossil-fuel-operations,co2e_100yr,oil-and-gas-production,EGY,0.0,0.0,api
AUS,452533,Chuangyuan Smelter power station,,45.4373,119.4275,10706600.0,power,co2e_100yr,electricity-generation,CHN,1980.0,10693500.0,api
AUS,3645988,Riverside County,,33.75630950950014,-116.0186359061553,10679138.680896476,transportation,co2e_100yr,road-transportation,USA,39764.25713848318,33344771061.32464,api
AUS,25454364,BALCO Korba Phases 2 & 3 power station,,22.399,82.74,10667900.0,power,co2e_100yr,electricity-generation,IND,1740.0,10803000.0,api
AUS,25455250,Huaibei Pingshan power station,,33.8339,116.8311,10665700.0,power,co2e_100yr,electricity-generation,CHN,2670.0,14688000.0,api
AUS,3645991,San Bernardino County,,34.842300415000125,-116.11201355810512,10663096.72436357,transportation,co2e_100yr,road-transportation,USA,45448.27825439064,33218054512.840225,api
AUS,25452043,Mawan power station,,22.4816,113.8716,10660500.0,power,co2e_100yr,electricity-generation,CHN,1940.0,10651900.0,api
AUS,25455142,Ningdong power station,,37.8448,106.7868,10643600.0,power,co2e_100yr,electricity-generation,CHN,1980.0,10871900.0,api
AUS,25453251,Wushashan power station,,29.5054,121.6629,10640300.0,power,co2e_100yr,electricity-generation,CHN,2400.0,11624500.0,api
AUS,1566654,Pangang Group Panzhihua Steel Vanadium Co Ltd,,26.566732887358,101.675540059776,10633263.70878127,manufacturing,co2e_100yr,iron-and-steel,CHN,5900000.0,5596454.583569091,api
AUS,1566447,ArcelorMittal Tubarão steel plant,,-20.2493580296689,-40.2359822311678,10628105.284349691,manufacturing,co2e_100yr,iron-and-steel,BRA,7499999.999999999,5593739.623341943,api
AUS,25454678,Darlipali power station,,21.9636,83.8919,10614400.0,power,co2e_100yr,electricity-generation,IND,1600.0,12012100.0,api
AUS,25452445,Janschwalde power station,,51.8357,14.4578,10609500.0,power,co2e_100yr,electricity-generation,DEU,3210.0,10020000.0,api
AUS,1566585,Jiangyin Xingcheng Special Steel Works Co Ltd,,31.9470936080758,120.322993054148,10592109.926524661,manufacturing,co2e_100yr,iron-and-steel,CHN,6797000.0,6104598.323439659,api
AUS,8183223,Kipushi Territory,,-11.499545577999895,27.98918498019735,10588008.0,forestry-and-land-use,co2e_100yr,forest-land-fires,COD,111.09987074929762,35293362.56057219,api
AUS,1308497,Mashhad County,,36.43169403150014,59.79057764639924,10572181.515242,buildings,co2e_100yr,residential-onsite-fuel-usage,IRN,895277716.9226402,15603592469.55587,api
AUS,25450988,Wanakbori Thermal Power Station,,22.8776,73.3605,10567200.0,power,co2e_100yr,electricity-generation,IND,2270.0,10976000.0,api
AUS,8181898,Bria Sub-prefecture,,6.615417004000135,22.135251741619573,10560602.0,forestry-and-land-use,co2e_100yr,forest-land-fires,CAF,107.20483406932685,61571190.40116644,api
AUS,4963599,Siyanda District Municipality,,-27.39765548599993,21.33541633802008,10560513.74757,forestry-and-land-use,co2e_100yr,net-shrubgrass,ZAF,24.083423079833395,183389635.08576,api
AUS,8162185,Kasongo-Lunda Territory,,-7.011138438999893,17.71135766714284,10560488.0,forestry-and-land-use,co2e_100yr,shrubgrass-fires,COD,39.637311355837255,20038876.65171507,api
AUS,25452117,Shinchi power station,,37.8411,140.9462,10541900.0,power,co2e_100yr,electricity-generation,JPN,2000.0,11705600.0,api
AUS,25453958,KSK Mahanadi Power Project,,21.9603,82.4091,10536400.0,power,co2e_100yr,electricity-generation,IND,1800.0,10939900.0,api
AUS,25451940,Niederaussem power station,,50.994,6.6675,10525900.0,power,co2e_100yr,electricity-generation,DEU,2913.0,10539800.0,api
AUS,25449119,"Gavin Power, LLC",,38.9347,-82.1158,10514200.0,power,co2e_100yr,electricity-generation,USA,2600.0,11067100.0,api
AUS,25450770,Opole power station,,50.7514,17.8845,10510500.0,power,co2e_100yr,electricity-generation,POL,3332.0,11968800.0,api
AUS,1566687,Hbis Laoting Steel Co Ltd,,39.2733871821719,119.056127620488,10509375.772837574,manufacturing,co2e_100yr,iron-and-steel,CHN,7449999.999999998,5531250.406756618,api
AUS,25449166,Gibson,,38.3722,-87.7658,10496000.0,power,co2e_100yr,electricity-generation,USA,3339.5,10949700.0,api
AUS,25454704,Dabieshan power station,,31.1419,114.8922,10492700.0,power,co2e_100yr,electricity-generation,CHN,2600.0,11507400.0,api
AUS,1281164,Beijing Municipality,,40.250894547500025,116.6239986979351,10491477.409866,buildings,co2e_100yr,residential-onsite-fuel-usage,CHN,12828833561.973478,157130161692.44727,api
AUS,25453996,Anhui Bengbu power station,,32.7844,117.1147,10490600.0,power,co2e_100yr,electricity-generation,CHN,2580.0,12373500.0,api
AUS,53059201,Utica Dry Gas OH,,40.13800198,-80.95734069,10489446.646173306,fossil-fuel-operations,co2e_100yr,oil-and-gas-production,USA,0.0,0.0,api
AUS,8352686,La Convención Province,,-12.335359095499882,-72.77248295896567,10486633.20843,forestry-and-land-use,co2e_100yr,net-forest-land,PER,407.3343953308304,1146005083.8616703,api
AUS,8731793,Siyanda District Municipality,,-27.39765548599993,21.33541633802008,10486040.40649,forestry-and-land-use,co2e_100yr,removals,ZAF,24.161164178137103,184370396.21074,api
AUS,25453364,Lanxi power station,,29.1866,119.5068,10479000.0,power,co2e_100yr,electricity-generation,CHN,2400.0,11447500.0,api
AUS,4571184,Quilpie Shire,,-26.138063429999903,143.75510653127884,10471491.719119998,forestry-and-land-use,co2e_100yr,net-shrubgrass,AUS,32.75938120565348,183867220.54423,api
AUS,3643149,Miami-Dade County,,25.5580570000001,-80.59059563562275,10464212.171173677,transportation,co2e_100yr,road-transportation,USA,24434.912768374656,31826439904.229465,api
AUS,8160094,Rivungo Municipality|City Council,,-16.771826286999925,21.916366057775647,10451777.0,forestry-and-land-use,co2e_100yr,forest-land-fires,AGO,117.74169939838069,59042430.51643856,api
AUS,25452031,Rizhao power station,,35.3455,119.5105,10439800.0,power,co2e_100yr,electricity-generation,CHN,2060.0,11310200.0,api
AUS,1566756,Hebei Anfeng Iron and Steel Co Ltd,,39.6590676768483,118.895271959317,10435485.850536264,manufacturing,co2e_100yr,iron-and-steel,CHN,7100000.0,5492360.973966456,api
AUS,53058663,China_Sichuan_Acid/sour gas,,31.26579875,106.8271013,10428715.059162257,fossil-fuel-operations,co2e_100yr,oil-and-gas-production,CHN,0.0,0.0,api
AUS,25457224,Weiqiao Zouping-7 power station,,36.8963,117.8605,10414300.0,power,co2e_100yr,electricity-generation,CHN,2640.0,11030000.0,api
AUS,8716066,Yukon-Koyukuk Census Area,,65.19268417400008,-154.12197386662905,10413257.72915,forestry-and-land-use,co2e_100yr,removals,USA,116.47946731640693,4326656086.700049,api
AUS,32440773,Jindal Steel Angul steel plant,,20.8780717356154,84.9896803446675,10411560.913544606,manufacturing,co2e_100yr,iron-and-steel,IND,5999999.999999999,5113018.901865582,api
AUS,53059178,Ukraine_Dnieper - Donets_Conventional onshore,,49.84123964,32.82891488,10402136.02321451,fossil-fuel-operations,co2e_100yr,oil-and-gas-production,UKR,0.0,0.0,api
AUS,53059052,Russia_Baykit High_Conventional onshore,,60.66397173,97.37080306,10373505.480860895,fossil-fuel-operations,co2e_100yr,oil-and-gas-production,RUS,0.0,0.0,api
AUS,3632062,Riyadh Governorate,,24.74340989950005,47.17521328775486,10366017.09942448,transportation,co2e_100yr,road-transportation,SAU,41495.9802410098,39111690552.51649,api
AUS,3672994,Xinjiang Jiamusi aluminium plant,,48.2461315,134.1033853,10355933.924099999,manufacturing,co2e_100yr,aluminum,CHN,954000.0,906300.0,api
AUS,8347021,Zumbu District,,-15.184940337499937,30.849064293545606,10354868.53616,forestry-and-land-use,co2e_100yr,net-forest-land,MOZ,114.62562417672916,114434359.56564003,api
AUS,5028496,Ketapang Regency,,-1.68341028699993,110.45718580490676,10342575.0,forestry-and-land-use,co2e_100yr,forest-land-clearing,IDN,199.27511551962414,10342575.0,api
AUS,3167153,İstanbul Airport,,41.274874,28.732136,10338164.739734786,transportation,co2e_100yr,international-aviation,TUR,374942.0,3246046.6438966156,api
AUS,53059992,Trinidad and Tobago_Columbus_LNG,,10.19414042,-60.30618729,10332416.994691059,fossil-fuel-operations,co2e_100yr,oil-and-gas-transport,TTO,0.0,0.0,api
AUS,25451060,Huaneng Yueyang power station,,29.4498,113.1623,10329100.0,power,co2e_100yr,electricity-generation,CHN,2525.0,11485100.0,api
AUS,5172756,Velasco Province,,-15.45555519999991,-60.87755103889528,10324848.0,forestry-and-land-use,co2e_100yr,forest-land-degradation,BOL,124.30714351121098,68832320.0,api
AUS,25453939,Guizhou Fa'er power station,,26.3259,104.7706,10324700.0,power,co2e_100yr,electricity-generation,CHN,2400.0,10822100.0,api
AUS,25453796,Liyujiang power station,,25.9435,113.2142,10318500.0,power,co2e_100yr,electricity-generation,CHN,1930.0,10597100.0,api
AUS,54502800,Barcarena (Alunorte) Alumina Refinery,,-1.545554,-48.729556,10309542.875205588,manufacturing,co2e_100yr,aluminum,BRA,6300000.0,4944972.067039107,api
AUS,32440593,Baosteel Group Xinjiang Bayi Iron and Steel Co Ltd,,43.8487911351141,87.3081720834886,10304825.669144686,manufacturing,co2e_100yr,iron-and-steel,CHN,7299999.999999999,5660750.13533883,api
AUS,25451202,Aksu power station,,52.12,76.875,10288800.0,power,co2e_100yr,electricity-generation,KAZ,2210.0,10776900.0,api
AUS,711279,Shitoumei No.1 Coal Mine,,44.504141,92.942948,10279555.368272277,fossil-fuel-operations,co2e_100yr,coal-mining,CHN,35000000.0,25479999.620353483,api
AUS,16542,Zhundong Surface Mine,,44.836767,89.148398,10279555.368272277,fossil-fuel-operations,co2e_100yr,coal-mining,CHN,35000000.0,25479999.620353483,api
AUS,8690322,Anadyrskiy District,,65.20491750000016,171.73960569880023,10279326.088939996,forestry-and-land-use,co2e_100yr,removals,RUS,23.89868746732324,557967468.5780199,api
AUS,25452312,Hongsa power station,,19.6913,101.2782,10276300.0,power,co2e_100yr,electricity-generation,LAO,1878.0,9424400.0,api
AUS,8160058,Camacupa Municipality|City Council,,-12.37971353499992,17.712498741479013,10270988.999999996,forestry-and-land-use,co2e_100yr,forest-land-fires,AGO,117.74169939838069,58021153.18453549,api
AUS,25453436,Fangchenggang Qisha power station,,21.5914,108.3946,10268600.0,power,co2e_100yr,electricity-generation,CHN,2580.0,12111700.0,api
AUS,1566702,Zenith Steel Group Nantong Co Ltd,,32.1211155089538,121.498959841827,10241738.760752665,manufacturing,co2e_100yr,iron-and-steel,CHN,5849999.999999999,5390388.821448771,api
AUS,8352751,Maynas Province,,-2.3037539719998676,-74.11418152456524,10200139.00338,forestry-and-land-use,co2e_100yr,net-forest-land,PER,656.5772660032751,8539509619.120949,api
AUS,8375440,Koinadugu District,,9.321731568500041,-11.25429289158387,10199779.376599997,forestry-and-land-use,co2e_100yr,net-forest-land,SLE,174.91592388316568,207513299.40215996,api
AUS,25453548,Xinhai power station,,34.5779,119.1267,10178400.0,power,co2e_100yr,electricity-generation,CHN,2660.0,12435500.0,api
AUS,8376989,Raja District,,8.707434654500076,25.242069756256093,10170857.64707,forestry-and-land-use,co2e_100yr,net-forest-land,SSD,41.282633324227234,147472627.55657998,api
AUS,5040444,Coronel Portillo Province,,-8.692909717999953,-73.85037031454226,10156094.0,forestry-and-land-use,co2e_100yr,forest-land-clearing,PER,99.06141537858812,10156094.0,api
AUS,15514,Shenhua Bulianta Coal Mine,,39.354814,110.168084,10130373.634878421,fossil-fuel-operations,co2e_100yr,coal-mining,CHN,28000000.0,20379999.69634239,api
AUS,1566429,Voestalpine Stahl Linz steel plant,,48.2800817722905,14.3312483129851,10119639.1023567,manufacturing,co2e_100yr,iron-and-steel,AUT,5999999.999999999,5326125.843345632,api
AUS,25454323,China Resources Caofeidian power station,,38.9961,118.4875,10072200.0,power,co2e_100yr,electricity-generation,CHN,2600.0,12764900.0,api
AUS,25453709,Sri Damodaram Sanjeevaiah Thermal Power Station,,14.3276,80.1221,10062900.0,power,co2e_100yr,electricity-generation,IND,2400.0,11121500.0,api
AUS,8372120,Lazovskiy District,,43.46416650000015,134.32286295418916,10062502.19662,forestry-and-land-use,co2e_100yr,net-forest-land,RUS,262.02195127247387,276072537.85691,api
AUS,8230408,Tyndinskiy District,,55.46202659600005,124.1520852256159,10062289.000000004,forestry-and-land-use,co2e_100yr,forest-land-fires,RUS,64.49278156444537,27325768.430777416,api
AUS,449444,Talin power station,,22.537,120.335,10049500.0,power,co2e_100yr,electricity-generation,TWN,2212.0,15668000.0,api
AUS,8254971,Mumbwa District,,-14.957426286999919,26.45846981003603,10047892.999999998,forestry-and-land-use,co2e_100yr,forest-land-fires,ZMB,100.01652266616671,59626102.36936224,api
AUS,3621384,Foshan Prefecture City,,23.113389015500072,113.00028037652118,10026956.51022854,transportation,co2e_100yr,road-transportation,CHN,27485.096245317414,38734938516.14155,api
AUS,3621100,Qingdao Prefecture City,,36.36361100000005,120.29819833570116,10018452.979449948,transportation,co2e_100yr,road-transportation,CHN,53493.59243676988,39404621062.11028,api
AUS,53059143,Thailand_Malay_Conventional shelf,,7.998169278,102.4735569,10018270.47479333,fossil-fuel-operations,co2e_100yr,oil-and-gas-production,THA,0.0,0.0,api
AUS,25448879,John E Amos,,38.4731,-81.8233,10016600.0,power,co2e_100yr,electricity-generation,USA,2932.6,10532600.0,api
AUS,8398012,Rockhampton Region,,-22.98986999999991,150.09384200561814,10012171.167960001,forestry-and-land-use,co2e_100yr,net-forest-land,AUS,231.00699894889192,306166253.74068,api
AUS,448679,Dadri Combined Cycle power plant,,28.603,77.6078,10004500.0,power,co2e_100yr,electricity-generation,IND,2640.0,10511400.0,api
AUS,25451161,Nakoso power station,,36.9128,140.8128,10004200.0,power,co2e_100yr,electricity-generation,JPN,1975.0,10738700.0,api
AUS,5040277,Alto Amazonas Province,,-4.330229043499911,-76.79384369600274,10000190.000000002,forestry-and-land-use,co2e_100yr,forest-land-clearing,PER,99.06141537858812,10000190.000000002,api
AUS,33998974,CHN-Cangzhou_ammonia,,38.2781178932237,116.816648582076,9996102.777220344,manufacturing,co2e_100yr,chemicals,CHN,3704508.0,2576315.1487681298,api
AUS,25454852,Fugu Miaogoumen power station,,39.2083,110.785,9988800.0,power,co2e_100yr,electricity-generation,CHN,2520.0,11481300.0,api
AUS,53059706,Iraq_Widyan - North Arabian Gulf_Conventional onshore,,30.87667217,47.15489484,9973123.72573052,fossil-fuel-operations,co2e_100yr,oil-and-gas-transport,IRQ,0.0,0.0,api
AUS,53059646,Haynesville-Bossier Dry Gas TX,,32.05980915,-94.31244973,9972867.11970979,fossil-fuel-operations,co2e_100yr,oil-and-gas-transport,USA,0.0,0.0,api
AUS,1566636,Laiwu Iron and Steel Group Yinshan Section Steel Co Ltd,,36.1090917381904,117.820735633707,9971983.159937322,manufacturing,co2e_100yr,iron-and-steel,CHN,5600000.000000001,5248412.189440696,api
AUS,25453252,Panxian-2 power station,,25.4686,104.5924,9965400.0,power,co2e_100yr,electricity-generation,CHN,2400.0,10346300.0,api
AUS,4621473,Tshabong Sub-district,,-25.876859664999923,22.11110626065539,9963186.700289998,forestry-and-land-use,co2e_100yr,net-shrubgrass,BWA,25.180089816155828,83130737.58609998,api
AUS,5021642,Kenora District,,52.93258850000001,-88.62098751965016,9947613.0,forestry-and-land-use,co2e_100yr,forest-land-clearing,CAN,144.87411564442831,9947613.0,api
AUS,8183270,Watsa Territory,,2.7736873630000787,29.225129834060176,9945760.0,forestry-and-land-use,co2e_100yr,forest-land-fires,COD,111.09987074929762,33152535.738586195,api
AUS,8694847,Lazovskiy District,,43.46416650000015,134.32286295418916,9943326.834429998,forestry-and-land-use,co2e_100yr,removals,RUS,260.04215584612405,278176320.1676499,api
AUS,3143817,ZPC Zhejiang Rongsheng Refinery,,30.319018,121.952931,9941738.652664859,fossil-fuel-operations,co2e_100yr,oil-and-gas-refining,CHN,800000.0,249635002.56000003,api
AUS,15157,Haerwusu Surface Mine,,39.731044,111.258324,9938712.933032453,fossil-fuel-operations,co2e_100yr,coal-mining,CHN,35000000.0,25479999.620353486,api
AUS,53058766,Fort Worth Dry Gas TX,,32.8245411,-98.0,9938522.380353507,fossil-fuel-operations,co2e_100yr,oil-and-gas-production,USA,0.0,0.0,api
AUS,25450215,Fuyang power station,,33.0044,115.8453,9921100.0,power,co2e_100yr,electricity-generation,CHN,2600.0,11699600.0,api
AUS,8310519,San-Pédro Region,,5.013385081000166,-6.939445576823168,9892935.53735,forestry-and-land-use,co2e_100yr,net-forest-land,CIV,374.3457323205109,450337801.2146601,api
AUS,8181946,Bakala Sub-prefecture,,6.61555647800003,20.30433630305735,9889090.000000002,forestry-and-land-use,co2e_100yr,forest-land-fires,CAF,107.20483406932685,57656092.26484165,api
AUS,25453903,Talwandi Sabo Power Project,,29.9246,75.2389,9881700.0,power,co2e_100yr,electricity-generation,IND,1980.0,10843700.0,api
AUS,25455169,Jimah East power station,,2.5927,101.7309,9866900.0,power,co2e_100yr,electricity-generation,MYS,2000.0,12732600.0,api
AUS,1567144,U.S. Steel Gary Works,,41.6185485826885,-87.3382841398402,9866329.387301994,manufacturing,co2e_100yr,iron-and-steel,USA,7799999.999999999,5192804.940685261,api
AUS,2796451,Rotterdam,,51.945818917088175,4.13963871442577,9857924.616172025,transportation,co2e_100yr,international-shipping,NLD,47554.0,24202749.52958196,api
AUS,8194044,Tombura District,,5.687395811500096,27.580054511631573,9849678.0,forestry-and-land-use,co2e_100yr,shrubgrass-fires,SSD,17.328581586846592,18690090.915636472,api
AUS,1566679,Guangxi Iron and Steel Group Co Ltd Fangchenggang Iron & Steel Base,,21.5595331242681,108.391350621658,9842311.618078824,manufacturing,co2e_100yr,iron-and-steel,CHN,7355737.7049180325,5180164.009515171,api
AUS,25452006,Huaneng Taicang power station,,31.6569,121.1793,9837400.0,power,co2e_100yr,electricity-generation,CHN,1900.0,10432300.0,api
AUS,5015635,Ichilo Province,,-16.912958412499872,-64.35270344056612,9809963.999999996,forestry-and-land-use,co2e_100yr,forest-land-clearing,BOL,99.48493566700984,9809963.999999996,api
AUS,3165570,Amsterdam Airport Schiphol,,52.308601,4.76389,9804984.880060976,transportation,co2e_100yr,international-aviation,NLD,474405.0,3078635.2379402593,api
AUS,53060044,Utica Dry Gas OH,,40.13800198,-80.95734069,9791194.441709206,fossil-fuel-operations,co2e_100yr,oil-and-gas-transport,USA,0.0,0.0,api
AUS,1380105,Los Angeles County,,34.253569000000084,-118.14520630888786,9787647.552236,buildings,co2e_100yr,residential-onsite-fuel-usage,USA,8221822055.733602,171335245783.6859,api
AUS,8396639,Rufunsa District,,-15.164571883499885,29.440790222360604,9776379.27422,forestry-and-land-use,co2e_100yr,net-forest-land,ZMB,117.82921604317951,96822778.55980001,api
AUS,3672997,Qinghai Xiwang aluminium plant,,36.5106050329059,101.531199759869,9769748.985,manufacturing,co2e_100yr,aluminum,CHN,900000.0,854999.9999999999,api
AUS,8734835,Gladstone Region,,-24.167684438999935,151.3098843072896,9763006.008829998,forestry-and-land-use,co2e_100yr,removals,AUS,252.6495400675693,256876093.17259994,api
AUS,8161329,Barcaldine Region,,-23.05176549999993,145.8207866731105,9752151.000000002,forestry-and-land-use,co2e_100yr,forest-land-fires,AUS,120.90969421143886,32507171.113427326,api
AUS,1567071,Isdemir Payas steel plant,,36.735732350892,36.2094834824266,9736897.741488256,manufacturing,co2e_100yr,iron-and-steel,TUR,5800000.0,5124683.021835925,api
AUS,25450897,Arnot power station,,-25.9438,29.792,9725200.0,power,co2e_100yr,electricity-generation,ZAF,2352.0,9849400.0,api
AUS,8550406,Tshabong Sub-district,,-25.876859664999923,22.11110626065539,9724092.66523,forestry-and-land-use,co2e_100yr,removals,BWA,25.185412686043254,83189406.75351997,api
AUS,8183467,Kwamouth Territory,,-3.617475032999919,16.682926372809533,9717894.0,forestry-and-land-use,co2e_100yr,forest-land-fires,COD,111.09987074929762,32392982.350146428,api
AUS,5021670,Thunder Bay District,,49.734243500000076,-88.1486937376578,9712753.0,forestry-and-land-use,co2e_100yr,forest-land-clearing,CAN,144.87411564442831,9712753.0,api
AUS,4403019,Shuangliao power station,,43.5282,123.4633,9705700.0,power,co2e_100yr,electricity-generation,CHN,1860.0,9134400.0,api
AUS,8194040,Raja District,,8.707434654500076,25.242069756256093,9704213.000000002,forestry-and-land-use,co2e_100yr,shrubgrass-fires,SSD,17.328581586846592,18414066.250155725,api
AUS,25450374,Nanyang Yahekou power station,,33.3086,112.6445,9700800.0,power,co2e_100yr,electricity-generation,CHN,1900.0,10268100.0,api
AUS,25452423,Tanda power station,,26.5892,82.6004,9700400.0,power,co2e_100yr,electricity-generation,IND,1760.0,10378500.0,api
AUS,25449230,Cumberland (TN),,36.3903,-87.6539,9696300.0,power,co2e_100yr,electricity-generation,USA,2600.0,10207400.0,api
AUS,53059939,Saudi Arabia_Widyan - North Arabian Gulf_Conventional shelf,,27.74535928,49.48245891,9691459.15295645,fossil-fuel-operations,co2e_100yr,oil-and-gas-transport,SAU,0.0,0.0,api
AUS,449710,Yallourn W power station,,-38.1773,146.3442,9689400.0,power,co2e_100yr,electricity-generation,AUS,1480.0,8648300.0,api
AUS,8215265,Mecula District,,-11.958984851499906,37.58587354342349,9687551.000000002,forestry-and-land-use,co2e_100yr,forest-land-fires,MOZ,100.21761594836289,57861415.48284112,api
AUS,1566921,Kobe Kakogawa Works steel plant,,34.7222797486625,134.827155019177,9682189.85506491,manufacturing,co2e_100yr,iron-and-steel,JPN,6591000.0,5095889.397402584,api
AUS,4621647,Inuvik Region,,67.24219500000012,-127.43905389100652,9681904.9126,forestry-and-land-use,co2e_100yr,net-shrubgrass,CAN,36.022531578238194,1044329351.9430599,api
AUS,8160057,Andulo Municipality|City Council,,-11.253225327499933,16.424602432253806,9680711.999999998,forestry-and-land-use,co2e_100yr,forest-land-fires,AGO,117.74169939838069,54686659.08291508,api
AUS,8183376,Feshi Territory,,-6.30609679199992,18.23331218538432,9672496.000000004,forestry-and-land-use,co2e_100yr,forest-land-fires,COD,111.09987074929762,32241655.672500852,api
AUS,25452918,Zhangshan power station,,36.3261,113.0814,9661500.0,power,co2e_100yr,electricity-generation,CHN,1800.0,9883200.0,api
AUS,453137,Henan Xinmi power station,,34.5,113.598,9649500.0,power,co2e_100yr,electricity-generation,CHN,2700.0,11875900.0,api
AUS,32441214,Lingyuan Iron and Steel Co Ltd,,41.2730846949138,119.411398169997,9649433.219241962,manufacturing,co2e_100yr,iron-and-steel,CHN,5993999.999999998,5078649.062758928,api
AUS,54502820,Chifeng Alumina Refinery,,42.391800136,119.28579522,9644440.824277267,manufacturing,co2e_100yr,aluminum,CHN,6489587.543977843,5191670.035182274,api
AUS,25451406,Chifeng Yuanbaoshan power station,,42.3033,119.3242,9639800.0,power,co2e_100yr,electricity-generation,CHN,1800.0,8825100.0,api
AUS,448334,Orot Rabin power station,,32.4699,34.8863,9632900.0,power,co2e_100yr,electricity-generation,ISR,3925.0,14380000.0,api
AUS,53059498,China_Ordos_Tight gas,,38.22120548,108.964488,9628862.540335473,fossil-fuel-operations,co2e_100yr,oil-and-gas-transport,CHN,0.0,0.0,api
AUS,53059066,Russia_Precaspian_Acid/sour gas,,51.0,48.0,9613026.543178722,fossil-fuel-operations,co2e_100yr,oil-and-gas-production,RUS,0.0,0.0,api
AUS,40691303,Cardinal,,40.2522,-80.6486,9604300.0,power,co2e_100yr,electricity-generation,USA,1880.4,9991700.0,api
AUS,53058651,China_North China_Conventional onshore,,38.03346719,118.1812935,9603187.493006138,fossil-fuel-operations,co2e_100yr,oil-and-gas-production,CHN,0.0,0.0,api
AUS,5021545,Peace River Regional District,,55.90990448000014,-121.83390589112544,9573357.0,forestry-and-land-use,co2e_100yr,forest-land-clearing,CAN,144.87411564442831,9573357.0,api
AUS,53059065,Russia_Omsk/Nyurolka Sub-basin - West Siberia_Conventional onshore,,58.62047878,78.80797086,9546752.818006728,fossil-fuel-operations,co2e_100yr,oil-and-gas-production,RUS,0.0,0.0,api
AUS,8160152,Cuvelai Municipality|City Council,,-15.773775576999924,16.08472161478215,9543193.999999998,forestry-and-land-use,co2e_100yr,forest-land-fires,AGO,117.74169939838069,53909815.39788817,api
AUS,53058881,Kazakhstan_Mangyshlak - Ustyurt_Conventional onshore,,43.69356741,51.96428066,9543123.373607531,fossil-fuel-operations,co2e_100yr,oil-and-gas-production,KAZ,0.0,0.0,api
AUS,33999129,CHN-Ordos_ammonia,,39.4089113608289,108.618039637608,9536431.45236289,manufacturing,co2e_100yr,chemicals,CHN,3534156.0,2457843.157825487,api
AUS,25454215,Jaypee Nigrie Super Thermal Power Project,,24.15,81.9045,9535400.0,power,co2e_100yr,electricity-generation,IND,1320.0,9165400.0,api
AUS,8183199,Poko Territory,,2.9824330810000954,27.05121898589568,9532863.0,forestry-and-land-use,co2e_100yr,forest-land-fires,COD,111.09987074929762,31776212.305399083,api
AUS,25450212,Rayalaseema Thermal Power Project,,14.704,78.4577,9521300.0,power,co2e_100yr,electricity-generation,IND,1650.0,9428300.0,api
AUS,8397953,Victoria-Daly Shire,,-15.953898499999953,130.5458545339942,9508327.573279997,forestry-and-land-use,co2e_100yr,net-forest-land,AUS,90.7183420396248,788569200.99159,api
AUS,25453211,Hancheng power station,,35.599,110.5525,9504200.0,power,co2e_100yr,electricity-generation,CHN,2400.0,9867700.0,api
AUS,8181929,Baboua Sub-prefecture,,5.724502802500069,15.026950029266038,9490277.999999998,forestry-and-land-use,co2e_100yr,forest-land-fires,CAF,107.20483406932685,55330909.51614321,api
AUS,8255151,Kabompo District,,-13.51989746099994,23.98747253403578,9488858.0,forestry-and-land-use,co2e_100yr,forest-land-fires,ZMB,100.01652266616671,56308682.673705004,api
AUS,3621362,Shenzhen Prefecture City,,22.651389000000137,114.14680850000013,9485866.128909808,transportation,co2e_100yr,road-transportation,CHN,17043.404689991068,36755562618.23148,api
AUS,8605533,Bendjé Department,,-0.8273599999998851,9.33366715543317,9473465.51792,forestry-and-land-use,co2e_100yr,removals,GAB,500.58442941868543,360974276.95522,api
AUS,25455091,Ordos Power Qipanjing power station,,39.3852,106.9657,9464900.0,power,co2e_100yr,electricity-generation,CHN,1960.0,9277100.0,api
AUS,8716058,Northwest Arctic Borough,,66.86562750000007,-157.9620411767039,9439007.48095,forestry-and-land-use,co2e_100yr,removals,USA,76.05535128808842,682375435.9554601,api
AUS,32440381,CSN Volta Redonda steel plant,,-22.5121729102647,-44.1124400137224,9435821.73914256,manufacturing,co2e_100yr,iron-and-steel,BRA,6251000.0,5272881.248400267,api
AUS,5028539,Kutai Timur Regency,,0.9313482375000603,117.01438266593757,9429769.000000002,forestry-and-land-use,co2e_100yr,forest-land-clearing,IDN,199.27511551962414,9429769.000000002,api
AUS,25450608,Loy Yang B power station,,-38.2555,146.586,9426900.0,power,co2e_100yr,electricity-generation,AUS,1113.0,8600300.0,api
AUS,25453413,Shenhua Shentou power station,,39.3648,112.5333,9404700.0,power,co2e_100yr,electricity-generation,CHN,2000.0,10075900.0,api
AUS,8570356,San Agustín Municipality,,1.8810844415000931,-76.35419670343657,9393597.328080002,forestry-and-land-use,co2e_100yr,removals,COL,169.6180229100018,24557662.079759996,api
AUS,8255011,Mpongwe District,,-13.561626286999966,27.637629740292518,9387559.999999998,forestry-and-land-use,co2e_100yr,forest-land-fires,ZMB,100.01652266616671,55707561.13331721,api
AUS,8560610,Moanda Territory,,-5.746690964999942,12.822382272742715,9387076.371789997,forestry-and-land-use,co2e_100yr,removals,COD,185.0426884807485,70260905.26485999,api
AUS,32440426,Gansu Jiu Steel Group Hongxing Iron and Steel Co Ltd,,39.8172096527437,98.2860781155599,9381051.749021819,manufacturing,co2e_100yr,iron-and-steel,CHN,6944999.999999999,5790432.818701923,api
AUS,8561303,Cordillera Province,,-19.24790343449993,-61.39536444382379,9378341.458670001,forestry-and-land-use,co2e_100yr,removals,BOL,132.16102052882135,1073405140.1926402,api
AUS,25452032,Weihai power station,,37.449,122.2072,9375400.0,power,co2e_100yr,electricity-generation,CHN,2000.0,10981400.0,api
AUS,5015630,Chiquitos Province,,-17.840149821999944,-61.15129643933918,9374623.0,forestry-and-land-use,co2e_100yr,forest-land-clearing,BOL,99.48493566700984,9374623.0,api
AUS,1566440,ArcelorMittal Gent steel plant,,51.1710954495137,3.80755554719596,9361030.351121638,manufacturing,co2e_100yr,iron-and-steel,BEL,5200000.0,4926858.079537703,api
AUS,25451488,Feroze Gandhi Unchahar Power Station,,25.914,81.3239,9359000.0,power,co2e_100yr,electricity-generation,IND,1550.0,9221800.0,api
AUS,8317675,Santo Domingo Canton,,-0.3409831669999335,-79.17421745212562,9353905.8042,forestry-and-land-use,co2e_100yr,net-forest-land,ECU,191.23387303555265,63895234.86107001,api
AUS,25453931,Shanxi Zhaoguang power station,,36.5538,111.6918,9346600.0,power,co2e_100yr,electricity-generation,CHN,1800.0,9883200.0,api
AUS,25451577,Pucheng power station,,34.9779,109.8,9342600.0,power,co2e_100yr,electricity-generation,CHN,2580.0,9747000.0,api
AUS,8311639,La Uribe Municipality,,3.108606696500061,-74.48306314736531,9341817.00297,forestry-and-land-use,co2e_100yr,net-forest-land,COL,343.0270720505449,211193169.40638003,api
AUS,8396595,Mumbwa District,,-14.957426286999919,26.45846981003603,9340870.32988,forestry-and-land-use,co2e_100yr,net-forest-land,ZMB,96.88765526329972,127433104.34754,api
AUS,3673001,"Baotou, Inner Mongolia aluminium plant",,40.567036,110.12536,9335537.919,manufacturing,co2e_100yr,aluminum,CHN,859999.9999999999,816999.9999999999,api
AUS,8550822,Kitikmeot Region,,66.95702350000008,-112.67615394171348,9332057.51591,forestry-and-land-use,co2e_100yr,removals,CAN,26.32294262720604,822255696.9854897,api
AUS,25453902,Rajpura Thermal Power Project,,30.559,76.5776,9327100.0,power,co2e_100yr,electricity-generation,IND,1400.0,10365600.0,api
AUS,8215176,Machaze District,,-20.940488814999924,33.20321084574104,9307382.999999998,forestry-and-land-use,co2e_100yr,forest-land-fires,MOZ,100.21761594836289,55590763.323045425,api
AUS,719528,Junggar Suancigou power station,,39.7117,111.2005,9294700.0,power,co2e_100yr,electricity-generation,CHN,1920.0,10542200.0,api
AUS,25451061,Tieling power station,,42.345,123.803,9293000.0,power,co2e_100yr,electricity-generation,CHN,2400.0,10350400.0,api
AUS,8255225,Mpulungu District,,-8.982465576999914,30.70531200743919,9289403.0,forestry-and-land-use,co2e_100yr,forest-land-fires,ZMB,100.01652266616671,55125078.88253395,api
AUS,1566589,Jiangsu Binxin Steel Group Co Ltd,,35.0964760742261,119.281650422597,9288905.567579217,manufacturing,co2e_100yr,iron-and-steel,CHN,5400000.0,4888897.6671469575,api
AUS,4621705,Kitikmeot Region,,66.95702350000008,-112.67615394171348,9284961.71105,forestry-and-land-use,co2e_100yr,net-shrubgrass,CAN,26.28289320336868,811642127.2915301,api
AUS,5051459,Bodaybinskiy District,,58.540483475500025,116.33171870419605,9281963.0,forestry-and-land-use,co2e_100yr,forest-land-clearing,RUS,121.4364969169983,9281963.0,api
AUS,5018153,Parauapebas Municipality,,-6.198719088499956,-50.42980449094175,9276269.0,forestry-and-land-use,co2e_100yr,forest-land-clearing,BRA,109.98810961949103,9276269.0,api
AUS,25454238,Thai Binh Power Center,,20.4819,106.5619,9274200.0,power,co2e_100yr,electricity-generation,VNM,1800.0,9849400.0,api
AUS,5171218,Sucre Municipality,,5.943451405000104,-64.34826298418324,9265584.000000002,forestry-and-land-use,co2e_100yr,forest-land-degradation,VEN,163.12480109741387,61770560.00000001,api
AUS,33998977,CHN-Xilin Gol_methanol,,44.2007796772242,115.476948055145,9257492.352,manufacturing,co2e_100yr,chemicals,CHN,3250524.0000000005,2892966.3600000003,api
AUS,8160187,Kuvango Municipality|City Council,,-14.274694442499877,16.302620912518098,9256963.000000002,forestry-and-land-use,co2e_100yr,forest-land-fires,AGO,117.74169939838069,52292887.10625406,api
AUS,5021757,Minganie--Basse-Côte-Nord Census Division,,51.481563500000135,-61.596402811920456,9241672.000000002,forestry-and-land-use,co2e_100yr,forest-land-clearing,CAN,144.87411564442831,9241672.000000002,api
AUS,1566600,Zhongxin Iron and Steel Group Co Ltd,,34.3616112396159,118.266441958749,9232338.519755,manufacturing,co2e_100yr,iron-and-steel,CHN,5400000.0,4859125.536713159,api
AUS,8165075,Manicoré Municipality,,-6.787510566999913,-61.1096246295992,9231914.0,forestry-and-land-use,co2e_100yr,forest-land-fires,BRA,79.87187030252272,31926319.8761039,api
AUS,25448951,Coal Creek,,47.3777,-101.1571,9230700.0,power,co2e_100yr,electricity-generation,USA,1209.6,8768100.0,api
AUS,449534,Hirono Thermal power station,,37.2383,141.0174,9229900.0,power,co2e_100yr,electricity-generation,JPN,2343.0,11040300.0,api
AUS,8396654,Kasempa District,,-13.792621912499865,26.258209696770273,9227630.857619999,forestry-and-land-use,co2e_100yr,net-forest-land,ZMB,213.95869867136764,402852238.54491013,api
AUS,3620863,Zhengzhou Prefecture City,,34.62297439600001,113.49334068025408,9226034.30925441,transportation,co2e_100yr,road-transportation,CHN,31718.3434139448,36083497003.98318,api
AUS,8550403,Hukunsti Sub-district,,-24.098613738999916,21.526663780000064,9210694.52325,forestry-and-land-use,co2e_100yr,removals,BWA,25.78012502513861,118274908.01632996,api
AUS,5051634,Ayano-Mayskiy District,,57.4348600000001,135.61446803815676,9204166.0,forestry-and-land-use,co2e_100yr,forest-land-clearing,RUS,121.4364969169983,9204166.0,api
AUS,8367713,Pinezhskiy District,,64.18701576550006,44.510056100461654,9193516.710200002,forestry-and-land-use,co2e_100yr,net-forest-land,RUS,230.58071246425968,640657276.7203301,api
AUS,8161309,Unincorporated Norther Territori Unincorporated Area,,-13.143190149499898,131.64628605574822,9181541.000000002,forestry-and-land-use,co2e_100yr,forest-land-fires,AUS,120.90969421143886,30605137.714946028,api
AUS,5021527,Cariboo Regional District,,52.20438957200011,-122.92283075054067,9175505.0,forestry-and-land-use,co2e_100yr,forest-land-clearing,CAN,144.87411564442831,9175505.0,api
AUS,25451251,Samchonpo power station,,34.9107,128.1084,9174600.0,power,co2e_100yr,electricity-generation,KOR,2120.0,9733500.0,api
AUS,25454160,Amravati Thermal Power Project,,21.0803,77.9012,9170900.0,power,co2e_100yr,electricity-generation,IND,1350.0,9232800.0,api
AUS,8183602,Kongolo Territory,,-5.428840874999906,26.875670782024333,9162643.000000002,forestry-and-land-use,co2e_100yr,forest-land-fires,COD,111.09987074929762,30542145.549199525,api
AUS,8160428,Mitwaba Territory,,-9.1108083714999,27.09898474116313,9158547.000000002,forestry-and-land-use,co2e_100yr,shrubgrass-fires,COD,39.637311355837255,17378647.051342238,api
AUS,57020809,Jining power station,,41.0533,113.1533,9156000.0,power,co2e_100yr,electricity-generation,CHN,2020.0,11090900.0,api
AUS,450756,Fulaerji-2 power station,,47.1665,123.5847,9152100.0,power,co2e_100yr,electricity-generation,CHN,1550.0,8510700.0,api
AUS,8194997,Haraze Mangueigne Department,,10.391283989500124,21.28885231836826,9146162.000000002,forestry-and-land-use,co2e_100yr,shrubgrass-fires,TCD,10.660162768740857,17355146.123175655,api
AUS,4862160,Anadyrskiy District,,65.20491750000016,171.73960569880023,9143882.172950001,forestry-and-land-use,co2e_100yr,net-shrubgrass,RUS,22.24115910731502,459875088.26546,api
AUS,451058,Hongjun Aluminum power station,,45.5129,119.6504,9141400.0,power,co2e_100yr,electricity-generation,CHN,1818.0,8348500.0,api
AUS,1566528,Jingye Iron and Steel Co Ltd,,38.3924724872799,114.143027008887,9140756.401485134,manufacturing,co2e_100yr,iron-and-steel,CHN,6400000.000000001,4810924.421834283,api
AUS,3672975,Jiamusi Xinjiang aluminium plant,,46.809292,130.293169,9140142.939299999,manufacturing,co2e_100yr,aluminum,CHN,842000.0000000001,799900.0,api
AUS,25452325,Noshiro power station,,40.1912,139.9911,9136500.0,power,co2e_100yr,electricity-generation,JPN,1800.0,11090900.0,api
AUS,25451941,Weisweiler power station,,50.8396,6.3224,9134500.0,power,co2e_100yr,electricity-generation,DEU,1995.0,8472000.0,api
AUS,53058898,Libya_Pelagian_Conventional shelf,,33.39454847,12.31752658,9122271.402083544,fossil-fuel-operations,co2e_100yr,oil-and-gas-production,LBY,0.0,0.0,api
AUS,3673018,Nanshan aluminium plant,,37.718324,120.469166,9118432.386,manufacturing,co2e_100yr,aluminum,CHN,839999.9999999999,797999.9999999999,api
AUS,25451540,Panshan power station,,39.9801,117.4631,9116800.0,power,co2e_100yr,electricity-generation,CHN,2260.0,10501600.0,api
AUS,25452664,Primorsky power station,,46.4652,134.2906,9113200.0,power,co2e_100yr,electricity-generation,RUS,1467.0,7978600.0,api
AUS,25454006,Zhuhai GZP power station,,21.9681,113.1802,9108000.0,power,co2e_100yr,electricity-generation,CHN,2600.0,9714100.0,api
AUS,3621133,Linyi Prefecture City,,35.2936383200001,118.31082310339451,9107900.902815545,transportation,co2e_100yr,road-transportation,CHN,54672.83057018332,35676808185.87949,api
AUS,53058815,India_Assam_Conventional onshore,,26.7465543,94.77711187,9093959.39697047,fossil-fuel-operations,co2e_100yr,oil-and-gas-production,IND,0.0,0.0,api
AUS,53059168,Turkmenistan_Amu-Dar'ya_Conventional onshore,,37.85904308,62.09001914,9091811.370444909,fossil-fuel-operations,co2e_100yr,oil-and-gas-production,TKM,0.0,0.0,api
AUS,25457153,Colstrip,,45.8831,-106.614,9071400.0,power,co2e_100yr,electricity-generation,USA,1647.4,9624700.0,api
AUS,8372285,Verkhnekolymskiy District,,65.92210006750008,150.58846559681155,9068755.918119999,forestry-and-land-use,co2e_100yr,net-forest-land,RUS,75.09218844530788,299242689.40174997,api
AUS,5015576,Yacuma Province,,-13.782815143499901,-65.89576633486098,9068070.0,forestry-and-land-use,co2e_100yr,forest-land-clearing,BOL,99.48493566700984,9068070.0,api
AUS,3620881,Wuhan Prefecture City,,30.67492961900001,114.37204244821433,9057352.071002636,transportation,co2e_100yr,road-transportation,CHN,36995.22081462537,35234691706.555534,api
AUS,25454058,Nanpu Quanzhou power station,,25.2044,118.9438,9054800.0,power,co2e_100yr,electricity-generation,CHN,1940.0,9630400.0,api
AUS,5040299,Tahuamanu Province,,-10.904744624999978,-70.96333344626308,9044275.0,forestry-and-land-use,co2e_100yr,forest-land-clearing,PER,99.06141537858812,9044275.0,api
AUS,8183261,Niangara Territory,,3.491634368500115,27.921350348525795,9042478.0,forestry-and-land-use,co2e_100yr,forest-land-fires,COD,111.09987074929762,30141595.520139176,api
AUS,8550721,Division No. 10 Census Division,,53.81199100000011,-63.78881705421114,9041591.104779998,forestry-and-land-use,co2e_100yr,removals,CAN,163.43568858850807,3239078207.3743,api
AUS,450586,Shizuishan power station,,39.2848,106.789,9038000.0,power,co2e_100yr,electricity-generation,CHN,2020.0,9057300.0,api
AUS,8319741,Bendjé Department,,-0.8273599999998851,9.33366715543317,9037168.69778,forestry-and-land-use,co2e_100yr,net-forest-land,GAB,565.6450903562576,343790953.44675,api
AUS,25452557,İsken Sugözü power station,,36.835,35.8791,9036500.0,power,co2e_100yr,electricity-generation,TUR,1210.0,9385700.0,api
AUS,447705,Manzanillo (Manuel Álvarez Moreno) power station,,19.0278,-104.3192,9019200.0,power,co2e_100yr,electricity-generation,MEX,2860.0,15141000.0,api
AUS,5022628,Shabunda Territory,,-3.006321907499938,27.469526263049218,9001408.0,forestry-and-land-use,co2e_100yr,forest-land-clearing,COD,146.97787471139233,9001408.0,api
AUS,25451762,Kota power station,,25.171,75.817,9000600.0,power,co2e_100yr,electricity-generation,IND,1240.0,8778000.0,api
AUS,53058801,Guyana_Guyana_Deepwater,,7.912624582,-56.73664181,8983396.194746446,fossil-fuel-operations,co2e_100yr,oil-and-gas-production,GUY,0.0,0.0,api
AUS,8194172,Thessaly Region,,39.580558776000146,22.061865544582428,8966413.0,forestry-and-land-use,co2e_100yr,forest-land-fires,GRC,64.70945705575343,22860358.23362528,api
AUS,3672938,Jebel Ali Aluminum Smelter,,25.03278,55.096136,8965471.365695996,manufacturing,co2e_100yr,aluminum,ARE,1159999.9999999998,1101999.9999999998,api
AUS,8337598,Kpayan District,,5.108792304500099,-8.756636877955454,8963203.645500002,forestry-and-land-use,co2e_100yr,net-forest-land,LBR,546.9546739844933,45276466.9357,api
AUS,25451068,Xiangtan power station,,27.8283,112.9968,8959500.0,power,co2e_100yr,electricity-generation,CHN,1800.0,9883200.0,api
AUS,3621107,Weifang Prefecture City,,36.518064498500166,119.0921082698794,8932581.694993174,transportation,co2e_100yr,road-transportation,CHN,50071.06323679423,34999038283.35144,api
AUS,4865573,Ust'-Yeniseyskiy District,,70.4552115000001,85.01829603365076,8929476.77049,forestry-and-land-use,co2e_100yr,net-shrubgrass,RUS,17.22089751134191,134188219.00880997,api
AUS,53058506,Argentina_Neuquen_Shale gas,,-38.15088908,-69.22845723,8925440.028079107,fossil-fuel-operations,co2e_100yr,oil-and-gas-production,ARG,0.0,0.0,api
AUS,8181962,Bouca Sub-prefecture,,6.33513951300003,18.26361232559553,8924485.999999998,forestry-and-land-use,co2e_100yr,forest-land-fires,CAF,107.20483406932685,52032187.81832175,api
AUS,8215251,Marrupa District,,-13.03902959749993,37.32263199720062,8921869.0,forestry-and-land-use,co2e_100yr,forest-land-fires,MOZ,100.21761594836289,53288180.78918811,api
AUS,54502627,Binzhou Zhanhua Aluminum Works,,38.07592,118.0632,8916844.799999999,manufacturing,co2e_100yr,aluminum,CHN,5999999.999999999,4800000.0,api
AUS,54502843,Weiqiao Binzhou Alumina Refinery,,37.0183,117.7476,8916844.799999999,manufacturing,co2e_100yr,aluminum,CHN,5999999.999999999,4800000.000000001,api
AUS,25453569,Wuhu power station,,31.2372,118.1497,8909000.0,power,co2e_100yr,electricity-generation,CHN,2320.0,11410900.0,api
AUS,53058588,Brazil_Campos_Deepwater,,-22.42629793,-40.19257363,8906928.653660059,fossil-fuel-operations,co2e_100yr,oil-and-gas-production,BRA,0.0,0.0,api
AUS,448540,Khaperkheda power station,,21.2818,79.116,8898000.0,power,co2e_100yr,electricity-generation,IND,1340.0,8806200.0,api
AUS,8162278,Kabalo Territory,,-6.183926581999913,26.977782080596274,8895668.0,forestry-and-land-use,co2e_100yr,shrubgrass-fires,COD,39.637311355837255,16879825.41967842,api
AUS,25453972,Shanwei Honghaiwan power station,,22.707,115.5553,8895000.0,power,co2e_100yr,electricity-generation,CHN,2520.0,10498900.0,api
AUS,1566675,Quzhou Yuanli Metal Products Co Ltd,,28.8928735451478,118.866497281036,8891801.158710985,manufacturing,co2e_100yr,iron-and-steel,CHN,4999999.999999999,4679895.346689992,api
AUS,33998936,CHN-Yulin_methanol,,38.0375438003888,109.55343316157,8883333.504,manufacturing,co2e_100yr,chemicals,CHN,3119148.0000000005,2776041.72,api
AUS,712514,GS-Caltex Yeosu Refinery,,34.8504,127.7175,8882868.98643956,fossil-fuel-operations,co2e_100yr,oil-and-gas-refining,KOR,744000.0,228863041.10999998,api
AUS,451114,Tunghsiao power station,,24.49,120.6735,8879900.0,power,co2e_100yr,electricity-generation,TWN,3685.65,21450000.0,api
AUS,32440948,Mechel Chelyabinsk Metallurgical Plant,,55.2722226663206,61.4318390747055,8871863.622536676,manufacturing,co2e_100yr,iron-and-steel,RUS,5798999.999999999,4807167.518745062,api
AUS,4963595,Namakwa District Municipality,,-30.488750457499922,19.942130955504886,8866775.803689998,forestry-and-land-use,co2e_100yr,net-shrubgrass,ZAF,27.73158185730281,165310005.97529,api
AUS,25449203,Cross,,33.3715,-80.1132,8850900.0,power,co2e_100yr,electricity-generation,USA,2451.5,9205800.0,api
AUS,8626046,Deiyai Regency,,-4.152866601999818,136.40567285296456,8849048.25432,forestry-and-land-use,co2e_100yr,removals,IDN,574.5495450369044,104089113.52921002,api
AUS,5018177,Santarém Municipality,,-2.6687620654998625,-55.53604586888257,8841858.000000004,forestry-and-land-use,co2e_100yr,forest-land-clearing,BRA,109.98810961949103,8841858.000000004,api
AUS,8650556,Kpayan District,,5.108792304500099,-8.756636877955454,8832286.01195,forestry-and-land-use,co2e_100yr,removals,LBR,544.645700985496,45555167.02083,api
AUS,8161450,Maranoa Region,,-26.3918991084999,148.5389574636276,8819361.000000002,forestry-and-land-use,co2e_100yr,forest-land-fires,AUS,120.90969421143886,29397871.006928377,api
AUS,16615,Hongshaquan No. 1 Surface Mine,,44.502378,90.296864,8811047.458519092,fossil-fuel-operations,co2e_100yr,coal-mining,CHN,30000000.000000004,21839999.674588703,api
AUS,8155890,Tablelands Region,,-17.31046449349995,144.1169689425493,8804419.0,forestry-and-land-use,co2e_100yr,shrubgrass-fires,AUS,58.92091690835678,16706677.4529711,api
AUS,25452024,Huadian Weifang power station,,36.6656,119.2632,8802800.0,power,co2e_100yr,electricity-generation,CHN,2000.0,9365900.0,api
AUS,8345657,Loilen District,,20.844579697000114,97.95137366807833,8801305.40389,forestry-and-land-use,co2e_100yr,net-forest-land,MMR,272.5478392941063,807176404.4900898,api
AUS,8698509,Tazovskiy District,,69.58984350000009,76.61636126404656,8797629.74266,forestry-and-land-use,co2e_100yr,removals,RUS,19.829905639562448,249582629.4244999,api
AUS,8311573,San Agustín Municipality,,1.8810844415000931,-76.35419670343657,8792524.2239,forestry-and-land-use,co2e_100yr,net-forest-land,COL,176.22093294463232,23835792.05007,api
AUS,25450775,Turów power station,,50.9486,14.9131,8783600.0,power,co2e_100yr,electricity-generation,POL,1948.0,8215800.0,api
AUS,8731788,Namakwa District Municipality,,-30.488750457499922,19.942130955504886,8777687.830690002,forestry-and-land-use,co2e_100yr,removals,ZAF,27.76053955463979,165772378.00594,api
AUS,8352802,Atalaya Province,,-10.429839133999934,-73.3489136855109,8772583.52138,forestry-and-land-use,co2e_100yr,net-forest-land,PER,628.4381049264598,2402194255.4936,api
AUS,1566450,Ternium Brasil Santa Cruz steel plant,,-22.9146006366637,-43.7428544549895,8771647.003821187,manufacturing,co2e_100yr,iron-and-steel,BRA,5199999.999999999,4616656.317800623,api
AUS,8326511,Deiyai Regency,,-4.152866601999818,136.40567285296456,8763205.15497,forestry-and-land-use,co2e_100yr,net-forest-land,IDN,582.1654310451223,103269342.32028002,api
AUS,1566561,Baowu Group Echeng Iron and Steel Co Ltd,,30.3931013772383,114.858783141561,8725697.254111202,manufacturing,co2e_100yr,iron-and-steel,CHN,4971000.0,4592472.239005897,api
AUS,53059968,Spraberry Lower Wet Gas TX,,31.81474239,-101.7970332,8724290.336853711,fossil-fuel-operations,co2e_100yr,oil-and-gas-transport,USA,0.0,0.0,api
AUS,8161326,Banana Shire,,-24.80539226549993,150.1040630172769,8723549.999999996,forestry-and-land-use,co2e_100yr,forest-land-fires,AUS,120.90969421143886,29078500.995989386,api
AUS,5015656,Feijó Municipality,,-8.896599599999917,-70.65899842836296,8718908.999999998,forestry-and-land-use,co2e_100yr,forest-land-clearing,BRA,109.98810961949103,8718908.999999998,api
AUS,25453389,Qinhuangdao-2 power station,,39.9453,119.643,8718500.0,power,co2e_100yr,electricity-generation,CHN,1630.0,8949800.0,api
AUS,53059377,Australia_Browse_LNG,,-13.69781536,123.2065501,8717620.172424229,fossil-fuel-operations,co2e_100yr,oil-and-gas-transport,AUS,0.0,0.0,api
AUS,53058826,Indonesia_Bintuni_LNG,,-2.332767979,133.1601164,8703747.148815157,fossil-fuel-operations,co2e_100yr,oil-and-gas-production,IDN,0.0,0.0,api
AUS,8373178,Kargasokskiy District,,59.06720733600011,78.59932351785567,8693464.57934,forestry-and-land-use,co2e_100yr,net-forest-land,RUS,245.67261240949605,1424145145.1828203,api
AUS,3672993,Neimeng aluminium plant,,45.4423820355157,119.441751827992,8684221.320000002,manufacturing,co2e_100yr,aluminum,CHN,800000.0000000001,759999.9999999998,api
AUS,8570654,La Uribe Municipality,,3.108606696500061,-74.48306314736531,8680036.61327,forestry-and-land-use,co2e_100yr,removals,COL,323.6086540955788,215448669.80554998,api
AUS,8575710,Rioblanco Municipality,,3.4731193780001206,-75.80226416764967,8678417.80498,forestry-and-land-use,co2e_100yr,removals,COL,171.92830474571952,35225971.614209995,api
AUS,25449056,Trimble County,,38.5846,-85.4137,8674800.0,power,co2e_100yr,electricity-generation,USA,2594.1,9693100.0,api
AUS,448229,Tomatouatsuma power station,,42.6118,141.8054,8670700.0,power,co2e_100yr,electricity-generation,JPN,1650.0,9790500.0,api
AUS,25455952,Weda Bay power station,,0.4766,127.9948,8667500.0,power,co2e_100yr,electricity-generation,IDN,2260.0,9608000.0,api
AUS,8694029,Severo-Evenskiy District,,63.10454450000004,160.11751298698096,8665781.61232,forestry-and-land-use,co2e_100yr,removals,RUS,38.49758024069674,393846529.29587007,api
AUS,447456,Tarong power station,,-26.7813,151.9151,8665100.0,power,co2e_100yr,electricity-generation,AUS,1415.0,8778500.0,api
AUS,25454768,Tongling Wanneng power station,,30.8818,117.7644,8659400.0,power,co2e_100yr,electricity-generation,CHN,2320.0,10742700.0,api
AUS,3621109,Yantai Prefecture City,,37.188333500000056,120.78358119037544,8655672.316493515,transportation,co2e_100yr,road-transportation,CHN,96389.88124345343,34033270219.49506,api
AUS,8183297,Kamonia Territory,,-6.513253926999937,20.631531122203008,8653586.999999998,forestry-and-land-use,co2e_100yr,forest-land-fires,COD,111.09987074929762,28845292.092757612,api
AUS,25452485,Bakreswar Thermal Power Station,,23.8292,87.451,8647500.0,power,co2e_100yr,electricity-generation,IND,1050.0,8531400.0,api
AUS,3645504,Bexar County,,29.344014168000026,-98.50968060676911,8645401.128231276,transportation,co2e_100yr,road-transportation,USA,26358.16614136574,26436070179.14923,api
AUS,8397958,Banana Shire,,-24.80539226549993,150.1040630172769,8642347.131710002,forestry-and-land-use,co2e_100yr,net-forest-land,AUS,221.3208554948629,321745593.4762899,api
AUS,25451195,Raichur Thermal Power Station,,16.3532,77.3422,8638800.0,power,co2e_100yr,electricity-generation,IND,1720.0,8441200.0,api
AUS,8345646,Katha District,,24.218890190500076,95.88840806232525,8634713.63824,forestry-and-land-use,co2e_100yr,net-forest-land,MMR,310.9693809233797,355333122.7567499,api
AUS,5017050,Juína Municipality,,-11.492327075999924,-59.17463099336572,8628594.0,forestry-and-land-use,co2e_100yr,forest-land-clearing,BRA,109.98810961949103,8628594.0,api
AUS,25451404,Tongliao power station,,43.6714,122.1535,8622800.0,power,co2e_100yr,electricity-generation,CHN,1670.0,8176500.0,api
AUS,8150436,Wyndham-East Kimberley Shire,,-15.538554499999863,127.10177071019228,8621819.0,forestry-and-land-use,co2e_100yr,shrubgrass-fires,AUS,58.92091690835678,16360187.888706552,api
AUS,53059316,Anandarko - Hugoton Wet Gas OK,,35.866746125,-98.58529589,8619044.691163948,fossil-fuel-operations,co2e_100yr,oil-and-gas-transport,USA,0.0,0.0,api
AUS,53059144,Thailand_Pattani_Conventional shelf,,9.228723,101.3694898,8597958.070340103,fossil-fuel-operations,co2e_100yr,oil-and-gas-production,THA,0.0,0.0,api
AUS,1566855,RINL Vizag Steel plant,,17.610667702512,83.1914801330947,8591218.593335293,manufacturing,co2e_100yr,iron-and-steel,IND,7299999.999999998,4521693.996492259,api
AUS,25453858,Indira Gandhi Super Thermal Power Project,,28.4851,76.3732,8590400.0,power,co2e_100yr,electricity-generation,IND,1500.0,8833100.0,api
AUS,25451576,Jingyuan power station,,36.7301,104.761,8588000.0,power,co2e_100yr,electricity-generation,CHN,2120.0,8460400.0,api
AUS,53059466,Canada_West Canadian - Alberta_LNG BC,,57.54038099,-121.9466614,8584310.332329005,fossil-fuel-operations,co2e_100yr,oil-and-gas-transport,CAN,0.0,0.0,api
AUS,8230569,Bauntovskiy District,,54.43674087550005,113.67172988760962,8580434.0,forestry-and-land-use,co2e_100yr,forest-land-fires,RUS,64.49278156444537,23301552.21337502,api
AUS,8369520,Bodaybinskiy District,,58.540483475500025,116.33171870419605,8578841.136700002,forestry-and-land-use,co2e_100yr,net-forest-land,RUS,139.59055291842637,893100150.5872197,api
AUS,25455167,Baotou Aluminum power station,,40.5575,110.1462,8565500.0,power,co2e_100yr,electricity-generation,CHN,1710.0,9389000.0,api
AUS,25451334,Hasdeo Thermal Power Station,,22.4125,82.6822,8563900.0,power,co2e_100yr,electricity-generation,IND,1340.0,8477000.0,api
AUS,15582,Tashan Coal Mine,,39.924229,113.070254,8559833.960336708,fossil-fuel-operations,co2e_100yr,coal-mining,CHN,25000000.0,18199999.72882392,api
AUS,1566927,Nippon East Japan Works (Kashima) steel plant,,35.9349894229244,140.677810631168,8558543.542461004,manufacturing,co2e_100yr,iron-and-steel,JPN,7160999.999999999,4504496.601295265,api
AUS,25457205,Shaanxi Youser Yulin power station,,38.5324,109.8797,8554100.0,power,co2e_100yr,electricity-generation,CHN,1650.0,9059800.0,api
AUS,8236919,Tombura District,,5.687395811500096,27.580054511631573,8550401.999999998,forestry-and-land-use,co2e_100yr,forest-land-fires,SSD,38.696959414854994,44349674.11006903,api
AUS,32440774,Jindal Steel Raigarh steel plant,,21.9277521470116,83.3472521936468,8550000.000000002,manufacturing,co2e_100yr,iron-and-steel,IND,3600000.0,3420000.0,api
AUS,53059736,Kuwait_Widyan - North Arabian Gulf_Conventional onshore,,29.21565747,47.71724959,8546650.00750386,fossil-fuel-operations,co2e_100yr,oil-and-gas-transport,KWT,0.0,0.0,api
AUS,45257158,Ordos City (Uxin Banner) Polyolefins - Methanol Facility,,38.9033016,109.597467,8544000.0,manufacturing,co2e_100yr,chemicals,CHN,2999999.9999999995,2670000.0,api
AUS,3643176,Broward County,,26.147500000000036,-80.48958127055865,8539774.126288876,transportation,co2e_100yr,road-transportation,USA,16957.010315279353,26022566425.945515,api
AUS,53058885,Kazakhstan_Precaspian_Acid/sour gas,,50.10258072,51.3602498,8538858.867926018,fossil-fuel-operations,co2e_100yr,oil-and-gas-production,KAZ,0.0,0.0,api
AUS,8397965,Bundaberg Region,,-24.973116999999945,152.01195727686058,8538415.98521,forestry-and-land-use,co2e_100yr,net-forest-land,AUS,276.7767684448563,147342444.59232002,api
AUS,25451800,Konakovskaya GRES power station,,56.741,36.7707,8535900.0,power,co2e_100yr,electricity-generation,RUS,2540.0,11159000.0,api
AUS,1566613,Jingye (Yingkou) Medium Plate Co Ltd,,40.6716334052913,122.398759720671,8532849.020864172,manufacturing,co2e_100yr,iron-and-steel,CHN,5500000.0,4490973.16887588,api
AUS,25450247,Jimah power station,,2.5926,101.7229,8528600.0,power,co2e_100yr,electricity-generation,MYS,1400.0,8914400.0,api
AUS,8337596,Jaedae Jaedepo District,,5.366122484500096,-8.531787862414122,8526278.11256,forestry-and-land-use,co2e_100yr,net-forest-land,LBR,753.9458291628263,208549822.46545997,api
AUS,8241315,Mpanda Rural District,,-6.041862964499927,30.600193636125844,8520420.000000002,forestry-and-land-use,co2e_100yr,forest-land-fires,TZA,63.06758313610766,48419068.559238315,api
AUS,5022322,Pu'er Prefecture City,,23.426085472500176,100.92559514062461,8508634.0,forestry-and-land-use,co2e_100yr,forest-land-clearing,CHN,92.36376965705226,8508634.0,api
AUS,25454826,China Resources Wenzhou power station,,27.4974,120.6632,8508400.0,power,co2e_100yr,electricity-generation,CHN,2000.0,10981400.0,api
AUS,25454553,Gadarwara Super Thermal Power Project,,22.8618,78.8661,8508200.0,power,co2e_100yr,electricity-generation,IND,1600.0,9100300.0,api
AUS,8396590,Itezhi-tezhi District,,-15.92062628699992,25.894804533292948,8507616.676900001,forestry-and-land-use,co2e_100yr,net-forest-land,ZMB,85.33476603920936,98454113.27140003,api
AUS,1566519,Qian an Jiujiang Wire Co Ltd,,39.9540494731673,118.550105134219,8505105.302184543,manufacturing,co2e_100yr,iron-and-steel,CHN,6333098.360655737,4936189.4737860765,api
AUS,8370517,Tungussko-Chunskiy District,,60.98481750500005,101.82461018531902,8491194.55297,forestry-and-land-use,co2e_100yr,net-forest-land,RUS,162.5249800614517,1722586439.5371602,api
AUS,25451184,Maizuru power station,,35.5277,135.3423,8488700.0,power,co2e_100yr,electricity-generation,JPN,1800.0,10937400.0,api
AUS,1566604,Jiujiang Pinggang Iron and Steel Co Ltd,,29.7813481418631,116.27938542166,8483500.0,manufacturing,co2e_100yr,iron-and-steel,CHN,4699999.999999999,4465000.0,api
AUS,5028535,Berau Regency,,1.8051655290001345,117.13805689217726,8479909.000000002,forestry-and-land-use,co2e_100yr,forest-land-clearing,IDN,199.27511551962414,8479909.000000002,api
AUS,32440770,Tata Steel Meramandali steel plant,,20.7942396304886,85.2597979369664,8478290.319943538,manufacturing,co2e_100yr,iron-and-steel,IND,5510000.000000002,4008185.540756022,api
AUS,25448950,J H Campbell,,42.9103,-86.2007,8470800.0,power,co2e_100yr,electricity-generation,USA,1560.8,8761900.0,api
AUS,25450244,Stanwell power station,,-23.5102,150.32,8469300.0,power,co2e_100yr,electricity-generation,AUS,1460.0,8615200.0,api
AUS,3673011,Dongfang Xiwang aluminium plant,,40.5667636546456,110.127454283267,8467115.786999999,manufacturing,co2e_100yr,aluminum,CHN,780000.0000000001,740999.9999999998,api
AUS,25448885,Four Corners,,36.6881,-108.4791,8466600.0,power,co2e_100yr,electricity-generation,USA,1540.0,8965100.0,api
AUS,25454267,Kawai Thermal Power Project,,24.778,76.7371,8463900.0,power,co2e_100yr,electricity-generation,IND,1320.0,9382600.0,api
AUS,449532,Futtsu thermal power station,,35.3447,139.8349,8460900.0,power,co2e_100yr,electricity-generation,JPN,5334.0,20434000.0,api
AUS,25452952,Guixi power station,,28.2891,117.2235,8459800.0,power,co2e_100yr,electricity-generation,CHN,1880.0,8976300.0,api
AUS,1566774,Salzgitter Flachstahl steel plant,,52.1592527001596,10.4070470335969,8456275.937944729,manufacturing,co2e_100yr,iron-and-steel,DEU,5199999.999999999,4450671.546286699,api
AUS,1566526,Tangshan Ganglu Iron and Steel Co Ltd,,40.1832012090553,118.066356308566,8456205.753107723,manufacturing,co2e_100yr,iron-and-steel,CHN,5614000.0,4450634.606898802,api
AUS,5017049,Juara Municipality,,-11.229415795999897,-57.65257708192395,8450981.999999998,forestry-and-land-use,co2e_100yr,forest-land-clearing,BRA,109.98810961949103,8450981.999999998,api
AUS,25454271,Raikheda power station,,21.4499,81.8525,8449300.0,power,co2e_100yr,electricity-generation,IND,1370.0,9287500.0,api
AUS,32440769,JSW BPSL Jharsuguda steel plant,,21.7592076459837,84.0208371345283,8449000.529390574,manufacturing,co2e_100yr,iron-and-steel,IND,5000000.0,4550618.347183589,api
AUS,25450454,Misumi power station,,34.7797,131.9215,8446200.0,power,co2e_100yr,electricity-generation,JPN,2000.0,10902000.0,api
AUS,2796084,Busan South,,35.103503629007776,129.0866369935686,8444222.422009714,transportation,co2e_100yr,international-shipping,KOR,28650.0,19599019.373212475,api
AUS,3165823,Suvarnabhumi Airport,,13.6811,100.747002,8432191.128871782,transportation,co2e_100yr,international-aviation,THA,276845.0,2647596.2033539084,api
AUS,53059274,Wolfcamp Wet Gas NM,,32.20571561,-103.9389646,8429089.149345784,fossil-fuel-operations,co2e_100yr,oil-and-gas-production,USA,0.0,0.0,api
AUS,3621308,Ningbo Prefecture City,,29.724167824000148,121.43664649559892,8428080.691080077,transportation,co2e_100yr,road-transportation,CHN,40148.93890789804,32888079173.723946,api
AUS,25455190,Shenhua Jiujiang power station,,29.8266,116.376,8417600.0,power,co2e_100yr,electricity-generation,CHN,2104.0,11096600.0,api
AUS,53058454,Algeria_Illizi - Ghadames_Tight gas,,28.33008937,8.043041423,8414073.988327542,fossil-fuel-operations,co2e_100yr,oil-and-gas-production,DZA,0.0,0.0,api
AUS,25454507,Baradarha power station,,21.9114,83.1889,8403000.0,power,co2e_100yr,electricity-generation,IND,1200.0,8808000.0,api
AUS,8610940,Mestia District,,43.01131629900013,42.56422409312206,8381483.204519998,forestry-and-land-use,co2e_100yr,removals,GEO,269.0691763051983,77669438.11372,api
AUS,5017083,Peixoto de Azevedo Municipality,,-10.194253413999943,-53.53182691565188,8379373.0,forestry-and-land-use,co2e_100yr,forest-land-clearing,BRA,109.98810961949103,8379373.0,api
AUS,25451006,Qitaihe power station,,45.7604,131.0533,8377500.0,power,co2e_100yr,electricity-generation,CHN,1900.0,8952700.0,api
AUS,53059901,Russia_East Sakhalin - Central Sea of Okhotsk_LNG,,52.49250624,143.5919263,8366653.663842841,fossil-fuel-operations,co2e_100yr,oil-and-gas-transport,RUS,0.0,0.0,api
AUS,25450375,Yaomeng power station,,33.738,113.2419,8363200.0,power,co2e_100yr,electricity-generation,CHN,1840.0,8846500.0,api
AUS,449522,Higashi Niigata thermal power station,,38.0,139.2416,8356200.0,power,co2e_100yr,electricity-generation,JPN,4052.8,15534000.0,api
AUS,8650549,Jaedae Jaedepo District,,5.366122484500096,-8.531787862414122,8351640.705499998,forestry-and-land-use,co2e_100yr,removals,LBR,753.8534187236634,208583088.88043007,api
AUS,25453853,JSW Barmer Jalipa Kapurdi power station,,25.8949,71.3256,8350300.0,power,co2e_100yr,electricity-generation,IND,1080.0,6944100.0,api
AUS,25455958,Sulawesi Mining power station,,-2.8289,122.1556,8343500.0,power,co2e_100yr,electricity-generation,IDN,2080.0,8842600.0,api
AUS,3620830,Shijiazhuang Prefecture City,,38.09871864400003,114.60441859938248,8337417.2629336035,transportation,co2e_100yr,road-transportation,CHN,50137.10757383991,32596097372.198563,api
AUS,25449057,Fayette Power Project,,29.9172,-96.7506,8334800.0,power,co2e_100yr,electricity-generation,USA,1690.0,7601100.0,api
AUS,25457182,Inner Mongolia Shenglu power station,,38.3738,106.7737,8333100.0,power,co2e_100yr,electricity-generation,CHN,2000.0,10981400.0,api
AUS,25455295,Pingjiang power station,,28.8152,113.5249,8333100.0,power,co2e_100yr,electricity-generation,CHN,2000.0,10981400.0,api
AUS,719336,Guoneng Yueyang power station,,29.613,112.7546,8333100.0,power,co2e_100yr,electricity-generation,CHN,2000.0,10981400.0,api
AUS,25455729,Yulin Hengshan power station,,38.0337,109.4151,8333100.0,power,co2e_100yr,electricity-generation,CHN,2000.0,10981400.0,api
AUS,1752995,Inner Mongolia Changcheng power station,,38.2497,106.6579,8333100.0,power,co2e_100yr,electricity-generation,CHN,2000.0,10981400.0,api
AUS,25454305,Shanghai Caojing power station,,30.7607,121.4008,8333100.0,power,co2e_100yr,electricity-generation,CHN,2000.0,10981400.0,api
AUS,25453412,Cilacap Sumber power station,,-7.6858,109.0898,8329800.0,power,co2e_100yr,electricity-generation,IDN,2260.0,9608000.0,api
AUS,8255171,Manyinga District,,-13.082711523499938,24.315403503947543,8317672.499999998,forestry-and-land-use,co2e_100yr,forest-land-fires,ZMB,100.01652266616671,49358645.83349256,api
AUS,8182005,Division No. 16 Census Division,,57.65343093950005,-112.00000000049995,8313373.000000001,forestry-and-land-use,co2e_100yr,forest-land-fires,CAN,102.55426887170368,20944688.56237373,api
AUS,452297,Yanbu 3 power plant,,23.8606,38.3829,8302100.0,power,co2e_100yr,electricity-generation,SAU,3675.86,9327000.0,api
AUS,5020038,Mucajaí Municipality,,2.5257500000001016,-61.99566183115256,8285277.000000002,forestry-and-land-use,co2e_100yr,forest-land-clearing,BRA,109.98810961949103,8285277.000000002,api
AUS,5020007,Nova Mamoré Municipality,,-10.404892562499924,-64.77938325521316,8275585.5,forestry-and-land-use,co2e_100yr,forest-land-clearing,BRA,109.98810961949103,8275585.5,api
AUS,3144213,KIPIC Al-Zour Refinery,,28.71693,48.334567,8272164.080052108,fossil-fuel-operations,co2e_100yr,oil-and-gas-refining,KWT,615000.0,207921427.69,api
AUS,451590,Kawasaki thermal power station,,35.5134,139.7626,8264100.0,power,co2e_100yr,electricity-generation,JPN,3950.0,20696000.0,api
AUS,1566651,Shanxi Jianlong Industrial Co Ltd,,35.4126850575263,111.299870213618,8256932.834803147,manufacturing,co2e_100yr,iron-and-steel,CHN,4750000.000000001,4345754.123580604,api
AUS,16707,Shaanxi Caojiatan Coal Mine,,38.63476,109.85154,8255510.357444008,fossil-fuel-operations,co2e_100yr,coal-mining,CHN,25000000.0,18199999.72882392,api
AUS,3621382,Dongguan Prefecture City,,22.897632456500077,113.90154429969222,8254505.729451657,transportation,co2e_100yr,road-transportation,CHN,17500.50940841887,31957335044.88315,api
AUS,25451276,Nazarovskaya power station,,56.039,90.3456,8251600.0,power,co2e_100yr,electricity-generation,RUS,1373.0,7467100.0,api
AUS,8181943,Yaloké Sub-prefecture,,5.180139542000148,17.54407143793075,8241700.000000002,forestry-and-land-use,co2e_100yr,forest-land-fires,CAF,107.20483406932685,48051359.18665372,api
AUS,3644134,Wayne County,,42.24262046800006,-83.34409938562675,8229934.035024205,transportation,co2e_100yr,road-transportation,USA,24070.254119733723,25819293398.85372,api
AUS,3645876,King County,,47.43202250000011,-121.87371057522745,8225703.700647712,transportation,co2e_100yr,road-transportation,USA,28595.129114117644,25825877874.960335,api
AUS,25455562,Goseong Green power station,,34.9049,128.1254,8220800.0,power,co2e_100yr,electricity-generation,KOR,2080.0,10740600.0,api
AUS,53059039,Qatar_Widyan - North Arabian Gulf_Conventional onshore,,25.21250587,50.84351335,8219192.543043421,fossil-fuel-operations,co2e_100yr,oil-and-gas-production,QAT,0.0,0.0,api
AUS,8695004,Olenekskiy District,,68.41258239700011,113.50230572504825,8218725.795719997,forestry-and-land-use,co2e_100yr,removals,RUS,35.75400598373723,1137480018.50648,api
AUS,5028764,Musi Banyuasin Regency,,-2.4953551289998757,103.68474672862426,8215576.5,forestry-and-land-use,co2e_100yr,forest-land-clearing,IDN,199.27511551962414,8215576.5,api
AUS,53059469,Canada_West Canadian - Alberta_Tight gas AB,,54.81624341,-118.3758214,8202636.908790416,fossil-fuel-operations,co2e_100yr,oil-and-gas-transport,CAN,0.0,0.0,api
AUS,25452610,Puqi Xianning power station,,29.6652,113.873,8199800.0,power,co2e_100yr,electricity-generation,CHN,2660.0,9873300.0,api
AUS,8499333,Bundaberg Region,,-24.973116999999945,152.01195727686058,8190893.075859997,forestry-and-land-use,co2e_100yr,removals,AUS,259.4868352046258,154882662.48455,api
AUS,25451053,Huaneng Fuzhou power station,,25.9908,119.4816,8186400.0,power,co2e_100yr,electricity-generation,CHN,2020.0,9540800.0,api
AUS,8396597,Serenje District,,-13.190526740999898,30.17684800290418,8184173.716329999,forestry-and-land-use,co2e_100yr,net-forest-land,ZMB,117.07711097110976,116130609.71594995,api
AUS,8310366,Yanbian Korean Autonomous Prefecture,,43.23860359200012,129.42553882796713,8168095.149909999,forestry-and-land-use,co2e_100yr,net-forest-land,CHN,249.07677022817725,916644589.6583802,api
AUS,32267423,China,,36.555066531858685,103.88361230063248,8163611.803103609,manufacturing,co2e_100yr,chemicals,CHN,24681946.000000004,19208498.36024379,api
AUS,25450250,Azerbaijan thermal power plant,,40.781,46.9909,8160700.0,power,co2e_100yr,electricity-generation,AZE,2400.0,10668100.0,api
AUS,25454999,Ningdong Fangjiazhuang power station,,37.8376,106.6665,8159400.0,power,co2e_100yr,electricity-generation,CHN,2000.0,10752200.0,api
AUS,8352789,Mariscal Cáceres Province,,-7.223384141999901,-77.1185521031922,8152533.777039998,forestry-and-land-use,co2e_100yr,net-forest-land,PER,348.8826558322253,443858031.1033401,api
AUS,8319361,Lapland Region,,67.83882100000005,26.571651253107422,8152081.296950001,forestry-and-land-use,co2e_100yr,net-forest-land,FIN,84.42040493043592,591328374.85388,api
AUS,8560340,Altay Prefecture,,47.08596611050007,88.84823865274038,8148238.399620001,forestry-and-land-use,co2e_100yr,removals,CHN,23.235046011357976,193874170.25500998,api
AUS,25450595,Guohua Xuzhou power station,,34.3858,117.2576,8146800.0,power,co2e_100yr,electricity-generation,CHN,2000.0,10514900.0,api
AUS,53058900,Libya_Sirte_LNG,,29.26879584,19.43326901,8143388.69514469,fossil-fuel-operations,co2e_100yr,oil-and-gas-production,LBY,0.0,0.0,api
AUS,449128,Stavropolskaya GRES power plant,,45.3118,41.5131,8142700.0,power,co2e_100yr,electricity-generation,RUS,2423.0,10644000.0,api
AUS,8691048,Penzhinskiy District,,62.70414400000009,166.02510258431715,8137344.062319999,forestry-and-land-use,co2e_100yr,removals,RUS,31.112288310319247,350138870.8968701,api
AUS,25454372,Angul power station,,21.127,84.9806,8137200.0,power,co2e_100yr,electricity-generation,IND,1200.0,8637600.0,api
AUS,3931935,Greater London Administrative Area,,51.48933489050006,-0.1440311748955265,8133542.971984001,buildings,co2e_100yr,residential-onsite-fuel-usage,GBR,2685275645.5677605,77098044610.66573,api
AUS,8311415,Tierralta Municipality,,7.842975855500072,-76.2277796091347,8131597.426959998,forestry-and-land-use,co2e_100yr,net-forest-land,COL,409.4568001244297,174600232.0373,api
AUS,25452246,Mettur Thermal Power Station,,11.7692,77.8102,8130400.0,power,co2e_100yr,electricity-generation,IND,1440.0,8181400.0,api
AUS,451259,Henan Xin'an power station,,34.7413,112.0634,8130000.0,power,co2e_100yr,electricity-generation,CHN,1800.0,9883200.0,api
AUS,25454680,Shin Boryeong power station,,36.3846,126.4862,8116900.0,power,co2e_100yr,electricity-generation,KOR,2000.0,10477500.0,api
AUS,1566688,Shanxi Jinnan Iron and Steel Group Co Ltd,,35.6781971399801,111.514647072187,8104610.417532153,manufacturing,co2e_100yr,iron-and-steel,CHN,4799999.999999999,4265584.430280081,api
AUS,1566849,SAIL Bhilai steel plant,,21.1850719121147,81.3919548403863,8104416.6522021545,manufacturing,co2e_100yr,iron-and-steel,IND,6998999.999999998,4265482.448527451,api
AUS,25454022,Meja Thermal Power Project,,25.1459,81.9401,8104100.0,power,co2e_100yr,electricity-generation,IND,1320.0,9104500.0,api
AUS,4624639,Altay Prefecture,,47.08596611050007,88.84823865274038,8101259.471219998,forestry-and-land-use,co2e_100yr,net-shrubgrass,CHN,17.68873185921397,141422526.04851002,api
AUS,54502830,Jiayuguan Alumina Refinery,,39.85791,98.30272,8096192.876712328,manufacturing,co2e_100yr,aluminum,CHN,5967123.287671232,4773698.630136987,api
AUS,5069891,Douglas County,,43.32413101250006,-122.88857421310773,8092620.000000001,forestry-and-land-use,co2e_100yr,forest-land-clearing,USA,124.32943771015906,8092620.000000001,api
AUS,3620959,Wuxi Prefecture City,,31.56469154350006,120.32451439133604,8091228.274234996,transportation,co2e_100yr,road-transportation,CHN,24928.507534626176,31574607268.754124,api
AUS,53059441,Brazil_Santos_Deepwater,,-24.99738756,-42.83584196,8087506.365779754,fossil-fuel-operations,co2e_100yr,oil-and-gas-transport,BRA,0.0,0.0,api
AUS,25452673,Jinggangshan power station,,27.0469,115.0202,8085400.0,power,co2e_100yr,electricity-generation,CHN,1920.0,9463300.0,api
AUS,25452322,Haramachi power station,,37.6657,141.0148,8083900.0,power,co2e_100yr,electricity-generation,JPN,2000.0,10433900.0,api
AUS,25448913,Roxboro,,36.4833,-79.0731,8082300.0,power,co2e_100yr,electricity-generation,USA,2558.2,8414300.0,api
AUS,25455474,Yancheng Binhai power station,,34.3074,120.2469,8075000.0,power,co2e_100yr,electricity-generation,CHN,2000.0,10641400.0,api
AUS,3168316,Narita International Airport,,35.76858,140.388714,8073454.198758222,transportation,co2e_100yr,international-aviation,JPN,183477.0,2534957.564160898,api
AUS,32440589,Tianjin Iron and Steel Group Co Ltd,,39.0258986504915,117.502752268907,8071828.225190237,manufacturing,co2e_100yr,iron-and-steel,CHN,6649999.999999999,5713366.991879951,api
AUS,5051489,Ust'-Ilimskiy District,,58.01439476100015,102.89538421770322,8070465.5,forestry-and-land-use,co2e_100yr,forest-land-clearing,RUS,121.4364969169983,8070465.5,api
AUS,25452016,Huangdao power station,,36.0383,120.2194,8066800.0,power,co2e_100yr,electricity-generation,CHN,1585.0,8703000.0,api
AUS,8370314,Sovetskiy District,,61.44694519150018,63.95240178908125,8055493.718190002,forestry-and-land-use,co2e_100yr,net-forest-land,RUS,193.3163730102347,463167522.00766987,api
AUS,25454825,Zhejiang Taizhou-2 power station,,29.0133,121.6972,8055400.0,power,co2e_100yr,electricity-generation,CHN,2000.0,10396900.0,api
AUS,25455417,EMBA Hunutlu power station,,36.8161,35.8548,8049900.0,power,co2e_100yr,electricity-generation,TUR,1320.0,10371000.0,api
AUS,8194041,Wau District,,7.476000070500135,27.26900605153918,8036275.999999999,forestry-and-land-use,co2e_100yr,shrubgrass-fires,SSD,17.328581586846592,15249100.43385656,api
AUS,53059879,Qatar_Rub al Khali_Conventional shelf,,25.98055475,52.29534136,8032625.2092068475,fossil-fuel-operations,co2e_100yr,oil-and-gas-transport,QAT,0.0,0.0,api
AUS,4865322,Dudinka District,,70.24322120700006,89.93616919058259,8032150.691109997,forestry-and-land-use,co2e_100yr,net-shrubgrass,RUS,17.899202230242416,197118568.42350996,api
AUS,25451335,Sanjay Gandhi power station,,23.3057,81.0648,8023900.0,power,co2e_100yr,electricity-generation,IND,1340.0,7942500.0,api
AUS,3169506,Taiwan Taoyuan International Airport,,25.0777,121.233002,8019931.482442796,transportation,co2e_100yr,international-aviation,TWN,243049.0,2518152.1409507063,api
AUS,3900,North Karanpura power station,,23.8508,85.0124,8016800.0,power,co2e_100yr,electricity-generation,IND,1320.0,9006100.0,api
AUS,3620948,Nantong Prefecture City,,32.19624900800004,120.86895079254427,8015958.397155965,transportation,co2e_100yr,road-transportation,CHN,43610.41459662873,31342246650.63234,api
AUS,25451274,Krasnoyarsk GRES-2 power station,,56.1497,94.4817,8014800.0,power,co2e_100yr,electricity-generation,RUS,1274.0,6929000.0,api
AUS,16057,KPC Operation Coal Mine,,0.823979,117.599032,8013959.470090068,fossil-fuel-operations,co2e_100yr,coal-mining,IDN,74398647.77437893,53599999.99999998,api
AUS,8349798,Ijebu East Local Authority,,6.818290949500096,4.2409499789393355,8011850.475979999,forestry-and-land-use,co2e_100yr,net-forest-land,NGA,294.06848328622306,62556813.074,api
AUS,8345935,Funhalouro District,,-22.929524420999968,34.262474544299224,8008966.708179999,forestry-and-land-use,co2e_100yr,net-forest-land,MOZ,146.09815930323393,183756291.98812005,api
AUS,32441037,Cleveland-Cliffs Indiana Harbor steel plant,,41.6718778267409,-87.4356019169037,7998414.4995181905,manufacturing,co2e_100yr,iron-and-steel,USA,7253999.999999998,4506241.008588694,api
AUS,25453562,Beihai Bebuwan power station,,21.5822,109.5816,7988400.0,power,co2e_100yr,electricity-generation,CHN,1960.0,8860600.0,api
AUS,449584,Mary power station,,37.5003,61.8413,7986900.0,power,co2e_100yr,electricity-generation,TKM,3409.0,13093400.0,api
AUS,8162284,Manono Territory,,-7.4205415244999235,27.588914376913515,7984647.500000001,forestry-and-land-use,co2e_100yr,shrubgrass-fires,COD,39.637311355837255,15151133.769568708,api
AUS,5172697,Vaca Diez Province,,-11.192786529999836,-65.75762546404243,7980818.500000002,forestry-and-land-use,co2e_100yr,forest-land-degradation,BOL,124.30714351121098,53205456.66666669,api
AUS,5019998,Guajará-Mirim Municipality,,-11.321813616499922,-64.41706988603042,7971767.999999999,forestry-and-land-use,co2e_100yr,forest-land-clearing,BRA,109.98810961949103,7971767.999999999,api
AUS,57033240,CHN-Fuyang_ammonia,,32.9160539178019,115.701331527837,7968779.1626036875,manufacturing,co2e_100yr,chemicals,CHN,3159420.0000000005,2053809.0625267236,api
AUS,4622654,Yukon Territory,,64.82077483950002,-136.8059130990692,7967687.558989999,forestry-and-land-use,co2e_100yr,net-shrubgrass,CAN,72.3743989224979,1140740804.9581,api
AUS,1308818,Roma Province,,41.852222385000175,12.631950928605294,7964221.976712,buildings,co2e_100yr,residential-onsite-fuel-usage,ITA,1838188420.9006803,63471165925.13352,api
AUS,1566816,ArcelorMittal Dunkerque steel plant,,51.0379153539752,2.29612864454798,7957334.653428133,manufacturing,co2e_100yr,iron-and-steel,FRA,6750000.0,4188070.8702253327,api
AUS,5018161,Prainha Municipality,,-1.9195758194998973,-53.45381851172127,7956097.999999998,forestry-and-land-use,co2e_100yr,forest-land-clearing,BRA,109.98810961949103,7956097.999999998,api
AUS,53058509,Argentina_San Jorge_Conventional onshore,,-46.22324835,-68.27474749,7953574.9717995,fossil-fuel-operations,co2e_100yr,oil-and-gas-production,ARG,0.0,0.0,api
AUS,25452686,Yiyang power station,,28.5967,112.2686,7950100.0,power,co2e_100yr,electricity-generation,CHN,1920.0,8432400.0,api
AUS,8301062,Narrabri Area,,-30.327781676999905,149.5571584900702,7949712.27047,forestry-and-land-use,co2e_100yr,net-forest-land,AUS,203.3506552299164,115524165.32764001,api
AUS,53059842,Oman_Rub al Khali_Conventional onshore,,22.07836452,56.30801465,7944255.191079429,fossil-fuel-operations,co2e_100yr,oil-and-gas-transport,OMN,0.0,0.0,api
AUS,4929664,Northwest Arctic Borough,,66.86562750000007,-157.9620411767039,7943616.709219997,forestry-and-land-use,co2e_100yr,net-shrubgrass,USA,70.0985012410377,476499694.07620007,api
AUS,5017005,Aripuanã Municipality,,-10.103419206999916,-59.71789323111342,7929460.500000002,forestry-and-land-use,co2e_100yr,forest-land-clearing,BRA,109.98810961949103,7929460.500000002,api
AUS,1566924,Nippon Nagoya steel plant,,35.0289478646419,136.86710914077,7928548.732316461,manufacturing,co2e_100yr,iron-and-steel,JPN,5999999.999999999,4172920.3854297157,api
AUS,25455191,Shenhua Yongzhou power station,,26.5667,111.4927,7920300.0,power,co2e_100yr,electricity-generation,CHN,2100.0,10226000.0,api
AUS,53058534,Australia_Browse_LNG,,-13.69781536,123.2065501,7916425.725577855,fossil-fuel-operations,co2e_100yr,oil-and-gas-production,AUS,0.0,0.0,api
AUS,25457203,Leilongwan power station,,37.9254,109.1017,7902800.0,power,co2e_100yr,electricity-generation,CHN,2000.0,10981400.0,api
AUS,8161385,Etheridge Shire,,-18.563094138499906,143.7216709224552,7897040.999999999,forestry-and-land-use,co2e_100yr,forest-land-fires,AUS,120.90969421143886,26323470.901624803,api
AUS,53058652,China_North China_Conventional shelf,,38.80454412,119.3108103,7896355.746569096,fossil-fuel-operations,co2e_100yr,oil-and-gas-production,CHN,0.0,0.0,api
AUS,5018136,Moju Municipality,,-2.5353224134999266,-49.06018416473524,7894530.500000001,forestry-and-land-use,co2e_100yr,forest-land-clearing,BRA,109.98810961949103,7894530.500000001,api
AUS,1566541,Tangshan Donghai Iron and Steel Group Co Ltd,,39.7466721226454,118.62651654157,7894401.796055922,manufacturing,co2e_100yr,iron-and-steel,CHN,5499000.0,4154948.3137136437,api
AUS,3620947,Nanjing Prefecture City,,31.921612740000135,118.73958172945092,7891092.900044823,transportation,co2e_100yr,road-transportation,CHN,26544.14360164814,30768023034.295128,api
AUS,25451786,Gusinoozyorskaya power station,,51.2984,106.4841,7881400.0,power,co2e_100yr,electricity-generation,RUS,1244.0,6765600.0,api
AUS,8630644,Udaipur District,,24.458335876500087,73.67189643715872,7880010.665709998,forestry-and-land-use,co2e_100yr,removals,IND,59.972566172710536,34511657.56062,api
AUS,25454536,Guohua Shouguang power station,,37.2697,118.9067,7879900.0,power,co2e_100yr,electricity-generation,CHN,2000.0,10170300.0,api
AUS,8396986,Velasco Province,,-15.45555519999991,-60.87755103889528,7874807.07621,forestry-and-land-use,co2e_100yr,net-forest-land,BOL,306.7461888788302,1918460157.76908,api
AUS,25453381,Qianxi power station,,27.0517,106.1252,7871600.0,power,co2e_100yr,electricity-generation,CHN,1860.0,8093400.0,api
AUS,25453571,Chongqing Shuanghuai power station,,30.1611,106.5481,7868200.0,power,co2e_100yr,electricity-generation,CHN,1920.0,9208800.0,api
AUS,8172419,Cumaru do Norte Municipality,,-8.509149566499929,-51.37249199405182,7861204.999999999,forestry-and-land-use,co2e_100yr,forest-land-fires,BRA,79.87187030252272,27186057.565270573,api
AUS,25448977,H L Spurlock,,38.7,-83.8181,7853600.0,power,co2e_100yr,electricity-generation,USA,1608.5,8297400.0,api
AUS,8675061,La Convención Province,,-12.335359095499882,-72.77248295896567,7843964.586779998,forestry-and-land-use,co2e_100yr,removals,PER,376.3707165649582,1180077501.13281,api
AUS,3144154,Abu Dhabi Oil Refining Company Al-Ruwais Refinery,,24.12462,52.71988,7843838.034732872,fossil-fuel-operations,co2e_100yr,oil-and-gas-refining,ARE,837000.0,258805022.57999992,api
AUS,8320613,Mestia District,,43.01131629900013,42.56422409312206,7842319.915590002,forestry-and-land-use,co2e_100yr,net-forest-land,GEO,511.0790918600672,58912114.12345001,api
AUS,25451043,Ho-Ping power station,,24.3078,121.7635,7834700.0,power,co2e_100yr,electricity-generation,TWN,1320.0,8509300.0,api
AUS,45257082,Fuyang (Linquan) Chemical Complex,,33.0663112,115.282405,7825249.143459538,manufacturing,co2e_100yr,chemicals,CHN,2899999.999999999,2016816.789551427,api
AUS,25451555,Harbin-3 power station,,45.9663,126.6637,7824900.0,power,co2e_100yr,electricity-generation,CHN,1640.0,8305300.0,api
AUS,25452624,Map Ta Phut BLCP power station,,12.6435,101.1605,7813600.0,power,co2e_100yr,electricity-generation,THA,1434.0,8174200.0,api
AUS,3621094,Xi'an Prefecture City,,34.221096038500036,109.10897116291727,7810825.060576581,transportation,co2e_100yr,road-transportation,CHN,32033.786767237383,30693499899.936916,api
AUS,8215184,Sussundenga District,,-19.675827379499935,33.38249211071148,7807757.999999999,forestry-and-land-use,co2e_100yr,forest-land-fires,MOZ,100.21761594836289,46633863.36004595,api
AUS,8169604,Peixoto de Azevedo Municipality,,-10.194253413999943,-53.53182691565188,7806591.5,forestry-and-land-use,co2e_100yr,forest-land-fires,BRA,79.87187030252272,26997190.113672398,api
AUS,33999061,CHN-Dezhou_ammonia,,37.2439923419329,116.644993658832,7799290.903197438,manufacturing,co2e_100yr,chemicals,CHN,2890380.0,2010126.521442639,api
AUS,53059937,Saudi Arabia_Widyan - North Arabian Gulf_Acid/sour gas,,27.89459241,49.90391617,7794360.967576971,fossil-fuel-operations,co2e_100yr,oil-and-gas-transport,SAU,0.0,0.0,api
AUS,5051187,Selemdzhinskiy District,,52.72762298550012,132.33451630031823,7791101.499999998,forestry-and-land-use,co2e_100yr,forest-land-clearing,RUS,121.4364969169983,7791101.499999998,api
AUS,8299270,Cabinda Municipality|City Council,,-5.430243114499945,12.374566473343808,7789550.085200001,forestry-and-land-use,co2e_100yr,net-forest-land,AGO,369.338896804766,56629421.59851999,api
AUS,25455939,Beihai New Area Heating power station,,38.0172,117.9755,7786600.0,power,co2e_100yr,electricity-generation,CHN,1560.0,7977200.0,api
AUS,4404121,Shuaiba North and South power plants,,29.0341,48.1541,7784600.0,power,co2e_100yr,electricity-generation,KWT,1697.32,10786800.0,api
AUS,5020034,Cantá Municipality,,2.2953966490000823,-60.536611019167495,7779068.0,forestry-and-land-use,co2e_100yr,forest-land-clearing,BRA,109.98810961949103,7779068.0,api
AUS,25450530,Sual power station,,16.125,120.1006,7777600.0,power,co2e_100yr,electricity-generation,PHL,1294.0,8103100.0,api
AUS,8374608,Kalarskiy District,,56.805128098000125,118.31423306050098,7776454.85678,forestry-and-land-use,co2e_100yr,net-forest-land,RUS,95.8184825383711,300099693.26238006,api
AUS,25454656,Anuppur Thermal Power Project,,23.0664,81.7901,7774700.0,power,co2e_100yr,electricity-generation,IND,1260.0,8168200.0,api
AUS,25450366,Jinzhushan power station,,27.6253,111.4824,7768000.0,power,co2e_100yr,electricity-generation,CHN,1950.0,8231200.0,api
AUS,8215380,Gile District,,-15.878954409499926,38.41813906170394,7767318.0,forestry-and-land-use,co2e_100yr,forest-land-fires,MOZ,100.21761594836289,46392324.95244157,api
AUS,6889,Fu County power station,,35.8617,109.2146,7763600.0,power,co2e_100yr,electricity-generation,CHN,2000.0,10231000.0,api
AUS,53058734,Eagle Ford Dry Gas TX,,28.3915462,-98.92256386,7763580.095256997,fossil-fuel-operations,co2e_100yr,oil-and-gas-production,USA,0.0,0.0,api
AUS,448486,Tom-Usinskaya power station,,53.7814,87.5874,7758500.0,power,co2e_100yr,electricity-generation,RUS,1345.0,7314900.0,api
AUS,5022081,Wuzhou Prefecture City,,23.498437882000076,111.02946924778374,7756783.500000001,forestry-and-land-use,co2e_100yr,forest-land-clearing,CHN,92.36376965705226,7756783.500000001,api
AUS,3645999,Santa Clara County,,37.18848036850008,-121.72421440941808,7753852.727330928,transportation,co2e_100yr,road-transportation,USA,16841.03408154165,24499854059.29026,api
AUS,8550730,Division No. 3 Census Division,,47.96917725600014,-56.582833746662004,7752376.773009998,forestry-and-land-use,co2e_100yr,removals,CAN,147.89241820128532,301154714.68875,api
AUS,8182036,Bulkley-Nechako Regional District,,54.496032715500114,-125.82560082647828,7749376.5,forestry-and-land-use,co2e_100yr,forest-land-fires,CAN,102.55426887170368,19523757.366002675,api
AUS,5022590,Bumba Territory,,2.675380707500125,22.30072554834372,7745115.0,forestry-and-land-use,co2e_100yr,forest-land-clearing,COD,146.97787471139233,7745115.0,api
AUS,1566964,Qarmet steel plant,,50.0481524625171,73.0305158496423,7738369.572934132,manufacturing,co2e_100yr,iron-and-steel,KAZ,5999999.999999999,4072826.0910179643,api
AUS,8215244,Majune District,,-13.316209793499894,36.4591342273292,7731474.000000001,forestry-and-land-use,co2e_100yr,forest-land-fires,MOZ,100.21761594836289,46178237.34902489,api
AUS,43765022,Lanjigarh Alumina Refinery,,19.710732,83.398329,7731077.817179429,manufacturing,co2e_100yr,aluminum,IND,5000000.0,3060165.1858163113,api
AUS,25453817,Kamalanga power station,,20.8706,85.267,7713400.0,power,co2e_100yr,electricity-generation,IND,1050.0,7751200.0,api
AUS,8305504,Altamira Municipality,,-6.316830312499917,-54.262612400284326,7709405.443619997,forestry-and-land-use,co2e_100yr,net-forest-land,BRA,563.6574143345035,8678672401.35007,api
AUS,712914,Belews Creek,,36.2824,-80.0587,7702700.0,power,co2e_100yr,electricity-generation,USA,2220.0,10069700.0,api
AUS,8255207,Kasama District,,-10.53297628699994,31.016143746892837,7701344.999999998,forestry-and-land-use,co2e_100yr,forest-land-fires,ZMB,100.01652266616671,45701241.57888385,api
AUS,8570746,Ipiales Municipality,,0.6349690560001022,-77.33473361992036,7700899.965420001,forestry-and-land-use,co2e_100yr,removals,COL,301.7343729809213,44709474.459,api
AUS,1566631,Shiheng Special Steel Group Co Ltd,,36.2281573746257,116.528253073971,7686946.529426838,manufacturing,co2e_100yr,iron-and-steel,CHN,4650000.0,4045761.3312772834,api
AUS,25453984,Fuzhou power station,,27.7845,116.5644,7686300.0,power,co2e_100yr,electricity-generation,CHN,2000.0,10129600.0,api
AUS,25455161,Cenal power station,,40.4167,27.3183,7686000.0,power,co2e_100yr,electricity-generation,TUR,1320.0,9786600.0,api
AUS,16311,Grootegeluk Coal Mine,,-23.657141,27.566687,7685028.18329441,fossil-fuel-operations,co2e_100yr,coal-mining,ZAF,71344971.93289322,51399999.234080315,api
AUS,449217,Shiliquan power station,,34.8144,117.5731,7684600.0,power,co2e_100yr,electricity-generation,CHN,1920.0,8414400.0,api
AUS,448481,Doha East and Doha West power stations,,29.368,47.7914,7681900.0,power,co2e_100yr,electricity-generation,KWT,3703.5,10074800.0,api
AUS,8671611,Ijebu East Local Authority,,6.818290949500096,4.2409499789393355,7681726.463879999,forestry-and-land-use,co2e_100yr,removals,NGA,291.7201659892896,63270491.842299975,api
AUS,449475,Shahid Salimi power station,,36.8379,53.2589,7680300.0,power,co2e_100yr,electricity-generation,IRN,2213.8,10752900.0,api
AUS,8255232,Nsama District,,-8.81097628699993,29.938843661990283,7678312.999999998,forestry-and-land-use,co2e_100yr,forest-land-fires,ZMB,100.01652266616671,45564565.32349666,api
AUS,5055902,Mogochinskiy District,,53.74018478350011,119.9683633205583,7677401.000000002,forestry-and-land-use,co2e_100yr,forest-land-clearing,RUS,121.4364969169983,7677401.000000002,api
AUS,8181909,M'Baïki Sub-prefecture,,4.011528493000043,17.949671880439908,7672815.999999997,forestry-and-land-use,co2e_100yr,forest-land-fires,CAF,107.20483406932685,44734610.285390586,api
AUS,25452013,Shiheng-2 power station,,36.2123,116.5136,7671100.0,power,co2e_100yr,electricity-generation,CHN,1920.0,7971000.0,api
AUS,8192165,Asosa Zone,,9.931179523500134,34.55669215451608,7669278.499999998,forestry-and-land-use,co2e_100yr,forest-land-fires,ETH,52.749337130786834,40672830.127786286,api
AUS,5038017,El Cuá Municipality,,13.923425674000043,-85.16007405763452,7665358.999999999,forestry-and-land-use,co2e_100yr,forest-land-clearing,NIC,109.63109794260751,7665358.999999999,api
AUS,5051327,Bauntovskiy District,,54.43674087550005,113.67172988760962,7663807.999999998,forestry-and-land-use,co2e_100yr,forest-land-clearing,RUS,121.4364969169983,7663807.999999998,api
AUS,25454843,Inner Mongolia Xilin power station,,43.9844,116.1306,7662800.0,power,co2e_100yr,electricity-generation,CHN,1300.0,7137800.0,api
AUS,25453120,Bellary Thermal Power Station,,15.1932,76.7195,7657300.0,power,co2e_100yr,electricity-generation,IND,1700.0,8274900.0,api
AUS,25450209,Kothagudem Thermal Power Station,,17.6219,80.6936,7656400.0,power,co2e_100yr,electricity-generation,IND,1800.0,8124200.0,api
AUS,25449407,West County Energy Center,,26.6986,-80.3747,7649600.0,power,co2e_100yr,electricity-generation,USA,4263.0,20368800.0,api
AUS,4621476,Kweneng South Sub-district,,-24.041248321499893,24.21930654580006,7644408.275780001,forestry-and-land-use,co2e_100yr,net-shrubgrass,BWA,27.697318371187755,73332363.14345,api
AUS,8569184,Tierralta Municipality,,7.842975855500072,-76.2277796091347,7640714.476410001,forestry-and-land-use,co2e_100yr,removals,COL,383.1064255455775,176641207.91728997,api
AUS,5021535,Fraser-Fort George Regional District,,54.068441391500045,-121.81290228518674,7633863.0,forestry-and-land-use,co2e_100yr,forest-land-clearing,CAN,144.87411564442831,7633863.0,api
AUS,714528,Starobesheve power station,,47.8008,38.0054,7627900.0,power,co2e_100yr,electricity-generation,UKR,2010.0,7346600.0,api
AUS,4573236,Ashburton Shire,,-22.525238999999942,116.82473237615162,7624957.956379999,forestry-and-land-use,co2e_100yr,net-shrubgrass,AUS,15.135840910841225,142919501.07035998,api
AUS,25452667,Xuchang Yulong power station,,34.1751,113.3581,7616800.0,power,co2e_100yr,electricity-generation,CHN,2020.0,8877000.0,api
AUS,25454795,Atlas Enerji İskenderun power station,,36.6903,36.2091,7606400.0,power,co2e_100yr,electricity-generation,TUR,1200.0,8309500.0,api
AUS,25450436,Castle Peak power station,,22.3751,113.9205,7604400.0,power,co2e_100yr,electricity-generation,HKG,3060.0,7902000.0,api
AUS,5015633,Germán Busch Province,,-19.07554451749996,-58.40933990638696,7604188.000000001,forestry-and-land-use,co2e_100yr,forest-land-clearing,BOL,99.48493566700984,7604188.000000001,api
AUS,8317546,Eloy Alfaro Canton,,0.8408082430000547,-78.95560002435496,7604073.420940001,forestry-and-land-use,co2e_100yr,net-forest-land,ECU,380.4657458942224,161516556.12111,api
AUS,25454264,Pegadapalli (Jaipur Mandal) power station,,18.8271,79.5703,7597900.0,power,co2e_100yr,electricity-generation,IND,1200.0,7964100.0,api
AUS,8598558,Santo Domingo Canton,,-0.3409831669999335,-79.17421745212562,7587952.693180001,forestry-and-land-use,co2e_100yr,removals,ECU,190.2283706259001,64360993.93104001,api
AUS,32441018,Dragon Steel Taichung steel plant,,24.2281835155168,120.493721391134,7583946.592973,manufacturing,co2e_100yr,iron-and-steel,TWN,6080999.999999999,4635480.049375484,api
AUS,1566607,Tonghua Iron and Steel Co Ltd,,41.7780944194965,126.021399048944,7583640.906896234,manufacturing,co2e_100yr,iron-and-steel,CHN,4590000.0,3991389.9509980185,api
AUS,25455633,Dinginin power station,,14.4239,120.542,7583200.0,power,co2e_100yr,electricity-generation,PHL,1336.0,8366100.0,api
AUS,25454534,Guangdong Huizhou Pinghai power station,,22.6065,114.7419,7582200.0,power,co2e_100yr,electricity-generation,CHN,2000.0,9992200.0,api
AUS,4530059,Corumbá Municipality,,-19.05441780299995,-56.55964115252432,7579757.5,forestry-and-land-use,co2e_100yr,wetland-fires,BRA,52.261301460120634,25265858.33333334,api
AUS,25452773,Rosa Thermal Power Plant,,27.8194,79.9372,7571300.0,power,co2e_100yr,electricity-generation,IND,1200.0,7523800.0,api
AUS,53059219,Venezuela_Maracaibo_Heavy oil,,10.07443227,-71.40284619,7569612.89871243,fossil-fuel-operations,co2e_100yr,oil-and-gas-production,VEN,0.0,0.0,api
AUS,8567918,San Vicente del Caguán Municipality,,1.7562520500000858,-74.58413898660018,7562514.2873100005,forestry-and-land-use,co2e_100yr,removals,COL,347.8102423741789,662525362.9196701,api
AUS,8159423,Lagoa da Confusão Municipality,,-11.048180997499884,-50.21948025517513,7557481.500000002,forestry-and-land-use,co2e_100yr,shrubgrass-fires,BRA,44.029850981397615,14340572.106261857,api
AUS,8396617,Nyimba District,,-14.384926286999928,30.589098653285845,7556037.80499,forestry-and-land-use,co2e_100yr,net-forest-land,ZMB,118.63869207279468,106578445.85251002,api
AUS,25451445,Angul Smelter power station,,20.849,85.1902,7554000.0,power,co2e_100yr,electricity-generation,IND,1200.0,7292800.0,api
AUS,25454056,Guangdong Shaoguan power station,,24.5852,113.5823,7553800.0,power,co2e_100yr,electricity-generation,CHN,1860.0,8743400.0,api
AUS,8398336,Wyndham-East Kimberley Shire,,-15.538554499999863,127.10177071019228,7550740.747389998,forestry-and-land-use,co2e_100yr,net-forest-land,AUS,84.29933998485633,603843815.26735,api
AUS,25455403,New Neyveli Thermal Power Station,,11.59,79.4542,7548600.0,power,co2e_100yr,electricity-generation,IND,1000.0,6904800.0,api
AUS,25455978,Delong Nickel Phase II power station,,-3.8283,122.4662,7548300.0,power,co2e_100yr,electricity-generation,IDN,1840.0,7822300.0,api
AUS,8181941,Damara Sub-prefecture,,5.222083092500071,18.570666799668558,7547396.999999998,forestry-and-land-use,co2e_100yr,forest-land-fires,CAF,107.20483406932685,44003383.30335642,api
AUS,25453460,Huadian Xisaishan power station,,30.2031,115.1803,7544100.0,power,co2e_100yr,electricity-generation,CHN,2020.0,9253200.0,api
AUS,1566517,Tangshan Donghua Iron and Steel Enterprise Group Co Ltd,,39.4663389256675,118.254596568189,7538896.403511519,manufacturing,co2e_100yr,iron-and-steel,CHN,5054371.584699454,3967840.2123744837,api
AUS,53059669,Indonesia_Bintuni_LNG,,-2.332767979,133.1601164,7537659.237710715,fossil-fuel-operations,co2e_100yr,oil-and-gas-transport,IDN,0.0,0.0,api
AUS,25455162,Leizhou power station,,20.5116,109.828,7533100.0,power,co2e_100yr,electricity-generation,CHN,2000.0,9927200.0,api
AUS,8215349,Maravia District,,-14.866130351499915,31.981414015532348,7528768.5,forestry-and-land-use,co2e_100yr,forest-land-fires,MOZ,100.21761594836289,44967526.08090801,api
AUS,5018133,Medicilândia Municipality,,-3.1650587854999515,-53.217365853136776,7520542.5,forestry-and-land-use,co2e_100yr,forest-land-clearing,BRA,109.98810961949103,7520542.5,api
AUS,53058897,Libya_Murzuq_Conventional onshore,,26.49682581,11.9991112,7518515.805320842,fossil-fuel-operations,co2e_100yr,oil-and-gas-production,LBY,0.0,0.0,api
AUS,1897625,Lucky Cement Pezu Cement Plant,,32.2921092516743,70.7368286363354,7515324.2202375,manufacturing,co2e_100yr,cement,PAK,10250000.0,9565740.749999998,api
AUS,25455285,Lufeng Jiahuwan power station,,22.8325,115.9855,7513700.0,power,co2e_100yr,electricity-generation,CHN,2000.0,9901600.0,api
AUS,25449004,Scherer,,33.0606,-83.8075,7502600.0,power,co2e_100yr,electricity-generation,USA,2673.0,7974300.0,api
AUS,25452421,Obra Thermal Power Station,,24.4446,82.9803,7493500.0,power,co2e_100yr,electricity-generation,IND,1660.0,7863700.0,api
AUS,719532,Shenhua Qingyuan power station,,24.417,113.5409,7491500.0,power,co2e_100yr,electricity-generation,CHN,2000.0,9872600.0,api
AUS,1566539,Hebei Xinda Iron and Steel Group Co Ltd,,39.9021660555328,118.582529547916,7491279.079126568,manufacturing,co2e_100yr,iron-and-steel,CHN,5000000.0,3942778.4626981933,api
AUS,25454918,Chongqing Wanzhou power station,,30.6779,108.399,7487600.0,power,co2e_100yr,electricity-generation,CHN,2000.0,9867400.0,api
AUS,8234199,Abyyskiy District,,68.15612793000008,144.56440944147218,7486291.500000001,forestry-and-land-use,co2e_100yr,forest-land-fires,RUS,64.49278156444537,20330231.812492896,api
AUS,1566553,Henan Jiyuan Iron and Steel Group Co Ltd,,35.0876463588263,112.555507939483,7484071.723736622,manufacturing,co2e_100yr,iron-and-steel,CHN,5038000.0,3938985.1177561176,api
AUS,25454503,Jharsuguda CPP power station,,21.788,84.054,7480500.0,power,co2e_100yr,electricity-generation,IND,1215.0,7384000.0,api
AUS,449165,Riyadh 8 power plant,,24.5946,46.5718,7474200.0,power,co2e_100yr,electricity-generation,SAU,2099.0,10390600.0,api
AUS,8160211,Cuilo Municipality|City Council,,-8.010629176499918,19.681647139178242,7473771.0,forestry-and-land-use,co2e_100yr,forest-land-fires,AGO,117.74169939838069,42219577.10763189,api
AUS,25454286,Uchpinda power station,,21.8864,83.1208,7467200.0,power,co2e_100yr,electricity-generation,IND,1440.0,7518400.0,api
AUS,8255276,Kaoma District,,-14.515045165999908,24.59405492346279,7463336.999999998,forestry-and-land-use,co2e_100yr,forest-land-fires,ZMB,100.01652266616671,44288856.97519359,api
AUS,3167870,Adolfo Suárez Madrid–Barajas Airport,,40.493407,-3.572249,7462507.049674421,transportation,co2e_100yr,international-aviation,ESP,267587.0,2343128.260526434,api
AUS,3620811,Hefei Prefecture City,,32.06188774150013,117.45432882454426,7460035.835061653,transportation,co2e_100yr,road-transportation,CHN,25134.26509936516,29069059878.31277,api
AUS,8372276,Olenekskiy District,,68.41258239700011,113.50230572504825,7451486.669009999,forestry-and-land-use,co2e_100yr,net-forest-land,RUS,39.34863304350344,1047952890.5469202,api
AUS,32440419,Fujian Sanbao Steel Co Ltd,,24.6346284061221,117.60527063065,7447441.923234349,manufacturing,co2e_100yr,iron-and-steel,CHN,6296448.087431695,5069162.793161193,api
AUS,5032530,Sava Administrative Area,,-14.368137358499922,49.71492671975011,7446030.0,forestry-and-land-use,co2e_100yr,forest-land-clearing,MDG,141.55424566048592,7446030.0,api
AUS,8570796,San Juan de Pasto Municipality,,1.0456609130000913,-77.1832618938243,7444367.4285699995,forestry-and-land-use,co2e_100yr,removals,COL,135.2415910084079,13691718.89204,api
AUS,25451059,Yingkou power station,,40.3038,122.106,7441300.0,power,co2e_100yr,electricity-generation,CHN,1840.0,8789000.0,api
AUS,448239,CKI Lamma power station,,22.2189,114.1082,7440600.0,power,co2e_100yr,electricity-generation,HKG,3410.0,13260000.0,api
AUS,8255186,Mushindano District,,-12.10422550449988,27.20487113546273,7439311.000000002,forestry-and-land-use,co2e_100yr,forest-land-fires,ZMB,100.01652266616671,44146282.135321565,api
AUS,8508561,Bulloo Shire,,-27.82611656099993,142.647314526023,7436350.825700001,forestry-and-land-use,co2e_100yr,removals,AUS,17.05083122252081,124065970.51685,api
AUS,25450447,Kawagoe thermal power station,,35.0079,136.6873,7435500.0,power,co2e_100yr,electricity-generation,JPN,4802.0,16238700.0,api
AUS,8254959,Itezhi-tezhi District,,-15.92062628699992,25.894804533292948,7434628.0,forestry-and-land-use,co2e_100yr,forest-land-fires,ZMB,100.01652266616671,44118492.32531904,api
AUS,25454306,Datang Dongying power station,,38.1132,118.9102,7434400.0,power,co2e_100yr,electricity-generation,CHN,2000.0,9797300.0,api
AUS,4624324,Hulunbuir Prefecture City,,50.24089050400008,122.38733314984397,7431049.075140002,forestry-and-land-use,co2e_100yr,net-shrubgrass,CHN,19.90731663427194,188409258.79621994,api
AUS,25453395,Dengfeng-2 power station,,34.3927,113.1988,7430200.0,power,co2e_100yr,electricity-generation,CHN,1900.0,7879900.0,api
AUS,25450561,Mount Piper power station,,-33.3597,150.0331,7430100.0,power,co2e_100yr,electricity-generation,AUS,1390.0,7763000.0,api
AUS,3162715,Jiangjun Gebi No. 2 Coal Mine,,44.648912,90.152365,7423331.829328382,fossil-fuel-operations,co2e_100yr,coal-mining,CHN,30000000.000000004,21839999.674588703,api
AUS,8183383,Kenge Territory,,-5.1038169859998845,17.01770441593534,7421406.0,forestry-and-land-use,co2e_100yr,forest-land-fires,COD,111.09987074929762,24738021.794770636,api
AUS,8352749,Loreto Province,,-3.8446454989999097,-75.21861840426456,7418522.966529999,forestry-and-land-use,co2e_100yr,net-forest-land,PER,585.7494561354531,3958780526.203619,api
AUS,25449055,Mill Creek (KY),,38.0525,-85.9103,7418500.0,power,co2e_100yr,electricity-generation,USA,1717.2,7568100.0,api
AUS,8311966,Buenaventura Municipality,,3.6474105000000634,-76.97685087494708,7417450.989319998,forestry-and-land-use,co2e_100yr,net-forest-land,COL,436.5739438725777,277338226.76873004,api
AUS,5028765,Musi Rawas Regency,,-2.9513398404998834,102.83435896996886,7414757.000000001,forestry-and-land-use,co2e_100yr,forest-land-clearing,IDN,199.27511551962414,7414757.000000001,api
AUS,449531,Chiba thermal power station,,35.5646,140.1056,7411400.0,power,co2e_100yr,electricity-generation,JPN,4380.0,19431000.0,api
AUS,25451014,Huainan Luohe power station,,32.6846,117.0751,7411000.0,power,co2e_100yr,electricity-generation,CHN,1900.0,7859200.0,api
AUS,449082,Zainsk GRES power station,,55.2906,52.0226,7410300.0,power,co2e_100yr,electricity-generation,RUS,2205.0,9686600.0,api
AUS,8692175,Sochi District,,43.78583335950017,39.91865477127912,7405351.549309999,forestry-and-land-use,co2e_100yr,removals,RUS,557.3238514888789,206555417.65878007,api
AUS,5022586,Pangi Territory,,-3.131899476499939,26.617547846496215,7403441.999999999,forestry-and-land-use,co2e_100yr,forest-land-clearing,COD,146.97787471139233,7403441.999999999,api
AUS,5015826,Manicoré Municipality,,-6.787510566999913,-61.1096246295992,7396800.5,forestry-and-land-use,co2e_100yr,forest-land-clearing,BRA,109.98810961949103,7396800.5,api
AUS,1566711,Fujian Dadonghai Industrial Group Co Ltd plant,,25.7414640209899,119.590885879304,7386990.3197090095,manufacturing,co2e_100yr,iron-and-steel,CHN,4415415.300546447,3887889.6419521105,api
AUS,3620831,Tangshan Prefecture City,,39.734399796000105,118.17470565763819,7378207.768104847,transportation,co2e_100yr,road-transportation,CHN,48097.86187402912,28942080066.82984,api
AUS,25449143,Jim Bridger,,41.7378,-108.7875,7372600.0,power,co2e_100yr,electricity-generation,USA,2326.0,8376000.0,api
AUS,46885434,Adani Godda power station,,24.8141,87.1355,7367500.0,power,co2e_100yr,electricity-generation,IND,1600.0,9723800.0,api
AUS,8598583,Sucumbíos Canton,,0.3973187505000908,-77.66400127659327,7367316.79583,forestry-and-land-use,co2e_100yr,removals,ECU,241.2720964728381,34857911.17959,api
AUS,25455027,Lixin Banji power station,,32.8972,116.2426,7366100.0,power,co2e_100yr,electricity-generation,CHN,2000.0,9707300.0,api
AUS,8160772,Copo Department,,-25.947790145999903,-62.755824667521665,7349218.999999998,forestry-and-land-use,co2e_100yr,forest-land-fires,ARG,45.3240175026269,24497398.66792661,api
AUS,8181906,Sibut Sub-prefecture,,5.5334723,19.178590112401302,7347811.0,forestry-and-land-use,co2e_100yr,forest-land-fires,CAF,107.20483406932685,42839742.47990647,api
AUS,8174780,Sofia Administrative Area,,-15.282361030499938,48.15159214436167,7347293.000000002,forestry-and-land-use,co2e_100yr,shrubgrass-fires,MDG,35.09929500139098,13941732.557447055,api
AUS,25452447,Schwarze Pumpe power station,,51.5379,14.3535,7347100.0,power,co2e_100yr,electricity-generation,DEU,1600.0,7386500.0,api
AUS,4571115,Bulloo Shire,,-27.82611656099993,142.647314526023,7345480.822979999,forestry-and-land-use,co2e_100yr,net-shrubgrass,AUS,16.220886692400242,113418446.08407998,api
AUS,16533,Pingshuo East Coal Mine,,39.550649,112.442337,7342539.548765912,fossil-fuel-operations,co2e_100yr,coal-mining,CHN,25000000.000000004,18199999.72882392,api
AUS,14957,Anjialing Open-Pit Mine,,39.472723,112.410858,7342539.548765911,fossil-fuel-operations,co2e_100yr,coal-mining,CHN,25000000.0,18199999.72882392,api
AUS,8183564,Fizi Territory,,-4.178553819999905,28.80211582440886,7335499.5,forestry-and-land-use,co2e_100yr,forest-land-fires,COD,111.09987074929762,24451666.77399526,api
AUS,3672976,Qinghai Xining aluminium plant,,36.728569,101.747412456048,7327311.73875,manufacturing,co2e_100yr,aluminum,CHN,675000.0,641250.0,api
AUS,8155664,Cloncurry Shire,,-20.698484419999886,140.34627871355275,7320763.5,forestry-and-land-use,co2e_100yr,shrubgrass-fires,AUS,58.92091690835678,13891391.86855871,api
AUS,1567002,ArcelorMittal Dąbrowa Górnicza steel plant,,50.3402037458102,19.3116488426648,7319191.4,manufacturing,co2e_100yr,iron-and-steel,POL,5001000.0,3852206.0,api
AUS,8319677,Abanga-Bigné Department,,-0.25541649699991353,10.806296777438602,7318975.429180001,forestry-and-land-use,co2e_100yr,net-forest-land,GAB,809.1159724010694,724431478.3613601,api
AUS,8716055,Matanuska-Susitna Borough,,62.334373500000126,-148.2809322044966,7314989.6026,forestry-and-land-use,co2e_100yr,removals,USA,112.2511041932366,555925361.68405,api
AUS,8161465,Murweh Shire,,-26.136173247499922,146.36826389362022,7308999.0,forestry-and-land-use,co2e_100yr,forest-land-fires,AUS,120.90969421143886,24363330.83448659,api
AUS,4891791,Hobyo District,,5.878471851500107,48.14800798894649,7307509.818910002,forestry-and-land-use,co2e_100yr,net-shrubgrass,SOM,6.169283050545465,12477906.93368,api
AUS,8701163,Hobyo District,,5.878471851500107,48.14800798894649,7307490.943339997,forestry-and-land-use,co2e_100yr,removals,SOM,6.169467301513941,12480152.080449998,api
AUS,3621294,Wenzhou Prefecture City,,27.889031500000073,120.3286980855128,7300087.376311483,transportation,co2e_100yr,road-transportation,CHN,44700.77766996203,28636672536.726433,api
AUS,1753673,SK Ulsan Refinery,,35.500905,129.349261,7295436.356133625,fossil-fuel-operations,co2e_100yr,oil-and-gas-refining,KOR,781000.0,240244670.84,api
AUS,25450901,Hendrina power station,,-26.032,29.6016,7290700.0,power,co2e_100yr,electricity-generation,ZAF,2000.0,7018200.0,api
AUS,25449413,Elm Road Generating Station,,42.8492,-87.8336,7289200.0,power,co2e_100yr,electricity-generation,USA,1402.6,7891300.0,api
AUS,8716056,Nome Census Area,,64.79687500000011,-164.09505499999997,7286008.293329998,forestry-and-land-use,co2e_100yr,removals,USA,75.1453441551799,437689917.22122,api
AUS,3616996,São Paulo Municipality,,-23.68230799899993,-46.716985836778576,7282805.148625491,transportation,co2e_100yr,road-transportation,BRA,29519.877590576118,34830174407.38303,api
AUS,8560026,Yanbian Korean Autonomous Prefecture,,43.23860359200012,129.42553882796713,7266218.200799998,forestry-and-land-use,co2e_100yr,removals,CHN,246.2630135115881,920804463.2082697,api
AUS,8150938,Abel Iturralde Province,,-13.222690979999953,-68.06092678531375,7265672.499999999,forestry-and-land-use,co2e_100yr,shrubgrass-fires,BOL,25.555213183596397,13786854.83707753,api
AUS,1566753,Shandong Iron and Steel Group Yongfeng Lingang Co Ltd,,35.1401002599659,119.075537547515,7256599.084565107,manufacturing,co2e_100yr,iron-and-steel,CHN,4057377.049180328,3819262.6760868994,api
AUS,449459,Ramin power station,,31.5024,48.8834,7252200.0,power,co2e_100yr,electricity-generation,IRN,1863.0,9490200.0,api
AUS,447429,MA'ANSHAN-II,,31.7507,118.4797,7242700.0,power,co2e_100yr,electricity-generation,CHN,1320.0,7247600.0,api
AUS,8159577,Djemah Sub-prefecture,,6.993127823000094,25.278666832091183,7240935.5,forestry-and-land-use,co2e_100yr,shrubgrass-fires,CAF,35.99893657770569,13739915.586964408,api
AUS,15557,Suancigou Coal Mine,,39.705785,111.205624,7237401.379972022,fossil-fuel-operations,co2e_100yr,coal-mining,CHN,20000000.0,14559999.783059135,api
AUS,14987,Buertai Coal Mine,,39.481145,110.060652,7237401.379972021,fossil-fuel-operations,co2e_100yr,coal-mining,CHN,20000000.0,14559999.783059135,api
AUS,8205220,Melaky Administrative Area,,-17.748611449999913,44.98884210138532,7236892.500000002,forestry-and-land-use,co2e_100yr,forest-land-fires,MDG,108.8013356227793,24391586.70285354,api
AUS,25454564,Bander power station,,14.3293,80.1406,7236800.0,power,co2e_100yr,electricity-generation,IND,1320.0,8022000.0,api
AUS,25454703,Hezhou power station,,24.7361,111.3467,7234100.0,power,co2e_100yr,electricity-generation,CHN,2090.0,9339900.0,api
AUS,25453582,Mahan Super Thermal Power Project,,24.0087,82.417,7233400.0,power,co2e_100yr,electricity-generation,IND,1200.0,7678400.0,api
AUS,452710,High River power station,,36.1651,112.9616,7220300.0,power,co2e_100yr,electricity-generation,CHN,1320.0,6874500.0,api
AUS,8164868,Yacuma Province,,-13.782815143499901,-65.89576633486098,7219714.999999999,forestry-and-land-use,co2e_100yr,forest-land-fires,BOL,108.20941968320732,19426242.253665816,api
AUS,25454049,CPI Baicheng power station,,45.5263,122.7754,7214400.0,power,co2e_100yr,electricity-generation,CHN,1320.0,6934500.0,api
AUS,25451585,Novosibirsk-5 power station,,55.0055,83.0615,7213300.0,power,co2e_100yr,electricity-generation,RUS,1200.0,6390200.0,api
AUS,25451531,Tianjin Dagang power station,,38.7755,117.4933,7212100.0,power,co2e_100yr,electricity-generation,CHN,1314.0,7214900.0,api
AUS,3674449,Ascend Performance Materials LLC,,30.596678,-87.251977,7210311.781096907,manufacturing,co2e_100yr,other-chemicals,USA,1.0,1.0,api
AUS,3169063,San Francisco International Airport,,37.619806,-122.374821,7209714.607137152,transportation,co2e_100yr,international-aviation,USA,78796.0,2263754.785605239,api
AUS,8605495,Dola Department,,-2.4290765519999695,11.432151197995688,7204571.695250001,forestry-and-land-use,co2e_100yr,removals,GAB,308.72704029193443,103637952.36085004,api
AUS,3647957,City of Johannesburg District Municipality,,-26.214795112499928,27.919477828413577,7199024.988276174,transportation,co2e_100yr,road-transportation,ZAF,25699.055946335706,23232035695.493507,api
AUS,8691774,Nizhnevartovskiy District,,61.40367889400004,80.27759209181285,7197677.58712,forestry-and-land-use,co2e_100yr,removals,RUS,103.94552971555522,1177470752.14051,api
AUS,53058725,Denver Light Oil CO,,40.28464603,-104.582397,7193428.469511545,fossil-fuel-operations,co2e_100yr,oil-and-gas-production,USA,0.0,0.0,api
AUS,8575770,Buenaventura Municipality,,3.6474105000000634,-76.97685087494708,7175048.21017,forestry-and-land-use,co2e_100yr,removals,COL,432.36427853877166,279095915.4399799,api
AUS,25454452,Pingdingshan Luyang power station,,33.8219,113.0144,7170000.0,power,co2e_100yr,electricity-generation,CHN,2060.0,9256400.0,api
AUS,448400,Zhambyl GRES power station,,42.845,71.4769,7169700.0,power,co2e_100yr,electricity-generation,KAZ,1380.0,9372500.0,api
AUS,449026,Perm GRES power station,,58.4944,56.3516,7168900.0,power,co2e_100yr,electricity-generation,RUS,2514.0,11289000.0,api
AUS,1566525,Hebei Jinxi Iron and Steel Group Co Ltd,,40.2093985931339,118.221859080856,7167921.784195978,manufacturing,co2e_100yr,iron-and-steel,CHN,5000000.0,3772590.412734726,api
AUS,8605492,Abanga-Bigné Department,,-0.25541649699991353,10.806296777438602,7167018.63919,forestry-and-land-use,co2e_100yr,removals,GAB,801.7088925126419,731824707.3888801,api
AUS,25451787,Iriklinsk GRES power station,,51.754,58.8033,7158200.0,power,co2e_100yr,electricity-generation,RUS,2130.0,9357300.0,api
AUS,25453203,Jiangsu Zhenjiang power station,,32.1858,119.2709,7148500.0,power,co2e_100yr,electricity-generation,CHN,1540.0,7590900.0,api
AUS,4963554,Cacadu District Municipality,,-32.95295143049998,24.655665297370426,7147436.688709998,forestry-and-land-use,co2e_100yr,net-shrubgrass,ZAF,52.72764480507078,266230517.3936899,api
AUS,8255210,Lunte District District,,-9.833788444999927,30.25113293359781,7146129.999999999,forestry-and-land-use,co2e_100yr,forest-land-fires,ZMB,100.01652266616671,42406490.48758487,api
AUS,53059906,Russia_Nepa - Botuoba_Conventional onshore,,59.38119356,108.7400947,7139561.338099865,fossil-fuel-operations,co2e_100yr,oil-and-gas-transport,RUS,0.0,0.0,api
AUS,25454202,Mahatma Gandhi power station,,28.4881,76.3525,7137100.0,power,co2e_100yr,electricity-generation,IND,1320.0,7832100.0,api
AUS,8736371,Ashburton Shire,,-22.525238999999942,116.82473237615162,7130344.827460001,forestry-and-land-use,co2e_100yr,removals,AUS,15.820337800510575,158063390.44706997,api
AUS,53058476,Angola_Lower Congo_Conventional shelf,,-6.409531172,12.16121717,7127704.193313745,fossil-fuel-operations,co2e_100yr,oil-and-gas-production,AGO,0.0,0.0,api
AUS,25453998,Heshuyuan power station,,24.3924,116.2609,7125600.0,power,co2e_100yr,electricity-generation,CHN,1470.0,6668200.0,api
AUS,1753267,Marathon Galveston Bay Refinery,,29.374692,-94.933456,7124793.728778308,fossil-fuel-operations,co2e_100yr,oil-and-gas-refining,USA,633000.0,208762957.0,api
AUS,25452613,Maithon Right Bank Thermal Power Station,,23.8209,86.76,7123200.0,power,co2e_100yr,electricity-generation,IND,1050.0,7508100.0,api
AUS,8214946,Loikaw District,,19.511164665500132,97.38711542482592,7119061.999999999,forestry-and-land-use,co2e_100yr,forest-land-fires,MMR,105.57465871263598,16527140.33983622,api
AUS,718471,Van Phong power station,,12.4711,109.2883,7116100.0,power,co2e_100yr,electricity-generation,VNM,1432.0,7835500.0,api
AUS,25455986,Jinling power station,,32.1718,119.0198,7109000.0,power,co2e_100yr,electricity-generation,CHN,2060.0,9178000.0,api
AUS,1566676,Ningbo Iron and Steel Co Ltd,,29.9161612301233,121.875936509,7108489.854317874,manufacturing,co2e_100yr,iron-and-steel,CHN,3999000.0,3741310.449640986,api
AUS,25450528,Pagbilao power station,,13.8932,121.745,7107900.0,power,co2e_100yr,electricity-generation,PHL,1155.0,7232800.0,api
AUS,5072433,Gran Sabana Municipality,,5.147388219500072,-61.543638976091636,7101726.0,forestry-and-land-use,co2e_100yr,forest-land-clearing,VEN,126.55006182902827,7101726.0,api
AUS,25453170,Jiaozuo Danhe power station,,35.1885,112.8876,7099300.0,power,co2e_100yr,electricity-generation,CHN,2000.0,9864700.0,api
AUS,53058555,Bahrain_Widyan - North Arabian Gulf_Conventional onshore,,26.03463055,50.55793798,7092511.550457094,fossil-fuel-operations,co2e_100yr,oil-and-gas-production,BHR,0.0,0.0,api
AUS,8160207,Chitato Municipality|City Council,,-7.404201983499918,20.4598252367253,7092438.500000001,forestry-and-land-use,co2e_100yr,forest-land-fires,AGO,117.74169939838069,40065417.32839917,api
AUS,25451288,Belovskaya power station,,54.4449,86.4253,7089600.0,power,co2e_100yr,electricity-generation,RUS,1260.0,6852700.0,api
AUS,53058567,Bakken Wet Gas ND,,47.94911607,-103.0468824,7088690.085708094,fossil-fuel-operations,co2e_100yr,oil-and-gas-production,USA,0.0,0.0,api
AUS,8626068,Tolikara Regency,,-3.487994312999888,138.40038716380613,7086735.145929997,forestry-and-land-use,co2e_100yr,removals,IDN,518.9311763796799,187395364.47866,api
AUS,16401,Black Thunder Coal Mine,,43.66,-105.3,7077851.156909379,fossil-fuel-operations,co2e_100yr,coal-mining,USA,67082639.44460065,44309999.339790545,api
AUS,5015574,Moxos Province,,-15.32310334899989,-65.6641204861353,7076797.500000001,forestry-and-land-use,co2e_100yr,forest-land-clearing,BOL,99.48493566700984,7076797.500000001,api
AUS,8309744,Division No. 10 Census Division,,53.81199100000011,-63.78881705421114,7069238.988120001,forestry-and-land-use,co2e_100yr,net-forest-land,CAN,188.0778456681832,2793188014.7775598,api
AUS,15908,Gevra Coal Mine,,22.336312,82.545748,7065814.107249255,fossil-fuel-operations,co2e_100yr,coal-mining,IND,70000000.0,57454999.14385378,api
AUS,8183583,Gemena Territory,,3.43656706800013,19.708001539791546,7063850.5,forestry-and-land-use,co2e_100yr,forest-land-fires,COD,111.09987074929762,23546170.041633815,api
AUS,25453084,Sagardighi Thermal Power Station,,24.3688,88.104,7061700.0,power,co2e_100yr,electricity-generation,IND,1600.0,7324600.0,api
AUS,8701161,Gaalkacayo District,,7.047906399500164,47.93201255880517,7060402.510390002,forestry-and-land-use,co2e_100yr,removals,SOM,3.300844512385305,4746253.71302,api
AUS,4891777,Gaalkacayo District,,7.047906399500164,47.93201255880517,7060379.152889998,forestry-and-land-use,co2e_100yr,net-shrubgrass,SOM,3.300842281075316,4746230.98029,api
AUS,25454831,Chifeng Daban power station,,43.5896,118.7114,7057700.0,power,co2e_100yr,electricity-generation,CHN,1200.0,6461100.0,api
AUS,25453275,Koderma Thermal Power Station,,24.3915,85.5619,7053900.0,power,co2e_100yr,electricity-generation,IND,1000.0,7414300.0,api
AUS,8550724,Division No. 11 Census Division,,54.81807500000008,-60.546233313158226,7052161.784159998,forestry-and-land-use,co2e_100yr,removals,CAN,119.87079445598025,640143198.04534,api
AUS,447956,Kostolac power station,,44.7307,21.2114,7052000.0,power,co2e_100yr,electricity-generation,SRB,1360.0,6489400.0,api
AUS,25450975,Guangdong Shajiao power complex,,22.7478,113.6775,7051300.0,power,co2e_100yr,electricity-generation,CHN,1980.0,7352500.0,api
AUS,8695475,Ivdel' District,,61.058771133000135,61.135728923340594,7051035.15255,forestry-and-land-use,co2e_100yr,removals,RUS,229.4399068609312,557641391.3720199,api
AUS,8671980,Abua/Odual Local Authority,,4.845384500000051,6.532314979610321,7050398.189099998,forestry-and-land-use,co2e_100yr,removals,NGA,356.27715284930383,23517817.037199993,api
AUS,5032542,Atsinanana Administrative Area,,-19.000649452499886,48.87213611625015,7048739.499999999,forestry-and-land-use,co2e_100yr,forest-land-clearing,MDG,141.55424566048592,7048739.499999999,api
AUS,25450898,Camden power station,,-26.6215,30.0901,7042500.0,power,co2e_100yr,electricity-generation,ZAF,1600.0,6779400.0,api
AUS,448444,KOMIPO Incheon power station,,37.5109,126.609,7041700.0,power,co2e_100yr,electricity-generation,KOR,4874.07,17199000.0,api
AUS,25453545,Guangzhou Zhujiang power station,,22.8148,113.5678,7038900.0,power,co2e_100yr,electricity-generation,CHN,1280.0,7028100.0,api
AUS,8695013,Verkhnekolymskiy District,,65.92210006750008,150.58846559681155,7036466.5635899985,forestry-and-land-use,co2e_100yr,removals,RUS,58.12716553035777,376677653.65447,api
AUS,25454216,Cuddalore IL&FS power station,,11.5216,79.7518,7032100.0,power,co2e_100yr,electricity-generation,IND,1200.0,7682300.0,api
AUS,25453517,Nabinagar Thermal Power Project,,24.7051,84.0887,7030600.0,power,co2e_100yr,electricity-generation,IND,1000.0,7035100.0,api
AUS,25455275,Maoming Bohe power station,,21.441,111.2896,7012200.0,power,co2e_100yr,electricity-generation,CHN,2000.0,9240700.0,api
AUS,8370316,Surgutskiy District,,61.02735710200011,74.44233718801841,7010889.643499997,forestry-and-land-use,co2e_100yr,net-forest-land,RUS,182.41103831778787,707270717.84901,api
AUS,8575700,Planadas Municipality,,3.096457839500175,-75.85343776160265,7008520.768209998,forestry-and-land-use,co2e_100yr,removals,COL,164.02204678517057,25809592.005220007,api
AUS,8255121,Chama District,,-11.254284350499944,32.79119884737425,7006697.5,forestry-and-land-use,co2e_100yr,forest-land-fires,ZMB,100.01652266616671,41579071.59303492,api
AUS,8254990,Serenje District,,-13.190526740999898,30.17684800290418,7006207.999999999,forestry-and-land-use,co2e_100yr,forest-land-fires,ZMB,100.01652266616671,41576166.80721467,api
AUS,25454789,Ewenki power station,,48.73,119.9406,7004600.0,power,co2e_100yr,electricity-generation,CHN,1200.0,6706000.0,api
AUS,1566521,Tangshan Songting Iron and Steel Co Ltd,,39.9383757147729,118.573388843089,7004021.182859282,manufacturing,co2e_100yr,iron-and-steel,CHN,5000000.0,3686326.93834699,api
AUS,8557953,Tierra del Fuego Province,,-53.60031749499993,-69.09035669818425,7003998.460559999,forestry-and-land-use,co2e_100yr,removals,CHL,91.63807203143637,170309247.15491006,api
AUS,8367860,Bauntovskiy District,,54.43674087550005,113.67172988760962,7000828.978549999,forestry-and-land-use,co2e_100yr,net-forest-land,RUS,125.40353995915552,525987009.0651799,api
AUS,33999157,CHN-Zaozhuang_ammonia,,35.0328249849787,117.310051940638,6997942.217118804,manufacturing,co2e_100yr,chemicals,CHN,2593403.9999999995,1803593.3549275273,api
AUS,1566655,Pangang Group Xichang Steel and Vanadium Co Ltd,,27.7457858648316,102.20763182921,6996055.285478109,manufacturing,co2e_100yr,iron-and-steel,CHN,3899999.9999999995,3682134.3607779522,api
AUS,8208418,Mavinga Municipality|City Council,,-16.14233684599995,20.09016649623971,6986128.5,forestry-and-land-use,co2e_100yr,shrubgrass-fires,AGO,31.88744105491313,13256410.788950842,api
AUS,8183415,Kabinda Territory,,-6.075230358999901,24.611209198254873,6980328.500000001,forestry-and-land-use,co2e_100yr,forest-land-fires,COD,111.09987074929762,23267763.354768444,api
AUS,53058648,China_Junggar_Conventional onshore,,45.43773362,85.8509184,6980203.588606104,fossil-fuel-operations,co2e_100yr,oil-and-gas-production,CHN,0.0,0.0,api
AUS,53058459,Anandarko - Hugoton Dry Gas OK,,35.84606642,-98.68177891,6977487.659925728,fossil-fuel-operations,co2e_100yr,oil-and-gas-production,USA,0.0,0.0,api
AUS,25448897,Laramie River Station,,42.1089,-104.8825,6971700.0,power,co2e_100yr,electricity-generation,USA,1863.0,7319800.0,api
AUS,450555,Heshan power station,,23.8212,108.8672,6971500.0,power,co2e_100yr,electricity-generation,CHN,1330.0,7302700.0,api
AUS,25455675,Muguajie Gangue power station,,39.5469,112.312,6967500.0,power,co2e_100yr,electricity-generation,CHN,1320.0,6741000.0,api
AUS,8254957,Chitambo District,,-12.883483489999918,30.505634987774272,6956926.0,forestry-and-land-use,co2e_100yr,forest-land-fires,ZMB,100.01652266616671,41283718.074234836,api
AUS,1281249,Harbin Prefecture City,,45.367523194000086,127.40632494813303,6954327.752764001,buildings,co2e_100yr,residential-onsite-fuel-usage,CHN,5180412621.689038,63450746873.040276,api
AUS,4400377,Jack McDonough,,33.8239,-84.4758,6953400.0,power,co2e_100yr,electricity-generation,USA,2848.4,18197000.0,api
AUS,8194171,Central Greece Region,,38.7015380870001,22.525792551342526,6950509.0,forestry-and-land-use,co2e_100yr,forest-land-fires,GRC,64.70945705575343,17720701.20415339,api
AUS,1380511,Cook County,,41.814729690000064,-87.7521778458969,6948641.647066001,buildings,co2e_100yr,residential-onsite-fuel-usage,USA,3888500929.0275598,81032799841.79176,api
AUS,8241644,Manyoni District,,-6.406592368999951,34.51518156544434,6941388.500000001,forestry-and-land-use,co2e_100yr,forest-land-fires,TZA,63.06758313610766,39445891.83136611,api
AUS,25450594,Zhejiang Taizhou-1 power station,,28.6973,121.453,6936600.0,power,co2e_100yr,electricity-generation,CHN,1260.0,6918300.0,api
AUS,714707,Kosovo A power station,,42.6765,21.0859,6936500.0,power,co2e_100yr,electricity-generation,XKX,1325.0,6087000.0,api
AUS,38759213,Weiqiao Binzhou Public Heating power station,,37.3449,117.8913,6932900.0,power,co2e_100yr,electricity-generation,CHN,1320.0,7342700.0,api
AUS,448783,Gladstone power station,,-23.8507,151.2197,6931200.0,power,co2e_100yr,electricity-generation,AUS,1680.0,6851800.0,api
AUS,25453907,Jiutai power station,,44.1071,125.928,6929900.0,power,co2e_100yr,electricity-generation,CHN,1340.0,6664700.0,api
AUS,25450685,J-POWER Tachibana-wan power station,,33.8586,134.6513,6924900.0,power,co2e_100yr,electricity-generation,JPN,2100.0,8941100.0,api
AUS,8398023,Western Downs Region,,-26.806556701499943,150.5590008150625,6924214.157239997,forestry-and-land-use,co2e_100yr,net-forest-land,AUS,199.1241598356128,317062011.71022,api
AUS,8150908,Iténez Province,,-13.371724821999976,-63.18538526806759,6920565.5,forestry-and-land-use,co2e_100yr,shrubgrass-fires,BOL,25.555213183596397,13132002.844745187,api
AUS,8326224,Kutai Barat Regency,,0.1794836000000828,115.36125183100026,6912582.761730001,forestry-and-land-use,co2e_100yr,net-forest-land,IDN,498.3750283416704,1546409164.4086397,api
AUS,4573308,Broome Shire,,-18.21455099999997,122.67756157865206,6910959.562090001,forestry-and-land-use,co2e_100yr,net-shrubgrass,AUS,17.252815924074966,73293922.89916,api
AUS,712917,Marshall (NC),,35.5975,-80.9658,6906800.0,power,co2e_100yr,electricity-generation,USA,2119.0,7911400.0,api
AUS,25450606,Laibin power station,,23.6949,109.1629,6905000.0,power,co2e_100yr,electricity-generation,CHN,1320.0,7247600.0,api
AUS,25454254,Marwa power station,,22.0708,82.6022,6903500.0,power,co2e_100yr,electricity-generation,IND,1000.0,7166200.0,api
AUS,448777,Jinchang power station,,38.3752,102.0997,6901000.0,power,co2e_100yr,electricity-generation,CHN,1320.0,7247600.0,api
AUS,25453398,Bayanhua Jinshan power station,,44.9315,118.7083,6888400.0,power,co2e_100yr,electricity-generation,CHN,1200.0,6541100.0,api
AUS,8317682,Sucumbíos Canton,,0.3973187505000908,-77.66400127659327,6885065.159140001,forestry-and-land-use,co2e_100yr,net-forest-land,ECU,253.8518165879884,34296109.69669,api
AUS,53059006,Pakistan_Sulaiman Foldbelt_Conventional onshore,,29.60128926,69.66275079,6881206.23478245,fossil-fuel-operations,co2e_100yr,oil-and-gas-production,PAK,0.0,0.0,api
AUS,449461,Bandar Abbas power station,,27.1467,56.116,6880400.0,power,co2e_100yr,electricity-generation,IRN,1951.9,9753300.0,api
AUS,8350206,Abua/Odual Local Authority,,4.845384500000051,6.532314979610321,6876745.046719999,forestry-and-land-use,co2e_100yr,net-forest-land,NGA,366.5955913246633,22708421.335690003,api
AUS,447857,Ratchaburi (RATCHGEN) power station,,13.6024,99.8872,6875100.0,power,co2e_100yr,electricity-generation,THA,5045.0,15366000.0,api
AUS,8598096,Eloy Alfaro Canton,,0.8408082430000547,-78.95560002435496,6874768.239429999,forestry-and-land-use,co2e_100yr,removals,ECU,372.5846359538071,162537828.57784006,api
AUS,8169520,Marcelândia Municipality,,-10.922866172499937,-54.074503951194316,6871609.999999998,forestry-and-land-use,co2e_100yr,forest-land-fires,BRA,79.87187030252272,23763784.944685828,api
AUS,25454804,Hulunbuir Baorixile power station,,49.3482,119.7203,6869400.0,power,co2e_100yr,electricity-generation,CHN,1200.0,6576400.0,api
AUS,5015573,Marbán Province,,-15.564528617499889,-64.40228485461925,6862995.0,forestry-and-land-use,co2e_100yr,forest-land-clearing,BOL,99.48493566700984,6862995.0,api
AUS,25457204,Meixin captive power station,,34.9653,108.9758,6858500.0,power,co2e_100yr,electricity-generation,CHN,1400.0,7687000.0,api
AUS,8215171,Barue District,,-17.957118503999936,33.178077297249715,6854892.500000002,forestry-and-land-use,co2e_100yr,forest-land-fires,MOZ,100.21761594836289,40942626.57638772,api
AUS,8183247,Kaniama Territory,,-7.846235513499948,24.24521700839402,6852600.000000001,forestry-and-land-use,co2e_100yr,forest-land-fires,COD,111.09987074929762,22842001.6572123,api
AUS,8347024,Gile District,,-15.878954409499926,38.41813906170394,6848762.2589099975,forestry-and-land-use,co2e_100yr,net-forest-land,MOZ,200.7192801289429,156178151.05046004,api
AUS,5021529,Central Kootenay Regional District,,50.03211212200014,-117.48144830650598,6848489.0,forestry-and-land-use,co2e_100yr,forest-land-clearing,CAN,144.87411564442831,6848489.0,api
AUS,449903,Kirishi GRES power station,,59.4858,32.0489,6848400.0,power,co2e_100yr,electricity-generation,RUS,2508.0,10300600.0,api
AUS,16711,Xiaobaodang No.1 Coal Mine,,38.756195,109.893889,6847867.168269367,fossil-fuel-operations,co2e_100yr,coal-mining,CHN,20000000.0,14559999.783059135,api
AUS,25454093,Xinyang power station,,32.109,114.1409,6847500.0,power,co2e_100yr,electricity-generation,CHN,1940.0,8007100.0,api
AUS,8360217,Mayor Pablo Lagerenza District,,-20.145136831999935,-60.494139016434325,6845642.136420001,forestry-and-land-use,co2e_100yr,net-forest-land,PRY,128.61061980686978,398057550.56569,api
AUS,25455981,Baotou East Hope power station,,40.5953,109.7822,6843600.0,power,co2e_100yr,electricity-generation,CHN,1320.0,7048800.0,api
AUS,53058993,Norway_Voring_Conventional shelf,,65.23482614,7.40118662,6840500.005861856,fossil-fuel-operations,co2e_100yr,oil-and-gas-production,NOR,0.0,0.0,api
AUS,3644416,Saint Louis County,,38.64134979300002,-90.45527992025171,6840417.322934152,transportation,co2e_100yr,road-transportation,USA,20112.06848774635,21298913225.32589,api
AUS,3672995,"Yulin, Shanxi aluminium plant",,38.2851657,109.7290619,6838824.2895,manufacturing,co2e_100yr,aluminum,CHN,630000.0,598500.0,api
AUS,1566455,Usiminas Ipatinga steel plant,,-19.486774731616,-42.5442593108733,6834960.488640413,manufacturing,co2e_100yr,iron-and-steel,BRA,4999999.999999999,3597347.6256002174,api
AUS,5052817,Boguchanskiy District,,58.633598328500085,97.16532698141154,6829549.999999999,forestry-and-land-use,co2e_100yr,forest-land-clearing,RUS,121.4364969169983,6829549.999999999,api
AUS,3166963,Tokyo Haneda International Airport,,35.549678,139.786958,6826132.567518817,transportation,co2e_100yr,international-aviation,JPN,110299.0,2143315.111474639,api
AUS,53058665,China_Sichuan_Shale gas,,29.09375011,106.1440205,6820243.221262493,fossil-fuel-operations,co2e_100yr,oil-and-gas-production,CHN,0.0,0.0,api
AUS,3620848,Harbin Prefecture City,,45.367523194000086,127.40632494813303,6818934.251368401,transportation,co2e_100yr,road-transportation,CHN,45122.12111847887,26839849407.721848,api
AUS,8370454,Sochi District,,43.78583335950017,39.91865477127912,6814928.031320001,forestry-and-land-use,co2e_100yr,net-forest-land,RUS,614.5874368437914,196132123.50519994,api
AUS,8208661,Luquembo Municipality|City Council,,-10.990474223499945,17.570481209305356,6813213.5,forestry-and-land-use,co2e_100yr,shrubgrass-fires,AGO,31.88744105491313,12928298.835159637,api
AUS,1566518,Tangshan Ruifeng Iron and Steel Group Co Ltd,,39.4995161589342,118.273783093327,6806696.889204175,manufacturing,co2e_100yr,iron-and-steel,CHN,4500000.0,3582472.046949566,api
AUS,8372697,Ivdel' District,,61.058771133000135,61.135728923340594,6805059.883410002,forestry-and-land-use,co2e_100yr,net-forest-land,RUS,248.44627784970612,546751577.7016798,api
AUS,25451341,Bhusawal Thermal Power Station,,21.0498,75.8477,6804500.0,power,co2e_100yr,electricity-generation,IND,1210.0,6924000.0,api
AUS,18648409,"Zhejiang Petroleum & Chemical, Zhejiang, Zhoushan",,30.315957,121.959413,6803536.3216954,manufacturing,co2e_100yr,petrochemical-steam-cracking,CHN,4200000.0,3010829.0338000003,api
AUS,3620821,Baoding Prefecture City,,39.09996223450009,115.32562094205178,6801472.16892885,transportation,co2e_100yr,road-transportation,CHN,54174.57632998964,26626147682.742558,api
AUS,1567104,Cleveland-Cliffs Burns Harbor steel plant,,41.633167644455,-87.1310087775812,6800311.917865064,manufacturing,co2e_100yr,iron-and-steel,USA,5001000.0,3579111.535718455,api
AUS,8678206,Bulolo District,,-7.382534026999878,146.73267276263294,6799749.516880002,forestry-and-land-use,co2e_100yr,removals,PNG,535.6485069490728,470823919.4360699,api
AUS,5017068,Nova Maringá Municipality,,-12.75792007299998,-57.10438343861429,6799589.0,forestry-and-land-use,co2e_100yr,forest-land-clearing,BRA,109.98810961949103,6799589.0,api
AUS,3621312,Fuzhou Prefecture City,,25.99180600000011,119.10529411904133,6799273.965573871,transportation,co2e_100yr,road-transportation,CHN,40056.63250442433,26645587802.652866,api
AUS,3620926,Changsha Prefecture City,,28.256640434500103,113.22193956122203,6794944.041210623,transportation,co2e_100yr,road-transportation,CHN,28636.422282319367,26453551118.01041,api
AUS,4404318,Hengyun-C & Hengyun-D power stations,,23.0655,113.4982,6794900.0,power,co2e_100yr,electricity-generation,CHN,2000.0,8193100.0,api
AUS,25451552,Zhunger power station,,39.8543,111.2559,6792200.0,power,co2e_100yr,electricity-generation,CHN,1320.0,6404600.0,api
AUS,25453999,Huolinhe power station,,45.5078,119.6505,6790700.0,power,co2e_100yr,electricity-generation,CHN,1200.0,6217000.0,api
AUS,5022652,Isangi Territory,,0.3566719290000719,24.061624655644124,6774545.5,forestry-and-land-use,co2e_100yr,forest-land-clearing,COD,146.97787471139233,6774545.5,api
AUS,716031,Chongqing Relocation power station,,28.8445,106.7732,6754400.0,power,co2e_100yr,electricity-generation,CHN,1395.5,7514200.0,api
AUS,1281442,Tianjin Municipality,,39.4071369185001,117.35753768721537,6753775.239552001,buildings,co2e_100yr,residential-onsite-fuel-usage,CHN,7129831490.340121,87327625557.68735,api
AUS,8326603,Yahukimo Regency,,-4.386882781499935,139.4072265185348,6746569.63772,forestry-and-land-use,co2e_100yr,net-forest-land,IDN,573.896160709249,772743035.5,api
AUS,8243663,Tehama County,,40.125246048500145,-122.21217793936822,6744001.000000001,forestry-and-land-use,co2e_100yr,forest-land-fires,USA,87.53407830318547,17243493.2925479,api
AUS,5022650,Basoko Territory,,1.6773366930000577,23.898391479735288,6743977.500000001,forestry-and-land-use,co2e_100yr,forest-land-clearing,COD,146.97787471139233,6743977.500000001,api
AUS,25457168,Nanyang Neixiang power station,,33.0864,111.9,6743500.0,power,co2e_100yr,electricity-generation,CHN,2000.0,8886700.0,api
AUS,8208613,Cambulo Municipality|City Council,,-7.928492307499879,21.442223419723753,6739197.0,forestry-and-land-use,co2e_100yr,shrubgrass-fires,AGO,31.88744105491313,12787850.068842161,api
AUS,8181895,Obo Sub-prefecture,,5.558277368500143,26.53096368378986,6731691.5,forestry-and-land-use,co2e_100yr,forest-land-fires,CAF,107.20483406932685,39247597.72865351,api
AUS,8568355,Inzá Municipality,,2.5191363100000785,-76.08589546468556,6730859.5273,forestry-and-land-use,co2e_100yr,removals,COL,114.30359918622376,9349845.893649999,api
AUS,8181920,Bangassou Sub-prefecture,,5.10820746400006,23.28613991095156,6730843.499999999,forestry-and-land-use,co2e_100yr,forest-land-fires,CAF,107.20483406932685,39242653.657334454,api
AUS,8150913,Yacuma Province,,-13.782815143499901,-65.89576633486098,6729438.5,forestry-and-land-use,co2e_100yr,shrubgrass-fires,BOL,25.555213183596397,12769333.015566114,api
AUS,8311683,Ipiales Municipality,,0.6349690560001022,-77.33473361992036,6724121.933820001,forestry-and-land-use,co2e_100yr,net-forest-land,COL,326.7512061470102,43708769.12730002,api
AUS,450095,Riyadh 10 power plant,,24.4165,47.017,6720000.0,power,co2e_100yr,electricity-generation,SAU,3540.0,8982200.0,api
AUS,8396687,Kaoma District,,-14.515045165999908,24.59405492346279,6717103.347289998,forestry-and-land-use,co2e_100yr,net-forest-land,ZMB,142.3878569833076,108768928.90921998,api
AUS,25452021,Qingdao power station,,36.1124,120.3295,6714800.0,power,co2e_100yr,electricity-generation,CHN,1270.0,6973100.0,api
AUS,8670243,Windhoek Rural Constituency,,-22.909512519499913,17.092186087149717,6713506.993449997,forestry-and-land-use,co2e_100yr,removals,NAM,30.096569664959546,106379967.06009002,api
AUS,32437866,Jinfeng Cement Plant,,31.3852071365067,119.295366914756,6703458.560997349,manufacturing,co2e_100yr,cement,CHN,20000000.0,10132192.504530454,api
AUS,4766955,Windhoek Rural Constituency,,-22.909512519499913,17.092186087149717,6700271.4834199995,forestry-and-land-use,co2e_100yr,net-shrubgrass,NAM,29.983486829082647,105613596.56482996,api
AUS,3643157,Palm Beach County,,26.64597250000014,-80.46389622642766,6698565.334188016,transportation,co2e_100yr,road-transportation,USA,18590.30401530342,20424345627.249336,api
AUS,8376990,Wau District,,7.476000070500135,27.26900605153918,6693396.908059998,forestry-and-land-use,co2e_100yr,net-forest-land,SSD,40.58984620792282,83503046.40682,api
AUS,8310976,Murindó Municipality,,6.831729411500078,-76.70153626079801,6692775.747279998,forestry-and-land-use,co2e_100yr,net-forest-land,COL,379.4121962623288,43679474.31015,api
AUS,8215391,Mocuba District,,-16.851036071499948,36.878776867768536,6692310.499999999,forestry-and-land-use,co2e_100yr,forest-land-fires,MOZ,100.21761594836289,39971563.337388374,api
AUS,5022649,Banalia Territory,,1.495229721000129,25.192223526543128,6691778.999999999,forestry-and-land-use,co2e_100yr,forest-land-clearing,COD,146.97787471139233,6691778.999999999,api
AUS,1567024,Evraz NTMK steel plant,,57.9205775144595,60.0238720434123,6691558.910214479,manufacturing,co2e_100yr,iron-and-steel,RUS,4399999.999999999,3521873.1106391987,api
AUS,25455940,Weiqiao Yangxin power station,,37.5765,117.5993,6683000.0,power,co2e_100yr,electricity-generation,CHN,1320.0,6960500.0,api
AUS,8183389,Bagata Territory,,-3.9293659924999242,17.964899518160934,6682445.499999999,forestry-and-land-use,co2e_100yr,forest-land-fires,COD,111.09987074929762,22274819.949395973,api
AUS,25454806,Shenhuo Zhundong power station,,44.8955,89.05,6676400.0,power,co2e_100yr,electricity-generation,CHN,1400.0,7483000.0,api
AUS,8675095,Satipo Province,,-11.580546854999936,-74.19909135262016,6665334.756110001,forestry-and-land-use,co2e_100yr,removals,PER,389.328585923528,749469468.19394,api
AUS,25453948,Vallur Thermal Power Plant,,13.2371,80.3018,6665000.0,power,co2e_100yr,electricity-generation,IND,1500.0,7005500.0,api
AUS,25449027,Baldwin Energy Complex,,38.205,-89.8544,6661400.0,power,co2e_100yr,electricity-generation,USA,1259.6,6998300.0,api
AUS,718119,Wangting power station,,31.4444,120.437,6658300.0,power,co2e_100yr,electricity-generation,CHN,2100.0,10498700.0,api
AUS,8214944,Bawlake District,,18.963795662500075,97.34654047539883,6657643.5,forestry-and-land-use,co2e_100yr,forest-land-fires,MMR,105.57465871263598,15455941.872271713,api
AUS,8345644,Hkamti District,,25.8307304380001,95.56664909257228,6655058.142180002,forestry-and-land-use,co2e_100yr,net-forest-land,MMR,506.754552292172,1587586619.6086695,api
AUS,5015801,Borba Municipality,,-5.33057278499993,-59.23739701257382,6653604.999999999,forestry-and-land-use,co2e_100yr,forest-land-clearing,BRA,109.98810961949103,6653604.999999999,api
AUS,708851,Changtan Surface Coal Mine,,39.606749,111.187715,6653100.062418038,fossil-fuel-operations,co2e_100yr,coal-mining,CHN,20000000.0,14559999.783059135,api
AUS,53059965,Spraberry Lower Light Oil TX,,31.95319952,-101.8681182,6653020.753781838,fossil-fuel-operations,co2e_100yr,oil-and-gas-transport,USA,0.0,0.0,api
AUS,3621126,Jinan Prefecture City,,36.77742958100012,117.27217820871337,6652882.308485879,transportation,co2e_100yr,road-transportation,CHN,30100.788339493956,25976090760.930386,api
AUS,8208497,Quibala Municipality|City Council,,-10.759948253499942,15.367316442960103,6645639.0,forestry-and-land-use,co2e_100yr,shrubgrass-fires,AGO,31.88744105491313,12610320.65743888,api
AUS,1921443,Black Point power station,,22.4138,113.911,6639000.0,power,co2e_100yr,electricity-generation,HKG,3850.0,17994000.0,api
AUS,8208637,Dala Municipality|City Council,,-10.90871190999988,20.31075346284992,6638125.499999998,forestry-and-land-use,co2e_100yr,shrubgrass-fires,AGO,31.88744105491313,12596063.541718386,api
AUS,25450513,Petacalco power station,,17.9837,-102.1154,6633500.0,power,co2e_100yr,electricity-generation,MEX,2778.0,6807900.0,api
AUS,25452506,Xiamen Songyu power station,,24.4461,118.0268,6630500.0,power,co2e_100yr,electricity-generation,CHN,1200.0,6588800.0,api
AUS,53058862,Iraq_Widyan - North Arabian Gulf_Acid/sour gas,,30.60556644,47.44947397,6629425.413991354,fossil-fuel-operations,co2e_100yr,oil-and-gas-production,IRQ,0.0,0.0,api
AUS,8215281,Sanga District,,-12.283310412999896,35.47821796382114,6619842.999999998,forestry-and-land-use,co2e_100yr,forest-land-fires,MOZ,100.21761594836289,39538732.36426598,api
AUS,8311707,San Juan de Pasto Municipality,,1.0456609130000913,-77.1832618938243,6618278.397979998,forestry-and-land-use,co2e_100yr,net-forest-land,COL,150.1258035224097,11805250.515449999,api
AUS,719695,Weiqiao Aluminum power station,,36.8961,117.7873,6617900.0,power,co2e_100yr,electricity-generation,CHN,1320.0,7247600.0,api
AUS,447820,Cairo West II power plant,,30.1384,31.1666,6616600.0,power,co2e_100yr,electricity-generation,EGY,2010.0,8649500.0,api
AUS,25451004,Hanfeng power station,,36.4718,114.1516,6616000.0,power,co2e_100yr,electricity-generation,CHN,1320.0,6898800.0,api
AUS,8215352,Moatize District,,-16.010541915499914,33.9155493004384,6612154.999999999,forestry-and-land-use,co2e_100yr,forest-land-fires,MOZ,100.21761594836289,39492813.78667788,api
AUS,25453146,Hai Phong Thermal Power Station,,20.9418,106.759,6607600.0,power,co2e_100yr,electricity-generation,VNM,1200.0,6566300.0,api
AUS,25452248,Tuticorin Thermal Power Station,,8.7625,78.176,6606200.0,power,co2e_100yr,electricity-generation,IND,1050.0,6384700.0,api
AUS,53058709,Delaware Light Oil NM,,32.609745635,-103.77065625,6605607.58187303,fossil-fuel-operations,co2e_100yr,oil-and-gas-production,USA,0.0,0.0,api
AUS,1567051,U. S. Steel Košice steel plant,,48.6180786650025,21.2007731678896,6603856.373868046,manufacturing,co2e_100yr,iron-and-steel,SVK,4500000.0,3475713.8809831813,api
AUS,8302666,Corumbá Municipality,,-19.05441780299995,-56.55964115252432,6602544.459800001,forestry-and-land-use,co2e_100yr,net-forest-land,BRA,150.9910786758214,348358983.07244,api
AUS,25454670,Muthukur Mandal power station (Painampuram),,14.3518,80.1451,6601300.0,power,co2e_100yr,electricity-generation,IND,1320.0,7317500.0,api
AUS,448746,Yongji power station,,34.856,110.4707,6600700.0,power,co2e_100yr,electricity-generation,CHN,1300.0,7137800.0,api
AUS,447762,Vales Point power station,,-33.161,151.5453,6593300.0,power,co2e_100yr,electricity-generation,AUS,1320.0,6875000.0,api
AUS,25454021,Kalisindh Thermal Power Station,,24.5325,76.1004,6587700.0,power,co2e_100yr,electricity-generation,IND,1200.0,7269200.0,api
AUS,8309607,Bamingui Sub-prefecture,,7.90236210850014,20.040489568749123,6587579.406009998,forestry-and-land-use,co2e_100yr,net-forest-land,CAF,67.36885578554141,134766486.78397,api
AUS,53059712,Israel_Sinai - Levant_LNG,,32.98238129,33.63262205,6586984.37136104,fossil-fuel-operations,co2e_100yr,oil-and-gas-transport,ISR,0.0,0.0,api
AUS,43765050,Pinjarra Alcoa Alumina Refinery,,-32.646704,115.946443,6585186.869999999,manufacturing,co2e_100yr,aluminum,AUS,5000000.0,3749999.9999999995,api
AUS,38467506,"Changsheng Caichi Co., Ltd., Leping City",,29.189179,117.45901,6584653.698014469,manufacturing,co2e_100yr,lime,CHN,10000000.000513403,5300950.948831517,api
AUS,8396910,General José Ballivián Province,,-13.903712388999875,-67.01416259233619,6582322.864579999,forestry-and-land-use,co2e_100yr,net-forest-land,BOL,389.8033633297996,741768150.5492101,api
AUS,5021549,Stikine Region,,58.00003814700014,-127.9340425387323,6581650.5,forestry-and-land-use,co2e_100yr,forest-land-clearing,CAN,144.87411564442831,6581650.5,api
AUS,5028503,Sanggau Regency,,0.35209635000012435,110.55868327527853,6581056.500000002,forestry-and-land-use,co2e_100yr,forest-land-clearing,IDN,199.27511551962414,6581056.500000002,api
AUS,25449237,Shawnee,,37.1517,-88.775,6580900.0,power,co2e_100yr,electricity-generation,USA,1575.0,6266100.0,api
AUS,3644714,Suffolk County,,40.90262200000008,-72.87708299999997,6578930.989371739,transportation,co2e_100yr,road-transportation,USA,26727.468329820666,20594495632.945534,api
AUS,8206941,Gert Sibande District Municipality,,-26.608929633499912,29.6420831790999,6578569.999999999,forestry-and-land-use,co2e_100yr,shrubgrass-fires,ZAF,42.07611127109017,12483054.980568323,api
AUS,3620822,Cangzhou Prefecture City,,38.2054137195001,116.84429797605713,6573170.871492903,transportation,co2e_100yr,road-transportation,CHN,53174.21756578236,25661882128.87788,api
AUS,1566497,Jiugang Group Yuzhong Iron and Steel Co Ltd,,36.0284161399466,104.051571495266,6571623.852082825,manufacturing,co2e_100yr,iron-and-steel,CHN,3999999.9999999995,3458749.395833066,api
AUS,8690090,Pinezhskiy District,,64.18701576550006,44.510056100461654,6565937.651769999,forestry-and-land-use,co2e_100yr,removals,RUS,210.16659068712863,651207455.3346901,api
AUS,25455503,Xinjiang Jiarun power station,,44.3122,86.4185,6564700.0,power,co2e_100yr,electricity-generation,CHN,1400.0,7165700.0,api
AUS,25454585,Nghi Son coal power station,,19.3158,105.8003,6564400.0,power,co2e_100yr,electricity-generation,VNM,1920.0,6976300.0,api
AUS,4406800,Jizan IGCC power plant,,17.2775,42.3626,6561400.0,power,co2e_100yr,electricity-generation,SAU,3850.0,19100000.0,api
AUS,4406492,Hassyan Clean-Coal Power Project,,24.9115,54.9155,6560900.0,power,co2e_100yr,electricity-generation,ARE,2400.0,8576700.0,api
AUS,53059001,Oman_Rub al Khali_Tight gas,,21.39826872,56.18584819,6555242.50114667,fossil-fuel-operations,co2e_100yr,oil-and-gas-production,OMN,0.0,0.0,api
AUS,25449086,Gerald Gentleman,,41.0808,-101.1408,6547100.0,power,co2e_100yr,electricity-generation,USA,1362.6,6901800.0,api
AUS,8565885,Murindó Municipality,,6.831729411500078,-76.70153626079801,6532971.14562,forestry-and-land-use,co2e_100yr,removals,COL,364.2132290396929,44570657.76488,api
AUS,53059666,India_Krishna - Godavari_Deepwater,,16.20697051,82.39143452,6528415.059958756,fossil-fuel-operations,co2e_100yr,oil-and-gas-transport,IND,0.0,0.0,api
AUS,5051182,Mazanovskiy District,,52.1952592775001,129.39800368526642,6525626.999999999,forestry-and-land-use,co2e_100yr,forest-land-clearing,RUS,121.4364969169983,6525626.999999999,api
AUS,25457218,Liyuan cogen power station,,35.1729,119.0371,6522700.0,power,co2e_100yr,electricity-generation,CHN,1400.0,7003200.0,api
AUS,25452022,Shengli Dongying power station,,37.4003,118.5243,6513300.0,power,co2e_100yr,electricity-generation,CHN,1740.0,6979900.0,api
AUS,3673016,Yugang Longquan aluminium plant,,34.425169,112.494984,6513165.990000001,manufacturing,co2e_100yr,aluminum,CHN,600000.0,570000.0,api
AUS,3672973,Shanxi Tongchuan aluminium plant,,34.973048,108.974799,6513165.99,manufacturing,co2e_100yr,aluminum,CHN,599999.9999999999,570000.0,api
AUS,54502833,Tangshan Caofeidian Alumina Refinery,,39.146975,118.439307,6512640.000000002,manufacturing,co2e_100yr,aluminum,CHN,4800000.000000001,3840000.0000000005,api
AUS,54502826,Tangshan Caofeidian Alumina Refinery,,39.16019,118.43982,6512640.0,manufacturing,co2e_100yr,aluminum,CHN,4800000.0,3840000.0,api
AUS,14988,Buliangou Coal Mine,,40.012229,111.336127,6511672.944892411,fossil-fuel-operations,co2e_100yr,coal-mining,CHN,18000000.0,13099999.80481282,api
AUS,15827,Yushuwan Coal Mine,,38.557184,109.897685,6511672.944892411,fossil-fuel-operations,co2e_100yr,coal-mining,CHN,18000000.0,13099999.804812822,api
AUS,25448960,Belle River,,42.7749,-82.4885,6504600.0,power,co2e_100yr,electricity-generation,USA,2022.0,7421300.0,api
AUS,453067,Mengtai Beijiao power station,,39.8465,109.9847,6503000.0,power,co2e_100yr,electricity-generation,CHN,1320.0,6598000.0,api
AUS,8208686,Cameia Municipality|City Council,,-11.774750709499925,21.218772132539826,6502688.0,forestry-and-land-use,co2e_100yr,shrubgrass-fires,AGO,31.88744105491313,12339066.388541406,api
AUS,8162329,Djambala District,,-2.3338404894998916,15.252544688117766,6500645.0,forestry-and-land-use,co2e_100yr,shrubgrass-fires,COG,35.45379595716668,12335189.7623001,api
AUS,53060118,Wolfcamp Wet Gas TX,,31.63900364,-103.7001274,6499871.202255115,fossil-fuel-operations,co2e_100yr,oil-and-gas-transport,USA,0.0,0.0,api
AUS,5018125,Juruti Municipality,,-2.646694682999879,-56.23667829414954,6493127.0,forestry-and-land-use,co2e_100yr,forest-land-clearing,BRA,109.98810961949103,6493127.0,api
AUS,1567219,Guangxi Chiji Iron and Steel Co Ltd,,23.402121,111.134606,6489156.010674665,manufacturing,co2e_100yr,iron-and-steel,CHN,4799999.999999999,3415345.26877614,api
AUS,450225,Shenmu power station,,38.9731,110.4521,6488700.0,power,co2e_100yr,electricity-generation,CHN,1320.0,7247600.0,api
AUS,32440460,Chengde Jianlong Special Steel Co Ltd,,40.5140766964231,117.596965388124,6487692.391364779,manufacturing,co2e_100yr,iron-and-steel,CHN,4400000.0,3414574.942823569,api
AUS,8670222,Mariental Rural Constituency,,-24.572723388999883,18.989772807017953,6487520.094919998,forestry-and-land-use,co2e_100yr,removals,NAM,24.645385900030785,102617161.30478002,api
AUS,5021627,Cochrane District,,50.29585850000014,-83.03324386950615,6487368.5,forestry-and-land-use,co2e_100yr,forest-land-clearing,CAN,144.87411564442831,6487368.5,api
AUS,4760044,Mariental Rural Constituency,,-24.572723388999883,18.989772807017953,6480992.447709997,forestry-and-land-use,co2e_100yr,net-shrubgrass,NAM,24.635089519268444,102509241.01892997,api
AUS,8236916,Wau District,,7.476000070500135,27.26900605153918,6472384.999999999,forestry-and-land-use,co2e_100yr,forest-land-fires,SSD,38.696959414854994,33571306.409324296,api
AUS,1356513,Sankt-Peterburg District,,59.93472100000009,30.36290544116312,6470974.069575999,buildings,co2e_100yr,residential-onsite-fuel-usage,RUS,1424342344.4404795,38576043587.94989,api
AUS,8255132,Lavushimanda District,,-12.589523903499893,31.021865407244192,6470467.5,forestry-and-land-use,co2e_100yr,forest-land-fires,ZMB,100.01652266616671,38396981.09172058,api
AUS,8345647,Mawleik District,,23.93263435350002,94.63420215601995,6468362.72377,forestry-and-land-use,co2e_100yr,net-forest-land,MMR,445.12778665693565,291685484.00023997,api
AUS,25454688,Shanwei Haifeng CCS power station,,22.7545,115.042,6466100.0,power,co2e_100yr,electricity-generation,CHN,2100.0,8524300.0,api
AUS,8160071,Nharea Municipality|City Council,,-11.288494586499922,17.22176222896011,6461864.499999999,forestry-and-land-use,co2e_100yr,forest-land-fires,AGO,117.74169939838069,36503284.15425348,api
AUS,8326596,Tolikara Regency,,-3.487994312999888,138.40038716380613,6461242.130199999,forestry-and-land-use,co2e_100yr,net-forest-land,IDN,524.5104776957858,181650065.56544998,api
AUS,25454546,Heilongjiang Baoqing power station,,46.25,132.5473,6460600.0,power,co2e_100yr,electricity-generation,CHN,1200.0,6185100.0,api
AUS,3621290,Kunming Prefecture City,,25.460830690000023,102.91578651911897,6456357.0202702135,transportation,co2e_100yr,road-transportation,CHN,42152.76162996997,25865673669.22694,api
AUS,53059919,Russia_Volga - Urals_Conventional onshore,,54.58341793,53.18313135,6455333.641601421,fossil-fuel-operations,co2e_100yr,oil-and-gas-transport,RUS,0.0,0.0,api
AUS,1566533,Tangshan Fengnan District Jing an Iron and Steel Co Ltd,,39.6061411059843,118.36135857497,6455002.592952951,manufacturing,co2e_100yr,iron-and-steel,CHN,4125000.0,3397369.78576471,api
AUS,1566547,Jianlong Xilin Iron and Steel Co Ltd,,47.4974801406479,129.283063064515,6454482.2195861135,manufacturing,co2e_100yr,iron-and-steel,CHN,4200000.0,3397095.905045323,api
AUS,25455931,Nanshan Aluminum Donghai power station,,37.7287,120.4433,6453900.0,power,co2e_100yr,electricity-generation,CHN,1215.0,6671200.0,api
AUS,451027,Safi power station,,32.1491,-9.2823,6453000.0,power,co2e_100yr,electricity-generation,MAR,1388.2,8657500.0,api
AUS,53058584,Bone Spring Wet Gas NM,,32.34102665,-103.8613345,6452462.001936308,fossil-fuel-operations,co2e_100yr,oil-and-gas-production,USA,0.0,0.0,api
AUS,25455313,Jawa-7 power station,,-5.9917,106.1008,6452100.0,power,co2e_100yr,electricity-generation,IDN,1982.0,8426000.0,api
AUS,25455645,Beijing Energy Wujianfang power station,,44.6024,116.698,6440800.0,power,co2e_100yr,electricity-generation,CHN,1320.0,7043100.0,api
AUS,25450589,Baoshan Works power station,,31.4422,121.4356,6440100.0,power,co2e_100yr,electricity-generation,CHN,1206.15,6162300.0,api
AUS,8347857,Obanliku Local Authority,,6.491704463500155,9.340543461708505,6436729.004260001,forestry-and-land-use,co2e_100yr,net-forest-land,NGA,226.94202420366045,19835210.71006,api
AUS,53059677,Indonesia_Kutei_LNG,,-0.794387317,117.6702946,6434035.305173012,fossil-fuel-operations,co2e_100yr,oil-and-gas-transport,IDN,0.0,0.0,api
AUS,25452426,Novo-Angren power station,,40.9233,69.8174,6424800.0,power,co2e_100yr,electricity-generation,UZB,2100.0,6127600.0,api
AUS,8337578,Pleebo/Sodeken District,,4.6414735325001,-7.66973228894407,6424101.833170001,forestry-and-land-use,co2e_100yr,net-forest-land,LBR,403.73639857058,52490015.95395998,api
AUS,452671,Tumd power station,,40.5842,110.6227,6422300.0,power,co2e_100yr,electricity-generation,CHN,1320.0,6921000.0,api
AUS,25454654,South Helwan power station,,29.8483,31.3369,6419000.0,power,co2e_100yr,electricity-generation,EGY,1950.0,8391300.0,api
AUS,53058447,Alaska North Slope Medium Oil AK,,70.3430446,-149.5090955,6418941.559620162,fossil-fuel-operations,co2e_100yr,oil-and-gas-production,USA,0.0,0.0,api
AUS,53059208,Uzbekistan_Amu-Dar'ya_Acid/sour gas,,39.10452354,64.58715732,6414083.332238451,fossil-fuel-operations,co2e_100yr,oil-and-gas-production,UZB,0.0,0.0,api
AUS,1566772,Hüttenwerke Krupp Mannesmann (HKM) steel plant,,51.3688861770941,6.71444217243744,6413328.578647414,manufacturing,co2e_100yr,iron-and-steel,DEU,4199999.999999999,3375436.094024955,api
AUS,25455644,CR Wujianfang power station,,44.6025,116.7035,6412500.0,power,co2e_100yr,electricity-generation,CHN,1320.0,7012000.0,api
AUS,708982,Dahaize Coal Mine,,38.433284,109.205495,6409641.180103879,fossil-fuel-operations,co2e_100yr,coal-mining,CHN,20000000.0,14559999.783059135,api
AUS,3620944,Changzhou Prefecture City,,31.61046504950008,119.43265557955404,6405316.526014386,transportation,co2e_100yr,road-transportation,CHN,22347.848367179005,24981396709.149757,api
AUS,8337564,Lower Kru Coast District,,4.626252413000088,-7.872128549042205,6405150.874839999,forestry-and-land-use,co2e_100yr,net-forest-land,LBR,363.1905815424837,23639803.180719998,api
AUS,25453650,Hainan East power station,,19.05,108.6362,6405100.0,power,co2e_100yr,electricity-generation,CHN,1400.0,6876900.0,api
AUS,4406849,Yokosuka power station,,35.2156,139.7164,6404600.0,power,co2e_100yr,electricity-generation,JPN,1300.0,8564100.0,api
AUS,25451463,Masinloc power station,,15.5638,119.9192,6402900.0,power,co2e_100yr,electricity-generation,PHL,1025.8,6423600.0,api
AUS,3169293,Sydney Kingsford Smith International Airport,,-33.946098,151.177002,6402347.002482173,transportation,co2e_100yr,international-aviation,AUS,78434.0,2010252.0634626648,api
AUS,53060031,United Arab Emirates_Rub al Khali_Conventional onshore,,23.46381559,54.29735641,6402007.847027884,fossil-fuel-operations,co2e_100yr,oil-and-gas-transport,ARE,0.0,0.0,api
AUS,5022612,Katako-Kombe Territory,,-3.37249886999993,24.414106787115468,6396010.500000001,forestry-and-land-use,co2e_100yr,forest-land-clearing,COD,146.97787471139233,6396010.500000001,api
AUS,25455647,Guodian Liaocheng power station,,36.4911,115.8288,6394700.0,power,co2e_100yr,electricity-generation,CHN,1300.0,7137800.0,api
AUS,5022592,Lisala Territory,,2.54758870700013,21.30647971735491,6394190.999999999,forestry-and-land-use,co2e_100yr,forest-land-clearing,COD,146.97787471139233,6394190.999999999,api
AUS,8508557,Barcoo Shire,,-25.175272940999946,142.5321485819773,6388774.695559997,forestry-and-land-use,co2e_100yr,removals,AUS,15.583677650668466,94890413.64819,api
AUS,25450367,Guodian Jiujiang power station,,29.741,116.0345,6384300.0,power,co2e_100yr,electricity-generation,CHN,1360.0,7146800.0,api
AUS,3614323,Lahore Division,,31.16918563900009,73.95672055247658,6381588.737616899,transportation,co2e_100yr,road-transportation,PAK,73195.66147621578,36616203793.78753,api
AUS,8396974,Angel Sandoval Province,,-17.18895706149985,-58.95696975687621,6378062.9818400005,forestry-and-land-use,co2e_100yr,net-forest-land,BOL,259.0193100525045,562191098.38997,api
AUS,5022075,Hechi Prefecture City,,24.59291076700009,107.83965313855717,6368776.5,forestry-and-land-use,co2e_100yr,forest-land-clearing,CHN,92.36376965705226,6368776.5,api
AUS,16131,Vostochny Coal Mine (Kazakhstan),,51.68669171,75.4519159711741,6365654.701499586,fossil-fuel-operations,co2e_100yr,coal-mining,KAZ,18000000.0,17509999.940621074,api
AUS,3630314,Madrid Province,,40.522186280000106,-3.76884780075516,6362583.521103967,transportation,co2e_100yr,road-transportation,ESP,31483.087932059287,35094931905.41039,api
AUS,5072429,Angostura Municipality,,5.854701996500069,-63.19402007795094,6354969.499999998,forestry-and-land-use,co2e_100yr,forest-land-clearing,VEN,126.55006182902827,6354969.499999998,api
AUS,8346954,Sussundenga District,,-19.675827379499935,33.38249211071148,6350002.657749999,forestry-and-land-use,co2e_100yr,net-forest-land,MOZ,191.4835887935862,125785960.43054996,api
AUS,8194017,Rumbek District,,6.757084846000055,29.87476599026657,6349767.999999999,forestry-and-land-use,co2e_100yr,shrubgrass-fires,SSD,17.328581586846592,12048895.528686233,api
AUS,25453953,Wuxiang power station,,36.8222,112.8376,6346000.0,power,co2e_100yr,electricity-generation,CHN,1200.0,6588800.0,api
AUS,25453632,Luzhou Chuannan power station,,28.7747,105.2842,6346000.0,power,co2e_100yr,electricity-generation,CHN,1200.0,6588800.0,api
AUS,25454850,Shenhua Shengli power station,,43.9965,116.1518,6344200.0,power,co2e_100yr,electricity-generation,CHN,1320.0,7247600.0,api
AUS,53059852,Papua New Guinea_Papuan_LNG,,-6.174545275,143.1210383,6342365.292824276,fossil-fuel-operations,co2e_100yr,oil-and-gas-transport,PNG,0.0,0.0,api
AUS,25449018,Limestone,,31.423,-96.2531,6337610.0,power,co2e_100yr,electricity-generation,USA,1849.8,5875810.0,api
AUS,8397971,Central Highlands Region,,-24.063095029999943,148.30867430028027,6337070.902429999,forestry-and-land-use,co2e_100yr,net-forest-land,AUS,208.7012395367638,617865886.46583,api
AUS,448256,Shantou power station,,23.3256,116.7361,6331100.0,power,co2e_100yr,electricity-generation,CHN,1200.0,6588800.0,api
AUS,447453,Callide power station,,-24.3449,150.6182,6330800.0,power,co2e_100yr,electricity-generation,AUS,1620.0,6625300.0,api
AUS,451563,Qurayyah CC power plant,,25.8447,50.1251,6328600.0,power,co2e_100yr,electricity-generation,SAU,3960.0,16445000.0,api
AUS,447497,Lukoml GRES power station,,54.68,29.1333,6325900.0,power,co2e_100yr,electricity-generation,BLR,3178.0,8983800.0,api
AUS,8716054,Lake and Peninsula Borough,,58.27256800000017,-156.284636036871,6324706.627529998,forestry-and-land-use,co2e_100yr,removals,USA,79.26059258435606,450081256.14606,api
AUS,25453855,Vung Ang power station,,18.0979,106.3812,6324200.0,power,co2e_100yr,electricity-generation,VNM,1200.0,6566300.0,api
AUS,53058852,Iran_Amu-Dar'ya_Acid/sour gas,,36.45690013,60.70938238,6323937.341925861,fossil-fuel-operations,co2e_100yr,oil-and-gas-production,IRN,0.0,0.0,api
AUS,8206938,Ehlanzeni District Municipality,,-24.993334769999926,31.10096226763725,6322203.0,forestry-and-land-use,co2e_100yr,shrubgrass-fires,ZAF,42.07611127109017,11996590.086799106,api
AUS,25449106,Sherburne County,,45.3808,-93.8931,6314700.0,power,co2e_100yr,electricity-generation,USA,2469.3,6993900.0,api
AUS,25455666,Xinjiang Guoxin Qitai power station,,44.5437,90.256,6314500.0,power,co2e_100yr,electricity-generation,CHN,1320.0,6929700.0,api
AUS,8208704,Moxico Municipality|City Council,,-12.271106719499898,19.989307088224994,6313297.0,forestry-and-land-use,co2e_100yr,shrubgrass-fires,AGO,31.88744105491313,11979690.677698098,api
AUS,54502847,Alumar Alumina Refinery (São Luís),,-2.708176,-44.349249,6305123.666424581,manufacturing,co2e_100yr,aluminum,BRA,3800000.0000000005,2982681.56424581,api
AUS,8310274,Harbin Prefecture City,,45.367523194000086,127.40632494813303,6297288.393090001,forestry-and-land-use,co2e_100yr,net-forest-land,CHN,227.58999543685832,530269829.46630985,api
AUS,25450362,Hebi power station,,35.8514,114.1798,6297100.0,power,co2e_100yr,electricity-generation,CHN,1800.0,6658900.0,api
AUS,8215305,Chibabava District,,-20.385389296999932,33.82954295908904,6291636.0,forestry-and-land-use,co2e_100yr,forest-land-fires,MOZ,100.21761594836289,37578430.77809866,api
AUS,25455048,Zheneng Liuheng power station,,29.7593,122.1266,6290800.0,power,co2e_100yr,electricity-generation,CHN,2000.0,8119400.0,api
AUS,8162155,Luiza Territory,,-7.201206921499932,22.477009783468425,6290020.500000001,forestry-and-land-use,co2e_100yr,shrubgrass-fires,COD,39.637311355837255,11935522.765260391,api
AUS,25455486,Datang Xilinhot power station,,44.0223,116.1722,6288200.0,power,co2e_100yr,electricity-generation,CHN,1320.0,6876100.0,api
AUS,449466,Shahid Montazeri power station,,32.797,51.4952,6288000.0,power,co2e_100yr,electricity-generation,IRN,1616.0,8232000.0,api
AUS,25451792,Karmanovskaya GRES power plant,,56.2486,54.5882,6287700.0,power,co2e_100yr,electricity-generation,RUS,1871.0,8219400.0,api
AUS,5156613,Itaituba Municipality,,-6.032696319999928,-55.96954590403428,6282971.000000001,forestry-and-land-use,co2e_100yr,forest-land-degradation,BRA,121.4019451059567,41886473.333333336,api
AUS,53058920,Marcellus Wet Gas WV,,39.28571088,-80.87333277,6280642.960268564,fossil-fuel-operations,co2e_100yr,oil-and-gas-production,USA,0.0,0.0,api
AUS,8310874,Divénié District,,-2.641559004499896,12.054911909933221,6279839.589880001,forestry-and-land-use,co2e_100yr,net-forest-land,COG,667.802367331771,304692136.08675,api
AUS,8671228,Obanliku Local Authority,,6.491704463500155,9.340543461708505,6279035.65758,forestry-and-land-use,co2e_100yr,removals,NGA,224.8219803354513,20847647.80453,api
AUS,25453274,Durgapur Steel City Andal power station,,23.58,87.2043,6279000.0,power,co2e_100yr,electricity-generation,IND,1000.0,6727800.0,api
AUS,25454363,Chaoyang Yanshanhu power station,,41.5073,120.3197,6278200.0,power,co2e_100yr,electricity-generation,CHN,1200.0,6010700.0,api
AUS,8372080,Krasnovisherskiy District,,60.78455543500013,58.9322559395399,6275180.865889999,forestry-and-land-use,co2e_100yr,net-forest-land,RUS,312.9362380889531,461402205.0906901,api
AUS,25453433,Kakatiya Thermal Power Project,,18.3832,79.8272,6274200.0,power,co2e_100yr,electricity-generation,IND,1100.0,6547800.0,api
AUS,8373171,Bakcharskiy District,,57.06760597250013,81.5033172647774,6273475.435830001,forestry-and-land-use,co2e_100yr,net-forest-land,RUS,301.30452544824743,518033270.16009015,api
AUS,25454763,Tianye power station,,44.3565,86.0465,6267700.0,power,co2e_100yr,electricity-generation,CHN,1260.0,6730400.0,api
AUS,5040293,Ucayali Province,,-7.282925366999876,-75.51308761343671,6266608.5,forestry-and-land-use,co2e_100yr,forest-land-clearing,PER,99.06141537858812,6266608.5,api
AUS,5020030,Alto Alegre Municipality,,3.105010032500104,-62.61421100111177,6264890.000000001,forestry-and-land-use,co2e_100yr,forest-land-clearing,BRA,109.98810961949103,6264890.000000001,api
AUS,53059071,Russia_South Kara/Yamal Sub-basin - West Siberia_LNG,,71.13040459,72.93909026,6256982.951664365,fossil-fuel-operations,co2e_100yr,oil-and-gas-production,RUS,0.0,0.0,api
AUS,8181922,Gambo-Ouango Sub-prefecture,,4.606111526500058,22.27735635452445,6256929.000000001,forestry-and-land-use,co2e_100yr,forest-land-fires,CAF,107.20483406932685,36479602.84703277,api
AUS,5027310,Rest of Region 10 Administrative Area,,5.261937380500086,-58.2047129902693,6256293.499999998,forestry-and-land-use,co2e_100yr,forest-land-clearing,GUY,129.69520752124498,6256293.499999998,api
AUS,25455479,Quezon power station,,14.2296,121.7558,6249900.0,power,co2e_100yr,electricity-generation,PHL,1066.0,6675400.0,api
AUS,8337599,Pyneston District,,5.4541494850001015,-8.76396458674689,6248124.849070001,forestry-and-land-use,co2e_100yr,net-forest-land,LBR,717.7252533913377,98124822.08422999,api
AUS,4403955,Lippendorf power station,,51.1845,12.3729,6242800.0,power,co2e_100yr,electricity-generation,DEU,1866.0,6296400.0,api
AUS,16083,PTBA Coal Mines,,-3.739981,103.768323,6242216.564855605,fossil-fuel-operations,co2e_100yr,coal-mining,IDN,57950439.26455821,41749999.99999998,api
AUS,2796303,Port Klang,,2.9481630490370994,101.30836530420932,6237037.450426289,transportation,co2e_100yr,international-shipping,MYS,19273.0,14206461.158491181,api
AUS,5015794,Autazes Municipality,,-3.831014700999929,-59.45079034748301,6236933.500000001,forestry-and-land-use,co2e_100yr,forest-land-clearing,BRA,109.98810961949103,6236933.500000001,api
AUS,53058568,Bangladesh_Tripura - Cachar Foldbelt - Bengal_Conventional onshore,,24.29588075,91.50539027,6234416.743162501,fossil-fuel-operations,co2e_100yr,oil-and-gas-production,BGD,0.0,0.0,api
AUS,8156388,Derby-West Kimberley Shire,,-17.674192404999953,124.69403814550003,6232977.000000001,forestry-and-land-use,co2e_100yr,shrubgrass-fires,AUS,58.92091690835678,11827280.858712817,api
AUS,25455305,Xinyou Qitai power station,,44.5544,90.2572,6231600.0,power,co2e_100yr,electricity-generation,CHN,1320.0,6960500.0,api
AUS,25449068,Walter Scott Jr Energy Center,,41.18,-95.8408,6226790.0,power,co2e_100yr,electricity-generation,USA,1648.3,6888150.0,api
AUS,8691794,Sovetskiy District,,61.44694519150018,63.95240178908125,6222383.085240002,forestry-and-land-use,co2e_100yr,removals,RUS,162.36032686573606,480573961.82134,api
AUS,25455287,Beihai power station,,21.5359,109.5902,6214300.0,power,co2e_100yr,electricity-generation,CHN,2000.0,8189100.0,api
AUS,43765123,Ras Al Khair Aluminum Complex,,27.518748,49.168014,6213999.118982399,manufacturing,co2e_100yr,aluminum,SAU,804000.0,763800.0,api
AUS,53058756,Egypt_Nile Delta_Deepwater,,32.468470725,31.616933805,6211864.0319417585,fossil-fuel-operations,co2e_100yr,oil-and-gas-production,EGY,0.0,0.0,api
AUS,25454067,Suqian power station,,33.8409,118.3658,6208200.0,power,co2e_100yr,electricity-generation,CHN,1320.0,7112800.0,api
AUS,1566662,Tianjin New Tiangang United Special Steel Co Ltd,,39.299055924436,117.79848367804,6206480.952280288,manufacturing,co2e_100yr,iron-and-steel,CHN,4500000.0,3266568.9222527826,api
AUS,8169753,Corumbá Municipality,,-19.05441780299995,-56.55964115252432,6202106.0,forestry-and-land-use,co2e_100yr,forest-land-fires,BRA,79.87187030252272,21448468.87238153,api
AUS,25454246,Hai Duong Thermal Power Plant,,21.0335,106.4122,6201100.0,power,co2e_100yr,electricity-generation,VNM,1200.0,6566300.0,api
AUS,450162,Taweelah A1 power plant,,24.7624,54.683,6199800.0,power,co2e_100yr,electricity-generation,ARE,4691.2,12093000.0,api
AUS,25454582,Tonghua Xuangang power station,,38.9151,112.4766,6198800.0,power,co2e_100yr,electricity-generation,CHN,1320.0,6802500.0,api
AUS,8701402,Caué Administrative Area,,0.14365900000004217,6.594107952100943,6197325.289509998,forestry-and-land-use,co2e_100yr,removals,STP,394.87726894218025,9993474.96273,api
AUS,3673117,Mesaieed Aluminum Smelter,,24.967123,51.573257,6197008.975812,manufacturing,co2e_100yr,aluminum,QAT,666000.0,632699.9999999999,api
AUS,3621306,Jinhua Prefecture City,,29.10451221500014,120.00628631203769,6196631.983742004,transportation,co2e_100yr,road-transportation,CHN,29759.47201819175,24169996359.533497,api
AUS,712515,S-Oil Onsan Refinery,,35.445626,129.341925,6196517.478651285,fossil-fuel-operations,co2e_100yr,oil-and-gas-refining,KOR,519000.0,159650427.88000003,api
AUS,449147,Jubail (SWCC) power station,,26.8966,49.7769,6193700.0,power,co2e_100yr,electricity-generation,SAU,1640.0,8086800.0,api
AUS,8215341,Chiuta District,,-15.515239237999964,33.43810486963673,6192435.0,forestry-and-land-use,co2e_100yr,forest-land-fires,MOZ,100.21761594836289,36985927.03000865,api
AUS,8215211,Malema District,,-14.732890128499943,37.36708286556202,6192190.0,forestry-and-land-use,co2e_100yr,forest-land-fires,MOZ,100.21761594836289,36984463.70384979,api
AUS,25455962,Dananhu power station,,42.3059,93.3519,6191900.0,power,co2e_100yr,electricity-generation,CHN,1320.0,6916300.0,api
AUS,25453715,Central Java Power Project,,-6.9008,109.8037,6188900.0,power,co2e_100yr,electricity-generation,IDN,1900.0,8077500.0,api
AUS,3673010,"Yingchuan, Ningxia aluminium plant",,37.9013105036329,105.941558792844,6187507.6905000005,manufacturing,co2e_100yr,aluminum,CHN,570000.0,541500.0,api
AUS,8215311,Gorongosa District,,-18.641103439999938,34.18132069465781,6177538.0,forestry-and-land-use,co2e_100yr,forest-land-fires,MOZ,100.21761594836289,36896950.826791964,api
AUS,8327651,Garhchiroli District,,19.750695228500064,80.16301159685268,6177310.52505,forestry-and-land-use,co2e_100yr,net-forest-land,IND,146.2993778614281,152808311.03002,api
AUS,1566658,Tianjin Iron Plant,,36.5958246139766,113.748486258865,6176529.5150497975,manufacturing,co2e_100yr,iron-and-steel,CHN,4248415.300546448,3250805.007920947,api
AUS,15420,Ningtiaota Coal Mine,,39.030282,110.250253,6166182.297789721,fossil-fuel-operations,co2e_100yr,coal-mining,CHN,20000000.0,14559999.783059135,api
AUS,15929,Kusmunda Coal Mine,,22.332635,82.666666,6164985.835808985,fossil-fuel-operations,co2e_100yr,coal-mining,IND,75000000.0,50129999.25300479,api
AUS,53059218,Venezuela_Maracaibo_Conventional shelf,,10.03046384,-71.37896973,6164737.971467223,fossil-fuel-operations,co2e_100yr,oil-and-gas-production,VEN,0.0,0.0,api
AUS,8311406,Puerto Libertador Municipality,,7.69213223450015,-75.72153625225974,6164724.023359999,forestry-and-land-use,co2e_100yr,net-forest-land,COL,293.7181297513003,44117104.29882001,api
AUS,8666974,Katha District,,24.218890190500076,95.88840806232525,6163530.223699999,forestry-and-land-use,co2e_100yr,removals,MMR,305.98902230272773,355881985.9319,api
AUS,8326107,Sintang Regency,,0.17712779400002887,111.66961714970938,6162955.467070002,forestry-and-land-use,co2e_100yr,net-forest-land,IDN,374.3043516504418,821858244.4147998,api
AUS,1566652,Shougang Changzhi Iron and Steel Co Ltd,,36.3510195313603,113.063591503751,6162426.843150781,manufacturing,co2e_100yr,iron-and-steel,CHN,3600000.0,3243382.549026727,api
AUS,25451121,Irkutsk-10 power station,,52.4619,103.9786,6158800.0,power,co2e_100yr,electricity-generation,RUS,1110.0,6036800.0,api
AUS,25449254,Springerville,,34.3186,-109.1639,6158500.0,power,co2e_100yr,electricity-generation,USA,1765.8,6345800.0,api
AUS,8162194,Gungu Territory,,-5.768128156499927,19.363807186043484,6156813.999999998,forestry-and-land-use,co2e_100yr,shrubgrass-fires,COD,39.637311355837255,11682759.008253451,api
AUS,32438856,Sungshin Cement Danyang Cement Plant,,37.0128495310797,128.333238143114,6146734.218677384,manufacturing,co2e_100yr,cement,KOR,11299999.999999996,7823756.40384062,api
AUS,449625,Navoi power station,,40.1585,65.3119,6138300.0,power,co2e_100yr,electricity-generation,UZB,2152.7,9902300.0,api
AUS,8372288,Vilyuyskiy District,,64.66485214250005,122.4440228026155,6137343.170939998,forestry-and-land-use,co2e_100yr,net-forest-land,RUS,73.72799242365252,325920688.33941,api
AUS,1566532,Tangshan Medium Thick Plate Co Ltd,,39.2708026932197,119.028294446331,6134596.823653967,manufacturing,co2e_100yr,iron-and-steel,CHN,4199999.999999999,3228735.1703441935,api
AUS,8311948,Rioblanco Municipality,,3.4731193780001206,-75.80226416764967,6122591.50452,forestry-and-land-use,co2e_100yr,net-forest-land,COL,202.49407173027188,31612357.78616999,api
AUS,45257081,Fuquan (Machangping) Coal Chemicals,,26.6325352,107.513673,6119776.568069136,manufacturing,co2e_100yr,chemicals,CHN,2267959.9999999995,1577262.0020796743,api
AUS,719692,Huaneng Beifang Xilnhaote-3,,43.9998,116.1123,6118500.0,power,co2e_100yr,electricity-generation,CHN,1320.0,6990000.0,api
AUS,1753266,Motiva Port Arthur Refinery,,29.884891,-93.960709,6114110.66551276,fossil-fuel-operations,co2e_100yr,oil-and-gas-refining,USA,640500.0,206435140.6,api
AUS,448957,Ras Abu Fontas (E) power plant,,25.1979,51.6159,6111700.0,power,co2e_100yr,electricity-generation,QAT,2160.0,10211500.0,api
AUS,25449185,J K Spruce,,29.308,-98.3211,6110400.0,power,co2e_100yr,electricity-generation,USA,1488.5,6451500.0,api
AUS,8560428,San-Pédro Region,,5.013385081000166,-6.939445576823168,6109353.098619998,forestry-and-land-use,co2e_100yr,removals,CIV,370.81134524162985,458717004.8419898,api
AUS,3645973,Alameda County,,37.6794450000001,-121.86508386537258,6102897.343681998,transportation,co2e_100yr,road-transportation,USA,14156.667216117465,19298344819.04493,api
AUS,53059574,Denver Wet Gas CO,,40.23311468,-104.4321222,6098988.41781581,fossil-fuel-operations,co2e_100yr,oil-and-gas-transport,USA,0.0,0.0,api
AUS,447649,Shin-Nagoya thermal power station,,35.0663,136.8794,6097600.0,power,co2e_100yr,electricity-generation,JPN,3058.0,15885500.0,api
AUS,8372133,Terneyskiy District,,46.49001121550006,137.9821140067766,6096680.194700002,forestry-and-land-use,co2e_100yr,net-forest-land,RUS,263.0742539215089,665931474.7216,api
AUS,25453954,Anwen Songzao power station,,28.6411,106.7531,6094900.0,power,co2e_100yr,electricity-generation,CHN,1320.0,6807700.0,api
AUS,25455011,Luoyuan Bay power station,,26.3888,119.7872,6093900.0,power,co2e_100yr,electricity-generation,CHN,2000.0,8030800.0,api
AUS,5027314,Rest of Region 9 Administrative Area,,2.720527941500137,-58.635991986947666,6091734.499999998,forestry-and-land-use,co2e_100yr,forest-land-clearing,GUY,129.69520752124498,6091734.499999998,api
AUS,8161963,Derby-West Kimberley Shire,,-17.674192404999953,124.69403814550003,6091315.500000001,forestry-and-land-use,co2e_100yr,forest-land-fires,AUS,120.90969421143886,20304385.69546063,api
AUS,4863460,Penzhinskiy District,,62.70414400000009,166.02510258431715,6087477.12698,forestry-and-land-use,co2e_100yr,net-shrubgrass,RUS,27.10218835381128,258006306.19255003,api
AUS,5015604,Franz Tamayo Province,,-14.640908828999898,-68.37651841021179,6080625.5,forestry-and-land-use,co2e_100yr,forest-land-clearing,BOL,99.48493566700984,6080625.5,api
AUS,8326075,Ketapang Regency,,-1.68341028699993,110.45718580490676,6080588.20041,forestry-and-land-use,co2e_100yr,net-forest-land,IDN,313.3809404061515,831779661.84488,api
AUS,1566523,Wu an Yuhua Iron and Steel Co Ltd,,36.7313802299841,114.094305441309,6080287.715370011,manufacturing,co2e_100yr,iron-and-steel,CHN,4100000.0000000005,3200151.4291421114,api
AUS,3673028,Yichuan aluminium plant,,36.099444,110.128333,6078954.923999999,manufacturing,co2e_100yr,aluminum,CHN,560000.0000000001,532000.0,api
AUS,25454114,Jingtai power station,,37.2316,104.1678,6077600.0,power,co2e_100yr,electricity-generation,CHN,1320.0,6788500.0,api
AUS,8160765,Alberdi Department,,-26.581119537499944,-62.69451254090538,6077554.0,forestry-and-land-use,co2e_100yr,forest-land-fires,ARG,45.3240175026269,20258514.988307208,api
AUS,25448896,Antelope Valley,,47.3705,-101.8357,6077200.0,power,co2e_100yr,electricity-generation,USA,954.0,5502900.0,api
AUS,8174775,Betsiboka Administrative Area,,-17.12069606749995,47.26874339504481,6074842.0,forestry-and-land-use,co2e_100yr,shrubgrass-fires,MDG,35.09929500139098,11527214.511895303,api
AUS,25449126,Nebraska City,,40.6214,-95.7764,6074200.0,power,co2e_100yr,electricity-generation,USA,1389.6,6408900.0,api
AUS,8666975,Mawleik District,,23.93263435350002,94.63420215601995,6069220.425339998,forestry-and-land-use,co2e_100yr,removals,MMR,440.331017084421,292011774.22725,api
AUS,447850,Bang Pakong power station,,13.501,101.0253,6064500.0,power,co2e_100yr,electricity-generation,THA,3260.0,12056700.0,api
AUS,53059080,San Juan Dry Gas NM,,36.68060177,-107.6748381,6061268.658611953,fossil-fuel-operations,co2e_100yr,oil-and-gas-production,USA,0.0,0.0,api
AUS,8721389,Elko County,,41.05787467950017,-115.52852168017051,6056021.795450001,forestry-and-land-use,co2e_100yr,removals,USA,20.401006650141397,88749441.12781997,api
AUS,8357495,Bulolo District,,-7.382534026999878,146.73267276263294,6050651.008429999,forestry-and-land-use,co2e_100yr,net-forest-land,PNG,551.2619698016096,463431810.5626201,api
AUS,8319687,Dola Department,,-2.4290765519999695,11.432151197995688,6048132.449560001,forestry-and-land-use,co2e_100yr,net-forest-land,GAB,487.9985410060192,89127457.94176,api
AUS,8734889,Paroo Shire,,-27.988461494499916,145.79492260558794,6047941.197399999,forestry-and-land-use,co2e_100yr,removals,AUS,51.54384722272729,245235139.41986993,api
AUS,447824,Kuriemat power station,,29.2718,31.225,6046800.0,power,co2e_100yr,electricity-generation,EGY,2754.0,10335700.0,api
AUS,8208629,Lubalo Municipality|City Council,,-9.334715366499893,19.496642535824712,6040823.000000001,forestry-and-land-use,co2e_100yr,shrubgrass-fires,AGO,31.88744105491313,11462662.215752602,api
AUS,53058921,Mayalsia_Joint development_Malay_Conventional shelf,,6.12,102.6,6039420.696212989,fossil-fuel-operations,co2e_100yr,oil-and-gas-production,MYS,0.0,0.0,api
AUS,53059142,Thailand_Joint development_Malay_Conventional shelf,,7.283267661,103.0765751,6039420.696212989,fossil-fuel-operations,co2e_100yr,oil-and-gas-production,THA,0.0,0.0,api
AUS,53058923,Mexico_Sabinas - Rio Grande_Conventional onshore,,24.7,-98.3,6037865.985858103,fossil-fuel-operations,co2e_100yr,oil-and-gas-production,MEX,0.0,0.0,api
AUS,3644899,Franklin County,,39.96247100850013,-83.01605394715986,6036053.0150163565,transportation,co2e_100yr,road-transportation,USA,16450.16968267089,18945344385.792576,api
AUS,25454098,Huozhou power station,,36.5183,111.6823,6031400.0,power,co2e_100yr,electricity-generation,CHN,1200.0,6588800.0,api
AUS,448775,Qinling power station,,34.5321,109.9323,6031400.0,power,co2e_100yr,electricity-generation,CHN,1200.0,6588800.0,api
AUS,3647992,City of Cape Town District Municipality,,-33.91499899999991,18.582037937562294,6031243.55129073,transportation,co2e_100yr,road-transportation,ZAF,22198.71635646448,19454166402.834545,api
AUS,8675126,Maynas Province,,-2.3037539719998676,-74.11418152456524,6029605.691330001,forestry-and-land-use,co2e_100yr,removals,PER,654.7785395673768,8545790345.417001,api
AUS,25457152,Crystal River,,28.9656,-82.6977,6029600.0,power,co2e_100yr,electricity-generation,USA,3449.0,10303500.0,api
AUS,25455160,Jinsha Chayuan power station,,27.4934,106.4492,6027600.0,power,co2e_100yr,electricity-generation,CHN,1320.0,6732900.0,api
AUS,8182199,Inuvik Region,,67.24219500000012,-127.43905389100652,6027473.5,forestry-and-land-use,co2e_100yr,forest-land-fires,CAN,102.55426887170368,15185599.789094117,api
AUS,448353,Jingdezhen power station,,29.1872,117.085,6027400.0,power,co2e_100yr,electricity-generation,CHN,1320.0,7169900.0,api
AUS,8160209,Cuango Municipality|City Council,,-8.667203884999907,18.12371677598687,6021206.999999998,forestry-and-land-use,co2e_100yr,forest-land-fires,AGO,117.74169939838069,34013995.50742361,api
AUS,5022076,Hezhou Prefecture City,,24.39920139300014,111.51314261833295,6020038.000000001,forestry-and-land-use,co2e_100yr,forest-land-clearing,CHN,92.36376965705226,6020038.000000001,api
AUS,5172901,Lábrea Municipality,,-8.38285774849993,-65.71101527113018,6019402.500000001,forestry-and-land-use,co2e_100yr,forest-land-degradation,BRA,121.4019451059567,40129350.00000001,api
AUS,25450980,Panxian-1 power station,,26.0108,104.5161,6015400.0,power,co2e_100yr,electricity-generation,CHN,1400.0,6617800.0,api
AUS,3645989,Sacramento County,,38.375441597500156,-121.27319659730523,6008315.988345664,transportation,co2e_100yr,road-transportation,USA,18732.52818959675,18805395621.41361,api
AUS,1567262,Shanxi Zhongyang Iron and Steel Co Ltd,,37.3830354147793,111.156443220052,6006598.342501359,manufacturing,co2e_100yr,iron-and-steel,CHN,3600000.0,3161367.5486849262,api
AUS,53058887,Kazakhstan_Precaspian_Conventional shelf,,45.89088068,52.02843069,6002621.766992133,fossil-fuel-operations,co2e_100yr,oil-and-gas-production,KAZ,0.0,0.0,api
AUS,5028524,Kapuas Regency,,-1.9176752564999044,114.32294753395402,5999710.500000001,forestry-and-land-use,co2e_100yr,forest-land-clearing,IDN,199.27511551962414,5999710.500000001,api
AUS,8397180,Pauini Municipality,,-7.764894892499939,-68.19565376396119,5999406.092700001,forestry-and-land-use,co2e_100yr,net-forest-land,BRA,692.6698469276732,2867569594.4998507,api
AUS,8650487,Pleebo/Sodeken District,,4.6414735325001,-7.66973228894407,5998293.561649998,forestry-and-land-use,co2e_100yr,removals,LBR,384.576190474669,53381532.55533,api
AUS,3643154,Orange County,,28.565634083000077,-81.29474795157634,5994141.197470299,transportation,co2e_100yr,road-transportation,USA,16681.43193709136,18417304910.13504,api
AUS,1753268,Marathon Garyville Refinery,,30.060139,-90.595952,5993064.636429691,fossil-fuel-operations,co2e_100yr,oil-and-gas-refining,USA,606000.0,202348176.0,api
AUS,8311304,Inzá Municipality,,2.5191363100000785,-76.08589546468556,5992774.87235,forestry-and-land-use,co2e_100yr,net-forest-land,COL,119.84110859119396,8575597.54463,api
AUS,8160087,Dirico Municipality|City Council,,-17.516892432999924,20.731400214244033,5992344.999999999,forestry-and-land-use,co2e_100yr,forest-land-fires,AGO,117.74169939838069,33850953.12433742,api
AUS,1567195,Alliance Steel Kuantan plant,,4.0142097097926,103.344227759773,5990349.808481187,manufacturing,co2e_100yr,iron-and-steel,MYS,3499999.9999999995,3152815.6886743084,api
AUS,32440557,Qingdao Special Iron and Steel Co Ltd,,35.6287205512517,119.721518547843,5990201.719604316,manufacturing,co2e_100yr,iron-and-steel,CHN,4170000.0,3932701.882293522,api
AUS,8731684,Cacadu District Municipality,,-32.95295143049998,24.655665297370426,5989585.41596,forestry-and-land-use,co2e_100yr,removals,ZAF,65.24019798313175,359200959.2541001,api
AUS,8370302,Kondinskiy District,,59.9548263555001,66.51261532718283,5987108.72374,forestry-and-land-use,co2e_100yr,net-forest-land,RUS,209.9635714803948,467651498.3959,api
AUS,3631922,Jiddah Governorate,,21.607225500000112,39.238991253333474,5983615.315444684,transportation,co2e_100yr,road-transportation,SAU,24579.62312282209,22142594771.911186,api
AUS,8669620,Zumbu District,,-15.184940337499937,30.849064293545606,5978949.03255,forestry-and-land-use,co2e_100yr,removals,MOZ,110.31075961308542,126079127.56859995,api
AUS,448234,Tsuruga power station,,35.6724,136.0815,5978300.0,power,co2e_100yr,electricity-generation,JPN,1203.0,7176600.0,api
AUS,8317551,San Lorenzo Canton,,0.9811960755001509,-78.69000436635176,5976505.36288,forestry-and-land-use,co2e_100yr,net-forest-land,ECU,348.367508450914,98769701.25386,api
AUS,451607,Jeddah South power plant,,21.2121,39.1773,5974100.0,power,co2e_100yr,electricity-generation,SAU,2640.0,6698600.0,api
AUS,449175,Shuqaiq Steam Power Plant,,17.6391,42.1078,5974100.0,power,co2e_100yr,electricity-generation,SAU,2640.0,6698600.0,api
AUS,25454211,Tangshan Wangtan power station,,39.1993,118.9739,5973000.0,power,co2e_100yr,electricity-generation,CHN,1200.0,6201400.0,api
AUS,5022655,Opala Territory,,-0.7082099614999322,23.95267271600455,5970797.500000002,forestry-and-land-use,co2e_100yr,forest-land-clearing,COD,146.97787471139233,5970797.500000002,api
AUS,3672996,Qinghai Xinye aluminium plant,,36.62,101.77,5970402.1575,manufacturing,co2e_100yr,aluminum,CHN,549999.9999999999,522499.9999999999,api
AUS,25454186,Solapur power station,,17.5513,75.9832,5970300.0,power,co2e_100yr,electricity-generation,IND,1320.0,6707300.0,api
AUS,8650436,Lower Kru Coast District,,4.626252413000088,-7.872128549042205,5959774.9134100005,forestry-and-land-use,co2e_100yr,removals,LBR,350.4139433830012,24374832.061800003,api
AUS,25454324,Ma'anshan Dangtu power station,,31.5351,118.4139,5955800.0,power,co2e_100yr,electricity-generation,CHN,1320.0,6536200.0,api
AUS,4963555,Chris Hani District Municipality,,-31.860739707499956,26.563287991568373,5954458.625470001,forestry-and-land-use,co2e_100yr,net-shrubgrass,ZAF,44.81384872971577,151013075.10448,api
AUS,8161359,Carpentaria Shire,,-17.32235526949995,141.59983526958553,5949891.499999999,forestry-and-land-use,co2e_100yr,forest-land-fires,AUS,120.90969421143886,19832972.34598057,api
AUS,5022544,Idiofa Territory,,-4.707967518999936,19.61263055269939,5944507.000000002,forestry-and-land-use,co2e_100yr,forest-land-clearing,COD,146.97787471139233,5944507.000000002,api
AUS,8701144,Dhuusamareeb District,,5.380000114500091,46.717448837068346,5943605.420370001,forestry-and-land-use,co2e_100yr,removals,SOM,7.653335848981965,9645582.00972,api
AUS,4891657,Dhuusamareeb District,,5.380000114500091,46.717448837068346,5943366.78895,forestry-and-land-use,co2e_100yr,net-shrubgrass,SOM,7.653078343782813,9644795.88521,api
AUS,8569116,Puerto Libertador Municipality,,7.69213223450015,-75.72153625225974,5939861.6191799985,forestry-and-land-use,co2e_100yr,removals,COL,242.94389908038104,46903500.53092,api
AUS,708594,Balasu Coal Mine,,38.265057,109.208519,5939314.68783875,fossil-fuel-operations,co2e_100yr,coal-mining,CHN,15000000.000000002,10919999.837294351,api
AUS,8610909,Oni District,,42.64559555000014,43.53597507959536,5937778.214080002,forestry-and-land-use,co2e_100yr,removals,GEO,347.706512874802,63652005.070790015,api
AUS,8310581,Mayo Rey Department,,8.192148208500127,14.339794508022791,5936398.952009999,forestry-and-land-use,co2e_100yr,net-forest-land,CMR,69.01921841628821,132692093.07001,api
AUS,8226932,Concepción District,,-22.86300277649994,-57.246975625044115,5935988.499999999,forestry-and-land-use,co2e_100yr,forest-land-fires,PRY,81.6879696908747,22647877.723948322,api
AUS,25451662,Pha Lai Power Complex,,21.1169,106.3072,5933500.0,power,co2e_100yr,electricity-generation,VNM,1040.0,5690800.0,api
AUS,8598110,San Lorenzo Canton,,0.9811960755001509,-78.69000436635176,5932857.383340001,forestry-and-land-use,co2e_100yr,removals,ECU,339.29960030756524,100219367.37781997,api
AUS,4862166,Bilibinskiy District,,67.19539635850012,164.38635133221283,5930038.03836,forestry-and-land-use,co2e_100yr,net-shrubgrass,RUS,29.003125544195477,288374300.5250301,api
AUS,1566852,SAIL Rourkela steel plant,,22.2122078203923,84.8661243129208,5929700.560660703,manufacturing,co2e_100yr,iron-and-steel,IND,4200000.0,3120895.0319266864,api
AUS,8181912,Berbérati Sub-prefecture,,4.327680020000059,15.755807620141768,5927055.999999999,forestry-and-land-use,co2e_100yr,forest-land-fires,CAF,107.20483406932685,34556353.27364633,api
AUS,25457049,Gila River Power Block 1,,32.975,-112.6944,5926800.0,power,co2e_100yr,electricity-generation,USA,2476.0,14281800.0,api
AUS,1566649,Jincheng Fusheng Iron and Steel Co Ltd,,35.6627180036247,112.87202345165,5926662.479756759,manufacturing,co2e_100yr,iron-and-steel,CHN,3456284.153005465,3119296.041977241,api
AUS,25457200,Shuidonggou power station,,38.2144,106.5444,5926100.0,power,co2e_100yr,electricity-generation,CHN,1200.0,6588800.0,api
AUS,25453941,Helin power station,,40.2763,112.1622,5923500.0,power,co2e_100yr,electricity-generation,CHN,1200.0,6471000.0,api
AUS,452755,Aluminium Bahrain (ALBA) power station,,26.0911,50.5951,5923200.0,power,co2e_100yr,electricity-generation,BHR,3430.4,13419800.0,api
AUS,25454002,Suzhou power station,,33.8063,116.9819,5922600.0,power,co2e_100yr,electricity-generation,CHN,1260.0,6485400.0,api
AUS,25454521,Baotou Hexi power station,,40.5702,109.7898,5920400.0,power,co2e_100yr,electricity-generation,CHN,1200.0,6351800.0,api
AUS,3620941,Yancheng Prefecture City,,33.519722000000115,120.072837256587,5912416.427629552,transportation,co2e_100yr,road-transportation,CHN,38099.888926955,23129012968.37141,api
AUS,53058621,Canada_West Canadian - Alberta_Heavy oil AB,,54.2072275,-112.2129517,5910679.875958949,fossil-fuel-operations,co2e_100yr,oil-and-gas-production,CAN,0.0,0.0,api
AUS,1897571,Obajana Cement Plant,,7.92917627642587,6.42192499509181,5910670.037745571,manufacturing,co2e_100yr,cement,NGA,16249999.999999996,8701759.34890772,api
AUS,8345619,Myitkyina District,,25.767550469000152,97.29291787701573,5910628.420829999,forestry-and-land-use,co2e_100yr,net-forest-land,MMR,475.54465816634223,2214092672.95647,api
AUS,449012,Nizhnevartovskaya power station,,60.9758,76.9433,5907100.0,power,co2e_100yr,electricity-generation,RUS,2000.0,8427600.0,api
AUS,3143749,Petrobras REPLAN Paulinia Refinery,,-22.728635,-47.135804,5906504.767104768,fossil-fuel-operations,co2e_100yr,oil-and-gas-refining,BRA,434000.0,146479847.51,api
AUS,8255223,Mporokoso District,,-9.457959814999867,29.92318880945149,5903977.000000002,forestry-and-land-use,co2e_100yr,forest-land-fires,ZMB,100.01652266616671,35035319.04533221,api
AUS,8155639,Burke Shire,,-18.066668510499934,138.91016388000008,5901176.000000001,forestry-and-land-use,co2e_100yr,shrubgrass-fires,AUS,58.92091690835678,11197677.44188619,api
AUS,8309608,Ndélé Sub-prefecture,,8.553472042500118,20.93775463330535,5900461.5371199995,forestry-and-land-use,co2e_100yr,net-forest-land,CAF,79.74433200104362,230036622.81058,api
AUS,25452488,Kolaghat Thermal Power Station,,22.4166,87.871,5897100.0,power,co2e_100yr,electricity-generation,IND,840.0,5699400.0,api
AUS,3620825,Handan Prefecture City,,36.5306453710001,114.4284397861224,5893408.830432982,transportation,co2e_100yr,road-transportation,CHN,45726.29326984227,23026174643.51154,api
AUS,8692238,Tungussko-Chunskiy District,,60.98481750500005,101.82461018531902,5890995.885139998,forestry-and-land-use,co2e_100yr,removals,RUS,159.2714709709633,1736727641.8796504,api
AUS,8183486,Kasongo Territory,,-4.178614377499855,26.549375560633088,5888383.999999999,forestry-and-land-use,co2e_100yr,forest-land-fires,COD,111.09987074929762,19627948.090695847,api
AUS,5022636,Kungu Territory,,2.54859960100012,18.747278697146946,5887210.000000002,forestry-and-land-use,co2e_100yr,forest-land-clearing,COD,146.97787471139233,5887210.000000002,api
AUS,8605321,Lapland Region,,67.83882100000005,26.571651253107422,5883767.887549999,forestry-and-land-use,co2e_100yr,removals,FIN,67.96021608690086,637198039.2291199,api
AUS,3643132,Hillsborough County,,27.909485000000046,-82.24195828116532,5883371.42820159,transportation,co2e_100yr,road-transportation,USA,20869.628763065444,17999208136.72477,api
AUS,3620965,Ganzhou Prefecture City,,25.818678856000044,115.05414776560599,5881302.225182295,transportation,co2e_100yr,road-transportation,CHN,40185.20422042725,23005127278.48428,api
AUS,8236917,Meridi District,,5.2637650970001175,29.250891627876886,5876503.5,forestry-and-land-use,co2e_100yr,forest-land-fires,SSD,38.696959414854994,30480556.95295731,api
AUS,3143915,Nayara Vadinar Oil Refinery,,22.32912,69.74739,5875409.544835931,fossil-fuel-operations,co2e_100yr,oil-and-gas-refining,IND,401000.0,149696868.89999998,api
AUS,14962,Antaibao Surface Mine,,39.466011,112.33793,5874031.639012728,fossil-fuel-operations,co2e_100yr,coal-mining,CHN,20000000.0,14559999.783059135,api
AUS,8236032,Kalarskiy District,,56.805128098000125,118.31423306050098,5873051.5,forestry-and-land-use,co2e_100yr,forest-land-fires,RUS,64.49278156444537,15949218.440359838,api
AUS,8690326,Chukotskiy District,,66.11562750000013,-172.46646454787998,5869759.384890001,forestry-and-land-use,co2e_100yr,removals,RUS,54.8821962721286,137190443.68893996,api
AUS,8159619,Birao Sub-prefecture,,9.982650280000172,22.484396193721754,5869187.500000001,forestry-and-land-use,co2e_100yr,shrubgrass-fires,CAF,35.99893657770569,11136978.200408867,api
AUS,449478,Shahid Rajaee power station,,36.157,50.2923,5867100.0,power,co2e_100yr,electricity-generation,IRN,2042.2,9414400.0,api
AUS,1567251,Shandong Iron and Steel Co Ltd Laiwu Branch Aishan Street,,36.0856718221705,117.832131967158,5865238.003317105,manufacturing,co2e_100yr,iron-and-steel,CHN,3278142.0765027325,3086967.370166898,api
AUS,3647959,Ekurhuleni District Municipality,,-26.290355682499893,28.350756044381285,5862229.008859283,transportation,co2e_100yr,road-transportation,ZAF,25736.47500122898,18926053131.688957,api
AUS,452341,Beni Suef power plant,,28.921,31.0076,5860800.0,power,co2e_100yr,electricity-generation,EGY,4800.0,16238000.0,api
AUS,8196881,Serengeti District,,-1.9606513974999302,34.769114575534736,5859873.000000001,forestry-and-land-use,co2e_100yr,shrubgrass-fires,TZA,36.73278812689805,11119303.619297408,api
AUS,25451556,Hegang power station,,47.0963,130.299,5858600.0,power,co2e_100yr,electricity-generation,CHN,1200.0,5899100.0,api
AUS,1566759,Yangzhou Hengrun Ocean Heavy Industry Co Ltd,,32.2504769146975,119.61884002921,5855000.891755404,manufacturing,co2e_100yr,iron-and-steel,CHN,3300000.0000000005,3081579.41671337,api
AUS,25455341,Bhadradri power station,,18.0275,80.7356,5848900.0,power,co2e_100yr,electricity-generation,IND,1080.0,5888400.0,api
AUS,8372283,Ust'-Mayskiy District,,60.762064084500054,135.77092957698724,5847715.3574,forestry-and-land-use,co2e_100yr,net-forest-land,RUS,116.15154805714228,906803539.8355002,api
AUS,8215017,Taunggye District,,20.782219886500087,97.01547503707542,5845502.000000001,forestry-and-land-use,co2e_100yr,forest-land-fires,MMR,105.57465871263598,13570528.239646358,api
AUS,3647958,City of Tshwane District Municipality,,-25.59396839149994,28.302787828511235,5844672.855518338,transportation,co2e_100yr,road-transportation,ZAF,34708.22359865723,18792978074.643955,api
AUS,25451150,Tuticorin NTPL power station,,8.7604,78.1711,5843100.0,power,co2e_100yr,electricity-generation,IND,1000.0,5303800.0,api
AUS,8165049,Boca do Acre Municipality,,-8.81738647399996,-68.00209562715554,5842279.500000001,forestry-and-land-use,co2e_100yr,forest-land-fires,BRA,79.87187030252272,20204096.801877096,api
AUS,8183403,Idiofa Territory,,-4.707967518999936,19.61263055269939,5841393.000000001,forestry-and-land-use,co2e_100yr,forest-land-fires,COD,111.09987074929762,19471311.41266502,api
AUS,448624,CHP-26 (Mosenergo) power station,,55.5776,37.6301,5838700.0,power,co2e_100yr,electricity-generation,RUS,1891.0,8982400.0,api
AUS,5040302,Tambopata Province,,-12.197809219499927,-69.58149275411358,5838522.999999998,forestry-and-land-use,co2e_100yr,forest-land-clearing,PER,99.06141537858812,5838522.999999998,api
AUS,5022633,Budjala Territory,,2.6003694540001447,20.06535170606374,5835474.499999999,forestry-and-land-use,co2e_100yr,forest-land-clearing,COD,146.97787471139233,5835474.499999999,api
AUS,5051647,Tuguro-Chumikanskiy District,,54.215826000000035,133.71035757507633,5834145.000000002,forestry-and-land-use,co2e_100yr,forest-land-clearing,RUS,121.4364969169983,5834145.000000002,api
AUS,8605141,Jarar Zone,,8.072393418000047,44.09445092993976,5834050.270009999,forestry-and-land-use,co2e_100yr,removals,ETH,12.32363663574524,48417154.284750015,api
AUS,8650559,Pyneston District,,5.4541494850001015,-8.76396458674689,5833232.22946,forestry-and-land-use,co2e_100yr,removals,LBR,717.2583200201522,98140875.72938001,api
AUS,8691767,Nefteyuganskiy District,,60.27120781000012,71.78203262439479,5832744.81611,forestry-and-land-use,co2e_100yr,removals,RUS,138.0128117662611,358430721.76194996,api
AUS,8345654,Kyaukme District,,23.04346942900011,97.04887410032656,5832386.9499699995,forestry-and-land-use,co2e_100yr,net-forest-land,MMR,286.8900325335474,600700000.12401,api
AUS,8255137,Mpika District,,-12.049485470499945,31.76518179659869,5829128.500000001,forestry-and-land-use,co2e_100yr,forest-land-fires,ZMB,100.01652266616671,34591153.85336677,api
AUS,8317549,Quinindé Canton,,0.31779700600009164,-79.49791275030753,5825865.849710002,forestry-and-land-use,co2e_100yr,net-forest-land,ECU,206.50702183347715,73616875.45134,api
AUS,452451,Maoming cogen power station,,21.6756,110.8795,5822600.0,power,co2e_100yr,electricity-generation,CHN,1350.0,6054900.0,api
AUS,25449030,Clifty Creek,,38.7378,-85.4206,5821800.0,power,co2e_100yr,electricity-generation,USA,1303.8,5642200.0,api
AUS,25448926,Miami Fort,,39.1128,-84.8036,5820000.0,power,co2e_100yr,electricity-generation,USA,1344.0,5990600.0,api
AUS,5022614,Lodja Territory,,-3.5177918679999034,23.724815908511694,5819165.0,forestry-and-land-use,co2e_100yr,forest-land-clearing,COD,146.97787471139233,5819165.0,api
AUS,1753273,Exxonmobil Beaumont Refinery,,30.064923,-94.074933,5818701.537646279,fossil-fuel-operations,co2e_100yr,oil-and-gas-refining,USA,612000.0,196461028.57,api
AUS,1567073,Kardemir Merkez steel plant,,41.1853066102838,32.6308377888502,5817628.9445896065,manufacturing,co2e_100yr,iron-and-steel,TUR,3501000.0,3061909.970836635,api
AUS,25452018,Laicheng power station,,36.2546,117.6716,5817500.0,power,co2e_100yr,electricity-generation,CHN,1340.0,5827800.0,api
AUS,8692216,Khatangskiy District,,72.67078000000015,101.21729279702738,5816750.79163,forestry-and-land-use,co2e_100yr,removals,RUS,15.50488602933176,547811859.3148199,api
AUS,1566915,JFE East Japan Works (Chiba) steel plant,,35.5769155428562,140.101387768371,5816694.221451513,manufacturing,co2e_100yr,iron-and-steel,JPN,4500000.0,3061418.01129027,api
AUS,25454568,Guodian Zhijin power station,,26.8328,105.8189,5815900.0,power,co2e_100yr,electricity-generation,CHN,1320.0,6496100.0,api
AUS,5028506,Sintang Regency,,0.17712779400002887,111.66961714970938,5815322.500000001,forestry-and-land-use,co2e_100yr,forest-land-clearing,IDN,199.27511551962414,5815322.500000001,api
AUS,8373863,Nikol'skiy District,,59.59759903,45.366211957943314,5815158.78255,forestry-and-land-use,co2e_100yr,net-forest-land,RUS,379.0512398424704,290884729.85010993,api
AUS,25453502,Huangjinbu power station,,28.4513,116.8605,5811200.0,power,co2e_100yr,electricity-generation,CHN,1300.0,6486600.0,api
AUS,25453749,Zhunger Weijiamao power station,,39.5586,111.3691,5811100.0,power,co2e_100yr,electricity-generation,CHN,1320.0,6491100.0,api
AUS,4929693,Yukon-Koyukuk Census Area,,65.19268417400008,-154.12197386662905,5810574.648749999,forestry-and-land-use,co2e_100yr,net-shrubgrass,USA,77.98520184105436,1054453443.6479901,api
AUS,25455489,Hefei Lujiang power station,,31.1494,117.4546,5808700.0,power,co2e_100yr,electricity-generation,CHN,1320.0,7549900.0,api
AUS,45257104,Hazira Fertilizer Complex,,21.1663207,72.7050975,5805562.54364289,manufacturing,co2e_100yr,chemicals,IND,2334999.9999999995,2058710.1218591812,api
AUS,43765099,Worsley Alumina Refinery,,-33.239278,116.070121,5805187.145999999,manufacturing,co2e_100yr,aluminum,AUS,4399999.999999999,3300000.0,api
AUS,25455173,Wangjialing Gangue power station,,38.8781,111.1206,5803100.0,power,co2e_100yr,electricity-generation,CHN,1320.0,6393100.0,api
AUS,53059749,Malaysia_Baram Delta_LNG,,6.007364387,114.8268493,5802905.351127289,fossil-fuel-operations,co2e_100yr,oil-and-gas-transport,MYS,0.0,0.0,api
AUS,4659589,Jarar Zone,,8.072393418000047,44.09445092993976,5802904.918019999,forestry-and-land-use,co2e_100yr,net-shrubgrass,ETH,12.292234881325248,48174676.74369999,api
AUS,8352754,Manu Province,,-12.21824884399993,-71.22234942301034,5802885.130819999,forestry-and-land-use,co2e_100yr,net-forest-land,PER,571.4104918249496,1584446899.2473097,api
AUS,5072439,Sucre Municipality,,5.943451405000104,-64.34826298418324,5795782.000000002,forestry-and-land-use,co2e_100yr,forest-land-clearing,VEN,126.55006182902827,5795782.000000002,api
AUS,5022441,Bikoro Territory,,-0.7510539894999226,18.225115766187713,5795273.5,forestry-and-land-use,co2e_100yr,forest-land-clearing,COD,146.97787471139233,5795273.5,api
AUS,8162202,Kabinda Territory,,-6.075230358999901,24.611209198254873,5792069.000000001,forestry-and-land-use,co2e_100yr,shrubgrass-fires,COD,39.637311355837255,10990643.259025782,api
AUS,8326173,Kapuas Regency,,-1.9176752564999044,114.32294753395402,5792048.6716599995,forestry-and-land-use,co2e_100yr,net-forest-land,IDN,346.6306189215384,535173150.0877798,api
AUS,15623,Tongxin Coal Mine,,39.976006,113.103877,5790915.252518822,fossil-fuel-operations,co2e_100yr,coal-mining,CHN,16000000.0,11649999.82641751,api
AUS,15160,Halagou Coal Mine,,39.30742,110.201111,5790915.2525188215,fossil-fuel-operations,co2e_100yr,coal-mining,CHN,16000000.0,11649999.82641751,api
AUS,15495,Shangwan Coal Mine,,39.290589,110.183865,5790915.2525188215,fossil-fuel-operations,co2e_100yr,coal-mining,CHN,16000000.0,11649999.82641751,api
AUS,8255143,Shiwamg'andu District,,-11.083871692999907,31.835453360921374,5790316.5,forestry-and-land-use,co2e_100yr,forest-land-fires,ZMB,100.01652266616671,34360836.08573531,api
AUS,4621626,Division No. 10 Census Division,,53.81199100000011,-63.78881705421114,5788172.885969999,forestry-and-land-use,co2e_100yr,net-shrubgrass,CAN,93.05107254671172,413377881.1014798,api
AUS,25449280,Jeffrey Energy Center,,39.2865,-96.1172,5787500.0,power,co2e_100yr,electricity-generation,USA,2160.0,6113900.0,api
AUS,8159571,Ndélé Sub-prefecture,,8.553472042500118,20.93775463330535,5787080.5,forestry-and-land-use,co2e_100yr,shrubgrass-fires,CAF,35.99893657770569,10981177.441087244,api
AUS,8160435,Bukama Territory,,-8.835054397499931,26.118999480348894,5786373.000000001,forestry-and-land-use,co2e_100yr,shrubgrass-fires,COD,39.637311355837255,10979834.909884324,api
AUS,4829126,Bethel Census Area,,60.439321500000055,-160.8665702603099,5784172.91153,forestry-and-land-use,co2e_100yr,net-wetland,USA,55.75799423022104,162634104.19817996,api
AUS,449186,Jeddah PP3 power plant,,21.4327,39.2043,5782400.0,power,co2e_100yr,electricity-generation,SAU,1987.5,5043200.0,api
AUS,4862171,Chukotskiy District,,66.11562750000013,-172.46646454787998,5779112.20902,forestry-and-land-use,co2e_100yr,net-shrubgrass,RUS,55.18039985195632,134259264.23885,api
AUS,3144003,Hyundai Oilbank Daesan Refinery,,37.008756,126.403176,5778640.57690366,fossil-fuel-operations,co2e_100yr,oil-and-gas-refining,KOR,484000.0,148884021.36,api
AUS,3644156,Hennepin County,,45.00808525100007,-93.48774995660185,5777909.484618533,transportation,co2e_100yr,road-transportation,USA,18258.37269641071,18078877301.192368,api
AUS,8206945,Nkangala District Municipality,,-25.642814635499917,29.83853902426375,5775501.499999999,forestry-and-land-use,co2e_100yr,shrubgrass-fires,ZAF,42.07611127109017,10959205.840304932,api
AUS,5032541,Analanjirofo Administrative Area,,-16.291666999999904,49.504226346644806,5775104.000000001,forestry-and-land-use,co2e_100yr,forest-land-clearing,MDG,141.55424566048592,5775104.000000001,api
AUS,3144102,Saudi Aramco Ras Tanura Refinery,,26.70243,50.09207,5770053.640577791,fossil-fuel-operations,co2e_100yr,oil-and-gas-refining,SAU,550000.0,158547491.64000002,api
AUS,8309911,Minganie--Basse-Côte-Nord Census Division,,51.481563500000135,-61.596402811920456,5769231.496570002,forestry-and-land-use,co2e_100yr,net-forest-land,CAN,253.84308633923035,2018614350.71123,api
AUS,1566726,Guangxi Guixin Iron and Steel Group Co Ltd,,23.978790627151,111.735856368633,5769068.315764471,manufacturing,co2e_100yr,iron-and-steel,CHN,6050000.000000001,3930948.1077004564,api
AUS,25454554,Khargone power station,,22.0652,75.8519,5760800.0,power,co2e_100yr,electricity-generation,IND,1320.0,7537800.0,api
AUS,25453992,Fuzhou Jiangyin power station,,25.4385,119.3396,5759100.0,power,co2e_100yr,electricity-generation,CHN,1200.0,6291700.0,api
AUS,8241652,Songwe District,,-7.827435254999927,32.6190006234574,5758233.5,forestry-and-land-use,co2e_100yr,forest-land-fires,TZA,63.06758313610766,32722366.10596694,api
AUS,8155537,Central Desert Shire,,-21.047717093999978,130.8783808505808,5757043.499999999,forestry-and-land-use,co2e_100yr,shrubgrass-fires,AUS,58.92091690835678,10924181.236402292,api
AUS,3673019,"Luoyang, Henan aluminium plant",,34.6196539,112.4477046,5753296.6245,manufacturing,co2e_100yr,aluminum,CHN,530000.0,503499.9999999999,api
AUS,8326191,Kotawaringin Timur Regency,,-2.2291580434999503,112.79399714952491,5749026.121849999,forestry-and-land-use,co2e_100yr,net-forest-land,IDN,253.1804780179617,370717161.27839994,api
AUS,5028538,Kutai Kartanegara Regency,,0.1961242180000795,116.20463794296538,5746052.500000001,forestry-and-land-use,co2e_100yr,forest-land-clearing,IDN,199.27511551962414,5746052.500000001,api
AUS,25454307,Changzhou power station,,31.9583,119.9925,5743000.0,power,co2e_100yr,electricity-generation,CHN,1260.0,6400700.0,api
AUS,1308293,Shahriyar County,,35.652759552500044,50.91001747429419,5742975.858986,buildings,co2e_100yr,residential-onsite-fuel-usage,IRN,517136333.15256,9013096624.40811,api
AUS,8241334,Kibondo District,,-4.186296982499954,31.03610704385227,5742581.5,forestry-and-land-use,co2e_100yr,forest-land-fires,TZA,63.06758313610766,32633420.342602074,api
AUS,4963591,Dr Ruth Segomotsi Mompati District Municipality,,-26.693599700499902,24.340306900917632,5741924.6224299995,forestry-and-land-use,co2e_100yr,net-shrubgrass,ZAF,31.313061847251145,118930506.38701002,api
AUS,25450590,Huaneng Changxing power station,,30.9144,119.9632,5734500.0,power,co2e_100yr,electricity-generation,CHN,1320.0,7301700.0,api
AUS,5032042,Gbarzon District,,6.087565899000025,-8.554601423254983,5732858.000000001,forestry-and-land-use,co2e_100yr,forest-land-clearing,LBR,379.63474652789597,5732858.000000001,api
AUS,53059229,Western Gulf Dry Gas TX,,28.77648318,-97.84306945,5729424.848828488,fossil-fuel-operations,co2e_100yr,oil-and-gas-production,USA,0.0,0.0,api
AUS,1566776,ArcelorMittal Bremen steel plant,,53.1312378958179,8.68913865827406,5728776.706434756,manufacturing,co2e_100yr,iron-and-steel,DEU,3959999.9999999995,3015145.63496566,api
AUS,25451460,Calaca power station,,13.9326,120.7897,5728100.0,power,co2e_100yr,electricity-generation,PHL,900.0,5635900.0,api
AUS,32441252,Zenith Steel Group Co Ltd,,31.701133213607,120.072025491127,5725035.68014755,manufacturing,co2e_100yr,iron-and-steel,CHN,3700000.0000000005,3013176.673761869,api
AUS,452594,New Capital power station,,29.9094,31.7558,5721300.0,power,co2e_100yr,electricity-generation,EGY,4800.0,15807000.0,api
AUS,8508514,Unincorporated New South Wales Unincorporated Area,,-31.18286299999994,141.878103781508,5719184.66139,forestry-and-land-use,co2e_100yr,removals,AUS,14.658696802247444,135002215.89520997,api
AUS,25454672,Pu'an power station,,25.5248,104.9748,5715100.0,power,co2e_100yr,electricity-generation,CHN,1320.0,6383800.0,api
AUS,5022419,Dja et Lobo Department,,2.925692797000124,12.240302537317561,5713548.999999999,forestry-and-land-use,co2e_100yr,forest-land-clearing,CMR,210.0541525377059,5713548.999999999,api
AUS,3170244,Toronto Pearson International Airport,,43.675935,-79.629421,5712106.195758423,transportation,co2e_100yr,international-aviation,CAN,225715.0,1793525.60276558,api
AUS,25453914,Jisco-2 power station,,39.795,98.3073,5710900.0,power,co2e_100yr,electricity-generation,CHN,1550.0,6130800.0,api
AUS,452593,Burullus power plant,,31.5307,30.8067,5705400.0,power,co2e_100yr,electricity-generation,EGY,4800.0,15807000.0,api
AUS,25450221,Wuhu Zhongdian power station,,31.4521,118.3445,5692200.0,power,co2e_100yr,electricity-generation,CHN,1320.0,7247600.0,api
AUS,25454541,Yuxian power station,,39.8122,114.6365,5692200.0,power,co2e_100yr,electricity-generation,CHN,1320.0,7247600.0,api
AUS,4407848,Qinzhou-III power station,,21.7522,108.6256,5692200.0,power,co2e_100yr,electricity-generation,CHN,1320.0,7247600.0,api
