cik,ticker,name
1045810,NVDA,NVIDIA CORP
320193,AAPL,Apple Inc.
1652044,GOOGL,Alphabet Inc.
789019,MSFT,MICROSOFT CORP
1018724,AMZN,AMAZON COM INC
1730168,AVGO,Broadcom Inc.
1326801,META,"Meta Platforms, Inc."
1318605,TSLA,"Tesla, Inc."
59478,LLY,ELI LILLY & Co
1067983,BRK-B,BERKSHIRE HATHAWAY INC
19617,JPM,JPMORGAN CHASE & CO
104169,WMT,Walmart Inc.
2488,AMD,ADVANCED MICRO DEVICES INC
1403161,V,VISA INC.
937966,ASML,ASML HOLDING NV
2115436,XOM,ExxonMobil Holdings Corp
200406,JNJ,JOHNSON & JOHNSON
1141391,MA,Mastercard Inc
1551152,ABBV,AbbVie Inc.
50863,INTC,INTEL CORP
70858,BAC,BANK OF AMERICA CORP /DE/
858877,CSCO,"CISCO SYSTEMS, INC."
909832,COST,COSTCO WHOLESALE CORP /NEW
1321655,PLTR,Palantir Technologies Inc.
1341439,ORCL,ORACLE CORP
93410,CVX,CHEVRON CORP
21344,KO,COCA COLA CO
707549,LRCX,LAM RESEARCH CORP
6951,AMAT,APPLIED MATERIALS INC /DE
2070829,CYATY,"Contemporary Amperex Technology Co., Limited/ADR"
18230,CAT,CATERPILLAR INC
310158,MRK,"Merck & Co., Inc."
731766,UNH,UNITEDHEALTH GROUP INC
1089113,HSBC,HSBC HOLDINGS PLC
40545,GE,GENERAL ELECTRIC CO
80424,PG,PROCTER & GAMBLE Co
895421,MS,MORGAN STANLEY
1065280,NFLX,NETFLIX INC
886982,GS,GOLDMAN SACHS GROUP INC
1114448,NVS,NOVARTIS AG
1413329,PM,Philip Morris International Inc.
1327567,PANW,Palo Alto Networks Inc
1577552,BABA,Alibaba Group Holding Ltd
1000275,RY,ROYAL BANK OF CANADA
101829,RTX,RTX Corp
1571996,DELL,Dell Technologies Inc.
901832,AZN,ASTRAZENECA PLC
1306965,SHEL,Shell plc
72971,WFC,WELLS FARGO & COMPANY/MN
1973239,ARM,ARM HOLDINGS PLC /UK
1000184,SAP,SAP SE
1996810,GEV,GE Vernova Inc.
67088,MUFG,MITSUBISHI UFJ FINANCIAL GROUP INC
811809,BHP,BHP Group Ltd
318154,AMGN,AMGEN INC
319201,KLAC,KLA CORP
97476,TXN,TEXAS INSTRUMENTS INC
1596532,ANET,"Arista Networks, Inc."
97745,TMO,THERMO FISHER SCIENTIFIC INC.
1094517,TM,TOYOTA MOTOR CORP/
4962,AXP,AMERICAN EXPRESS CO
1707925,LIN,LINDE PLC
831001,C,CITIGROUP INC
51143,IBM,INTERNATIONAL BUSINESS MACHINES CORP
2023554,SNDK,Sandisk Corp
891478,SAN,"Banco Santander, S.A."
732712,VZ,VERIZON COMMUNICATIONS INC
887028,RTNTF,RIO TINTO LTD
1835632,MRVL,"Marvell Technology, Inc."
353278,NVO,NOVO NORDISK A S
1800,ABT,ABBOTT LABORATORIES
879764,TTE,TotalEnergies SE
77476,PEP,PEPSICO INC
316709,SCHW,SCHWAB CHARLES CORP
1283699,TMUS,"T-Mobile US, Inc."
1535527,CRWD,"CrowdStrike Holdings, Inc."
1594805,SHOP,SHOPIFY INC.
63908,MCD,MCDONALDS CORP
947263,TD,TORONTO DOMINION BANK
820313,APH,AMPHENOL CORP /DE/
1744489,DIS,Walt Disney Co
2012383,BLK,"BlackRock, Inc."
100885,UNP,UNION PACIFIC CORP
1137789,STX,Seagate Technology Holdings plc
882095,GILD,"GILEAD SCIENCES, INC."
1001838,SCCO,SOUTHERN COPPER CORP/
732717,T,AT&T INC.
753308,NEE,NEXTERA ENERGY INC
315189,DE,DEERE & CO
766704,WELL,WELLTOWER INC.
2053383,KXIAY,Kioxia Holdings Corporation/ADR
1393818,BX,Blackstone Inc.
863064,RIO,RIO TINTO PLC
804328,QCOM,QUALCOMM INC/DE
12927,BA,BOEING CO
1610520,UBS,UBS Group AG
946770,DTEGY,DEUTSCHE TELEKOM AG
842180,BBVA,"BANCO BILBAO VIZCAYA ARGENTARIA, S.A."
1543151,UBER,"Uber Technologies, Inc"
1163165,COP,CONOCOPHILLIPS
1075531,BKNG,Booking Holdings Inc.
78003,PFE,PFIZER INC
1551182,ETN,Eaton Corp plc
1022837,SMFG,"SUMITOMO MITSUI FINANCIAL GROUP, INC."
1381197,IBKR,"Interactive Brokers Group, Inc."
106040,WDC,WESTERN DIGITAL CORP
1158838,ATEYY,ADVANTEST CORP
1668717,BUD,Anheuser-Busch InBev SA/NV
109198,TJX,TJX COMPANIES INC /DE/
313616,DHR,DANAHER CORP /DE/
47710,HTHIY,HITACHI LTD
1830056,SMERY,Siemens Energy AG/ADR
313838,SONY,Sony Group Corp
217410,UL,UNILEVER PLC
875320,VRTX,VERTEX PHARMACEUTICALS INC / MA
1045609,PLD,"Prologis, Inc."
1164727,NEM,NEWMONT Corp /DE/
14272,BMY,BRISTOL MYERS SQUIBB CO
1035267,ISRG,INTUITIVE SURGICAL INC
896159,CB,Chubb Ltd
927628,COF,CAPITAL ONE FINANCIAL CORP
1373715,NOW,"ServiceNow, Inc."
936468,LMT,LOCKHEED MARTIN CORP
80661,PGR,PROGRESSIVE CORP/OH/
64040,SPGI,S&P Global Inc.
76334,PH,Parker-Hannifin Corp
310764,SYK,STRYKER CORP
24741,GLW,CORNING INC /NY
1335730,MFG,MIZUHO FINANCIAL GROUP INC
1737806,PDD,PDD Holdings Inc.
829224,SBUX,STARBUCKS CORP
1303523,BTI,British American Tobacco p.l.c.
1144967,HDB,HDFC BANK LTD
927971,BMO,BANK OF MONTREAL /CAN/
1119639,PBR,PETROBRAS - PETROLEO BRASILEIRO SA
64803,CVS,CVS HEALTH Corp
1613103,MDT,Medtronic plc
1559720,ABNB,"Airbnb, Inc."
1467373,ACN,Accenture plc
764180,MO,"ALTRIA GROUP, INC."
1640147,SNOW,Snowflake Inc.
313807,BP,BP PLC
1262039,FTNT,"Fortinet, Inc."
8670,ADP,AUTOMATIC DATA PROCESSING INC
831259,FCX,FREEPORT-MCMORAN INC
1639920,SPOT,Spotify Technology S.A.
1390777,BNY,Bank of New York Mellon Corp
796343,ADBE,ADOBE INC.
895728,ENB,ENBRIDGE INC
1121404,SNY,Sanofi
2809,AEM,AGNICO EAGLE MINES LTD
1690820,CVNA,CARVANA CO.
9631,BNS,BANK OF NOVA SCOTIA
1045520,CM,CANADIAN IMPERIAL BANK OF COMMERCE /CAN/
4281,HWM,Howmet Aerospace Inc.
1017413,CNQ,CANADIAN NATURAL RESOURCES Ltd
92122,SO,SOUTHERN CO
1101239,EQIX,EQUINIX INC
1131399,GSK,GSK plc
40533,GD,GENERAL DYNAMICS CORP
896878,INTU,INTUIT INC.
927653,MCK,MCKESSON CORP
1510295,MPC,Marathon Petroleum Corp
1477333,NET,"Cloudflare, Inc."
1751008,APP,AppLovin Corp
1140625,EQNR,EQUINOR ASA
1035002,VLO,VALERO ENERGY CORP/TX
1156375,CME,CME GROUP INC.
1039765,ING,ING GROEP NV
1792789,DASH,"DoorDash, Inc."
1404912,KKR,KKR & Co. Inc.
1099590,MELI,MERCADOLIBRE INC
1466258,TT,Trane Technologies plc
1674101,VRT,Vertiv Holdings Co
713676,PNC,"PNC FINANCIAL SERVICES GROUP, INC."
36104,USB,US BANCORP DE
1868275,CEG,Constellation Energy Corp
1534701,PSX,Phillips 66
1166691,CMCSA,COMCAST CORP
277948,CSX,CSX CORP
865752,MNST,Monster Beverage Corp
1326160,DUK,Duke Energy CORP
1783879,HOOD,"Robinhood Markets, Inc."
1122411,ASX,"ASE Technology Holding Co., Ltd."
2039784,MGCLY,"Midea Group Co., Ltd./ADR"
1048286,MAR,MARRIOTT INTERNATIONAL INC /MD/
1001085,BN,BROOKFIELD Corp /ON/
1050915,PWR,"QUANTA SERVICES, INC."
860730,HCA,"HCA Healthcare, Inc."
62709,MRSH,"MARSH & MCLENNAN COMPANIES, INC."
66740,MMM,3M CO
1571949,ICE,"Intercontinental Exchange, Inc."
312069,BCS,BARCLAYS PLC
823768,WM,WASTE MANAGEMENT INC
1059556,MCO,MOODYS CORP /DE/
1160106,LYG,Lloyds Banking Group plc
2098326,SNHIY,"Sany Heavy Industries Co., Ltd./ADR"
32604,EMR,EMERSON ELECTRIC CO
1156039,ELV,"Elevance Health, Inc."
1090727,UPS,UNITED PARCEL SERVICE INC
107263,WMB,"WILLIAMS COMPANIES, INC."
1169486,TKOMY,"TOKIO MARINE HOLDINGS, INC."
813672,CDNS,CADENCE DESIGN SYSTEMS INC
833444,JCI,Johnson Controls International plc
872589,REGN,"REGENERON PHARMACEUTICALS, INC."
89800,SHW,SHERWIN WILLIAMS CO
895564,BAESY,BAE SYSTEMS PLC /FI/
1063761,SPG,SIMON PROPERTY GROUP INC.
1937926,BAM,Brookfield Asset Management Ltd.
16875,CP,CANADIAN PACIFIC KANSAS CITY LTD/CN
1061219,EPD,ENTERPRISE PRODUCTS PARTNERS L.P.
1132597,ITUB,Itau Unibanco Holding S.A.
1053507,AMT,AMERICAN TOWER CORP /MA/
723254,CTAS,CINTAS CORP
1107457,IFNNY,INFINEON TECHNOLOGIES AG
1103982,MDLZ,"Mondelez International, Inc."
1561550,DDOG,"Datadog, Inc."
1004315,NGG,NATIONAL GRID PLC
49826,ITW,ILLINOIS TOOL WORKS INC
31462,ECL,ECOLAB INC.
87347,SLB,SLB LIMITED/NV
1002242,E,ENI SPA
68505,MSI,"Motorola Solutions, Inc."
311337,SU,SUNCOR ENERGY INC
702165,NSC,NORFOLK SOUTHERN CORP
1110646,NTES,"NetEase, Inc."
26172,CMI,CUMMINS INC
756894,B,BARRICK MINING CORP
1467858,GM,General Motors Co
821189,EOG,EOG RESOURCES INC
884887,RCL,ROYAL CARIBBEAN CRUISES LTD
1858681,APO,"Apollo Global Management, Inc."
1048911,FDX,FEDEX CORP
1133421,NOC,NORTHROP GRUMMAN CORP /DE/
86312,TRV,"TRAVELERS COMPANIES, INC."
16868,CNI,CANADIAN NATIONAL RAILWAY CO
745732,ROST,"ROSS STORES, INC."
315293,AON,Aon plc
883241,SNPS,SYNOPSYS INC
1633978,LITE,Lumentum Holdings Inc.
844150,NWG,NatWest Group plc
1648416,RACE,Ferrari N.V.
1585689,HLT,Hilton Worldwide Holdings Inc.
1739940,CI,Cigna Group
21665,CL,COLGATE PALMOLIVE CO
898173,ORLY,O REILLY AUTOMOTIVE INC
1276187,ET,Energy Transfer LP
1323404,WPM,Wheaton Precious Metals Corp.
1159508,DB,DEUTSCHE BANK AKTIENGESELLSCHAFT
1437107,WBD,"Warner Bros. Discovery, Inc."
1691493,NU,Nu Holdings Ltd.
885725,BSX,BOSTON SCIENTIFIC CORP
1297996,DLR,"DIGITAL REALTY TRUST, INC."
1129137,AMX,AMERICA MOVIL SAB DE CV/
1086888,MFC,MANULIFE FINANCIAL CORP
1645590,HPE,Hewlett Packard Enterprise Co
354190,AJG,Arthur J. Gallagher & Co.
1506307,KMI,"KINDER MORGAN, INC."
1060391,RSG,"REPUBLIC SERVICES, INC."
773840,HON,HONEYWELL INTERNATIONAL INC
75362,PCAR,PACCAR INC
2969,APD,"Air Products & Chemicals, Inc."
1067701,URI,"UNITED RENTALS, INC."
4904,AEP,AMERICAN ELECTRIC POWER CO INC
2071868,JHPCY,"Jiangsu Hengrui Pharmaceuticals Co., Ltd./ADR"
1260221,TDG,TransDigm Group INC
899051,ALL,ALLSTATE CORP
917851,VALE,Vale S.A.
849395,CRH,CRH PUBLIC LTD CO
929869,RELX,RELX PLC
1280452,MPWR,"MONOLITHIC POWER SYSTEMS, INC."
1389170,TRGP,Targa Resources Corp.
1697862,ARGX,ARGENX SE
92230,TFC,TRUIST FINANCIAL CORP
277135,GWW,"W.W. GRAINGER, INC."
1701605,BKR,Baker Hughes Co
1140859,COR,"Cencora, Inc."
1664703,BE,Bloom Energy Corp
1099219,MET,METLIFE INC
320187,NKE,"NIKE, Inc."
1393311,PSA,Public Storage
1973832,AU,AngloGold Ashanti PLC
797468,OXY,OCCIDENTAL PETROLEUM CORP /DE/
1475260,CVE,CENOVUS ENERGY INC.
726728,O,REALTY INCOME CORP
1552000,MPLX,MPLX LP
4977,AFL,AFLAC INC
1039684,OKE,ONEOK INC /NEW/
815556,FAST,FASTENAL CO
715957,D,"DOMINION ENERGY, INC"
1842726,LSEGY,London Stock Exchange Group plc
1385157,TEL,TE Connectivity plc
1395064,TAK,TAKEDA PHARMACEUTICAL CO LTD
3570,LNG,"Cheniere Energy, Inc."
850918,GWLIF,GREAT-WEST LIFECO INC.
1274152,CSLLY,CSL LTD
1513845,NBIS,Nebius Group N.V.
1539838,FANG,"Diamondback Energy, Inc."
97210,TER,"TERADYNE, INC"
1035983,FIX,COMFORT SYSTEMS USA INC
1121788,GRMN,GARMIN LTD
1413447,NXPI,NXP Semiconductors N.V.
1682852,MRNA,"Moderna, Inc."
37996,F,FORD MOTOR CO
73309,NUE,NUCOR CORP
1037868,AME,AMETEK INC/
1032208,SRE,SEMPRA
1120193,NDAQ,"NASDAQ, INC."
1243429,MT,ArcelorMittal
1755672,CTVA,"Corteva, Inc."
820318,COHR,COHERENT CORP.
769397,ADSK,"Autodesk, Inc."
721371,CAH,CARDINAL HEALTH INC
835403,DEO,DIAGEO PLC
936395,CIEN,CIENA CORP
1601046,KEYS,"Keysight Technologies, Inc."
1136808,EONGY,E.ON SE
1090012,DVN,DEVON ENERGY CORP/DE
1633917,PYPL,"PayPal Holdings, Inc."
93751,STT,STATE STREET CORP
1099800,EW,Edwards Lifesciences Corp
10795,BDX,BECTON DICKINSON & CO
1456346,FNV,FRANCO NEVADA Corp
2089271,HONA,Honeywell Aerospace Inc.
943452,WAB,WESTINGHOUSE AIR BRAKE TECHNOLOGIES CORP
35527,FITB,FIFTH THIRD BANCORP
2021390,GALDY,Galderma Group AG/ADR
820027,AMP,AMERIPRISE FINANCIAL INC
1783180,CARR,CARRIER GLOBAL Corp
65984,ETR,ENTERGY CORP /DE/
1327811,WDAY,"Workday, Inc."
1512673,XYZ,"Block, Inc."
1069183,AXON,"AXON ENTERPRISE, INC."
202058,LHX,"L3HARRIS TECHNOLOGIES, INC. /DE/"
1050446,MSTR,Strategy Inc
1650107,CCEP,COCA-COLA EUROPACIFIC PARTNERS plc
1736297,ALAB,"Astera Labs, Inc."
72903,XEL,XCEL ENERGY INC
1067491,INFY,Infosys Ltd
1058090,CMG,CHIPOTLE MEXICAN GRILL INC
1033767,UMC,UNITED MICROELECTRONICS CORP
740260,VTR,"Ventas, Inc."
1679788,COIN,"Coinbase Global, Inc."
1024478,ROK,"ROCKWELL AUTOMATION, INC"
1769628,CRWV,"CoreWeave, Inc."
1065088,EBAY,EBAY INC
1604821,NTRA,"Natera, Inc."
1075124,TRI,THOMSON REUTERS CORP /CAN/
2046386,MDLN,Medline Inc.
49071,HUM,HUMANA INC
1176948,ARES,Ares Management Corp
2011641,FERG,Ferguson Enterprises Inc. /DE/
1692819,VST,Vistra Corp.
1109357,EXC,EXELON CORP
1628171,RVMD,"Revolution Medicines, Inc."
1468522,FER,Ferrovial N.V.
1420798,RBGLY,RECKITT BENCKISER GROUP PLC
1565025,ABEV,AMBEV S.A.
723531,PAYX,PAYCHEX INC
1900304,HLN,Haleon plc
2021728,CBRS,Cerebras Systems Inc.
1009001,CCJ,CAMECO CORP
1418135,KDP,Keurig Dr Pepper Inc.
932787,STM,STMicroelectronics N.V.
1097362,SLF,SUN LIFE FINANCIAL INC
1819994,RKLB,Rocket Lab Corp
946581,TTWO,TAKE TWO INTERACTIVE SOFTWARE INC
874716,IDXX,IDEXX LABORATORIES INC /DE
1138118,CBRE,"CBRE GROUP, INC."
1650372,TEAM,Atlassian Corp
1471055,BSBR,Banco Santander (Brasil) S.A.
1090872,A,"AGILENT TECHNOLOGIES, INC."
818686,TEVA,TEVA PHARMACEUTICAL INDUSTRIES LTD
1335258,LYV,"Live Nation Entertainment, Inc."
1041061,YUM,YUM BRANDS INC
1478242,IQV,IQVIA HOLDINGS INC.
1318220,WCN,"Waste Connections, Inc."
1070304,IX,ORIX CORP
715153,HMC,HONDA MOTOR CO LTD
1137774,PRU,PRUDENTIAL FINANCIAL INC
1651308,ONC,BeOne Medicines Ltd.
878927,ODFL,"OLD DOMINION FREIGHT LINE, INC."
95227,SMTOY,SUMITOMO ELECTRIC INDUSTRIES LTD/ADR/
882184,DHI,HORTON D R INC /DE/
1445930,KB,KB Financial Group Inc.
1408198,MSCI,MSCI Inc.
1061736,FMX,MEXICAN ECONOMIC DEVELOPMENT INC
1807794,CRDO,Credo Technology Group Holding Ltd
1745201,VIK,Viking Holdings Ltd
882835,ROP,ROPER TECHNOLOGIES INC
1069336,SCMWY,SWISSCOM AG
1446250,BMWKY,Bayerische Motoren Werke AG/ADR
1393052,VEEV,VEEVA SYSTEMS INC
5272,AIG,"AMERICAN INTERNATIONAL GROUP, INC."
1324424,EXPE,"Expedia Group, Inc."
96021,SYY,SYSCO CORP
1000697,WAT,WATERS CORP /DE/
827054,MCHP,MICROCHIP TECHNOLOGY INC
1004980,PCG,PG&E Corp
1047862,ED,CONSOLIDATED EDISON INC
1805284,RKT,"Rocket Companies, Inc."
866374,FLEX,FLEX LTD.
701818,KGC,KINROSS GOLD CORP
47111,HSY,HERSHEY CO
874766,HIG,"HARTFORD INSURANCE GROUP, INC."
7084,ADM,Archer-Daniels-Midland Co
1030894,CLS,CELESTICA INC
1618756,QSR,Restaurant Brands International Inc.
1944048,KVUE,Kenvue Inc.
55785,KMB,KIMBERLY CLARK CORP
839923,VOD,VODAFONE GROUP PUBLIC LTD CO
1002047,NTAP,"NetApp, Inc."
1973266,TKO,"TKO Group Holdings, Inc."
100517,UAL,"United Airlines Holdings, Inc."
788784,PEG,PUBLIC SERVICE ENTERPRISE GROUP INC
1020569,IRM,IRON MOUNTAIN INC
2007855,VG,"Venture Global, Inc."
1396009,VMC,Vulcan Materials CO
1167379,ALC,ALCON INC
1444406,EC,ECOPETROL S.A.
815097,CCL,Carnival Corp Ltd.
1802768,RPRX,Royalty Pharma plc
1263043,SHG,SHINHAN FINANCIAL GROUP CO LTD
1116578,PUK,PRUDENTIAL PLC
1725964,NTR,Nutrien Ltd.
783325,WEC,"WEC ENERGY GROUP, INC."
36270,MTB,M&T BANK CORP
1093557,DXCM,DEXCOM INC
49196,HBAN,HUNTINGTON BANCSHARES INC /MD/
947484,ACGL,ARCH CAPITAL GROUP LTD.
1447669,TWLO,TWILIO INC
886986,TECK,TECK RESOURCES LTD
73124,NTRS,NORTHERN TRUST CORP
1160330,BBD,BANK BRADESCO
1027664,ESLT,ELBIT SYSTEMS LTD
915191,FRFHF,FAIRFAX FINANCIAL HOLDINGS LTD/ CAN
720005,RJF,RAYMOND JAMES FINANCIAL INC
105634,EME,"EMCOR Group, Inc."
1511737,UI,Ubiquiti Inc.
33213,EQT,EQT Corp
1932393,GEHC,GE HealthCare Technologies Inc.
1132924,CHT,CHUNGHWA TELECOM CO LTD
943819,RMD,RESMED INC
1110803,ILMN,"ILLUMINA, INC."
1051470,CCI,CROWN CASTLE INC.
1447391,RSHGY,RESONA HOLDINGS INC
717826,ERIC,ERICSSON LM TELEPHONE CO
1383650,CQP,"Cheniere Energy Partners, L.P."
1469059,CKHGF,Capitec Limited/ADR
2073893,DLMAY,Dollarama Inc./ADR
1022671,STLD,STEEL DYNAMICS INC
1441816,MDB,"MongoDB, Inc."
1071739,CNC,CENTENE CORP
1140536,WTW,WILLIS TOWERS WATSON PLC
1289490,EXR,Extra Space Storage Inc.
1374310,CBOE,"Cboe Global Markets, Inc."
898293,JBL,JABIL INC
875045,BIIB,BIOGEN INC.
916076,MLM,MARTIN MARIETTA MATERIALS INC
1555280,ZTS,Zoetis Inc.
1890126,UNVGY,Universal Music Group N.V./ADR
1178670,ALNY,"ALNYLAM PHARMACEUTICALS, INC."
726958,CASY,CASEYS GENERAL STORES INC
2083785,SUNB,"Sunbelt Rentals Holdings, Inc."
1329099,BIDU,"Baidu, Inc."
1699150,IR,Ingersoll Rand Inc.
900075,CPRT,COPART INC
1585521,ZM,"Zoom Communications, Inc."
1637459,KHC,Kraft Heinz Co
1300514,LVS,LAS VEGAS SANDS CORP
904868,FSNUY,Fresenius SE & Co. KGaA
1001290,BAP,CREDICORP LTD
1681459,FTI,TechnipFMC plc
1002910,AEE,AMEREN CORP
759944,CFG,CITIZENS FINANCIAL GROUP INC/RI
1834584,CPNG,"Coupang, Inc."
1705696,VICI,VICI PROPERTIES INC.
1038683,RYAAY,RYANAIR HOLDINGS PLC
1535759,KBGGY,Kongsberg Gruppen ASA/ADR
1713445,RDDT,"Reddit, Inc."
1754301,FOXA,Fox Corp
1094285,TDY,TELEDYNE TECHNOLOGIES INC
1269238,TCOM,Trip.com Group Ltd
45012,HAL,HALLIBURTON CO
1397911,LPLA,LPL Financial Holdings Inc.
1823945,OWL,BLUE OWL CAPITAL INC.
1163653,NMR,NOMURA HOLDINGS INC
1713683,ZS,"Zscaler, Inc."
1546066,PBA,PEMBINA PIPELINE CORP
827052,EIX,EDISON INTERNATIONAL
1776985,BNTX,BioNTech SE
731802,ATO,ATMOS ENERGY CORP
936340,DTE,DTE ENERGY CO
1666175,FTS,Fortis Inc.
798354,FISV,FISERV INC
1037646,MTD,METTLER TOLEDO INTERNATIONAL INC/
719955,WSM,WILLIAMS SONOMA INC
1018963,ATI,ATI INC
1097864,ON,ON SEMICONDUCTOR CORP
1058290,CTSH,COGNIZANT TECHNOLOGY SOLUTIONS CORP
1410636,AWK,"American Water Works Company, Inc."
29534,DG,DOLLAR GENERAL CORP
1315098,RBLX,Roblox Corp
29905,DOV,DOVER Corp
920148,LH,LABCORP HOLDINGS INC.
1175454,CPAY,"CORPAY, INC."
1781335,OTIS,Otis Worldwide Corp
1104506,INSM,INSMED Inc
1031296,FE,FIRSTENERGY CORP
313216,PHG,KONINKLIJKE PHILIPS NV
1022079,DGX,QUEST DIAGNOSTICS INC
72741,ES,EVERSOURCE ENERGY
2004711,BSP,Bending Spoons S.p.A.
1524472,XYL,Xylem Inc.
1885110,CHLSY,Chocoladefabriken Lindt & Spruengli AG/ADR
1116132,TPR,"TAPESTRY, INC."
922224,PPL,PPL Corp
1635088,ROIV,Roivant Sciences Ltd.
2058873,Q,"Qnity Electronics, Inc."
1014473,VRSN,VERISIGN INC/CA
1281761,RF,REGIONS FINANCIAL CORP
20286,CINF,CINCINNATI FINANCIAL CORP
1601712,SYF,Synchrony Financial
935703,DLTR,"DOLLAR TREE, INC."
1957132,SN,"SharkNinja, Inc."
879169,INCY,INCYTE CORP
11544,WRB,BERKLEY W R CORP
1474968,GELHY,Geely Automobile Holdings Limited/ADR
1820953,AFRM,"Affirm Holdings, Inc."
1130310,CNP,CENTERPOINT ENERGY INC
2005951,SW,Smurfit Westrock plc
940944,DRI,DARDEN RESTAURANTS INC
1811074,TPL,Texas Pacific Land Corp
1709048,GFS,GLOBALFOUNDRIES Inc.
814547,FICO,FAIR ISAAC CORP
79879,PPG,PPG INDUSTRIES INC
1720635,NVT,nVent Electric plc
1123360,GPN,GLOBAL PAYMENTS INC
79282,BRO,"BROWN & BROWN, INC."
1415404,ECHO,EchoStar CORP
798941,FCNCA,FIRST CITIZENS BANCSHARES INC /DE/
1560385,FWONA,Liberty Media Corp
1442145,VRSK,"Verisk Analytics, Inc."
48898,HUBB,HUBBELL INC
2035989,AMRZ,Amrize Ltd
105770,WST,WEST PHARMACEUTICAL SERVICES INC
728535,JBHT,HUNT J B TRANSPORT SERVICES INC
1837240,SYM,Symbotic Inc.
1780312,ASTS,"AST SpaceMobile, Inc."
29989,OMC,OMNICOM GROUP INC.
746515,EXPD,EXPEDITORS INTERNATIONAL OF WASHINGTON INC
1874178,RIVN,"Rivian Automotive, Inc. / DE"
1967680,VLTO,Veralto Corp
313927,CHD,CHURCH & DWIGHT CO INC /DE/
928876,TSEM,TOWER SEMICONDUCTOR LTD
2058897,CIB,Grupo Cibest S.A.
1876042,CRCL,"Circle Internet Group, Inc."
858446,IHG,INTERCONTINENTAL HOTELS GROUP PLC /NEW/
1126328,PFG,PRINCIPAL FINANCIAL GROUP INC
1113169,TROW,PRICE T ROWE GROUP INC
1665918,USFD,US Foods Holding Corp.
1818874,SOFI,"SoFi Technologies, Inc."
17843,CRS,CARPENTER TECHNOLOGY CORP
1013871,NRG,"NRG ENERGY, INC."
16918,STZ,"CONSTELLATION BRANDS, INC."
1428439,ROKU,"ROKU, INC"
909037,SQM,CHEMICAL & MINING CO OF CHILE INC
2074176,VNOM,"Viper Energy, Inc."
91576,KEY,KEYCORP /NEW/
1758730,TW,Tradeweb Markets Inc.
1378789,AER,AerCap Holdings N.V.
1403568,ULTA,"Ulta Beauty, Inc."
1757898,STE,STERIS plc
2093536,ARXS,"Arxis, Inc."
1375365,SMCI,"Super Micro Computer, Inc."
60086,L,LOEWS CORP
1861737,HSAI,Hesai Group
33185,EFX,EQUIFAX INC
26324,CW,CURTISS WRIGHT CORP
1751788,DOW,DOW INC.
1660134,OKTA,"Okta, Inc."
1274494,FSLR,"FIRST SOLAR, INC."
1096343,MKL,MARKEL GROUP INC.
1039610,EDPFY,EDP ENERGIAS DE PORTUGAL SA
1166003,XPO,"XPO, Inc."
70318,THC,TENET HEALTHCARE CORP
718940,BCE,BCE INC
895126,EXE,EXPAND ENERGY Corp
85535,RGLD,ROYAL GOLD INC
75677,PKG,PACKAGING CORP OF AMERICA
1142231,HKHHY,HEINEKEN HOLDING N V
771992,PAAS,PAN AMERICAN SILVER CORP
1748790,AMCR,Amcor plc
1576280,GH,"Guardant Health, Inc."
1037038,RL,RALPH LAUREN CORP
1082554,UTHR,UNITED THERAPEUTICS Corp
1163420,MTNOY,MTN GROUP LTD/ADR
40704,GIS,GENERAL MILLS INC
1161125,BCH,BANK OF CHILE
51253,IFF,INTERNATIONAL FLAVORS & FRAGRANCES INC
51434,IP,INTERNATIONAL PAPER CO /NEW/
1048695,FFIV,"F5, INC."
811156,CMS,CMS ENERGY CORP
1136893,FIS,"Fidelity National Information Services, Inc."
1101302,ENTG,ENTEGRIS INC
215466,CDE,"Coeur Mining, Inc."
920760,LEN,LENNAR CORP /NEW/
1650164,TOST,"Toast, Inc."
1383312,BR,"BROADRIDGE FINANCIAL SOLUTIONS, INC."
1996862,BG,Bunge Global SA
1489393,LYB,LyondellBasell Industries N.V.
1653192,CNGKY,Cheung Kong Property Holdings Limited/ADR
15615,MTZ,MASTEC INC
1579298,BURL,"Burlington Stores, Inc."
1880661,TPG,TPG Inc.
1434265,GMAB,GENMAB A/S
1810806,U,Unity Software Inc.
100493,TSN,"TYSON FOODS, INC."
1590364,FTAI,FTAI Aviation Ltd.
91440,SNA,Snap-on Inc
904851,YPF,YPF SOCIEDAD ANONIMA
1985487,KSPI,Joint Stock Co Kaspi.kz
1091667,CHTR,"CHARTER COMMUNICATIONS, INC. /MO/"
1943896,RBRK,"Rubrik, Inc."
920522,ESS,"ESSEX PROPERTY TRUST, INC."
1423902,WES,"Western Midstream Partners, LP"
92380,LUV,SOUTHWEST AIRLINES CO
1715801,SOAGY,Sartorius AG/ADR
1658566,PR,Permian Resources Corp
1493594,MTSI,"MACOM Technology Solutions Holdings, Inc."
1605484,STLA,Stellantis N.V.
108312,WWD,"Woodward, Inc."
733099,RCI,ROGERS COMMUNICATIONS INC
1402436,SSNC,SS&C Technologies Holdings Inc
1809587,BEKE,KE Holdings Inc.
2082247,FDXF,"FedEx Freight Holding Company, Inc."
1034054,SBAC,SBA COMMUNICATIONS CORP
1324404,CF,"CF Industries Holdings, Inc."
1111711,NI,NISOURCE INC.
1126113,TELNY,TELENOR ASA
861884,RS,"RELIANCE, INC."
1136869,ZBH,"ZIMMER BIOMET HOLDINGS, INC."
1567094,CNH,CNH Industrial N.V.
1792044,VTRS,Viatris Inc
1711269,EVRG,"Evergy, Inc."
861967,WTKWY,WOLTERS KLUWER N V /FI
1123799,WIT,WIPRO LTD
72331,NDSN,NORDSON CORP
40987,GPC,GENUINE PARTS CO
916365,TSCO,TRACTOR SUPPLY CO /DE/
1666700,DD,"DuPont de Nemours, Inc."
1049502,MKSI,MKS INC
1659166,FTV,Fortive Corp
1792580,OVV,Ovintiv Inc.
1618732,NTNX,"Nutanix, Inc."
1687229,INVH,Invitation Homes Inc.
749098,MGA,MAGNA INTERNATIONAL INC
84839,ROL,ROLLINS INC
1635327,FLUT,Flutter Entertainment plc
52988,J,JACOBS SOLUTIONS INC.
1037976,JLL,JONES LANG LASALLE INC
352541,LNT,ALLIANT ENERGY CORP
889132,PKX,POSCO HOLDINGS INC.
1070423,PAA,PLAINS ALL AMERICAN PIPELINE LP
1069157,EWBC,EAST WEST BANCORP INC
1796209,APG,APi Group Corp
106535,WY,WEYERHAEUSER CO
38777,BEN,FRANKLIN RESOURCES INC
1043219,NLY,ANNALY CAPITAL MANAGEMENT INC
1451809,SITM,SITIME Corp
1527166,CG,Carlyle Group Inc.
1159152,JHX,James Hardie Industries plc
2071881,TRMOY,Tourmaline Oil Corp/ADR
849399,GEN,Gen Digital Inc.
1336920,LDOS,"Leidos Holdings, Inc."
704532,ONTO,ONTO INNOVATION INC.
1849253,RYAN,"RYAN SPECIALTY HOLDINGS, INC."
1668397,MEDP,"Medpace Holdings, Inc."
832101,IEX,IDEX CORP /DE/
906163,NVR,NVR INC
877212,ZBRA,ZEBRA TECHNOLOGIES CORP
9389,BALL,BALL Corp
1027552,BSAC,BANCO SANTANDER CHILE
1915657,DINO,HF Sinclair Corp
1764757,DIDIY,DiDi Global Inc.
1468174,H,Hyatt Hotels Corp
1264136,WF,WOORI FINANCIAL GROUP INC.
1824920,IONQ,"IonQ, Inc."
857005,PTC,PTC INC.
1719117,ARNNY,ASR Nederland N.V./ADR
2109150,INIO,INNIO N.V.
1402057,CDW,CDW Corp
1477049,PHYS,Sprott Physical Gold Trust
915913,ALB,ALBEMARLE CORP
1618673,PFGC,Performance Food Group Co
1043277,CHRW,"C. H. ROBINSON WORLDWIDE, INC."
1673358,YUMC,"Yum China Holdings, Inc."
1564708,NWSA,NEWS CORP
2026053,PS,PERSHING SQUARE INC.
822818,CLH,CLEAN HARBORS INC
1612042,ASND,Ascendis Pharma A/S
1232524,JAZZ,Jazz Pharmaceuticals plc
929008,WCC,WESCO INTERNATIONAL INC
855658,LSCC,LATTICE SEMICONDUCTOR CORP
1170858,SBS,COMPANHIA DE SANEAMENTO BASICO DO ESTADO DE SAO PAULO-SABESP
1025378,WPC,W. P. Carey Inc.
1552033,TRU,TransUnion
879101,KIM,KIMCO REALTY CORP
1754581,FUTU,Futu Holdings Ltd
1677250,ZTO,ZTO Express (Cayman) Inc.
1070750,HST,"HOST HOTELS & RESORTS, INC."
1089063,DKS,"DICK'S SPORTING GOODS, INC."
898174,RGA,REINSURANCE GROUP OF AMERICA INC
1528396,GWRE,"Guidewire Software, Inc."
1178819,AGI,ALAMOS GOLD INC
1756607,EQX,Equinox Gold Corp.
1743881,BBIO,"BridgeBio Pharma, Inc."
1968385,BAWAY,BAWAG Group AG/ADR
912595,MAA,MID AMERICA APARTMENT COMMUNITIES INC.
1324948,RBC,RBC Bearings INC
1533232,BEP,Brookfield Renewable Partners L.P.
1046102,RBA,RB GLOBAL INC.
1481045,DSEEY,Daiwa Securities Group Inc.
914475,NBIX,NEUROCRINE BIOSCIENCES INC
1584509,ARMK,Aramark
912958,TIGO,MILLICOM INTERNATIONAL CELLULAR SA
912593,SUI,SUN COMMUNITIES INC
868675,TU,TELUS CORP
1061574,GIB,CGI INC
1127248,EMA,EMERA INC
1090425,LAMR,LAMAR ADVERTISING CO/NEW
2082866,PNFP,"Pinnacle Financial Partners, Inc."
1015650,SKM,SK TELECOM CO LTD
1964738,SOLV,Solventum Corp
59527,LECO,LINCOLN ELECTRIC HOLDINGS INC
765880,DOC,"HEALTHPEAK PROPERTIES, INC."
1086222,AKAM,AKAMAI TECHNOLOGIES INC
1544379,SCRNY,"SCREEN Holdings Co., Ltd./ADR"
2029472,PUGBY,Puig Brands S.A./ADR
1408710,FN,Fabrinet
1901440,ULS,UL Solutions Inc.
874238,STRL,"STERLING INFRASTRUCTURE, INC."
1780232,GFL,GFL Environmental Inc.
63754,MKC,MCCORMICK & CO INC
1483994,HTHT,H World Group Ltd
888491,OHI,OMEGA HEALTHCARE INVESTORS INC
93556,SWK,"STANLEY BLACK & DECKER, INC."
1791942,JBS,JBS N.V.
1841666,APA,APA Corp
1001807,TLK,PERUSAHAAN PERSEROAN PERSERO PT TELEKOMUNIKASI INDONESIA TBK
1622536,TLN,Talen Energy Corp
1829311,BMNR,"BITMINE IMMERSION TECHNOLOGIES, INC."
1579878,FIG,"Figma, Inc."
860731,TYL,TYLER TECHNOLOGIES INC
887225,KEP,KOREA ELECTRIC POWER CORP
1878848,IREN,IREN Ltd
1319161,WMG,Warner Music Group Corp.
1095073,EG,"EVEREST GROUP, LTD."
790051,CSL,CARLISLE COMPANIES INC
62996,MAS,MASCO CORP /DE/
1773383,DT,"Dynatrace, Inc."
1287750,ARCC,ARES CAPITAL CORP
1177609,FIVE,"FIVE BELOW, INC"
1019849,PAG,"PENSKE AUTOMOTIVE GROUP, INC."
1552275,SUN,Sunoco LP
910606,REG,REGENCY CENTERS CORP
914208,IVZ,Invesco Ltd.
1494728,PSLV,Sprott Physical Silver Trust
1889539,CRBG,"Corebridge Financial, Inc."
1855612,GRAB,Grab Holdings Ltd
1616707,W,Wayfair Inc.
1100682,CRL,"CHARLES RIVER LABORATORIES INTERNATIONAL, INC."
1267238,AIZ,"ASSURANT, INC."
864749,TRMB,TRIMBLE INC.
5513,UNM,Unum Group
1744676,TME,Tencent Music Entertainment Group
217346,TXT,TEXTRON INC
74208,UDR,"UDR, Inc."
89439,MLI,MUELLER INDUSTRIES INC
16058,CACI,CACI INTERNATIONAL INC /DE/
1236275,QXO,"QXO, Inc."
2110105,QNT,Quantinuum Inc.
2098381,LNTCY,"Lens Technology Co., Ltd./ADR"
922621,ERIE,ERIE INDEMNITY CO
4457,UHAL,U-Haul Holding Co /NV/
1032975,LOGI,LOGITECH INTERNATIONAL S.A.
8818,AVY,Avery Dennison Corp
1397187,LULU,lululemon athletica inc.
1579241,ALLE,Allegion plc
2109234,BLMOY,BELIMO Holding AG/ADR
1069202,LII,LENNOX INTERNATIONAL INC
1486957,BWXT,"BWX Technologies, Inc."
913144,RNR,RENAISSANCERE HOLDINGS LTD
31791,RVTY,"REVVITY, INC."
1762831,DFKUY,"Daifuku Co., Ltd./ADR"
1859392,GLXY,Galaxy Digital Inc.
719413,HL,HECLA MINING CO/DE/
769218,AEG,AEGON LTD.
10456,BAX,BAXTER INTERNATIONAL INC
110621,RPM,RPM INTERNATIONAL INC/DE/
1355444,EMBJ,EMBRAER S.A.
46080,HAS,"HASBRO, INC."
1919275,VARRY,Var Energi ASA/ADR
1206264,SGI,SOMNIGROUP INTERNATIONAL INC.
939767,EXEL,"EXELIXIS, INC."
21175,CNA,CNA FINANCIAL CORP
1289460,TXRH,"Texas Roadhouse, Inc."
91419,SJM,J M SMUCKER Co
1333986,EQH,"Equitable Holdings, Inc."
1015922,CHKP,CHECK POINT SOFTWARE TECHNOLOGIES LTD
320335,GL,GLOBE LIFE INC.
350894,SEIC,SEI INVESTMENTS CO
1060955,ICLR,ICON PLC
1506293,PINS,"PINTEREST, INC."
1057352,CSGP,"COSTAR GROUP, INC."
14693,BF-B,BROWN FORMAN CORP
1088856,CORT,CORCEPT THERAPEUTICS INC
1582961,DOCN,"DigitalOcean Holdings, Inc."
895417,ELS,EQUITY LIFESTYLE PROPERTIES INC
1575965,GLPI,"Gaming & Leisure Properties, Inc."
908255,BWA,BORGWARNER INC
1322422,HBM,Hudbay Minerals Inc.
21076,CLX,CLOROX CO /DE/
1219601,CCK,"CROWN HOLDINGS, INC."
42888,GGG,GRACO INC
1048268,IESC,"IES Holdings, Inc."
1423689,AGNC,AGNC Investment Corp.
40729,ALLY,Ally Financial Inc.
1883685,DKNG,DraftKings Inc.
2077146,OBICY,"OBIC Co., Ltd./ADR"
1852131,NXT,Nextpower Inc.
2099039,WSE,Wise Group plc
1675149,AA,Alcoa Corp
105016,WSO,WATSCO INC
317540,COKE,"Coca-Cola Consolidated, Inc."
1842022,DTM,"DT Midstream, Inc."
1609711,GDDY,GoDaddy Inc.
1321732,PEN,Penumbra Inc
749251,IT,GARTNER INC
1331875,FNF,"Fidelity National Financial, Inc."
1531152,BJ,"BJ's Wholesale Club Holdings, Inc."
2098430,MAIR,Madison Air Solutions Corp
1037540,BXP,"BXP, Inc."
1048477,BMRN,BIOMARIN PHARMACEUTICAL INC
795403,WTS,WATTS WATER TECHNOLOGIES INC
1333141,FMS,Fresenius Medical Care AG
1279956,YARIY,YARA INTERNATIONAL ASA
1056696,MANH,MANHATTAN ASSOCIATES INC
910521,DECK,DECKERS OUTDOOR CORP
109563,AIT,APPLIED INDUSTRIAL TECHNOLOGIES INC
1404655,HUBS,HUBSPOT INC
1795586,CHYM,"Chime Financial, Inc."
1203464,IAG,IAMGOLD CORP
845982,SNN,SMITH & NEPHEW PLC
2071668,MICC,Magnum Ice Cream Co N.V.
1072397,BZLFY,BUNZL PLC
1791706,LI,Li Auto Inc.
1632970,AHR,"American Healthcare REIT, Inc."
1159036,HALO,"HALOZYME THERAPEUTICS, INC."
879407,ARWR,"ARROWHEAD PHARMACEUTICALS, INC."
720672,SF,STIFEL FINANCIAL CORP
3124,AKZOY,AKZO NOBEL NV
1347557,PAC,Pacific Airport Group
1739104,ELAN,Elanco Animal Health Inc
918608,EGO,ELDORADO GOLD CORP /FI
779152,JKHY,JACK HENRY & ASSOCIATES INC
1717115,TEM,"Tempus AI, Inc."
930157,RTO,RENTOKIL INITIAL PLC /FI
785161,EHC,Encompass Health Corp
1042046,AFG,AMERICAN FINANCIAL GROUP INC
1474735,GNRC,GENERAC HOLDINGS INC.
67887,MOG-A,MOOG INC.
1261333,DOCU,"DOCUSIGN, INC."
1047127,AMKR,"AMKOR TECHNOLOGY, INC."
1944013,CR,Crane Co
764622,PNW,PINNACLE WEST CAPITAL CORP
1579091,CART,Maplebear Inc.
2072098,TMTNY,Toromont Industries Ltd./ADR
1157601,MDGL,"MADRIGAL PHARMACEUTICALS, INC."
1865782,BTSG,"BrightSpring Health Services, Inc."
2041610,PSKY,Paramount Skydance Corp
2103884,CONE,"Compass Sub North, Inc."
36966,FHN,FIRST HORIZON CORP
78128,WTRG,"Essential Utilities, Inc."
1433270,AR,ANTERO RESOURCES Corp
1370946,OC,Owens Corning
1501585,HII,"HUNTINGTON INGALLS INDUSTRIES, INC."
1109345,NVMI,NOVA LTD.
89089,SCI,SERVICE CORP INTERNATIONAL
1837429,BNT,Brookfield Wealth Solutions Ltd.
1286681,DPZ,DOMINOS PIZZA INC
1828108,AUR,"Aurora Innovation, Inc."
1031308,BSY,BENTLEY SYSTEMS INC
1097149,ALGN,ALIGN TECHNOLOGY INC
88941,SMTC,SEMTECH CORP
842023,TECH,BIO-TECHNE Corp
1237831,GMED,GLOBUS MEDICAL INC
1116942,TTMI,TTM TECHNOLOGIES INC
1492691,KNX,Knight-Swift Transportation Holdings Inc.
789570,MGM,MGM Resorts International
1800667,FROG,JFrog Ltd
909327,SUZ,Suzano S.A.
1360901,EVR,Evercore Inc.
927003,AEIS,ADVANCED ENERGY INDUSTRIES INC
927066,DVA,DAVITA INC.
1588823,TFII,TFI International Inc.
101382,UMBF,UMB FINANCIAL CORP
906345,CPT,CAMDEN PROPERTY TRUST
1922641,ENLT,Enlight Renewable Energy Ltd.
703351,EAT,"BRINKER INTERNATIONAL, INC"
1801729,NCLTY,"Nitori Holdings Co., Ltd."
1192448,GKOS,GLAUKOS Corp
1049724,DLAKY,DEUTSCHE LUFTHANSA A G /FI
1411207,ALSN,Allison Transmission Holdings Inc
49600,EGP,EASTGROUP PROPERTIES INC
82811,RRX,REGAL REXNORD CORP
1013237,FDS,FACTSET RESEARCH SYSTEMS INC
71691,NYT,NEW YORK TIMES CO
1579428,AXSM,"Axsome Therapeutics, Inc."
763901,BPOP,"POPULAR, INC."
1061983,CYTK,CYTOKINETICS INC
1366868,GSAT,"Globalstar, Inc."
1810997,XPEV,XPENG INC.
1604028,WMS,"ADVANCED DRAINAGE SYSTEMS, INC."
96223,JEF,Jefferies Financial Group Inc.
874761,AES,AES CORP
1623925,AM,Antero Midstream Corp
1125376,ENSG,"ENSIGN GROUP, INC"
1833756,DRS,"Leonardo DRS, Inc."
1573516,MUSA,Murphy USA Inc.
1179929,MOH,"MOLINA HEALTHCARE, INC."
1868159,LINE,"Lineage, Inc."
764038,SSB,SouthState Bank Corp
352915,UHS,UNIVERSAL HEALTH SERVICES INC
1590955,PAYC,"Paycom Software, Inc."
7536,ARW,"ARROW ELECTRONICS, INC."
2030781,SAIL,"SailPoint, Inc."
1015328,WTFC,WINTRUST FINANCIAL CORP
1689548,PRAX,"Praxis Precision Medicines, Inc."
2080845,PAYP,PayPay Corp
34903,FRT,FEDERAL REALTY INVESTMENT TRUST
1869198,LTH,"Life Time Group Holdings, Inc."
730272,RGEN,REPLIGEN CORP
889331,LFUS,LITTELFUSE INC /DE
30625,FLS,FLOWSERVE CORP
1801368,MP,MP Materials Corp. / DE
1174922,WYNN,WYNN RESORTS LTD
39263,CFR,"CULLEN/FROST BANKERS, INC."
1308648,AG,FIRST MAJESTIC SILVER CORP
1061894,GIL,Gildan Activewear Inc.
874015,IONS,IONIS PHARMACEUTICALS INC
1974640,APGE,"Apogee Therapeutics, Inc."
924805,FRHC,Freedom Holding Corp.
77360,PNR,PENTAIR plc
12208,BIO,"BIO-RAD LABORATORIES, INC."
1144215,AYI,ACUITY INC. (DE)
1135951,RDY,DR REDDYS LABORATORIES LTD
1145197,PODD,INSULET CORP
74260,ORI,OLD REPUBLIC INTERNATIONAL CORP
67347,MOD,MODINE MANUFACTURING CO
1599298,SMMT,Summit Therapeutics Inc.
797721,VSAT,VIASAT INC
88205,SPXC,"SPX Technologies, Inc."
1767582,LKNCY,Luckin Coffee Inc.
1069258,KTOS,"KRATOS DEFENSE & SECURITY SOLUTIONS, INC."
840489,FCFS,"FirstCash Holdings, Inc."
4127,SWKS,"SKYWORKS SOLUTIONS, INC."
1711279,KRYS,"Krystal Biotech, Inc."
1766502,CHWY,"Chewy, Inc."
938323,PSO,PEARSON PLC
1956827,ABVX,Abivax S.A.
897723,SANM,SANMINA CORP
1964789,HUT,Hut 8 Corp.
1000228,HSIC,HENRY SCHEIN INC
109380,ZION,"ZIONS BANCORPORATION, NATIONAL ASSOCIATION /UT/"
1377121,PTGX,"Protagonist Therapeutics, Inc"
2080126,FPS,"Forgent Power Solutions, Inc."
707179,ONB,OLD NATIONAL BANCORP /IN/
851205,CGNX,COGNEX CORP
1815442,KYMR,"Kymera Therapeutics, Inc."
916540,DAR,DARLING INGREDIENTS INC.
1521332,APTV,Aptiv PLC
1858985,ONON,On Holding AG
1568651,OSCR,"Oscar Health, Inc."
913290,FRO,Frontline plc
1262823,WLK,WESTLAKE CORP
1636519,MSGS,Madison Square Garden Sports Corp.
891103,MTCH,"Match Group, Inc."
1722482,AVTR,"Avantor, Inc."
908937,SIRI,SIRIUS XM HOLDINGS INC.
775158,OSK,OSHKOSH CORP
315852,RRC,RANGE RESOURCES CORP
2100805,JAN,"Janus Living, Inc."
917273,RMBS,RAMBUS INC
1021635,OGE,OGE ENERGY CORP.
831641,TTEK,TETRA TECH INC
1611052,PCOR,"PROCORE TECHNOLOGIES, INC."
1636282,SYRE,"Spyre Therapeutics, Inc."
2078416,LLYVA,"Liberty Live Holdings, Inc."
1590717,CTRE,"CareTrust REIT, Inc."
85961,R,RYDER SYSTEM INC
2052568,LGN,Legence Corp.
1158114,AAOI,"APPLIED OPTOELECTRONICS, INC."
1035443,ARE,"ALEXANDRIA REAL ESTATE EQUITIES, INC."
1004434,AMG,"AFFILIATED MANAGERS GROUP, INC."
1177702,SAIA,SAIA INC
1505880,PNDRY,Pandora A/S / ADR
917251,ADC,AGREE REALTY CORP
1584273,SNROY,"Sanrio Company, Ltd./ADR"
102729,VMI,VALMONT INDUSTRIES INC
1298675,CUBE,CubeSmart
2108185,AZBLY,Azbil Corporation/ADR
1475922,PRI,"Primerica, Inc."
1649094,PCVX,"Vaxcyte, Inc."
1564408,SNAP,Snap Inc
912093,VIAV,VIAVI SOLUTIONS INC.
1692787,KNTK,Kinetik Holdings Inc.
851968,MHK,MOHAWK INDUSTRIES INC
1866581,BROS,Dutch Bros Inc.
1443646,BAH,Booz Allen Hamilton Holding Corp
1638826,TTAN,"ServiceTitan, Inc."
6201,AAL,American Airlines Group Inc.
1581068,BRX,Brixmor Property Group Inc.
892450,KT,KT CORP
1302215,HLI,"HOULIHAN LOKEY, INC."
1658247,CRNX,"Crinetics Pharmaceuticals, Inc."
1764013,IMVT,"Immunovant, Inc."
2062522,GWKSY,GAMES WORKSHOP GROUP PLC/ADR
1786909,SBSW,Sibanye Stillwater Ltd
1034670,ALV,AUTOLIV INC
1669162,KNSL,"Kinsale Capital Group, Inc."
1040829,RHP,"Ryman Hospitality Properties, Inc."
1535929,VOYA,"Voya Financial, Inc."
1822993,JXN,Jackson Financial Inc.
2064953,SOLS,Solstice Advanced Materials Inc.
751978,VICR,VICOR CORP
1405495,IDCC,"InterDigital, Inc."
2083221,SPIIY,SPIE SA/ADR
91388,SFD,SMITHFIELD FOODS INC
1563190,COMP,"Compass, Inc."
1341766,CELH,"Celsius Holdings, Inc."
751364,NNN,"NNN REIT, INC."
1581280,TWST,Twist Bioscience Corp
1068851,PB,PROSPERITY BANCSHARES INC
1428336,HQY,"HEALTHEQUITY, INC."
1838413,YMM,Full Truck Alliance Co. Ltd.
1109354,BRKR,BRUKER CORP
1015820,QGEN,QIAGEN N.V.
887343,COLB,"COLUMBIA BANKING SYSTEM, INC."
1787425,XP,XP Inc.
1707753,ESTC,Elastic N.V.
1034983,MINBY,MINEBEA MITSUMI Inc.
2064124,FIGR,"Figure Technology Solutions, Inc."
2006960,FOIL,Londian Wason New Energy Tech Inc.
893538,SM,SM Energy Co
1826168,TIMB,TIM S.A.
921825,FR,FIRST INDUSTRIAL REALTY TRUST INC
1282637,NEU,NEWMARKET CORP
2107989,KERCY,Keisei Electric Railway Co. Ltd/ADR
1856525,CNM,"Core & Main, Inc."
1571283,REXR,"Rexford Industrial Realty, Inc."
1734722,PATH,"UiPath, Inc."
1590714,ESI,Element Solutions Inc
1212545,WAL,WESTERN ALLIANCE BANCORPORATION
875357,BOKF,BOK FINANCIAL CORP
896622,ATR,"APTARGROUP, INC."
1001316,TGTX,"TG THERAPEUTICS, INC."
98362,TKR,TIMKEN CO
1639438,CAVA,"CAVA GROUP, INC."
1617640,ZG,"ZILLOW GROUP, INC."
1073404,GGB,GERDAU S.A.
1012019,RUSHA,RUSH ENTERPRISES INC \TX\
91142,AOS,SMITH A O CORP
1591698,PCTY,Paylocity Holding Corp
1039399,FORM,FORMFACTOR INC
22356,CBSH,COMMERCE BANCSHARES INC /MO/
1604778,QRVO,"Qorvo, Inc."
868857,ACM,AECOM
2042694,PRMB,Primo Brands Corp
915389,EMN,EASTMAN CHEMICAL CO
1131383,STN,STANTEC INC
94845,LEVI,LEVI STRAUSS & CO
1329394,SIMO,Silicon Motion Technology CORP
1770787,TXG,"10x Genomics, Inc."
1041792,ELPC,ENERGY CO OF PARANA
1534504,PBF,PBF Energy Inc.
1726122,CEF,Sprott Physical Gold & Silver Trust
1520262,ALKS,Alkermes plc.
59558,LNC,LINCOLN NATIONAL CORP
842162,LEA,LEAR CORP
1023128,LAD,LITHIA MOTORS INC
1289419,MORN,"Morningstar, Inc."
884614,UGI,UGI CORP /PA/
2025410,SARO,"StandardAero, Inc."
1439288,ZWS,Zurn Elkay Water Solutions Corp
913760,SNEX,StoneX Group Inc.
1326110,IBRX,"ImmunityBio, Inc."
1326380,GME,GameStop Corp.
24545,TAP,MOLSON COORS BEVERAGE CO
1789832,HESM,Hess Midstream LP
1433195,APPF,APPFOLIO INC
23217,CAG,CONAGRA BRANDS INC.
1057877,IDA,IDACORP INC
1567683,CWEN,"Clearway Energy, Inc."
1513761,NCLH,Norwegian Cruise Line Holdings Ltd.
1173382,CAE,CAE INC
944695,THG,"HANOVER INSURANCE GROUP, INC."
1575515,SFM,"Sprouts Farmers Market, Inc."
1486159,CHRD,Chord Energy Corp
1000377,VBREY,Vibra Energia S.A./ADR
1370637,ETSY,ETSY INC
70145,NFG,NATIONAL FUEL GAS CO
1083301,WULF,TERAWULF INC.
714310,VLY,VALLEY NATIONAL BANCORP
1762506,VIST,"Vista Energy, S.A.B. de C.V."
2065601,CBC,"Central Bancompany, Inc."
2019061,SOBO,South Bow Corp
921638,SSRM,SSR MINING INC.
1836833,PL,Planet Labs PBC
1616862,AXTA,Axalta Coating Systems Ltd.
920371,SSD,"Simpson Manufacturing Co., Inc."
899689,VNO,VORNADO REALTY TRUST
1649904,RYTM,"RHYTHM PHARMACEUTICALS, INC."
1144879,APLD,Applied Digital Corp.
1316835,BLDR,"Builders FirstSource, Inc."
880266,AGCO,AGCO CORP /DE
802481,PPC,PILGRIMS PRIDE CORP
1368622,AVAV,AeroVironment Inc
1167419,RIOT,"Riot Platforms, Inc."
1285785,MOS,MOSAIC CO
1679273,LW,"Lamb Weston Holdings, Inc."
1467623,DBX,"DROPBOX, INC."
7431,AWI,ARMSTRONG WORLD INDUSTRIES INC
1648512,SHMXY,Shimadzu Corporation/ADR
1429937,BTG,B2GOLD CORP
97216,TEX,TEREX CORP
1476150,TRNO,Terreno Realty Corp
1639723,NAVN,"Navan, Inc."
1849056,OKLO,Oklo Inc.
1626115,PJT,PJT Partners Inc.
2019410,CAI,"Caris Life Sciences, Inc."
1472787,FAF,First American Financial Corp
277509,FSS,FEDERAL SIGNAL CORP /DE/
2088896,XE,"X-Energy, Inc."
1114700,GGAL,GRUPO FINANCIERO GALICIA SA
1468642,AUGO,Aura Minerals Inc.
66570,MSA,MSA Safety Inc
56047,KEX,KIRBY CORP
1698535,NXE,NexGen Energy Ltd.
1895262,NE,Noble Corp plc
1910139,MBLY,Mobileye Global Inc.
1673743,HNGE,"Hinge Health, Inc."
1038074,SLAB,SILICON LABORATORIES INC.
1214816,AXS,AXIS CAPITAL HOLDINGS LTD
1584207,OMF,"OneMain Holdings, Inc."
1479094,STAG,"STAG Industrial, Inc."
310522,FNMA,FEDERAL NATIONAL MORTGAGE ASSOCIATION FANNIE MAE
2098425,BJGPY,"Beijing Geekplus Technology Co., Ltd./ADR"
1819848,JOBY,"Joby Aviation, Inc."
1913510,VFS,VinFast Auto Ltd.
866706,ESE,ESCO TECHNOLOGIES INC
912242,MAC,MACERICH CO
1750264,MAAS,Maase Inc.
1583708,S,"SentinelOne, Inc."
1570827,VCTR,"Victory Capital Holdings, Inc."
1739445,ACA,"Arcosa, Inc."
1851003,ZETA,Zeta Global Holdings Corp.
1878057,SGHC,Super Group (SGHC) Ltd
1773751,HIMS,"Hims & Hers Health, Inc."
1094972,UGP,ULTRAPAR HOLDINGS INC
1829726,TFPM,Triple Flag Precious Metals Corp.
1520006,MTDR,Matador Resources Co
1727196,SRRK,Scholar Rock Holding Corp
1653482,GTLB,Gitlab Inc.
8858,AVT,AVNET INC
1510599,PDI,PIMCO Dynamic Income Fund
1627272,OR,OR Royalties Inc.
19584,CHE,CHEMED CORP
2001184,PACS,"PACS Group, Inc."
1021860,NOV,NOV Inc.
2068440,LPGCY,Laopu Gold Co. Ltd./ADR
1907982,QBTS,D-Wave Quantum Inc.
1968378,BCHMY,Bachem Holding AG/ADR
717605,HXL,HEXCEL CORP /DE/
1991792,CGON,"CG Oncology, Inc."
80420,POWL,POWELL INDUSTRIES INC
2041385,RAL,Ralliant Corp
1856437,VSXY,Victoria's Secret & Co.
1309108,WEX,WEX Inc.
1124198,FLR,FLUOR CORP
1723690,BILI,Bilibili Inc.
2040127,KRMN,Karman Holdings Inc.
1529192,VIPS,Vipshop Holdings Ltd
1487326,OGC,OceanaGold Corp
1823529,ACT,"Enact Holdings, Inc."
2000178,LOAR,Loar Holdings Inc.
1562088,DUOL,"Duolingo, Inc."
1470419,ESYJY,easyJet plc
945841,POOL,POOL CORP
907654,ORKA,"Oruka Therapeutics, Inc."
1050140,DSGX,DESCARTES SYSTEMS GROUP INC
1842827,BZ,Kanzhun Ltd
1835963,GLBE,Global-E Online Ltd.
1289308,ENS,EnerSys
2041918,LOTMY,Lottomatica Group S.p.A./ADR
1360604,HR,Healthcare Realty Trust Inc
2084022,SFGYY,Sony Financial Group Inc./ADR
1728951,EPRT,"ESSENTIAL PROPERTIES REALTY TRUST, INC."
1046257,INGR,Ingredion Inc
1995807,LB,LandBridge Co LLC
12659,HRB,H&R BLOCK INC
1759509,LYFT,"Lyft, Inc."
866291,ALGM,"ALLEGRO MICROSYSTEMS, INC."
3453,MATX,"Matson, Inc."
1109138,CAMT,CAMTEK LTD
37808,FNB,FNB CORP/PA/
1698990,MGY,Magnolia Oil & Gas Corp
2107018,DPC,DPC Holdings PLC
100591,AGX,ARGAN INC
1521036,LNTH,"Lantheus Holdings, Inc."
1504764,AVAL,Grupo Aval Acciones Y Valores S.A.
729986,UBSI,UNITED BANKSHARES INC/WV
350698,AN,"AUTONATION, INC."
1580905,IBP,"Installed Building Products, Inc."
1718512,GTES,Gates Industrial Corp Ltd.
912615,URBN,URBAN OUTFITTERS INC
1062579,DOX,AMDOCS LTD
1692115,SWX,"Southwest Gas Holdings, Inc."
1296445,ORA,"ORMAT TECHNOLOGIES, INC."
1164863,NPO,Enpro Inc.
1065696,LKQ,LKQ CORP
1819989,CIFR,Cipher Digital Inc.
1897762,INGM,Ingram Micro Holding Corp
1451505,RIG,Transocean Ltd.
1793659,RSI,"Rush Street Interactive, Inc."
764065,CLF,CLEVELAND-CLIFFS INC.
1889109,BLTE,"BELITE BIO, INC"
876437,MTG,MGIC INVESTMENT CORP
1526125,GDS,GDS Holdings Ltd
1581990,PAGP,PLAINS GP HOLDINGS LP
52827,RYN,RAYONIER INC
1370418,SLFPY,STANDARD LIFE PLC
1603923,WFRD,Weatherford International plc
1796022,STEP,StepStone Group Inc.
1637810,FSV,FirstService Corp
785786,PLXS,PLEXUS CORP
20212,CHDN,Churchill Downs Inc
1819576,LQDA,Liquidia Corp
2079706,MBSHY,"Mitsubishi Gas Chemical Company, Inc./ADR"
1398659,G,Genpact LTD
918646,EXP,EAGLE MATERIALS INC
2090312,MBGL,Mobility Global Inc.
1622229,COGT,"Cogent Biosciences, Inc."
40211,GATX,GATX CORP
885550,CACC,CREDIT ACCEPTANCE CORP
824142,AAON,"AAON, INC."
1653653,RRR,"Red Rock Resorts, Inc."
1659939,ENIC,Enel Chile S.A.
1849853,STVN,Stevanato Group S.p.A.
1308547,DLB,"Dolby Laboratories, Inc."
1718227,ROAD,"Construction Partners, Inc."
1600033,ELF,"e.l.f. Beauty, Inc."
2015845,ECG,"Everus Construction Group, Inc."
1465128,STWD,"STARWOOD PROPERTY TRUST, INC."
1671933,TTD,"Trade Desk, Inc."
1723128,AMRX,"Amneal Pharmaceuticals, Inc."
1690585,DNTH,"Dianthus Therapeutics, Inc. /DE/"
1860742,BLCO,Bausch & Lomb Corp
1448893,ESNT,Essent Group Ltd.
1730430,KNSA,"Kiniksa Pharmaceuticals International, plc"
1438533,TVTX,"Travere Therapeutics, Inc."
1107843,QLYS,"QUALYS, INC."
1529864,ENVA,"Enova International, Inc."
1646972,ACI,"Albertsons Companies, Inc."
868671,GBCI,"GLACIER BANCORP, INC."
1791863,BEPC,Brookfield Renewable Corp
1767042,KGS,"Kodiak Gas Services, Inc."
1761918,ERAS,"Erasca, Inc."
794367,M,"Macy's, Inc."
84246,RLI,RLI CORP
1692063,SNDR,"Schneider National, Inc."
1615903,IFS,Intercorp Financial Services Inc.
1477294,ST,Sensata Technologies Holding plc
853816,LSTR,LANDSTAR SYSTEM INC
1856314,YOU,"Clear Secure, Inc."
1331520,HOMB,HOME BANCSHARES INC
1978954,TBBB,BBB FOODS INC
1454144,ERELY,Eregli Demir ve Celik Fabrikalari TAS/ADR
1590895,CZR,"Caesars Entertainment, Inc."
1830918,MAUTF,Montage Gold Corp.
750577,HWC,HANCOCK WHITNEY CORP
102752,VSEC,VSE CORP
911177,CWST,CASELLA WASTE SYSTEMS INC
1002638,OTEX,OPEN TEXT CORP
314808,VAL,Valaris Ltd
1345105,CPA,"Copa Holdings, S.A."
1334036,CROX,"Crocs, Inc."
1759425,MIRM,"Mirum Pharmaceuticals, Inc."
1813814,DFTX,"Definium Therapeutics, Inc."
1070081,PTCT,"PTC THERAPEUTICS, INC."
906553,BYD,BOYD GAMING CORP
1108426,TXNM,TXNM ENERGY INC
1003935,NICE,NICE Ltd.
1516324,BTDPY,Barratt Developments PLC/ADR
1433660,JBTM,JBT MAREL Corp
18926,LUMN,"Lumen Technologies, Inc."
883948,AUB,Atlantic Union Bankshares Corp
96943,TFX,TELEFLEX INC
790526,RDNT,"RadNet, Inc."
310142,SXT,SENSIENT TECHNOLOGIES CORP
1582313,XENE,Xenon Pharmaceuticals Inc.
806968,WPP,WPP plc
7789,ASB,ASSOCIATED BANC-CORP
784977,POR,PORTLAND GENERAL ELECTRIC CO /OR/
2044984,ARSTY,Ariston Holding N.V./ADR
1736035,BXSL,Blackstone Secured Lending Fund
1507079,FND,"Floor & Decor Holdings, Inc."
1433642,HLNE,Hamilton Lane INC
1784570,BETA,"BETA Technologies, Inc."
1977102,BIRK,Birkenstock Holding plc
351569,ABCB,Ameris Bancorp
1654795,BBUC,Brookfield Business Corp
1592386,VIRT,"Virtu Financial, Inc."
1727263,FTDR,"Frontdoor, Inc."
1142417,NXST,"NEXSTAR MEDIA GROUP, INC."
1352010,EPAM,"EPAM Systems, Inc."
1288469,MXL,"MAXLINEAR, INC"
1556593,RITM,Rithm Capital Corp.
1297989,EXLS,"ExlService Holdings, Inc."
1278021,MKTX,MARKETAXESS HOLDINGS INC
9326,BCPC,BALCHEM CORP
1495153,MMYT,MakeMyTrip Ltd
2065636,MWH,"SOLV Energy, Inc."
887596,CAKE,CHEESECAKE FACTORY INC
2065708,ANDG,Andersen Group Inc.
2063196,NTSK,Netskope Inc
91767,SON,SONOCO PRODUCTS CO
2093907,RKGRY,RENK Group AG/ADR
1013857,PEGA,PEGASYSTEMS INC
1795250,SPHR,Sphere Entertainment Co.
886163,LGND,LIGAND PHARMACEUTICALS INC
1691303,HCC,"WARRIOR MET COAL, INC."
1839341,CORZ,"Core Scientific, Inc./tx"
1655888,OBDC,Blue Owl Capital Corp
772406,CRUS,"CIRRUS LOGIC, INC."
103379,VFC,V F CORP
2054696,NIQ,NIQ Global Intelligence plc
1476204,PECO,"Phillips Edison & Company, Inc."
1384905,RNG,"RingCentral, Inc."
1094831,BGC,"BGC Group, Inc."
1782170,RELY,"Remitly Global, Inc."
2062583,MMED,"MiniMed Group, Inc."
910073,FLG,"FLAGSTAR BANK, NATIONAL ASSOCIATION"
1674416,CRSP,CRISPR Therapeutics AG
230557,SIGI,SELECTIVE INSURANCE GROUP INC
1130464,BKH,BLACK HILLS CORP /SD/
1396440,MAIN,Main Street Capital CORP
913353,CIGI,Colliers International Group Inc.
1299709,AX,"Axos Financial, Inc."
1699136,WHD,"Cactus, Inc."
1722684,WH,"WYNDHAM HOTELS & RESORTS, INC."
1680062,ACMR,"ACM Research, Inc."
1835830,KVYO,"Klaviyo, Inc."
2067876,VSNT,"Versant Media Group, Inc."
1838359,RGTI,"Rigetti Computing, Inc."
1822479,SHC,Sotera Health Co
1697500,SEI,"Solaris Energy Infrastructure, Inc."
356309,NJR,NEW JERSEY RESOURCES CORP
1703056,ADT,ADT Inc.
861459,GVA,GRANITE CONSTRUCTION INC
1438569,GRFS,Grifols SA
1049521,MRCY,MERCURY SYSTEMS INC
1169561,CVLT,COMMVAULT SYSTEMS INC
1389050,AROC,"Archrock, Inc."
2127043,JMKE,Jersey Mike's Subs Inc.
1286043,KRG,KITE REALTY GROUP TRUST
856982,MMSI,MERIT MEDICAL SYSTEMS INC
1569650,OZK,Bank OZK
1866175,CRGY,Crescent Energy Co
1070412,CNX,CNX Resources Corp
1852244,GXO,"GXO Logistics, Inc."
1041803,PSMT,PRICESMART INC
1571123,SAIC,Science Applications International Corp
812011,MTN,VAIL RESORTS INC
1402388,WFG,"WEST FRASER TIMBER CO., LTD"
1786431,REYN,Reynolds Consumer Products Inc.
1750,AIR,AAR CORP
1624794,CSW,"CSW INDUSTRIALS, INC."
1364479,HRI,HERC HOLDINGS INC
2003292,KLAR,Klarna Group plc
1519751,FBIN,"Fortune Brands Innovations, Inc."
1579877,OUT,OUTFRONT Media Inc.
1076930,NOVT,NOVANTA INC
935036,ACIW,"ACI WORLDWIDE, INC."
1230245,PIPR,PIPER SANDLER COMPANIES
717954,UNF,UNIFIRST CORP
1207179,GLNG,GOLAR LNG LTD
1604481,CMBT,CMB.TECH NV
1670061,ALM,Almonty Industries Inc.
14930,BC,BRUNSWICK CORP
1672013,GOLF,Acushnet Holdings Corp.
1492298,SBRA,"Sabra Health Care REIT, Inc."
723612,CAR,"AVIS BUDGET GROUP, INC."
275880,PSN,PARSONS CORP
1810546,EBC,"Eastern Bankshares, Inc."
769520,MIDD,MIDDLEBY Corp
717423,MUR,MURPHY OIL CORP
2044863,TKMTY,"Tokyo Metro Co., Ltd./ADR"
912766,LAUR,"LAUREATE EDUCATION, INC."
1070494,ACAD,ACADIA PHARMACEUTICALS INC
776867,WTM,WHITE MOUNTAINS INSURANCE GROUP LTD
1547870,BUHPY,Bumrungrad Hospital Public Co Limited/ADR
1516536,RMVEY,Rightmove PLC/ADR
2017206,MRP,"Millrose Properties, Inc."
60519,LPX,LOUISIANA-PACIFIC CORP
1747777,OTF,Blue Owl Technology Finance Corp.
1880319,PRM,"Perimeter Solutions, Inc."
1418819,IRDM,Iridium Communications Inc.
1596967,MC,Moelis & Co
1841156,PAY,"Paymentus Holdings, Inc."
1587732,OGS,"ONE Gas, Inc."
73756,OII,OCEANEERING INTERNATIONAL INC
1046311,CHH,CHOICE HOTELS INTERNATIONAL INC /DE
1224608,CNO,"CNO Financial Group, Inc."
1561894,HASI,"HA Sustainable Infrastructure Capital, Inc."
1381668,TFSL,TFS Financial CORP
2113060,IQMX,IQM Quantum Computers Oyj
1018840,ANF,ABERCROMBIE & FITCH CO /DE/
104889,GHC,Graham Holdings Co
355811,GNTX,GENTEX CORP
1679049,INSW,"International Seaways, Inc."
1032033,SLM,SLM Corp
1306830,CE,Celanese Corp
1378239,OMAB,Central North Airport Group
1820872,GBTG,"Global Business Travel Group, Inc."
25232,CUZ,COUSINS PROPERTIES INC
90896,SKY,"Champion Homes, Inc."
2083632,OCTV,Octave Intelligence plc
1463101,ENPH,"Enphase Energy, Inc."
1877322,ESAB,ESAB Corp
1496919,MBRFY,MARFRIG GLOBAL FOODS S.A.
1610250,BOOT,"Boot Barn Holdings, Inc."
912767,UFPI,UFP INDUSTRIES INC
313143,HAE,HAEMONETICS CORP
2011286,AMTM,"Amentum Holdings, Inc."
36029,FFIN,FIRST FINANCIAL BANKSHARES INC
1710072,EWTX,"Edgewise Therapeutics, Inc."
1347426,BMA,Macro Bank Inc.
43920,GEF,"GREIF, INC"
1126956,SR,SPIRE INC
2094691,OBOCY,Ottobock SE & Co. KGaA/ADR
1990354,WAY,Waystar Holding Corp.
1818794,DYN,"Dyne Therapeutics, Inc."
890926,RDN,RADIAN GROUP INC
1056288,FHI,"FEDERATED HERMES, INC."
1433087,FLIDY,FLSMIDTH & CO. A/S
1114995,PI,IMPINJ INC
1853717,ATAT,Atour Lifestyle Holdings Ltd
1430723,SFBS,"ServisFirst Bancshares, Inc."
1857047,MDA,MDA Space Ltd.
1735707,GTX,Garrett Motion Inc.
1788348,BIPC,Brookfield Infrastructure Corp
1786352,BILL,"BILL Holdings, Inc."
1710366,CNR,"Core Natural Resources, Inc."
1104657,MTRN,MATERION Corp
1069878,TREX,TREX CO INC
1657573,XMTR,"Xometry, Inc."
813762,IEP,ICAHN ENTERPRISES L.P.
1657677,PBLS,"Parabilis Medicines, Inc."
700923,MYRG,MYR GROUP INC.
1357615,KBR,"KBR, INC."
1830081,RUM,RUM Group Inc.
1317685,ALH,Alliance Laundry Holdings Inc.
1693736,EQPT,EquipmentShare.com Inc
833079,MTH,Meritage Homes CORP
1071321,TKC,TURKCELL ILETISIM HIZMETLERI A S
1845257,LFST,"LifeStance Health Group, Inc."
1600928,HPHTY,Hamamatsu Photonics K.K./ADR
1646188,ONDS,Ondas Inc.
1824502,ACHR,Archer Aviation Inc.
1361113,VRNS,VARONIS SYSTEMS INC
77543,TPC,TUTOR PERINI CORP
1449664,NWSGY,CTF Services Ltd
103730,VSH,VISHAY INTERTECHNOLOGY INC
766421,ALK,"ALASKA AIR GROUP, INC."
1748797,DOO,BRP Inc.
50725,GFF,GRIFFON CORP
315213,RHI,ROBERT HALF INC.
1045450,EPR,EPR PROPERTIES
1872195,BLSH,Bullish
98222,TDW,TIDEWATER INC
1517175,CHEF,"Chefs' Warehouse, Inc."
899715,SKT,TANGER INC.
1609253,CRC,California Resources Corp
913142,BDC,BELDEN INC.
1853868,FRVO,Fervo Energy Co
1639300,OLLI,"Ollie's Bargain Outlet Holdings, Inc."
78890,BCO,BRINKS CO
1866364,BULL,Webull Corp
2067129,NP,Neptune Insurance Holdings Inc.
1258602,NNI,NELNET INC
1854640,CGAU,Centerra Gold Inc.
1840776,HGTY,"Hagerty, Inc."
2070849,BLLN,"BillionToOne, Inc."
38725,FELE,FRANKLIN ELECTRIC CO INC
1841408,DAVE,Dave Inc./DE
886977,MEOH,METHANEX CORP
1070235,BB,BLACKBERRY Ltd
883984,ICUI,ICU MEDICAL INC/DE
1516513,DOCS,"Doximity, Inc."
887153,SIM,"GRUPO SIMEC, S.A.B. de C.V."
889900,PTEN,PATTERSON UTI ENERGY INC
2044153,NGXXF,NGEx Minerals Ltd.
700564,FULT,FULTON FINANCIAL CORP
730464,CVSA,Covista Inc.
1040971,SLG,SL GREEN REALTY CORP
1424182,BNL,"Broadstone Net Lease, Inc."
1760965,KTB,"Kontoor Brands, Inc."
1603454,CELC,Celcuity Inc.
1970622,USAR,"USA Rare Earth, Inc."
278166,CVCO,"CAVCO INDUSTRIES, INC."
315709,IBOC,INTERNATIONAL BANCSHARES CORP
849869,SLGN,SILGAN HOLDINGS INC
1385280,CNK,"Cinemark Holdings, Inc."
1786842,VNT,Vontier Corp
1846832,DLO,dLocal Ltd
1672619,ELVN,"Enliven Therapeutics, Inc."
1888447,EE,"Excelerate Energy, Inc."
1361658,TNL,Travel & Leisure Co.
1455863,COLD,AMERICOLD REALTY TRUST
1818201,CCC,CCC Intelligent Solutions Holdings Inc.
2014596,CON,"Concentra Group Holdings Parent, Inc."
1507605,MARA,"MARA Holdings, Inc."
56978,KLIC,KULICKE & SOFFA INDUSTRIES INC
1713748,SKE,Skeena Resources Ltd
1757073,NVST,Envista Holdings Corp
1174169,AQN,ALGONQUIN POWER & UTILITIES CORP.
56679,KFY,KORN FERRY
1812364,RLAY,"Relay Therapeutics, Inc."
860546,CDP,COPT DEFENSE PROPERTIES
1469395,PAM,Pampa Energy Inc.
1057706,FBP,FIRST BANCORP /PR/
1464521,HTFL,"Heartflow, Inc."
1051627,AXTI,AXT INC
1025996,KRC,KILROY REALTY CORP
780571,ITRI,"ITRON, INC."
16040,CBT,CABOT CORP
931427,TGS,GAS TRANSPORTER OF THE SOUTH INC
949157,CENX,CENTURY ALUMINUM CO
1639691,LIVN,LivaNova PLC
1993004,NWE,"NorthWestern Energy Group, Inc."
887936,FCN,"FTI CONSULTING, INC"
1438472,MIAX,"MIAMI INTERNATIONAL HOLDINGS, INC."
1311370,LAZ,"Lazard, Inc."
1674910,VVV,VALVOLINE INC
1964504,ARIS,Aris Mining Corp
1997350,ARX,Accelerant Holdings
932696,NSIT,INSIGHT ENTERPRISES INC
1077428,TCBI,TEXAS CAPITAL BANCSHARES INC/TX
1284812,CNS,"COHEN & STEERS, INC."
857855,UCB,UNITED COMMUNITY BANKS INC
1114483,ITGR,Integer Holdings Corp
46765,HP,"Helmerich & Payne, Inc."
2091028,MTLMY,Metallium Limited/ADR
1811935,PTRN,Pattern Group Inc.
63276,MAT,MATTEL INC /DE/
1625297,INDV,"Indivior Pharmaceuticals, Inc."
1658551,AMLX,"Amylyx Pharmaceuticals, Inc."
923796,GEO,GEO GROUP INC
67716,MDU,MDU RESOURCES GROUP INC
23194,CRK,COMSTOCK RESOURCES INC
1489079,ADOOY,Adaro Energy PT/ADR/
8947,AZZ,AZZ INC
1468091,VEON,VEON Ltd.
1650729,SITE,"SiteOne Landscape Supply, Inc."
1691421,LMND,"Lemonade, Inc."
1694426,DK,"Delek US Holdings, Inc."
1388658,IRTC,"iRhythm Holdings, Inc."
861842,CATY,CATHAY GENERAL BANCORP
3197,CECO,CECO ENVIRONMENTAL CORP
29002,DIOD,DIODES INC /DEL/
730263,THO,THOR INDUSTRIES INC
1395942,OPLN,"OPENLANE, Inc."
806628,DNP,DNP SELECT INCOME FUND INC
2035057,IFHLY,Inficon Holding AG/ADR
1173420,NG,NOVAGOLD RESOURCES INC
2013745,CLMT,"Calumet, Inc. /DE"
1361538,PRIM,Primoris Services Corp
2085236,AMVOY,AUMOVIO SE
1445305,WK,WORKIVA INC
1478320,ADPT,Adaptive Biotechnologies Corp
828944,WSFS,WSFS FINANCIAL CORP
1637207,PLNT,"Planet Fitness, Inc."
1819133,TNGX,"Tango Therapeutics, Inc."
1827635,MANE,"Veradermics, Inc"
1801198,LEGN,Legend Biotech Corp
1466085,IRT,"INDEPENDENCE REALTY TRUST, INC."
1647088,WSC,WillScot Holdings Corp
1101215,BFH,"BREAD FINANCIAL HOLDINGS, INC."
1122976,AVNT,AVIENT CORP
1815779,HAFN,Hafnia Ltd
88121,SEB,SEABOARD CORP /DE/
1783398,UWMC,UWM Holdings Corp
1845338,MNDY,monday.com Ltd.
1853860,ERO,Ero Copper Corp.
1981792,HHH,Howard Hughes Holdings Inc.
16160,CALM,CAL-MAINE FOODS INC
1410384,QTWO,"Q2 Holdings, Inc."
1662991,SEZL,Sezzle Inc.
354647,CVBF,CVB FINANCIAL CORP
2089661,SUNC,SunocoCorp LLC
776901,INDB,INDEPENDENT BANK CORP
793733,SKYW,SKYWEST INC
745308,JOE,ST JOE Co
2007191,TLX,Telix Pharmaceuticals Ltd
1921963,ATMU,Atmus Filtration Technologies Inc.
203596,WSBC,WESBANCO INC
1745916,PFSI,"PennyMac Financial Services, Inc."
1483934,STNG,Scorpio Tankers Inc.
1418121,APLE,"Apple Hospitality REIT, Inc."
1350593,MWA,"Mueller Water Products, Inc."
1836470,SRAD,Sportradar Group AG
1690680,NMRK,"NEWMARK GROUP, INC."
1860160,FLY,Firefly Aerospace Inc.
1524358,VAC,MARRIOTT VACATIONS WORLDWIDE Corp
701985,BBWI,"Bath & Body Works, Inc."
1005284,OLED,UNIVERSAL DISPLAY CORP \PA\
1607678,VKTX,"Viking Therapeutics, Inc."
9092,BMI,BADGER METER INC
1717393,CAAP,CORPORACION AMERICA AIRPORTS S.A.
2064947,WBI,WaterBridge Infrastructure LLC
1676725,IDYA,"IDEAYA Biosciences, Inc."
868780,DORM,"Dorman Products, Inc."
799292,MHO,"M/I HOMES, INC."
1434588,LOPE,"Grand Canyon Education, Inc."
925261,AKO-A,ANDINA BOTTLING CO INC
1376139,CVI,CVR ENERGY INC
1466593,OTTR,Otter Tail Corp
1714899,DNLI,Denali Therapeutics Inc.
1113232,ACLS,AXCELIS TECHNOLOGIES INC
1144800,TAC,TRANSALTA CORP
1724521,RCUS,"Arcus Biosciences, Inc."
1051512,TDS,TELEPHONE & DATA SYSTEMS INC /DE/
1522727,USAC,"USA Compression Partners, LP"
1144980,ABG,ASBURY AUTOMOTIVE GROUP INC
1826836,AYA,Aya Gold & Silver Inc.
1985406,NEXHY,"Nippon Express Holdings, Inc./ADR"
760498,BANF,BANCFIRST CORP /OK/
715072,RNST,RENASANT CORP
1794669,FOUR,"Shift4 Payments, Inc."
1952073,MSGE,Madison Square Garden Entertainment Corp.
1530950,POST,"Post Holdings, Inc."
1822966,SMR,NUSCALE POWER Corp
821483,PARR,"PAR PACIFIC HOLDINGS, INC."
1276520,GNW,GENWORTH FINANCIAL INC
1877787,ZGN,Ermenegildo Zegna N.V.
1823144,GPGI,"GPGI, Inc."
1649313,BWLP,BW LPG Ltd
1517413,FSLY,"Fastly, Inc."
822663,IPAR,INTERPARFUMS INC
1660280,TENB,"Tenable Holdings, Inc."
1530238,JOYY,JOYY Inc.
1385849,UUUU,ENERGY FUELS INC
1482981,COCO,"Vita Coco Company, Inc."
1611647,FRPT,"Freshpet, Inc."
886346,KAI,KADANT INC
1958140,BATRA,"Atlanta Braves Holdings, Inc."
1026214,FMCC,FEDERAL HOME LOAN MORTGAGE CORP
817720,SYNA,SYNAPTICS Inc
805676,PRK,PARK NATIONAL CORP /OH/
310354,SXI,STANDEX INTERNATIONAL CORP/DE/
1809987,MIR,"Mirion Technologies, Inc."
1425205,IOVA,"IOVANCE BIOTHERAPEUTICS, INC."
1570585,LBTYA,Liberty Global Ltd.
2092258,AWATY,Air Water Inc./ADR
931015,PII,Polaris Inc.
1174850,NIC,NICOLET BANKSHARES INC
2110029,EROC,"ERock, Inc."
1955520,KNF,Knife River Corp
2070457,XXI,"Twenty One Capital, Inc."
880631,WT,"WisdomTree, Inc."
1581760,LIF,"Life360, Inc."
1821825,OGN,Organon & Co.
1437578,BFAM,BRIGHT HORIZONS FAMILY SOLUTIONS INC.
910108,LXP,LXP Industrial Trust
1056903,AWR,AMERICAN STATES WATER CO
877860,NHI,NATIONAL HEALTH INVESTORS INC
1047335,NHC,NATIONAL HEALTHCARE CORP
874866,CRVL,CORVEL CORP
2071778,FRMI,Fermi Inc.
1518715,MCHB,Mechanics Bancorp
1341335,FSM,FORTUNA MINING CORP.
1563411,CSTM,CONSTELLIUM SE
1676238,BRZE,"Braze, Inc."
48287,HNI,HNI CORP
860413,FIBK,FIRST INTERSTATE BANCSYSTEM INC
1210677,FA,FIRST ADVANTAGE CORP
921082,HIW,"HIGHWOODS PROPERTIES, INC."
1014739,OPCH,"Option Care Health, Inc."
1157408,LRN,"Stride, Inc."
1231346,SA,SEABRIDGE GOLD INC
1576789,WIX,Wix.com Ltd.
1811414,QS,QuantumScape Corp
1788451,LIFE,Ethos Technologies Inc.
1625101,PLSE,"PULSE BIOSCIENCES, INC."
1761312,PLMR,"Palomar Holdings, Inc."
1065059,LEU,CENTRUS ENERGY CORP
825542,SMG,SCOTTS MIRACLE-GRO CO
1263994,UTG,REAVES UTILITY INCOME FUND
1674168,HGV,Hilton Grand Vacations Inc.
708955,FFBC,FIRST FINANCIAL BANCORP /OH/
1888886,GPCR,Structure Therapeutics Inc.
1929561,RXO,"RXO, Inc."
1726978,GSHD,"Goosehead Insurance, Inc."
1593275,HG,"Hamilton Insurance Group, Ltd."
1512920,SII,SPROTT INC.
1703057,ABCL,AbCellera Biologics Inc.
1544522,FRSH,Freshworks Inc.
1699031,GRAL,"GRAIL, Inc."
82020,USLM,UNITED STATES LIME & MINERALS INC
2052959,LION,Lionsgate Studios Corp.
1476765,GBDC,"GOLUB CAPITAL BDC, Inc."
2104882,EROK,"EagleRock Land, LLC"
2027317,CURB,Curbline Properties Corp.
1628369,CWK,Cushman & Wakefield Ltd.
1547903,NMIH,"NMI Holdings, Inc."
1698514,NESR,National Energy Services Reunited Corp.
1974138,NATL,NCR Atleos Corp
1654126,ZIM,ZIM Integrated Shipping Services Ltd.
1386716,SBLK,Star Bulk Carriers Corp.
1064728,BTU,PEABODY ENERGY CORP
1408075,GPK,GRAPHIC PACKAGING HOLDING CO
878518,TGB,Trekor Metals Ltd
825313,AB,ALLIANCEBERNSTEIN HOLDING L.P.
1086600,ARLP,ALLIANCE RESOURCE PARTNERS LP
1595974,MGNI,"MAGNITE, INC."
1195737,NEA,Nuveen AMT-Free Quality Municipal Income Fund
1039065,OSIS,OSI SYSTEMS INC
1674862,ASH,ASHLAND INC.
851520,EXPO,EXPONENT INC
1549084,CHRN,ChronoScale Holdings Corp
1801169,OPEN,Opendoor Technologies Inc.
1070985,CXW,"CoreCivic, Inc."
913241,SHOO,"STEVEN MADDEN, LTD."
730708,SBCF,SEACOAST BANKING CORP OF FLORIDA
90498,SFNC,SIMMONS FIRST NATIONAL CORP
2078008,VGNT,Versigent PLC
723188,CBU,"COMMUNITY FINANCIAL SYSTEM, INC."
1275014,UCTT,"Ultra Clean Holdings, Inc."
1671235,BMRRY,B&M European Value Retail S.A./ADR
1422183,FSK,FS KKR Capital Corp
1290109,LPL,"LG Display Co., Ltd."
1384101,VCYT,"VERACYTE, INC."
1815846,MNSO,MINISO Group Holding Ltd
1494259,CARG,"CarGurus, Inc."
1275214,CSQ,CALAMOS STRATEGIC TOTAL RETURN FUND
2105398,CSQR,"Csquare, Inc."
1504008,BKU,"BankUnited, Inc."
1273813,AGO,ASSURED GUARANTY LTD
1279495,BTE,BAYTEX ENERGY CORP.
1969302,PONY,Pony AI Inc.
1969373,VTMX,"Vesta Real Estate Corporation, S.A.B. de C.V."
1748824,AAMI,Acadian Asset Management Inc.
1590560,QURE,uniQure N.V.
19745,CPK,CHESAPEAKE UTILITIES CORP
1280784,HTGC,"Hercules Capital, Inc."
1821769,NVTS,Navitas Semiconductor Corp
1504776,WRBY,Warby Parker Inc.
826675,DX,DYNEX CAPITAL INC
26780,DAN,DANA Inc
1756262,TMDX,"TransMedics Group, Inc."
1655891,TRMD,TORM plc
1063259,DNN,DENISON MINES CORP.
8063,ATRO,ASTRONICS CORP
1526243,PPTA,PERPETUA RESOURCES CORP.
1532173,KOZAY,Turk Altin Isletmeleri A.S./ADR
1993344,AAUC,Allied Gold Corp
78749,AGYS,AGILYSYS INC
1620533,SHAK,Shake Shack Inc.
2230,ADX,"ADAMS DIVERSIFIED EQUITY FUND, INC."
937098,TNET,"TRINET GROUP, INC."
1776111,MBX,"MBX Biosciences, Inc."
1472012,IMNM,Immunome Inc.
1850351,LFTO,"Liftoff Mobile, Inc."
744218,CLDX,"Celldex Therapeutics, Inc."
1819790,TARS,"Tarsus Pharmaceuticals, Inc."
1621434,BSM,"Black Stone Minerals, L.P."
1617406,PK,Park Hotels & Resorts Inc.
1277866,EXK,ENDEAVOUR SILVER CORP
104918,AVA,AVISTA CORP
36377,FHB,"FIRST HAWAIIAN, INC."
1565687,INTA,"Intapp, Inc."
1331284,DHT,"DHT Holdings, Inc."
1419945,TNK,TEEKAY TANKERS LTD.
1040470,AEHR,AEHR TEST SYSTEMS
1636222,WING,Wingstop Inc.
1666138,ATKR,Atkore Inc.
1845097,AMBP,Ardagh Metal Packaging S.A.
2097163,XNDU,Xanadu Quantum Technologies Ltd
1670592,YETI,"YETI Holdings, Inc."
1035201,CWT,CALIFORNIA WATER SERVICE GROUP
57515,MZTI,MARZETTI CO
1816736,IRON,"Disc Medicine, Inc."
1795589,KC,Kingsoft Cloud Holdings Ltd
1936258,NAMS,NewAmsterdam Pharma Co N.V.
1373670,GRBK,"Green Brick Partners, Inc."
2007691,IOND,Ionic Digital Inc.
1840856,SOUN,"SOUNDHOUND AI, INC."
39368,FUL,FULLER H B CO
1552797,DKL,"Delek Logistics Partners, LP"
827876,CLSK,"CLEANSPARK, INC."
98677,TR,TOOTSIE ROLL INDUSTRIES INC
69891,FIZZ,NATIONAL BEVERAGE CORP
1787306,ARQT,"Arcutis Biotherapeutics, Inc."
1031203,GPI,GROUP 1 AUTOMOTIVE INC
2062440,KYIV,Kyivstar Group Ltd.
874499,GPOR,GULFPORT ENERGY CORP
899629,AKR,ACADIA REALTY TRUST
1178970,PFS,PROVIDENT FINANCIAL SERVICES INC
1834622,HAYW,"Hayward Holdings, Inc."
1823239,MRVI,"MARAVAI LIFESCIENCES HOLDINGS, INC."
1280263,AMBA,AMBARELLA INC
1050797,COLM,COLUMBIA SPORTSWEAR CO
821130,AD,"ARRAY DIGITAL INFRASTRUCTURE, INC."
1032220,MMS,"MAXIMUS, INC."
1517302,APAM,Artisan Partners Asset Management Inc.
1093691,PLUG,PLUG POWER INC
1111928,IPGP,IPG PHOTONICS CORP
46195,BOH,BANK OF HAWAII CORP
1781755,BWIN,"Baldwin Insurance Group, Inc."
1694028,LBRT,Liberty Energy Inc.
1899123,BTDR,Bitdeer Technologies Group
921582,IMAX,IMAX CORP
1740332,REZI,"RESIDEO TECHNOLOGIES, INC."
1161728,MGEE,MGE ENERGY INC
913059,BBAR,Banco BBVA Argentina S.A.
1934850,FG,"F&G Annuities & Life, Inc."
729580,BELFA,BEL FUSE INC /NJ
1832332,AVAH,"Aveanna Healthcare Holdings, Inc."
1685040,BHF,"Brighthouse Financial, Inc."
894405,ARCB,ARCBEST CORP /TX/
833640,POWI,POWER INTEGRATIONS INC
1611547,UE,Urban Edge Properties
944148,CBZ,"CBIZ, Inc."
1169770,BANC,"BANC OF CALIFORNIA, INC."
1092699,SPSC,SPS COMMERCE INC
1679688,DBRG,"DigitalBridge Group, Inc."
1745999,BEAM,Beam Therapeutics Inc.
2007825,INFQ,"Infleqtion, Inc."
1847367,ALMS,ALUMIS INC.
1649749,FBK,FB Financial Corp
793952,HOG,"HARLEY-DAVIDSON, INC."
1078271,EXTR,EXTREME NETWORKS INC
1737706,SDRL,SEADRILL Ltd
1020859,UNFI,UNITED NATURAL FOODS INC
105132,WDFC,WD 40 CO
1854587,CLBT,Cellebrite DI Ltd.
1803696,ADEA,Adeia Inc.
1390478,SLS,"SELLAS Life Sciences Group, Inc."
1020710,DXPE,DXP ENTERPRISES INC
1647639,UPST,"Upstart Holdings, Inc."
1704292,ZLAB,Zai Lab Ltd
1486749,HYPMY,Hypermarcas S.A.
1332349,BKD,Brookdale Senior Living Inc.
1800227,PPLI,People Inc
1819810,RDW,Redwire Corp
1817358,ASO,"Academy Sports & Outdoors, Inc."
1328581,BCC,BOISE CASCADE Co
103145,VECO,VEECO INSTRUMENTS INC
871763,MAN,ManpowerGroup Inc.
1104485,NOG,"NORTHERN OIL & GAS, INC."
1459200,ALRM,"Alarm.com Holdings, Inc."
752714,MGRC,MCGRATH RENTCORP
25445,CXT,"Crane NXT, Co."
854775,DGII,DIGI INTERNATIONAL INC
1867072,KD,"Kyndryl Holdings, Inc."
1724965,TALO,TALOS ENERGY INC.
1441683,APPN,APPIAN CORP
837465,CALY,Callaway Golf Co
1876183,IHS,IHS Holding Ltd
1777921,AVPT,"AvePoint, Inc."
1599617,DNOW,DNOW Inc.
1650132,FCPT,"Four Corners Property Trust, Inc."
81362,KWR,QUAKER CHEMICAL CORP
1216583,JPC,Nuveen Preferred & Income Opportunities Fund
1587523,KN,Knowles Corp
30305,DCO,DUCOMMUN INC /DE/
2096861,SIND,Sinda Ltd.
2035304,TTAM,Titan America SA
1340677,SVM,SILVERCORP METALS INC
1576018,SPNT,SiriusPoint Ltd
1693256,WTTR,"Select Water Solutions, Inc."
887733,CENT,CENTRAL GARDEN & PET CO
1832466,ALHC,"Alignment Healthcare, Inc."
108516,WOR,"WORTHINGTON ENTERPRISES, INC."
1078075,NTCT,NETSCOUT SYSTEMS INC
1886428,SLDE,"Slide Insurance Holdings, Inc."
1549595,NRIX,"Nurix Therapeutics, Inc."
771497,ABM,ABM INDUSTRIES INC /DE/
1164009,FXCNY,FIH Mobile Ltd
2081043,ATAI,AtaiBeckley Inc.
1590750,VRDN,"Viridian Therapeutics, Inc.\DE"
1295401,TBBK,"Bancorp, Inc."
1528849,RH,RH
1083839,NAD,Nuveen Quality Municipal Income Fund
1820144,GRND,Grindr Inc.
2091017,SSMR,Sunshine Silver Mining & Refining Co
790359,NBTB,NBT BANCORP INC
36146,TRMK,TRUSTMARK CORP
76605,PATK,PATRICK INDUSTRIES INC
1111335,VC,VISTEON CORP
811589,FBNC,FIRST BANCORP /NC/
1844452,LUNR,"Intuitive Machines, Inc."
1704715,AMR,"Alpha Metallurgical Resources, Inc."
1759655,PRVA,"Privia Health Group, Inc."
766829,HTO,H2O AMERICA
1865631,NN,NEXTNAV INC.
936528,WAFD,WAFD INC
1533082,EBOSY,EBOS Group Limited/ADR
1488813,CUBI,"Customers Bancorp, Inc."
107140,WLY,"JOHN WILEY & SONS, INC."
1758488,OSW,ONESPAWORLD HOLDINGS Ltd
1430162,CSAN,Cosan S.A.
1830487,PHVS,Pharvaris N.V.
1260729,GDV,GABELLI DIVIDEND & INCOME TRUST
1108134,BBT,Beacon Financial Corp
1798562,TMC,TMC the metals Co Inc.
1838406,BKV,BKV Corp
712534,FRME,FIRST MERCHANTS CORP
1545057,PTXKY,PT XLSMART Telecom Sejahtera Tbk/ADR
1090116,NVG,Nuveen AMT-Free Municipal Credit Income Fund
805928,AXGN,"Axogen, Inc."
1520697,ACHC,"Acadia Healthcare Company, Inc."
1699963,LIME,"Neutron Holdings, Inc."
1029199,EEFT,"EURONET WORLDWIDE, INC."
1356576,SUPN,"SUPERNUS PHARMACEUTICALS, INC."
106640,WHR,WHIRLPOOL CORP /DE/
1298946,DRH,DiamondRock Hospitality Co
1616533,PENG,"Penguin Solutions, Inc."
1968915,PHIN,PHINIA INC.
1951070,MH,"McGraw Hill, Inc."
1816581,OUST,"Ouster, Inc."
1756770,CURLF,"Curaleaf Holdings, Inc."
1289848,HURN,Huron Consulting Group Inc.
863436,BHE,BENCHMARK ELECTRONICS INC
814453,NWL,NEWELL BRANDS INC.
1849635,DJT,Trump Media & Technology Group Corp.
1866226,EMAT,Evolution Metals & Technologies Corp.
1337634,STUB,"StubHub Holdings, Inc."
835324,SYBT,"Stock Yards Bancorp, Inc."
1307748,IVT,InvenTrust Properties Corp.
816761,TDC,TERADATA CORP /DE/
1356090,PGEN,"PRECIGEN, INC."
1515673,RARE,Ultragenyx Pharmaceutical Inc.
1964954,ECO,Okeanis Eco Tankers Corp.
1415921,NMM,Navios Maritime Partners L.P.
1124796,LASR,"NLIGHT, INC."
1818331,WGS,GeneDx Holdings Corp.
1563880,TRVI,"Trevi Therapeutics, Inc."
906709,NKTR,NEKTAR THERAPEUTICS
711377,NEOG,NEOGEN CORP
1406666,CALX,"CALIX, INC"
1517228,VISN,"Vistance Networks, Inc."
763744,LCII,LCI INDUSTRIES
314489,BUSE,FIRST BUSEY CORP /NV/
1527636,ATHM,Autohome Inc.
1846576,FIGS,"FIGS, Inc."
2118195,AADX,"Applied Aerospace & Defense, Inc."
1323885,ATRC,"AtriCure, Inc."
1190935,PTY,PIMCO CORPORATE & INCOME OPPORTUNITY FUND
1629019,MBIN,Merchants Bancorp
1848763,RNW,ReNew Energy Global plc
811596,KALU,KAISER ALUMINUM CORP
882796,BCRX,BIOCRYST PHARMACEUTICALS INC
1864163,INTR,"Inter & Co, Inc."
1024795,HLIO,"HELIOS TECHNOLOGIES, INC."
1293613,KYN,"Kayne Anderson Energy Infrastructure Fund, Inc."
1287865,MPT,MEDICAL PROPERTIES TRUST INC
1024305,COTY,COTY INC.
1217234,CDNA,"CareDx, Inc."
21535,COHU,COHU INC
46250,HWKN,HAWKINS INC
885590,BHC,Bausch Health Companies Inc.
1295947,PBH,Prestige Consumer Healthcare Inc.
1288847,FIVN,"Five9, Inc."
1925283,LCLN,"Lincoln International, Inc."
921738,PENN,"PENN Entertainment, Inc."
1555815,TSCFY,Tisco Financial Group Public Co Limited/ADR
1718405,HYMC,HYCROFT MINING HOLDING CORP
1831828,VERA,"Vera Therapeutics, Inc."
940942,HUBG,"Hub Group, Inc."
946673,BANR,BANNER CORP
2091467,BGSI,Boyd Group Services Inc.
1364250,DEI,Douglas Emmett Inc
1845815,PAYO,Payoneer Global Inc.
1712807,PAGS,PagSeguro Digital Ltd.
1362988,AYR,Aircastle LTD
1601548,VVX,"V2X, Inc."
1043509,SAH,SONIC AUTOMOTIVE INC
2020795,UNIT,Uniti Group Inc.
1137887,NZF,Nuveen Municipal Credit Income Fund
2042556,SPGNY,Springer Nature AG & Co. KGaA/ADR
1904856,EFXT,Enerflex Ltd.
1785680,BVC,BitVentures Ltd
1061630,BXMT,"BLACKSTONE MORTGAGE TRUST, INC."
845877,AGM,FEDERAL AGRICULTURAL MORTGAGE CORP
1393434,OCUL,"OCULAR THERAPEUTIX, INC"
1804176,BFLY,"Butterfly Network, Inc."
2012593,RAPP,"Rapport Therapeutics, Inc."
1580560,FLYW,Flywire Corp
1802255,GRDN,"Guardian Pharmacy Services, Inc."
1811063,NUVB,Nuvation Bio Inc.
1342338,HIMX,"Himax Technologies, Inc."
99780,TRN,TRINITY INDUSTRIES INC
2035149,FLOC,Flowco Holdings Inc.
1653477,NGVT,Ingevity Corp
1639825,PTON,"PELOTON INTERACTIVE, INC."
28823,DBD,"DIEBOLD NIXDORF, Inc"
2085187,BOBS,"Bob's Discount Furniture, Inc."
1603015,VIA,"Via Transportation, Inc."
1519449,SKWD,"Skyward Specialty Insurance Group, Inc."
914156,UFPT,UFP TECHNOLOGIES INC
2104204,ALMR,"Alamar Biosciences, Inc."
1493318,ETOR,eToro Group Ltd.
1054905,IOSP,INNOSPEC INC.
1978867,CDLR,Cadeler A/S
1468748,KOD,Kodiak Sciences Inc.
1983550,TDTH,Trident Digital Tech Holdings Ltd
1627223,CC,Chemours Co
1428205,ARR,"Armour Residential REIT, Inc."
804116,RVT,"ROYCE SMALL-CAP TRUST, INC."
1336917,UAA,"Under Armour, Inc."
1653242,NTB,Bank of N.T. Butterfield & Son Ltd
1025835,EFSC,ENTERPRISE FINANCIAL SERVICES CORP
1400810,HCI,"HCI Group, Inc."
1365135,WU,Western Union CO
1902733,NCNO,"nCino, Inc."
733269,RAMP,"LiveRamp Holdings, Inc."
2100782,GENB,"Generate Biomedicines, Inc."
1622629,SXGCF,Southern Cross Gold Consolidated Ltd.
1668243,URGN,UroGen Pharma Ltd.
1362468,ALGT,Allegiant Travel CO
1468328,ADUS,Addus HomeCare Corp
78814,PBI,PITNEY BOWES INC /DE/
1471265,NWBI,"Northwest Bancshares, Inc."
1022408,PLUS,EPLUS INC
1477720,ASAN,"Asana, Inc."
1933414,MLYS,"Mineralys Therapeutics, Inc."
793074,WERN,WERNER ENTERPRISES INC
1802665,HRMY,"Harmony Biosciences Holdings, Inc."
1560968,SMSGY,Samsonite International SA/ADR
907242,MCRI,MONARCH CASINO & RESORT INC
715787,TILE,INTERFACE INC
821026,ANDE,"Andersons, Inc."
1030469,OFG,OFG BANCORP
1265131,HTH,Hilltop Holdings Inc.
891014,MTX,MINERALS TECHNOLOGIES INC
55242,KMT,KENNAMETAL INC
1745431,STNE,StoneCo Ltd.
1828365,RLX,RLX Technology Inc.
1806837,VERX,"Vertex, Inc."
2088281,MFP,"Midera Food Processing, Inc."
1709682,CTOS,"Custom Truck One Source, Inc."
1600620,AUPH,Aurinia Pharmaceuticals Inc.
2114044,COAG,"Hemab Therapeutics Holdings, Inc."
1596993,LPG,DORIAN LPG LTD.
84748,ROG,ROGERS CORP
1280058,BLKB,BLACKBAUD INC
887905,LTC,LTC PROPERTIES INC
1619762,BRSL,Brightstar Lottery PLC
1801170,CLOV,"CLOVER HEALTH INVESTMENTS, CORP. /DE"
818479,XRAY,DENTSPLY SIRONA Inc.
1084961,ECPG,ENCORE CAPITAL GROUP INC
887359,VCEL,Vericel Corp
1788060,VOYG,"Voyager Technologies, Inc./TX"
1845840,TSAT,Telesat Corp
1253327,EVT,Eaton Vance Tax-Advantaged Dividend Income Fund
1688757,ESTA,ESTABLISHMENT LABS HOLDINGS INC.
1266585,NMZ,NUVEEN MUNICIPAL HIGH INCOME OPPORTUNITY FUND
876883,STGW,Stagwell Inc
2078856,PURR,Hyperliquid Strategies Inc
1326732,XNCR,Xencor Inc
1529274,ALKT,"ALKAMI TECHNOLOGY, INC."
1345099,MESO,MESOBLAST LTD
1368514,ADMA,"ADMA BIOLOGICS, INC."
2096997,KLRA,"Kailera Therapeutics, Inc."
1309167,AEGXF,Aecon Group Inc.
1834489,GENI,Genius Sports Ltd
1652535,ICHR,"ICHOR HOLDINGS, LTD."
893949,MD,"Pediatrix Medical Group, Inc."
1804745,DRVN,Driven Brands Holdings Inc.
1469367,RUN,Sunrun Inc.
1380936,GOF,GUGGENHEIM STRATEGIC OPPORTUNITIES FUND
1262976,CMPR,CIMPRESS plc
94344,STC,STEWART INFORMATION SERVICES CORP
2068385,SHAZ,SharonAI Holdings Inc.
712537,FCF,FIRST COMMONWEALTH FINANCIAL CORP /PA/
1754195,TRLV,Trulieve Cannabis Corp.
1526113,GNL,"Global Net Lease, Inc."
1648257,HCM,HUTCHMED (China) Ltd
1409970,HAPN,"Happen, Inc."
876523,EZPW,EZCORP INC
2035697,PLBL,Polibeli Group Ltd
1798100,NTST,NETSTREIT Corp.
1733998,NWN,Northwest Natural Holding Co
1077183,NEO,NEOGENOMICS INC
1980088,MNR,MACH NATURAL RESOURCES LP
1623526,STOK,"Stoke Therapeutics, Inc."
814083,CLM,"Cornerstone Strategic Investment Fund, Inc."
2100161,BXDC,Blackstone Digital Infrastructure Trust Inc.
1295810,SHO,"Sunstone Hotel Investors, Inc."
1981599,CTRI,"Centuri Holdings, Inc."
1583648,PVLA,"PALVELLA THERAPEUTICS, INC."
1561861,AERO,"Grupo Aeromexico, S.A.B. de C.V."
1512499,LIND,"LINDBLAD EXPEDITIONS HOLDINGS, INC."
2013649,CHA,Chagee Holdings Ltd.
34782,SRCE,1ST SOURCE CORP
850141,HMN,HORACE MANN EDUCATORS CORP /DE/
1381640,MLCO,Melco Resorts & Entertainment LTD
1953926,ZBIO,"Zenas BioPharma, Inc."
1474098,PEB,Pebblebrook Hotel Trust
1046568,PRDO,PERDOCEO EDUCATION Corp
1052752,GTY,GETTY REALTY CORP /MD/
1781753,DAO,"Youdao, Inc."
1819928,DV,"DoubleVerify Holdings, Inc."
1768666,BSTZ,BlackRock Science & Technology Term Trust
1935979,BHVN,Biohaven Ltd.
1636639,PLGO,Pelagos Insurance Capital Ltd
1812477,KEEL,Keel Infrastructure Corp.
42682,GRC,GORMAN RUPP CO
1811210,LCID,"Lucid Group, Inc."
1739566,UTZ,"Utz Brands, Inc."
1832511,PIII,P3 Health Partners Inc.
1760854,NBTX,Nanobiotix S.A.
726854,CHCO,CITY HOLDING CO
1868941,FLNC,"Fluence Energy, Inc."
2032966,TIC,"TIC Solutions, Inc."
109177,SPB,"Spectrum Brands Holdings, Inc."
1750704,HAWK,"HawkEye 360, Inc."
1937653,ZYME,Zymeworks Inc.
1564902,PRKS,United Parks & Resorts Inc.
1042893,INVX,"Innovex International, Inc."
897077,ALG,ALAMO GROUP INC
80035,PLPC,PREFORMED LINE PRODUCTS CO
2126198,XPRO,Expro Ltd
1713930,NEXA,Nexa Resources S.A.
1000753,NSP,"INSPERITY, INC."
1717161,CEPU,CENTRAL PUERTO S.A.
903651,INOD,INNODATA INC
1576940,CCS,"Century Communities, Inc."
1828102,KARO,Karooooo Ltd.
354707,HE,HAWAIIAN ELECTRIC INDUSTRIES INC
1657788,KRP,"Kimbell Royalty Partners, LP"
1022321,GEL,GENESIS ENERGY LP
1806310,TSHA,"Taysha Gene Therapies, Inc."
2086716,STDN,"Standard Nuclear, Inc."
1867729,WRD,WeRide Inc.
1645113,NVCR,NovoCure Ltd
1816590,CMPS,COMPASS Pathways plc
1585364,PRGO,PERRIGO Co plc
1439222,AGIO,"AGIOS PHARMACEUTICALS, INC."
1612720,NEXT,NextDecade Corp
1855129,GHRS,GH Research PLC
1551306,PGNY,"Progyny, Inc."
1784535,PRCH,"Porch Group, Inc."
1050377,CNXN,PC CONNECTION INC
1075415,DHC,DIVERSIFIED HEALTHCARE TRUST
1616000,XHR,"Xenia Hotels & Resorts, Inc."
2131524,BRVE,"Braveheart Bio, Inc."
949870,SAM,BOSTON BEER CO INC
873303,SRPT,"Sarepta Therapeutics, Inc."
2123613,KARD,"Kardigan, Inc."
1084048,ZD,"ZIFF DAVIS, INC."
6955,EPAC,ENERPAC TOOL GROUP CORP
1043000,SNDA,"SONIDA SENIOR LIVING, INC."
1293135,VET,VERMILION ENERGY INC.
1123134,IMOS,CHIPMOS TECHNOLOGIES INC
1083446,ASTH,"Astrana Health, Inc."
1984086,SEPN,"Septerna, Inc."
99614,TY,TRI-CONTINENTAL Corp
1800315,DMRA,"Damora Therapeutics, Inc."
1503584,CMRE,Costamare Inc.
1589526,BLBD,Blue Bird Corp
1421876,LKFT,Lakefront Biotherapeutics NV
1671927,IMCR,Immunocore Holdings plc
714395,GABC,"GERMAN AMERICAN BANCORP, INC."
1462120,LOB,"Live Oak Bancshares, Inc."
2073620,PAEXY,Parex Resources Inc./ADR
1394832,ATS,ATS Corp /ATS
1013934,STRA,"Strategic Education, Inc."
1475841,NBHC,National Bank Holdings Corp
921557,RBCAA,REPUBLIC BANCORP INC /KY/
1585389,SMA,"SmartStop Self Storage REIT, Inc."
1758009,QUBT,Quantum Computing Inc.
1941365,MBC,"MasterBrand, Inc."
1158463,JBLU,JETBLUE AIRWAYS CORP
1666134,BL,"BLACKLINE, INC."
1120914,PDFS,PDF SOLUTIONS INC
1638833,SGRY,"Surgery Partners, Inc."
1419612,SEDG,"SOLAREDGE TECHNOLOGIES, INC."
812801,NUV,NUVEEN MUNICIPAL VALUE FUND INC
1825570,PAX,Patria Investments Ltd
1710340,ETON,"Eton Pharmaceuticals, Inc."
1443669,PRLB,Proto Labs Inc
1004702,OCFC,OCEANFIRST FINANCIAL CORP
1580808,ATEN,"A10 Networks, Inc."
1314727,SONO,Sonos Inc
1884082,PSNY,Polestar Automotive Holding UK PLC
1158895,LMAT,LEMAITRE VASCULAR INC
1527753,PSNL,"Personalis, Inc."
1508475,VNET,"VNET Group, Inc."
1270523,ETG,Eaton Vance Tax-Advantaged Global Dividend Income Fund
1848275,TOP,TOP Financial Group Ltd
1883085,PGY,Pagaya Technologies Ltd.
834365,BLFS,BIOLIFE SOLUTIONS INC
789460,WKC,WORLD KINECT CORP
1534675,TGLS,Tecnoglass Holdings Inc.
1286973,USAS,Americas Gold & Silver Corp
1508655,TSLX,"Sixth Street Specialty Lending, Inc."
876167,PRGS,PROGRESS SOFTWARE CORP /MA
1798618,PDO,PIMCO Dynamic Income Opportunities Fund
846617,DCOM,"Dime Commercial Bancshares, Inc. /NY/"
1898416,ALVO,Alvotech
1879016,IE,Ivanhoe Electric Inc.
1411342,EFC,Ellington Financial Inc.
1128361,HOPE,HOPE BANCORP INC
1857816,GCT,GigaCloud Technology Inc
1709442,FSUN,FIRSTSUN CAPITAL BANCORP
1045986,FORTY,FORMULA SYSTEMS (1985) LTD
719220,STBA,S&T BANCORP INC
102426,STEW,"SRH Total Return Fund, Inc."
1559865,EVTC,"EVERTEC, Inc."
1304492,ATEX,Anterix Inc.
1500217,AAT,"American Assets Trust, Inc."
1981535,SBET,"Sharplink, Inc."
1712189,TH,Target Hospitality Corp.
1282631,NLST,NETLIST INC
1609550,INSP,"Inspire Medical Systems, Inc."
1511337,RLJ,RLJ Lodging Trust
1866692,AMPL,"Amplitude, Inc."
1395937,SNDX,Syndax Pharmaceuticals Inc
1539638,TFIN,"Triumph Financial, Inc."
810136,PLAB,PHOTRONICS INC
1322436,ETV,Eaton Vance Tax-Managed Buy-Write Opportunities Fund
1652130,NTLA,"Intellia Therapeutics, Inc."
356171,TCBK,TRICO BANCSHARES /
1601830,RXRX,"RECURSION PHARMACEUTICALS, INC."
1702750,BY,"BYLINE BANCORP, INC."
1651562,COUR,"Coursera, Inc."
2132582,LYNX,Lyntris Inc.
907471,CASH,"PATHWARD FINANCIAL, INC."
910612,CBL,CBL & ASSOCIATES PROPERTIES INC
2094100,MDCOY,PT Medco Energi Internasional Tbk/ADR
1772253,FLNG,Flex LNG Ltd.
1370053,ANAB,"ANAPTYSBIO, INC"
1688568,DXC,DXC Technology Co
1999001,FUN,Six Flags Entertainment Corporation/NEW
1332283,BDJ,BlackRock Enhanced Equity Dividend Trust
2094433,RMIX,"Suncrete, Inc."
1595761,WB,WEIBO Corp
1901279,NYAX,Nayax Ltd.
1023024,ANIP,ANI PHARMACEUTICALS INC
1965040,FTRE,Fortrea Holdings Inc.
1557860,GLOB,Globant S.A.
42582,GT,GOODYEAR TIRE & RUBBER CO /OH/
1746109,BFC,Bank First Corp
1920406,ASST,"Strive, Inc."
1508478,ARCO,Arcos Dorados Holdings Inc.
1968487,WS,"Worthington Steel, Inc."
1746618,RVLV,"Revolve Group, Inc."
1323468,GLP,GLOBAL PARTNERS LP
1522540,MQ,"Marqeta, Inc."
1853145,EVCM,EverCommerce Inc.
110471,WWW,WOLVERINE WORLD WIDE INC /DE/
2105139,ADIG,ADI GLOBAL DISTRIBUTION INC.
2095292,BVENY,Brava Energia S.A.
30697,WEN,Wendy's Co
1509991,KOS,Kosmos Energy Ltd.
1307954,HUN,Huntsman CORP
1967649,VSTS,Vestis Corp
1290677,TPB,"Turning Point Brands, Inc."
1786108,TRIN,Trinity Capital Inc.
1540171,AVLN,Avalyn Pharma Inc.
1737450,OPRA,Opera Ltd
1706431,VIR,"Vir Biotechnology, Inc."
785956,JJSF,J&J SNACK FOODS CORP
1157842,RQI,COHEN & STEERS QUALITY INCOME REALTY FUND INC
906465,QCRH,QCR HOLDINGS INC
1809541,BCAT,BlackRock Capital Allocation Term Trust
1712184,LILA,Liberty Latin America Ltd.
2143673,UROY,Uranium Royalty Corp.
2082141,AVVSY,Avio S.p.A./ADR
1795139,GTBIF,Green Thumb Industries Inc.
1883313,SVV,"Savers Value Village, Inc."
819793,AIN,ALBANY INTERNATIONAL CORP /DE/
1516912,OBK,"Origin Bancorp, Inc."
860748,KMPR,KEMPER Corp
1842295,MAZE,"Maze Therapeutics, Inc."
1777835,PWP,Perella Weinberg Partners
1853962,IAUX,i-80 Gold Corp.
1419041,FBRX,"Forte Biosciences, Inc."
1482512,HPP,"Hudson Pacific Properties, Inc."
319654,PBT,PERMIAN BASIN ROYALTY TRUST
720762,NIMU,NON INVASIVE MONITORING SYSTEMS INC /FL/
712771,CNOB,"ConnectOne Bancorp, Inc."
50493,IMKTA,INGLES MARKETS INC
1499505,AGRO,Adecoagro S.A.
1822492,HLMN,Hillman Solutions Corp.
703604,DSGR,"Distribution Solutions Group, Inc."
17313,CSWC,CAPITAL SOUTHWEST CORP
40417,GAM,GENERAL AMERICAN INVESTORS CO INC
1803599,CNXC,Concentrix Corp
26058,CTS,CTS CORP
1362004,ICFI,"ICF International, Inc."
1867096,XERS,"Xeris Biopharma Holdings, Inc."
1530721,CPRI,Capri Holdings Ltd
46129,ALNT,ALLIENT INC
1756655,ARDT,"Ardent Health, Inc."
1877184,KMTS,"KESTRA MEDICAL TECHNOLOGIES, LTD."
926326,OMCL,"OMNICELL, INC."
2023658,BCAX,Bicara Therapeutics Inc.
1873951,XZO,"Exzeo Group, Inc."
66382,MLKN,"MILLERKNOLL, INC."
2023311,AAPG,ASCENTAGE PHARMA GROUP INTERNATIONAL
1863127,TYRA,"Tyra Biosciences, Inc."
1368458,SBH,"Sally Beauty Holdings, Inc."
1677576,IIPR,INNOVATIVE INDUSTRIAL PROPERTIES INC
1691082,LBRX,LB PHARMACEUTICALS INC
1831097,AGL,"agilon health, inc."
1438133,TNDM,TANDEM DIABETES CARE INC
731012,HCSG,HEALTHCARE SERVICES GROUP INC
1808834,PRG,"PROG Holdings, Inc."
2091349,TRAX,"First Tracks Biotherapeutics, Inc."
816956,CNMD,CONMED Corp
1128928,FLO,FLOWERS FOODS INC
2080921,APC,ARKO Petroleum Corp.
1047340,DMC,DEL MONTE CORP
1864843,ECAT,BlackRock ESG Capital Allocation Term Trust
1062231,DCH,Dauch Corp
1172052,SAFT,SAFETY INSURANCE GROUP INC
1672688,ABSI,Absci Corp
1080014,INVA,"Innoviva, Inc."
945114,GIC,GLOBAL INDUSTRIAL Co
2007919,INBX,"Inhibrx Biosciences, Inc."
1984060,AESI,Atlas Energy Solutions Inc.
721994,LKFN,LAKELAND FINANCIAL CORP
1834376,INNV,InnovAge Holding Corp.
1953575,CNL,Collective Mining Ltd.
1360214,HROW,"HARROW, INC."
1514416,BAND,Bandwidth Inc.
1611115,OMDA,"Omada Health, Inc."
886128,FCEL,FUELCELL ENERGY INC
1670541,ADNT,Adient plc
1836981,BBAI,"BigBear.ai Holdings, Inc."
2110117,ITG,"ITG, Inc./DE/"
1608741,QQQX,Nuveen NASDAQ 100 Dynamic Overwrite Fund
1632790,ENR,"ENERGIZER HOLDINGS, INC."
1406587,FOR,Forestar Group Inc.
1856485,SLVM,Sylvamo Corp
1964333,BHRB,Burke & Herbert Financial Services Corp.
2017526,FRNM,"Freenome, Inc."
933974,AZTA,"Azenta, Inc."
1260563,NFJ,"Virtus Dividend, Interest & Premium Strategy Fund"
2070534,SLBT,SL Science Holding Ltd
912892,TV,"GRUPO TELEVISA, S.A.B."
1420800,ENOV,Enovis CORP
1823608,AMAL,Amalgamated Financial Corp.
1541401,ESRT,"Empire State Realty Trust, Inc."
1000694,NVAX,NOVAVAX INC
1906364,BXBL,BOXABL Inc.
2086771,ELE,Elemental Royalty Corp
1710155,EYE,"National Vision Holdings, Inc."
1899287,AMPX,"Amprius Technologies, Inc."
318300,PEBO,PEOPLES BANCORP INC
1796280,ORIC,"Oric Pharmaceuticals, Inc."
1999480,ANRO,"Alto Neuroscience, Inc."
1069899,PAHC,PHIBRO ANIMAL HEALTH CORP
2035832,AKTS,"Aktis Oncology, Inc."
1350653,ATEC,"Alphatec Holdings, Inc."
1528437,BTT,BlackRock Municipal 2030 Target Term Trust
1013488,BJRI,BJs RESTAURANTS INC
1172358,DMLP,"DORCHESTER MINERALS, L.P."
2019103,SLSR,Solaris Resources Inc.
1841644,PICS,PicS N.V.
1969796,EBCRY,Embracer Group AB/ADR
923120,GBX,GREENBRIER COMPANIES INC
1860543,CDRE,"Cadre Holdings, Inc."
821002,GIII,G III APPAREL GROUP LTD /DE/
94049,SCL,STEPAN CO
1005817,TMP,TOMPKINS FINANCIAL CORP
1490978,SDGR,"Schrodinger, Inc."
842633,TRS,TRIMAS CORP
1735438,MGTX,MeiraGTx Holdings plc
1736946,ARLO,"Arlo Technologies, Inc."
37785,FMC,FMC CORP
752642,UMH,"UMH PROPERTIES, INC."
1737953,REPL,"Replimune Group, Inc."
1524566,WLTH,WEALTHFRONT CORP
880807,AMSC,AMERICAN SUPERCONDUCTOR CORP /DE/
1868279,AVBP,"ArriVent BioPharma, Inc."
744187,REX,REX AMERICAN RESOURCES Corp
1531031,ESQ,"Esquire Financial Holdings, Inc."
350852,CTBI,COMMUNITY TRUST BANCORP INC /KY/
1285819,OMER,OMEROS CORP
101199,UFCS,UNITED FIRE GROUP INC
2056611,LTGO,"Latigo Biotherapeutics, Inc."
1767258,XPEL,"XPEL, Inc."
1500412,AMBQ,"Ambiq Micro, Inc."
2026478,NMAX,Newsmax Inc.
912562,ROCK,"GIBRALTAR INDUSTRIES, INC."
1311307,LNXSY,LANXESS AG
742278,RES,RPC INC
1371285,TRUP,"TRUPANION, INC."
1392326,CCEC,Capital Clean Energy Carriers Corp.
1581804,NVGS,Navigator Holdings Ltd.
1823306,LSPD,Lightspeed Commerce Inc.
69633,NSSC,"NAPCO SECURITY TECHNOLOGIES, INC"
1553079,ESBA,"Empire State Realty OP, L.P."
1798749,JBIO,"Jade Biosciences, Inc."
1493507,SFDMY,Shanghai Fudan Microelectronics Co Limited/ADR/
1764046,CLVT,CLARIVATE PLC
3499,ALX,ALEXANDERS INC
1796073,VZLA,Vizsla Silver Corp.
1432364,AZUL,AZUL SA
1525221,VTOL,Bristow Group Inc.
1580670,LGIH,"LGI Homes, Inc."
1497770,WD,"Walker & Dunlop, Inc."
1766400,PNTG,"Pennant Group, Inc."
1825088,DFH,"Dream Finders Homes, Inc."
1235468,LQDT,LIQUIDITY SERVICES INC
1789972,CGEM,"Cullinan Therapeutics, Inc."
1871321,DRTS,Alpha Tau Medical Ltd.
311094,WABC,WESTAMERICA BANCORPORATION
1670076,ULCC,"Frontier Group Holdings, Inc."
1715497,BORR,Borr Drilling Ltd
1848309,SGML,Sigma Lithium Corp
700565,FMBH,"FIRST MID BANCSHARES, INC."
2087852,SBCLY,Sumitomo Bakelite Co Limited/ADR
1817229,VOR,Vor Biopharma Inc.
1573221,REAL,"TheRealReal, Inc."
1049659,SID,NATIONAL STEEL CO
748268,RCAT,"Red Cat Holdings, Inc."
1518621,ORC,"Orchid Island Capital, Inc."
1222401,HYT,"BLACKROCK CORPORATE HIGH YIELD FUND, INC."
1830033,PCT,"PureCycle Technologies, Inc."
1437424,POET,POET TECHNOLOGIES INC.
884219,PRSU,"Pursuit Attractions & Hospitality, Inc."
1680247,PUMP,ProPetro Holding Corp.
1743235,RIOFF,Rio2 Ltd
890564,EFOR,Everforth Inc
1741530,QFIN,"Qfin Holdings, Inc."
1739016,ELVR,Elevra Lithium Ltd
1997652,TBN,Tamboran Resources Corp
1180262,HLF,HERBALIFE LTD.
1591588,GOLD,"Gold.com, Inc."
1142750,AMN,AMN HEALTHCARE SERVICES INC
2086587,YSS,York Space Systems Inc.
1821586,MLTX,MoonLake Immunotherapeutics
1096752,EPC,EDGEWELL PERSONAL CARE Co
851310,HLIT,HARMONIC INC.
784199,AORT,"ARTIVION, INC."
899460,MNKD,MANNKIND CORP
1875444,ARHS,"Arhaus, Inc."
775215,HBT,"HBT Financial, Inc."
2033377,MGRT,Mega Fortune Co Ltd
1163739,NBR,NABORS INDUSTRIES LTD
317788,APPS,"Digital Turbine, Inc."
88948,SENEA,Seneca Foods Corp
357173,OSBC,OLD SECOND BANCORP INC
2042347,SPTX,"Seaport Therapeutics, Inc."
1067294,CBRL,"CRACKER BARREL OLD COUNTRY STORE, INC"
1345016,YELP,YELP INC
1782524,MSDL,Morgan Stanley Direct Lending Fund
1479681,NUTX,Nutex Health Inc.
1997859,WBTN,WEBTOON Entertainment Inc.
57131,LZB,LA-Z-BOY INC
1166663,TEN,TSAKOS ENERGY NAVIGATION LTD
917520,IART,INTEGRA LIFESCIENCES HOLDINGS CORP
2054507,HBNB,Hotel101 Global Holdings Corp.
1637873,ACVA,ACV Auctions Inc.
1992243,TE,T1 Energy Inc.
933267,IRS,IRSA INVESTMENTS & REPRESENTATIONS INC
58492,LEG,LEGGETT & PLATT INC
1370450,WLDN,"Willdan Group, Inc."
1857475,DOLE,Dole plc
1620393,NXRT,"NexPoint Residential Trust, Inc."
1577670,LADR,Ladder Capital Corp
1060822,CRI,CARTERS INC
2040491,ASIC,Ategrity Specialty Insurance Co Holdings
2046042,JCAP,"Jefferson Capital, Inc. / DE"
1656472,CRON,Cronos Group Inc.
895419,WOLF,"WOLFSPEED, INC."
1691710,CPPKF,Faraday Copper Corp.
1882782,ODTX,"Odyssey Therapeutics, Inc."
1481582,RYZ,Ryerson Holding Corp
1772016,BRBR,"BELLRING BRANDS, INC."
908315,WINA,WINMARK CORP
69488,MYE,MYERS INDUSTRIES INC
1726173,BH-A,Biglari Holdings Inc.
314203,MUX,McEwen Inc.
1369085,NEWP,NEW PACIFIC METALS CORP
1771007,AFYA,Afya Ltd
791963,OPY,OPPENHEIMER HOLDINGS INC
1956955,UMAC,"Unusual Machines, Inc."
316888,ASM,AVINO SILVER & GOLD MINES LTD
1492165,PFBC,Preferred Bank
1042776,PDM,"Piedmont Realty Trust, Inc."
1805077,EOSE,"Eos Energy Enterprises, Inc."
1578732,MMI,"Marcus & Millichap, Inc."
2115119,CLBK,"Columbia Financial, Inc./MD/"
891166,UVE,"UNIVERSAL INSURANCE HOLDINGS, INC."
1261654,UTI,UNIVERSAL TECHNICAL INSTITUTE INC
1622194,DEA,"Easterly Government Properties, Inc."
1566388,DSL,DoubleLine Income Solutions Fund
903129,THRM,Gentherm Inc
1827090,CERT,"Certara, Inc."
1588978,PRCT,PROCEPT BioRobotics Corp
1584297,MNSKY,MoneySupermarket.com Group PLC/ADR
1334978,CCO,"Clear Channel Outdoor Holdings, Inc."
1828962,CRCT,"Cricut, Inc."
799167,MRTN,MARTEN TRANSPORT LTD
1626971,CRVS,"Corvus Pharmaceuticals, Inc."
1046025,HFWA,HERITAGE FINANCIAL CORP /WA/
1526520,TRIP,"TripAdvisor, Inc."
1809519,GDRX,"GoodRx Holdings, Inc."
2130606,OBX,"Obsidian Therapeutics, Inc."
1771515,GO,Grocery Outlet Holding Corp.
1005210,SPH,SUBURBAN PROPANE PARTNERS LP
907254,BFS,"SAUL CENTERS, INC."
1809196,IMTX,Immatics N.V.
836157,LNN,LINDSAY CORP
1826457,GLUE,"Monte Rosa Therapeutics, Inc."
2001201,TALMF,Fuerte Metals Corp
1843181,NBXG,Neuberger Next Generation Connectivity Fund Inc.
1117297,QNST,"QUINSTREET, INC"
1816007,LU,Lufax Holding Ltd
1326200,GNK,GENCO SHIPPING & TRADING LTD
911971,TK,TEEKAY CORP LTD
1018164,WLFC,WILLIS LEASE FINANCE CORP
1743759,CRSR,"Corsair Gaming, Inc."
718937,STAA,STAAR SURGICAL CO
1094366,RDWR,RADWARE LTD
2097725,AIIR,AIR Global PLC
1802974,AVO,"Mission Produce, Inc."
1669811,DFIN,"Donnelley Financial Solutions, Inc."
1789029,AEVA,"Aeva Technologies, Inc."
1831651,SHLS,"Shoals Technologies Group, Inc."
1414932,OCSL,Oaktree Specialty Lending Corp
1630805,BW,"Babcock & Wilcox Enterprises, Inc."
97134,TNC,TENNANT CO
102212,UVSP,UNIVEST FINANCIAL Corp
1287032,PSEC,PROSPECT CAPITAL CORP
885978,USPH,U S PHYSICAL THERAPY INC /NV
1057060,HZO,MARINEMAX INC
2080073,VMET,Versamet Royalties Corp
1817713,JANX,"Janux Therapeutics, Inc."
2071288,LMRI,"Lumexa Imaging Holdings, Inc."
1160308,SVRA,Savara Inc
716314,GHM,GRAHAM CORP
1770121,SANA,"Sana Biotechnology, Inc."
1794338,IGIC,International General Insurance Holdings Ltd.
1308335,EOS,Eaton Vance Enhanced Equity Income Fund II
1477449,TDOC,"Teladoc Health, Inc."
102037,UVV,UNIVERSAL CORP /VA/
2076975,BRAI,Braiin Ltd
1667011,AIP,"Arteris, Inc."
1794515,GTM,ZoomInfo Technologies Inc.
1734342,AMTB,Amerant Bancorp Inc.
1476034,MCB,Metropolitan Bank Holding Corp.
1711375,LOMA,Loma Negra Compania Industrial Argentina Sociedad Anonima
1325618,IRMD,IRADIMED CORP
71829,NPKI,NPK International Inc.
1720116,RDVT,"Red Violet, Inc."
1572694,GSBD,"Goldman Sachs BDC, Inc."
1013605,PDS,PRECISION DRILLING Corp
883237,VRTS,"VIRTUS INVESTMENT PARTNERS, INC."
1966983,LAC,LITHIUM AMERICAS CORP.
66004,MSEX,MIDDLESEX WATER CO
933036,UPBD,"UPBOUND GROUP, INC."
1275168,FSBC,FIVE STAR BANCORP
1053706,CRAI,"CRA INTERNATIONAL, INC."
812074,OI,"O-I Glass, Inc. /DE/"
1488139,AMRC,"Ameresco, Inc."
944809,OPK,"OPKO HEALTH, INC."
2090646,BRUN,Boost Run Inc.
27996,DLX,DELUXE CORP
1422143,KURA,"Kura Oncology, Inc."
2002473,BOW,Bowhead Specialty Holdings Inc.
33934,CRF,CORNERSTONE TOTAL RETURN FUND INC
1708035,ECVT,Ecovyst Inc.
1829118,TUYA,Tuya Inc.
1095651,SAFE,Safehold Inc.
80172,NPK,NATIONAL PRESTO INDUSTRIES INC
70866,VYX,NCR Voyix Corp
1756594,IVA,Inventiva S.A.
1440972,LAR,Lithium Argentina AG
918965,SCSC,"SCANSOURCE, INC."
2013223,HSLV,Highlander Silver Corp.
2098395,IMC,IMC Rare Earths Ltd
1567569,FPF,First Trust Intermediate Duration Preferred & Income Fund
1309251,MALG,MICROALLIANCE GROUP INC.
1603145,XIFR,"XPLR Infrastructure, LP"
1627475,UPWK,"UPWORK, INC"
1753539,BKSY,BlackSky Technology Inc.
1001385,NWPX,"NWPX Infrastructure, Inc."
1253986,ABR,ARBOR REALTY TRUST INC
710752,SBR,SABINE ROYALTY TRUST
1831907,LUXE,LuxExperience B.V.
2057463,GLIBA,Liberty Capital Corp/NV
1322435,ETW,Eaton Vance Tax-Managed Global Buy-Write Opportunities Fund
1490906,CFFN,"Capitol Federal Financial, Inc."
1785971,BMEZ,BlackRock Health Sciences Term Trust
1971213,SBGI,"Sinclair, Inc."
1722606,MTA,Metalla Royalty & Streaming Ltd.
1309402,GPRE,Green Plains Inc.
1745648,APMD,"Apnimed, Inc."
1222719,CHY,CALAMOS CONVERTIBLE & HIGH INCOME FUND
1534120,AVTX,"Avalo Therapeutics, Inc."
1042729,MBWM,MERCANTILE BANK CORP
945394,SVC,Service Properties Trust
1568194,FSCO,FS Credit Opportunities Corp.
2088256,HQ,Horizon Quantum Holdings Ltd.
1094324,SIFY,SIFY TECHNOLOGIES LTD
1062822,LXRX,"LEXICON PHARMACEUTICALS, INC."
1227500,EQBK,EQUITY BANCSHARES INC
2107946,YKCLY,Yamato Kogyo Co. Ltd/ADR
1598665,HRTG,"Heritage Insurance Holdings, Inc."
1171471,CHI,CALAMOS CONVERTIBLE OPPORTUNITIES & INCOME FUND
1836057,BTX,BlackRock Technology & Private Equity Term Trust
930420,KFRC,KFORCE INC
1734713,BV,"BrightView Holdings, Inc."
1569963,LTGHY,Life Healthcare Group Holdings Limited/ADR
1447028,ABUS,Arbutus Biopharma Corp
1447362,CSTL,CASTLE BIOSCIENCES INC
1747068,MCBS,"MetroCity Bankshares, Inc."
1227654,CMP,COMPASS MINERALS INTERNATIONAL INC
1922446,DEC,Diversified Energy Co
1631574,WVE,"Wave Life Sciences, Inc."
1691445,FINV,FinVolution Group
1600222,PXED,"Phoenix Education Partners, Inc."
1755953,ABTC,American Bitcoin Corp.
1885680,RAJAF,"TFA Therapeutics, Inc."
1624322,BFST,"Business First Bancshares, Inc."
1221029,CPAC,CEMENTOS PACASMAYO SAA
1792849,HPK,"HighPeak Energy, Inc."
2094496,SECZ,Securitize Corp.
1793882,PTA,Cohen & Steers Tax-Advantaged Preferred Securities & Income Fund
2096300,AVEX,AEVEX Corp.
1286139,LZ,"LEGALZOOM.COM, INC."
706129,HBNC,HORIZON BANCORP INC /IN/
736772,CCNE,CNB FINANCIAL CORP/PA
844965,TTI,TETRA TECHNOLOGIES INC
1506289,BCX,BlackRock Resources & Commodities Strategy Trust
1257640,KRO,KRONOS WORLDWIDE INC
1337117,ITRN,Ituran Location & Control Ltd.
792987,ASTE,ASTEC INDUSTRIES INC
1051004,MUC,"BLACKROCK MUNIHOLDINGS CALIFORNIA QUALITY FUND, INC."
1843974,DXYZ,Destiny Tech100 Inc.
2039497,RHLD,"Resolute Holdings Management, Inc."
1164771,NAK,NORTHERN DYNASTY MINERALS LTD
1278895,CII,"BlackRock Enhanced Large Cap Core Fund, Inc."
1840502,TBLA,Taboola.com Ltd.
886744,GERN,GERON CORP
1722608,IQ,"iQIYI, Inc."
1396814,PCRX,"Pacira BioSciences, Inc."
1841387,CADL,"Candel Therapeutics, Inc."
1951089,CRML,Critical Metals Corp.
1956744,TRON,Tron Inc.
1891027,MNTN,"MNTN, Inc."
1850235,HEPS,D-MARKET Electronic Services & Trading
1979330,NBBK,"NB Bancorp, Inc."
1379785,BBDC,"Barings BDC, Inc."
2081206,AGBK,AGI Inc
1477641,DQ,DAQO NEW ENERGY CORP.
1698991,ACEL,"Accel Entertainment, Inc."
1906324,QDEL,QuidelOrtho Corp
1707502,SLDB,Solid Biosciences Inc.
1462056,BLZE,"Backblaze, Inc."
755001,UTL,UNITIL CORP
357301,TRST,TRUSTCO BANK CORP N Y
1920294,RZLV,REZOLVE AI PLC
701347,CPF,CENTRAL PACIFIC FINANCIAL CORP
1546417,BLMN,"Bloomin' Brands, Inc."
1224450,RNP,COHEN & STEERS REIT & PREFERRED & INCOME FUND INC
1409493,CIM,CHIMERA INVESTMENT CORP
1493683,BBN,BlackRock Taxable Municipal Bond Trust
1923891,NNE,Nano Nuclear Energy Inc.
1375877,CSIQ,Canadian Solar Inc.
1085913,FMCB,FARMERS & MERCHANTS BANCORP
1433551,SGLA,Sino Green Land Corp.
1756908,PDX,PIMCO Dynamic Income Strategy Fund
1702744,SMPL,Simply Good Foods Co
1689796,JBGS,JBG SMITH Properties
1841968,RPC,"Ridgepost Capital, Inc."
1437402,ARDX,"ARDELYX, INC."
1758021,KRT,Karat Packaging Inc.
1528115,ANNX,"Annexon, Inc."
1873835,IMMX,"Immix Biopharma, Inc."
1287213,PLOW,"DOUGLAS DYNAMICS, INC"
750686,CAC,CAMDEN NATIONAL CORP
798359,CSR,CENTERSPACE
799233,HTLD,HEARTLAND EXPRESS INC
1807120,DSGN,"Design Therapeutics, Inc."
2004340,SYNSY,Syensqo SA/ADR
705432,SBSI,SOUTHSIDE BANCSHARES INC
714562,THFF,FIRST FINANCIAL CORP /IN/
2048519,AEBI,Aebi Schmidt Holding AG
1925062,FRBT,"Forbright, Inc."
1665988,BVS,Bioventus Inc.
1831481,SOC,Sable Offshore Corp.
1568100,PD,"PagerDuty, Inc."
1431852,OGG,Osisko Gold Group Inc.
1805385,EVLV,"Evolv Technologies Holdings, Inc."
31235,KODK,EASTMAN KODAK CO
1641229,FFMGF,First Mining Gold Corp.
1784930,MAKO,Mako Mining Corp.
62234,MCS,MARCUS CORP
879635,MPB,MID PENN BANCORP INC
1579684,TDAY,"USA TODAY Co., Inc."
1714174,BUR,Burford Capital Ltd
1768446,CLYM,"Climb Bio, Inc."
1640428,EVER,"EverQuote, Inc."
1848731,GLAS,Glass House Brands Inc.
1833141,HELP,CYBIN INC.
859070,FCBC,FIRST COMMUNITY BANKSHARES INC /VA/
1966287,GFR,Greenfire Resources Ltd.
709337,FMNB,FARMERS NATIONAL BANC CORP /OH/
1814287,ABX,"Abacus Global Management, Inc."
1557746,ACRS,"Aclaris Therapeutics, Inc."
1109242,HAFC,HANMI FINANCIAL CORP
1828016,PLTK,Playtika Holding Corp.
1495222,OXLC,Oxford Lane Capital Corp.
2087844,MSSHY,Mitsui-Soko Holdings Co Limited/ADR
1494191,KRNGY,Karoon Gas Australia Ltd /ADR/
1756699,TIGR,UP Fintech Holding Ltd
1423221,NX,Quanex Building Products CORP
1759774,PSTL,"Postal Realty Trust, Inc."
1840572,LUCK,Lucky Strike Entertainment Corp
915779,DAKT,DAKTRONICS INC /SD/
1861107,CBLL,"Ceribell, Inc."
1750284,OLMA,"Olema Pharmaceuticals, Inc."
1297184,AMPH,"Amphastar Pharmaceuticals, Inc."
1944552,ANL,Adlai Nortye Ltd.
1838957,RERE,ATRenew Inc.
1846069,NXDR,"Nextdoor Holdings, Inc."
107687,WGO,WINNEBAGO INDUSTRIES INC
1424929,FOXF,FOX FACTORY HOLDING CORP
1055160,MFA,"MFA FINANCIAL, INC."
1538849,CAPL,CrossAmerica Partners LP
1597033,SABR,Sabre Corp
1613780,DBVT,DBV Technologies S.A.
771266,KOPN,KOPIN CORP
1260041,HTD,JOHN HANCOCK TAX-ADVANTAGED DIVIDEND INCOME FUND
1325964,LWLG,"Lightwave Logic, Inc."
1548536,SCZM,Santacruz Silver Mining Ltd.
1829802,FTH,"Faeth Therapeutics, Inc."
1747172,KBDC,"Kayne Anderson BDC, Inc."
1273685,ADAM,"ADAMAS TRUST, INC."
810332,RJET,REPUBLIC AIRWAYS HOLDINGS INC.
915840,BZH,BEAZER HOMES USA INC
1538379,IBTA,"Ibotta, Inc."
1828105,HIPO,Hippo Holdings Inc.
880117,JBSS,SANFILIPPO JOHN B & SON INC
1674632,BBNX,"Beta Bionics, Inc."
726601,CCBG,CAPITAL CITY BANK GROUP INC
928658,CVLG,"COVENANT LOGISTICS GROUP, INC."
1195739,NRK,NUVEEN NEW YORK AMT-FREE QUALITY MUNICIPAL INCOME FUND
1583107,TBPH,"Theravance Biopharma, Inc."
1038773,SMBK,SMARTFINANCIAL INC.
1778114,AIO,Virtus Artificial Intelligence & Technology Opportunities Fund
1379041,EIG,"Employers Holdings, Inc."
1467760,ARI,"Apollo Commercial Real Estate Finance, Inc."
2065812,FSSL,FS Specialty Lending Fund
1778922,SGP,"SpyGlass Pharma, Inc."
1434754,SB,"SAFE BULKERS, INC."
2101833,NANO,ATII Holdings Inc.
928054,FTK,FLOTEK INDUSTRIES INC/CN/
1593538,NAVI,NAVIENT CORP
108385,WRLD,WORLD ACCEPTANCE CORP
1823652,EVEX,"Eve Holding, Inc."
1459839,SIBN,"SI-BONE, Inc."
906013,AWF,ALLIANCEBERNSTEIN GLOBAL HIGH INCOME FUND INC
1788882,ROOT,"Root, Inc."
1742692,INMD,InMode Ltd.
1487952,VPG,"Vishay Precision Group, Inc."
1345126,CODI,Compass Diversified Holdings
1881487,ACDC,ProFrac Holding Corp.
6845,APOG,"APOGEE ENTERPRISES, INC."
854560,GSBC,"GREAT SOUTHERN BANCORP, INC."
1267565,COLL,"COLLEGIUM PHARMACEUTICAL, INC"
1530804,TROX,Tronox Holdings plc
1050441,EGBN,EAGLE BANCORP INC
1869666,HAPVY,Hapvida Participacoes e Investimentos S.A./ADR
2047190,TCGLF,TechCreate Group Ltd.
709283,QMCO,QUANTUM CORP /DE/
1401257,FET,"FORUM ENERGY TECHNOLOGIES, INC."
2011514,AVR,Anteris Technologies Global Corp.
1315257,KOP,Koppers Holdings Inc.
1823587,SKYH,Sky Harbour Group Corp
1787117,REF,Reformation Inc.
1576427,CRTO,Criteo S.A.
1481513,JKS,"JinkoSolar Holding Co., Ltd."
1034842,RIGL,RIGEL PHARMACEUTICALS INC
93389,SMP,"STANDARD MOTOR PRODUCTS, INC."
889971,LPTH,LIGHTPATH TECHNOLOGIES INC
2079999,CDNL,Cardinal Infrastructure Group Inc.
1201792,APEI,AMERICAN PUBLIC EDUCATION INC
1879248,ADSE,Ads-Tec Energy Public Ltd Co
1610601,MOMO,Hello Group Inc.
1095565,HSTM,HEALTHSTREAM INC
2074220,CAZGF,Catapult Group International Ltd
1650648,FDMT,"4D Molecular Therapeutics, Inc."
1794350,YALA,Yalla Group Ltd
1819796,GCMG,GCM Grosvenor Inc.
1163668,SPFI,"SOUTH PLAINS FINANCIAL, INC."
1865200,ANGX,"Angel Studios, Inc."
1479615,SLN,Silence Therapeutics plc
1841925,INDI,"indie Semiconductor, Inc."
826154,ORRF,ORRSTOWN FINANCIAL SERVICES INC
1995306,HDL,SUPER HI INTERNATIONAL HOLDING LTD.
1124524,CYRX,"Cryoport, Inc."
1874315,SATL,Satellogic Inc.
1419806,REEMF,RARE ELEMENT RESOURCES LTD
1828316,PHAR,Pharming Group N.V.
1514705,SXC,"SunCoke Energy, Inc."
1826470,WOOF,"Petco Health & Wellness Company, Inc."
1833197,SWIM,"Latham Group, Inc."
732417,HBIA,HILLS BANCORPORATION
783412,DJCO,DAILY JOURNAL CORP
23795,CTO,"CTO Realty Growth, Inc."
1852353,DC,Dakota Gold Corp.
99302,TRNS,TRANSCAT INC
903419,ALRS,ALERUS FINANCIAL CORP
916907,SMBC,"SOUTHERN MISSOURI BANCORP, INC."
1477815,SG,"Sweetgreen, Inc."
1806347,WEST,Westrock Coffee Co
2042022,WYFI,"WhiteFiber, Inc."
949858,ACHV,"ACHIEVE LIFE SCIENCES, INC."
1137091,PSIX,"POWER SOLUTIONS INTERNATIONAL, INC."
1001614,REPX,"Riley Exploration Permian, Inc."
1300391,EOI,Eaton Vance Enhanced Equity Income Fund
2095096,ENRD,Einride AB
1828791,DSP,Viant Technology Inc.
1501796,AURA,"Aura Biosciences, Inc."
1756708,JMIA,Jumia Technologies AG
1604522,THQ,abrdn Healthcare Opportunities Fund
1789940,FWRG,"First Watch Restaurant Group, Inc."
1740604,BTGO,"BITGO HOLDINGS, INC."
1050743,PGC,PEAPACK GLADSTONE FINANCIAL CORP
862831,FISI,FINANCIAL INSTITUTIONS INC
902791,BBSI,BARRETT BUSINESS SERVICES INC
807863,MITK,MITEK SYSTEMS INC
1560327,RPD,"Rapid7, Inc."
1810019,RXT,"Rackspace Technology, Inc."
1404644,NGNE,Neurogene Inc.
1720424,HIVE,HIVE Digital Technologies Ltd.
1278752,MFIC,MidCap Financial Investment Corp
1680367,STTK,"Shattuck Labs, Inc."
1517399,SUPV,Grupo Supervielle S.A.
1657853,HTZ,"HERTZ GLOBAL HOLDINGS, INC"
708821,PAR,PAR TECHNOLOGY CORP
1834026,GROY,Gold Royalty Corp.
1387467,AOSL,ALPHA & OMEGA SEMICONDUCTOR Ltd
1520504,VLRS,"Controladora Vuela Compania de Aviacion, S.A.B. de C.V."
216851,PEO,"ADAMS NATURAL RESOURCES FUND, INC."
1690511,GOOS,Canada Goose Holdings Inc.
890196,MQY,"BLACKROCK MUNIYIELD QUALITY FUND, INC."
1034957,CRESY,CRESUD INC
1286613,LINC,LINCOLN EDUCATIONAL SERVICES CORP
901491,PZZA,PAPA JOHNS INTERNATIONAL INC
2074973,CCXI,Churchill Capital Corp XI
1687187,METC,"Ramaco Resources, Inc."
1655050,BCSF,"Bain Capital Specialty Finance, Inc."
1793855,ASGI,abrdn Global Infrastructure Income Fund
1859836,YSWY,"Yesway, Inc."
1782430,STRW,"Strawberry Fields REIT, Inc."
1544206,CGBD,"Carlyle Secured Lending, Inc."
1702318,AHG,Akso Health Group
1842731,SMWB,SIMILARWEB LTD.
2087587,CSHR,CoinShares PLC
1490281,GRPN,"Groupon, Inc."
1875558,NVCT,"Nuvectis Pharma, Inc."
1035092,SHBI,SHORE BANCSHARES INC
1818383,MAX,"MediaAlpha, Inc."
1851112,RSKD,RISKIFIED LTD.
1681622,VREX,Varex Imaging Corp
1559432,TXO,"TXO Partners, L.P."
1598428,MTUS,Metallus Inc.
1538263,HTB,"HomeTrust Bancshares, Inc."
1959455,HSHP,Himalaya Shipping Ltd.
1898601,IPX,IPERIONX Ltd
1855066,MEGI,NYLI CBRE Global Infrastructure Megatrends Term Fund
1496443,PAYS,"Paysign, Inc."
897322,GILT,GILAT SATELLITE NETWORKS LTD
60714,LXU,"LSB INDUSTRIES, INC."
1437071,IVR,Invesco Mortgage Capital Inc.
101538,UAMY,UNITED STATES ANTIMONY CORP
1574197,FPH,"Five Point Holdings, LLC"
1827401,DRUG,BRIGHT MINDS BIOSCIENCES INC.
1334388,OBE,OBSIDIAN ENERGY LTD.
1386278,GDOT,GREEN DOT CORP
1174164,FFC,Flaherty & Crumrine PREFERRED & INCOME SECURITIES FUND INC
912147,RMT,"ROYCE MICRO-CAP TRUST, INC."
1567900,ALOY,REALLOYS INC.
39311,IBCP,INDEPENDENT BANK CORP /MI/
1520358,MAMA,"Mama's Creations, Inc."
2128115,AAC,Ares Acquisition Corp III
1832803,THSGF,THESIS GOLD INC.
737468,WASH,WASHINGTON TRUST BANCORP INC
1604665,WLKP,Westlake Chemical Partners LP
1109116,EVC,ENTRAVISION COMMUNICATIONS CORP
1781730,TCBX,"Third Coast Bancshares, Inc."
1997377,ISOU,IsoEnergy Ltd.
1185348,PRAA,PRA GROUP INC
1795851,SWRD,"Stewards, Inc."
1853138,KDK,"Kodiak AI, Inc."
357294,HOV,HOVNANIAN ENTERPRISES INC
1422930,PUBM,"PubMatic, Inc."
1513363,FDUS,FIDUS INVESTMENT Corp
866729,SCHL,SCHOLASTIC CORP
1819404,NRDY,Nerdy Inc.
1173489,CEVA,CEVA INC
1696556,OFRM,"Once Upon a Farm, PBC"
788965,HNRG,HALLADOR ENERGY CO
1577437,ASC,Ardmore Shipping Corp
1495932,AGNT,"AGNT, Inc."
1725255,AHCO,AdaptHealth Corp.
1847590,BWMN,Bowman Consulting Group Ltd.
1504619,PFLT,PennantPark Floating Rate Capital Ltd.
708781,CASS,CASS INFORMATION SYSTEMS INC
1071438,BAK,BRASKEM SA
1561032,NHP,"National Healthcare Properties, Inc."
1869105,BBOT,"BridgeBio Oncology Therapeutics, Inc."
1962746,LOT,Lotus Technology Inc.
1645469,MNPR,Monopar Therapeutics
1501989,CTMX,"CytomX Therapeutics, Inc."
2085091,RVI,Robinhood Ventures Fund I
1953530,OCS,Oculis Holding AG
1692376,VEL,"Velocity Financial, Inc."
1412408,PHR,"Phreesia, Inc."
1426800,ASMB,"ASSEMBLY BIOSCIENCES, INC."
1840616,NFGC,New Found Gold Corp.
1829576,CARE,"Carter Bankshares, Inc."
1383441,NIE,Virtus Equity & Convertible Income Fund
763532,LYTS,LSI INDUSTRIES INC
1898718,GMRS,GMR Solutions Inc.
1944558,VTS,"Vitesse Energy, Inc."
76267,PKE,PARK AEROSPACE CORP
1829864,TASK,"TaskUs, Inc."
1840706,SOPH,SOPHiA GENETICS SA
1828318,ENVX,Enovix Corp
1496099,NMFC,New Mountain Finance Corp
1737287,ALLO,"Allogene Therapeutics, Inc."
1681087,TECX,"Tectonic Therapeutic, Inc."
1866633,CCSI,"Consensus Cloud Solutions, Inc."
1820378,TBLD,Thornburg Income Builder Opportunities Trust
1602584,CCD,Calamos Dynamic Convertible & Income Fund
61986,MTW,MANITOWOC CO INC
1676163,SSII,"SS Innovations International, Inc."
717538,AROW,ARROW FINANCIAL CORP
1625791,KRNT,Kornit Digital Ltd.
1437958,CCB,COASTAL FINANCIAL CORP
1056943,PFIS,PEOPLES FINANCIAL SERVICES CORP.
1127371,CWBC,Community West Bancshares
1783183,PHAT,"Phathom Pharmaceuticals, Inc."
800457,DGICA,DONEGAL GROUP INC
1839839,JBI,"Janus International Group, Inc."
1124105,GYRE,"GYRE THERAPEUTICS, INC."
1268884,IGR,CBRE GLOBAL REAL ESTATE INCOME FUND
1562528,FBRT,"Franklin BSP Realty Trust, Inc."
1434647,ZVRA,"ZEVRA THERAPEUTICS, INC."
2059573,PINWF,Pinewood Technologies Group plc
1820721,ARRY,"Array Technologies, Inc."
1655099,RA,Brookfield Real Assets Income Fund Inc.
1795815,BCAL,California BanCorp \ CA
1446847,IRWD,IRONWOOD PHARMACEUTICALS INC
1418076,SLRC,SLR Investment Corp.
1393726,TIPT,TIPTREE INC.
724004,MLAB,MESA LABORATORIES INC /CO/
1453015,BLDP,Ballard Power Systems Inc.
1436208,LEGH,Legacy Housing Corp
1296250,PFN,PIMCO Income Strategy Fund II
354963,SHEN,SHENANDOAH TELECOMMUNICATIONS CO/VA/
1466026,MSBI,"Midland States Bancorp, Inc."
1682745,VRRM,VERRA MOBILITY Corp
1562818,BIT,BlackRock Multi-Sector Income Trust
1834488,NABL,"N-able, Inc."
1517396,SSYS,STRATASYS LTD.
2019804,IMSR,Terrestrial Energy Inc. /DE/
1502377,CTGO,Contango Silver & Gold Inc.
1412558,EVO,Evotec SE
1788399,DLY,DoubleLine Yield Opportunities Fund
901243,MUA,"BLACKROCK MUNIASSETS FUND, INC."
1071236,RRBI,RED RIVER BANCSHARES INC
1476045,CLDT,Chatham Lodging Trust
1000623,MATV,"Mativ Holdings, Inc."
1704720,CNNE,"Cannae Holdings, Inc."
1928446,GRNT,"Granite Ridge Resources, Inc."
916789,HELE,HELEN OF TROY LTD
1819559,WDI,Western Asset Diversified Income Fund (WDI)
1497645,INN,"Summit Hotel Properties, Inc."
63296,MATW,MATTHEWS INTERNATIONAL CORP
743367,BHB,BAR HARBOR BANKSHARES
872716,ALPIB,ALPINE BANKS OF COLORADO
1846253,OABI,"OmniAb, Inc."
1886878,PAXS,PIMCO Access Income Fund
1669779,CWH,"Camping World Holdings, Inc."
1828536,NRGV,"Energy Vault Holdings, Inc."
1683606,CARS,Cars.com Inc.
103595,VLGEA,VILLAGE SUPER MARKET INC
715579,ACNB,ACNB CORP
1425450,KIDS,ORTHOPEDIATRICS CORP
1614178,YEXT,"Yext, Inc."
1731348,TLRY,"Tilray Brands, Inc."
39020,FEIM,FREQUENCY ELECTRONICS INC
1824403,RSVR,"Reservoir Media, Inc."
76282,PKOH,PARK OHIO HOLDINGS CORP
1543418,TMQ,Trilogy Metals Inc.
1301787,BXC,BlueLinx Holdings Inc.
25475,CRD-A,CRAWFORD & CO
2076631,AMRQF,AMAROQ LTD.
1539190,SPPP,SPROTT PHYSICAL PLATINUM & PALLADIUM TRUST
2081119,BOT,"RoboStrategy, Inc."
1547459,NGVC,"Natural Grocers by Vitamin Cottage, Inc."
1195738,NKX,NUVEEN CALIFORNIA AMT-FREE QUALITY MUNICIPAL INCOME FUND
1569187,AHRT,"AH Realty Trust, Inc."
2040475,DMII,Drugs Made In America Acquisition II Corp.
924822,MLR,MILLER INDUSTRIES INC /TN/
1410098,CRMD,CorMedix Inc.
1275187,ANGO,ANGIODYNAMICS INC
1625278,NRDS,"NERDWALLET, INC."
1956439,ENHA,Enhanced Group Inc.
1234006,GOOD,GLADSTONE COMMERCIAL CORP
1836564,VALN,Valneva SE
1850270,PROK,PROKIDNEY CORP.
1957538,OIO,OIO Group
1799567,DDI,"DoubleDown Interactive Co., Ltd."
1581091,RMAX,"RE/MAX Holdings, Inc."
1743725,GDYN,"GRID DYNAMICS HOLDINGS, INC."
2020932,AGMB,Agomab Therapeutics NV
1400118,SGMT,Sagimet Biosciences Inc.
1464591,GPRK,GeoPark Ltd
1253689,CBIO,"CRESCENT BIOPHARMA, INC."
1838615,ALTI,"AlTi Global, Inc."
1793229,CTEV,Claritev Corp
1995520,YB,Yuanbao Inc.
2067627,NKLR,Terra Innovatum Global N.V.
1824814,CGNT,Cognyte Software Ltd.
1826286,VINP,Vinci Compass Investments Ltd.
1512228,NB,NIOCORP DEVELOPMENTS LTD
1690639,VBNK,VersaBank
1799191,STLN,"Starling Oncology, Inc."
1503290,ACP,abrdn Income Credit Strategies Fund
1857154,DNUT,"Krispy Kreme, Inc."
1855175,CTNM,"Contineum Therapeutics, Inc."
1517375,SPT,"Sprout Social, Inc."
1700844,EVOH,EvoAir Holdings Inc.
1376339,MDXG,"MIMEDX GROUP, INC."
1730463,AUTL,Autolus Therapeutics plc
1377757,GAU,Galiano Gold Inc.
926282,ADTN,"ADTRAN Holdings, Inc."
1785493,RHNO,RHINO BITCOIN INC.
1526119,VSTM,"Verastem, Inc."
1907085,ODD,Oddity Tech Ltd
1318484,CTRN,Citi Trends Inc
1861123,EIKN,"Eikon Therapeutics, Inc."
1173514,HY,"HYSTER-YALE, INC."
1717547,BRSP,"BrightSpire Capital, Inc."
1921603,WHK,WhiteHawk Minerals Corp.
1092796,SWBI,"SMITH & WESSON BRANDS, INC."
1617242,KRNY,Kearny Financial Corp.
95029,RGR,STURM RUGER & CO INC
1829959,DCBO,Docebo Inc.
1853921,SCTX,"Scribe Therapeutics, Inc."
1793663,VTEX,VTEX
2109616,FFPP,Fast Finance Pay Corp.
1737924,NCDL,Nuveen Churchill Direct Lending Corp.
1839886,MRRDF,Meridian Mining UK Societas
1818502,OPFI,OppFi Inc.
1436126,MG,"Mistras Group, Inc."
1326190,ALT,"Altimmune, Inc."
1988494,FVR,"FrontView REIT, Inc."
894627,EGY,VAALCO ENERGY INC /DE/
1341317,BWB,Bridgewater Bancshares Inc
1638290,MCFT,"MasterCraft Boat Holdings, Inc."
1655759,ARVN,"ARVINAS, INC."
1921865,ASPI,ASP Isotopes Inc.
1971975,ABXXF,Abaxx Technologies Inc.
1630472,TRTX,"TPG RE Finance Trust, Inc."
1793129,NDMO,Nuveen Dynamic Municipal Opportunities Fund
1788257,BWMX,"BETTERWARE DE MEXICO, S.A.P.I. DE C.V"
2064355,BCSS,Bain Capital GSS Investment Corp.
2042902,EVAC,EQV Ventures Acquisition Corp. II
930236,RWT,REDWOOD TRUST INC
1772177,KRUS,"KURA SUSHI USA, INC."
1855644,ZURA,Zura Bio Ltd
1894562,PRME,"Prime Medicine, Inc."
1419536,CBNK,Capital Bancorp Inc
1537137,SLI,STANDARD LITHIUM LTD.
790500,FAX,"ABRDN ASIA-PACIFIC INCOME FUND, INC."
1499543,NOAH,NOAH HOLDINGS LTD
1090009,SFST,SOUTHERN FIRST BANCSHARES INC
2114227,CXII,Churchill Capital Corp XII
912728,FWRD,FORWARD AIR CORP
920427,UNTY,UNITY BANCORP INC /NJ/
1070524,GCBC,GREENE COUNTY BANCORP INC
1398733,AQST,"Aquestive Therapeutics, Inc."
2104052,NVRI,Enviri Corp
2034267,CEPF,"Cantor Equity Partners IV, Inc."
896156,ETD,ETHAN ALLEN INTERIORS INC
1336706,NPB,NORTHPOINTE BANCSHARES INC
1638097,ENTX,Entera Bio Ltd.
1051003,DSU,"BLACKROCK DEBT STRATEGIES FUND, INC."
1562051,NML,Neuberger Energy Infrastructure & Income Fund Inc.
764401,IIIN,INSTEEL INDUSTRIES INC
1327688,OOMA,OOMA INC
885601,IIM,Invesco Value Municipal Income Trust
55135,KELYA,KELLY SERVICES INC
1609151,WEAV,"Weave Communications, Inc."
1521951,FBIZ,"FIRST BUSINESS FINANCIAL SERVICES, INC."
1774342,NMCO,Nuveen Municipal Credit Opportunities Fund
872912,DCTH,"DELCATH SYSTEMS, INC."
798783,UHT,UNIVERSAL HEALTH REALTY INCOME TRUST
1044777,OSPN,OneSpan Inc.
1473334,XMAX,XMax Inc.
1535778,MSIF,"MSC INCOME FUND, INC."
1722387,ITRG,Integra Resources Corp.
1505065,BWAY,Brainsway Ltd.
944745,CIVB,"CIVISTA BANCSHARES, INC."
1364125,WRN,Western Copper & Gold Corp
1163370,NRIM,NORTHRIM BANCORP INC
2079173,AEXA,American Exceptionalism Acquisition Corp. A
784539,EACO,EACO CORP
1590976,MBUU,"MALIBU BOATS, INC."
1831915,CTKB,"Cytek Biosciences, Inc."
1817241,ARTV,"Artiva Biotherapeutics, Inc."
1635977,THW,abrdn World Healthcare Fund
1122904,NTGR,"NETGEAR, INC."
1288403,WTI,W&T OFFSHORE INC
1570562,EOLS,"Evolus, Inc."
2074850,GFUZ,General Fusion Group Ltd.
1816017,SPIR,"Spire Global, Inc."
1759631,HYLN,Hyliion Holdings Corp.
1597672,RYAM,RAYONIER ADVANCED MATERIALS INC.
1395325,ETJ,Eaton Vance Risk-Managed Diversified Equity Income Fund
1717307,ILPT,Industrial Logistics Properties Trust
720858,ITIC,INVESTORS TITLE CO
1375205,URG,UR-ENERGY INC
108985,YORW,YORK WATER CO
804123,TWN,TAIWAN FUND INC
1710350,BTBT,"Bit Digital, Inc"
880892,VGM,Invesco Trust for Investment Grade Municipals
1849396,NEXN,Nexxen International Ltd.
2095161,DBCA,D. Boral Acquisition I Corp.
1732379,BMM,Blue Moon Metals Inc.
1958086,CLB,Core Laboratories Inc. /DE/
1530979,HNST,"Honest Company, Inc."
1016281,CSV,CARRIAGE SERVICES INC
886043,MMU,WESTERN ASSET MANAGED MUNICIPALS FUND INC.
1809104,ALIT,"Alight, Inc. / Delaware"
1436425,HBCP,"HOME BANCORP, INC."
1636651,OVID,Ovid Therapeutics Inc.
1020214,CERS,CERUS CORP
1951222,LAES,SEALSQ Corp
790816,BDN,BRANDYWINE REALTY TRUST
1606757,KE,"Kimball Electronics, Inc."
1064052,FGOVF,FREEGOLD VENTURES LTD
1606909,PANL,Pangaea Logistics Solutions Ltd.
1863934,ADUR,ADURO CLEAN TECHNOLOGIES INC.
75288,OXM,OXFORD INDUSTRIES INC
2101698,ELMT,Elmet Group Co.
1590877,RGNX,REGENXBIO Inc.
2086438,GHXI,"Gores Holdings XI, Inc."
1766368,MEC,"Mayville Engineering Company, Inc."
1533615,XRN,Chiron Real Estate Inc.
1341170,ESEA,EUROSEAS LTD.
2064307,LOGC,ContextLogic Holdings Inc.
1678660,PRLD,Prelude Therapeutics Inc
1809691,HKD,AMTD Digital Inc.
712770,OLP,ONE LIBERTY PROPERTIES INC
1643615,ONT,"Onterris, Inc."
1945240,ROMA,Roma Green Finance Ltd
1759138,CABA,"Cabaletta Bio, Inc."
1674930,FLGT,"Fulgent Genetics, Inc."
1505732,BWFG,"Bankwell Financial Group, Inc."
1481792,QUAD,"Quad/Graphics, Inc."
1771706,VREOF,Vireo Growth Inc.
1628908,EVH,"Evolent Health, Inc."
1393299,BGY,BlackRock Enhanced International Dividend Trust
1823794,ARKO,ARKO Corp.
1671858,SPRY,"ARS Pharmaceuticals, Inc."
1844862,SLDP,"Solid Power, Inc."
1027838,TCMD,TACTILE SYSTEMS TECHNOLOGY INC
1937987,FBYD,"Falcon's Beyond Global, Inc."
2055592,GEMI,"Gemini Space Station, Inc."
1515671,DPG,Duff & Phelps Utility & Infrastructure Fund Inc.
1779128,SRTA,"Strata Critical Medical, Inc."
724910,NVEC,NVE CORP /NEW/
945983,CLMB,"Climb Global Solutions, Inc."
1349436,SD,SANDRIDGE ENERGY INC
1514991,AMCX,AMC Global Media Inc.
910638,DDD,3D SYSTEMS CORP
1770069,MPLT,"MapLight Therapeutics, Inc."
1005229,CMCO,COLUMBUS MCKINNON CORP
895531,VCV,Invesco California Value Municipal Income Trust
1285890,IGD,Voya GLOBAL EQUITY DIVIDEND & PREMIUM OPPORTUNITY FUND
2007587,AII,"American Integrity Insurance Group, Inc."
1130144,BSRR,SIERRA BANCORP
1281926,ETO,Eaton Vance Tax-Advantaged Global Dividend Opportunities Fund
2028336,NUAI,"New ERA Energy & Digital, Inc."
1754226,OBT,"Orange County Bancorp, Inc. /DE/"
2108962,GCGR,General Catalyst Global Resilience Merger Corp.
1604174,ECC,Eagle Point Credit Co
1994702,KYTX,"Kyverna Therapeutics, Inc."
1421461,IPI,"Intrepid Potash, Inc."
43196,GTN,"GRAY MEDIA, INC"
1854545,DDL,Dingdong (Cayman) Ltd
1030192,IDR,"Idaho Strategic Resources, Inc."
1843586,OTLY,Oatly Group AB
1705284,PBAM,"Private Bancorp of America, Inc."
1737927,CGC,Canopy Growth Corp
2074878,NWAX,New America Acquisition I Corp.
1385613,GLRE,"GREENLIGHT CAPITAL RE, LTD."
1746129,BSVN,Bank7 Corp.
59255,VHI,VALHI INC /DE/
1606163,LMB,"Limbach Holdings, Inc."
88000,HKHC,Horizon Kinetics Holding Corp
1121484,OIS,"OIL STATES INTERNATIONAL, INC"
929351,STRZ,STARZ ENTERTAINMENT CORP /CN/
2087361,MEVO,M Evo Global Acquisition Corp II
65270,MEI,METHODE ELECTRONICS INC
2044725,EVMN,"Evommune, Inc."
1874071,PDLB,"Ponce Financial Group, Inc."
1233681,BLW,BLACKROCK Ltd DURATION INCOME TRUST
2012807,RFAI,RF Acquisition Corp II
1313310,GRVY,"GRAVITY Co., Ltd."
803164,COFS,CHOICEONE FINANCIAL SERVICES INC
788329,JOUT,JOHNSON OUTDOORS INC
1616543,SENS,"Senseonics Holdings, Inc."
2025416,OWLS,OBOOK HOLDINGS INC.
1864208,GUG,Guggenheim Active Allocation Fund
879526,WNC,WABASH NATIONAL Corp
1862461,REAX,Real Brokerage Inc
1747079,BALY,Bally's Corp
1720420,IBEX,IBEX Ltd
1785424,KPLT,"Katapult Holdings, Inc."
1176984,EIM,Eaton Vance Municipal Bond Fund
2033535,CMDB,Costamare Bulkers Holdings Ltd
1810523,FTHY,FIRST TRUST HIGH YIELD OPPORTUNITIES 2027 TERM FUND
1308208,ULH,"UNIVERSAL LOGISTICS HOLDINGS, INC."
1553643,RLMD,"RELMADA THERAPEUTICS, INC."
1661998,QTTB,Q32 Bio Inc.
1728190,HUYA,HUYA Inc.
1158324,CCOI,"COGENT COMMUNICATIONS HOLDINGS, INC."
1018979,AMSF,AMERISAFE INC
1606366,LOCO,"El Pollo Loco Holdings, Inc."
808439,TATT,TAT TECHNOLOGIES LTD
917100,IFN,"ABERDEEN INDIA FUND, INC."
70487,NRC,NRC HEALTH
1821866,BTQ,BTQ Technologies Corp.
1567529,KMDA,KAMADA LTD
1662579,CCCC,"C4 Therapeutics, Inc."
1635282,RMNI,"Rimini Street, Inc."
2074872,KRSP,Rice Acquisition Corp 3
1166928,WTBA,WEST BANCORPORATION INC
1131903,FCCN,SPECTRAL CAPITAL Corp
2035709,PHOE,Phoenix Asia Holdings Ltd
1579733,VITL,"Vital Farms, Inc."
2049662,FAC,Factorial Energy Inc.
879585,ATNI,"ATN International, Inc."
766011,CMCL,Caledonia Mining Corp Plc
1509261,RZLT,"Rezolute, Inc."
1559053,PRTA,PROTHENA CORP PUBLIC LTD CO
928340,CWCO,Consolidated Water Co. Ltd.
1528287,NPCE,NeuroPace Inc
2039972,GMTL,Guardian Metal Resources PLC
1581178,EPRX,EUPRAXIA PHARMACEUTICALS INC.
1862044,ZKH,ZKH Group Ltd
2080019,GIW,GigCapital8 Corp.
1631596,KREF,KKR Real Estate Finance Trust Inc.
2052053,PWRL,Powerlaw Corp.
2092574,SWMR,"Swarmer, Inc"
1986817,GTEN,"Gores Holdings X, Inc. / CI"
1703956,BBCP,"Concrete Pumping Holdings, Inc."
1965615,MGMNF,MAGNA MINING INC.
1944955,GSKRF,FIRST NORDIC METALS CORP.
1320461,CPS,Cooper-Standard Holdings Inc.
2081358,CRAN,Crane Harbor Acquisition Corp. II
1861115,NMAI,Nuveen Multi-Asset Income Fund
1940941,MFI,mF International Ltd
1554697,GHY,"PGIM Global High Yield Fund, Inc."
1868995,CINT,CI&T Inc
1839970,BLSM,"BlossomHill Therapeutics, Inc."
2024218,SMC,Summit Midstream Corp
1649752,NMG,Nouveau Monde Graphite Inc.
792966,FMAO,FARMERS & MERCHANTS BANCORP INC
1401667,PBYI,"PUMA BIOTECHNOLOGY, INC."
2047273,BUUU,BUUU Group Ltd
810958,CZNC,CITIZENS & NORTHERN CORP
1981546,CBK,"Commercial Bancgroup, Inc."
1653558,PRTH,"Priority Technology Holdings, Inc."
1699350,SI,"SHOULDER INNOVATIONS, INC."
1650664,EDIT,"Editas Medicine, Inc."
2079253,APXT,Apex Treasury Corp
1821159,EVGO,EVgo Inc.
1285550,CLPT,"ClearPoint Neuro, Inc."
2048951,TMS,Teamshares Inc
1531177,SGHT,"Sight Sciences, Inc."
1291334,FFA,FIRST TRUST ENHANCED EQUITY INCOME FUND
1372299,OCGN,"Ocugen, Inc."
1409171,TITN,Titan Machinery Inc.
1096056,LXFR,LUXFER HOLDINGS PLC
1555279,MASS,908 Devices Inc.
2075786,SEAH,"Seahawk Recycling Holdings, Inc."
1706946,SPCE,"Virgin Galactic Holdings, Inc"
1308927,ETB,Eaton Vance Tax-Managed Buy-Write Income Fund
14707,CAL,CALERES INC
1776661,ADV,Advantage Solutions Inc.
1830214,DNA,"Ginkgo Bioworks Holdings, Inc."
711669,CBAN,COLONY BANKCORP INC
899751,TWI,TITAN INTERNATIONAL INC
49754,DIN,"Dine Brands Global, Inc."
1959224,AXG,"Solowin Holdings, Ltd."
1084991,NGS,NATURAL GAS SERVICES GROUP INC
1131312,ZNOG,ZION OIL & GAS INC
1932737,AIIO,ROBO.AI INC.
1591670,FPI,Farmland Partners Inc.
1059386,VVR,Invesco Senior Income Trust
1673985,ASIX,AdvanSix Inc.
1499422,RBB,RBB Bancorp
1865389,NPFD,Nuveen Variable Rate Preferred & Income Fund
1515940,KIO,KKR Income Opportunities Fund
1709164,HBB,Hamilton Beach Brands Holding Co
2106613,QNC,Quantum eMotion Corp
1728688,IIIV,"i3 Verticals, Inc."
1143513,GLAD,GLADSTONE CAPITAL CORP
1215913,HPS,JOHN HANCOCK PREFERRED INCOME FUND III
2035992,MCTA,Charming Medical Ltd
2084396,IEAG,Infinite Eagle Acquisition Corp.
1903784,VOGX,"Vogenx, Inc."
1808898,BNTC,Benitec Biopharma Inc.
2088749,KBON,Karbon Capital Partners Corp.
1848416,VRNO,Verano Holdings Corp.
41719,MAGN,Magnera Corp
96869,TRC,TEJON RANCH CO
934549,ACTG,ACACIA RESEARCH CORP
1903145,GRRR,Gorilla Technology Group Inc.
2073928,MBVI,M3-Brigade Acquisition VI Corp.
1145604,NIKA,"NIKA PHARMACEUTICALS, INC"
1403475,BMRC,Bank of Marin Bancorp
1401521,ACIC,AMERICAN COASTAL INSURANCE Corp
1593899,AVIR,"Atea Pharmaceuticals, Inc."
1306550,BGR,BlackRock Energy & Resources Trust
844059,FRPH,"FRP HOLDINGS, INC."
1734107,SOHU,Sohu.com Ltd
1899883,FIP,FTAI Infrastructure Inc.
2091176,IACO,Idea Acquisition Corp.
1576942,SFIX,"Stitch Fix, Inc."
1918102,FISN,"DEEP FISSION, INC."
1794546,CARL,"CARLSMED, INC."
2081468,MESH,Meshflow Acquisition Corp
1738021,CMPX,"Compass Therapeutics, Inc."
1434621,TREE,"LendingTree, Inc."
2073340,TLNC,Talon Capital Corp.
106532,WEYS,WEYCO GROUP INC
1631569,CHCT,Community Healthcare Trust Inc
1712463,PACK,Ranpak Holdings Corp.
2082119,KRAQ,KRAKacquisition Corp
1709941,BIOA,"BioAge Labs, Inc."
1861974,ECX,ECARX Holdings Inc.
1074540,EVN,Eaton Vance Municipal Income Trust
216085,HVT,HAVERTY FURNITURE COMPANIES INC
1683695,IMXI,"International Money Express, Inc."
1830043,BMBL,Bumble Inc.
1634117,BNED,"Barnes & Noble Education, Inc."
1860805,ASTL,Algoma Steel Group Inc.
1168455,PLBC,PLUMAS BANCORP
1108109,CYH,COMMUNITY HEALTH SYSTEMS INC
895447,SHOE,SHOE STATION GROUP INC
1314102,EYPT,"EyePoint, Inc."
1559991,DFP,Flaherty & Crumrine Dynamic Preferred & Income Fund Inc
2093912,PTOR,Praetorian Acquisition Corp.
1494582,BOC,BOSTON OMAHA Corp
1930313,SBC,SBC Medical Group Holdings Inc
1966041,DSC,DSC Holdings Ltd.
1745059,FINS,Angel Oak Financial Strategies Income Term Trust
1374690,LRMR,"Larimar Therapeutics, Inc."
1897087,SUPX,SuperX AI Technology Ltd
1602658,ISTR,Investar Holding Corp
1145986,ASPN,ASPEN AEROGELS INC
1769663,PBFS,"Pioneer Bancorp, Inc./MD"
38264,FWDI,"Forward Industries, Inc."
1901637,USCB,"USCB FINANCIAL HOLDINGS, INC."
2029976,KFII,K&F GROWTH ACQUISITION CORP. II
2044009,XRPN,Armada Acquisition Corp. II
1862935,CURR,Currenc Group Inc.
1002590,SGU,"STAR GROUP, L.P."
1866782,CDRO,"Codere Online Luxembourg, S.A."
1854368,DGXX,Digi Power X Inc.
2091024,CLBR,Colombier Acquisition Corp. III
2058758,AVBC,"Avidia Bancorp, Inc."
1506488,NXG,NXG NextGen Infrastructure Income Fund
2128045,BCCQ,Bleichroeder Acquisition Corp. III
1534880,ISD,"PGIM High Yield Bond Fund, Inc."
1400891,IHRT,"iHeartMedia, Inc."
1822462,FHTX,Foghorn Therapeutics Inc.
2113481,OSPR,Osprey Acquisition Corp. III
1133869,CAPR,"CAPRICOR THERAPEUTICS, INC."
1913847,CNCK,Coincheck Group N.V.
1177648,ENTA,ENANTA PHARMACEUTICALS INC
763563,CHMG,CHEMUNG FINANCIAL CORP
1786248,NREF,"NexPoint Real Estate Finance, Inc."
1832483,SERV,Serve Robotics Inc. /DE/
814586,LWAY,"Lifeway Foods, Inc."
1907909,VOXR,VOX ROYALTY CORP.
1325670,FRST,Primis Financial Corp.
922864,AIV,APARTMENT INVESTMENT & MANAGEMENT CO
1501697,XFOR,"X4 Pharmaceuticals, Inc"
69733,NATH,"NATHANS FAMOUS, INC."
1456772,OPI,OFFICE PROPERTIES INCOME TRUST
1825079,VELO,"Velo3D, Inc."
1528356,GNE,Genie Energy Ltd.
1774170,AIOT,"Powerfleet, Inc."
1338940,PERI,Perion Network Ltd.
2048948,NPAC,New Providence Acquisition Corp. III/Cayman
1768224,ARCT,Arcturus Therapeutics Holdings Inc.
1315399,PKBK,"PARKE BANCORP, INC."
2058359,CRAQ,Cal Redwood Acquisition Corp.
1759783,EH,EHang Holdings Ltd
1768259,GOTU,Gaotu Techedu Inc.
2035173,RTAC,Renatus Tactical Acquisition Corp I
1494904,GBLI,"Global Indemnity Group, LLC"
876427,MNRO,"MONRO, INC."
2088295,BBCQ,Bleichroeder Acquisition Corp. II
1907108,LXEO,"Lexeo Therapeutics, Inc."
352825,FSTR,FOSTER L B CO
1831631,LDI,"loanDepot, Inc."
1290877,CUVL,Clinuvel Pharmaceuticals Ltd
1133416,GALT,GALECTIN THERAPEUTICS INC
1299130,PACB,"PACIFIC BIOSCIENCES OF CALIFORNIA, INC."
739421,CZFS,CITIZENS FINANCIAL SERVICES INC
1812923,SDHY,PGIM Short Duration High Yield Opportunities Fund
1633336,CCAP,"Crescent Capital BDC, Inc."
1277902,MVBF,MVB FINANCIAL CORP
1421517,ERII,"Energy Recovery, Inc."
765207,FNLC,"First Bancorp, Inc /ME/"
1438423,MRAM,EVERSPIN TECHNOLOGIES INC.
1171155,RLGT,"RADIANT LOGISTICS, INC"
1211583,FENC,FENNEC PHARMACEUTICALS INC.
2091222,SAAQ,Space Asset Acquisition Corp.
1531193,FCBM,"First Carolina Financial Services, Inc."
884624,OFIX,Orthofix Medical Inc.
2056634,PCAP,ProCap Acquisition Corp
1041514,LSAK,LESAKA TECHNOLOGIES INC
2033122,TACO,Berto Acquisition Corp.
2087447,ZKP,Lafayette Digital Acquisition Corp. I
2107724,MTAL,Metals Acquisition Corp. II
2081515,GUAC,Berto Acquisition Corp. II
1277575,SCGX,SAXON CAPITAL GROUP INC
908993,VKI,Invesco Advantage Municipal Income Trust II
1423869,PCB,PCB BANCORP
712034,ACCO,ACCO BRANDS Corp
1049606,CIX,COMPX INTERNATIONAL INC
1799207,AUNA,AUNA S.A.
1710680,HFRO,HIGHLAND OPPORTUNITIES & INCOME FUND
2055459,RDAG,Republic Digital Acquisition Co
1692705,HTT,High Templar Tech Ltd
2057043,WENN,WEN Acquisition Corp
18498,GCO,GENESCO INC
1527762,CD,Chaince Digital Holdings Inc.
835011,MGPI,MGP INGREDIENTS INC
2007596,TWFG,"TWFG, Inc."
1958217,LZM,Lifezone Metals Ltd
1448397,SHIP,Seanergy Maritime Holdings Corp.
1850902,TKNO,"Alpha Teknova, Inc."
1091223,MTLS,MATERIALISE NV
818972,LEO,"BNY MELLON STRATEGIC MUNICIPALS, INC."
2123471,CCCT,Columbus Circle Capital Corp III
1281895,RCKT,"ROCKET PHARMACEUTICALS, INC."
1495825,GBAB,Guggenheim Taxable Municipal Bond & Investment Grade Debt Trust
1850119,IPSC,"Century Therapeutics, Inc."
1528985,INRE,"Inland Real Estate Income Trust, Inc."
1569994,WSBF,"Waterstone Financial, Inc."
1704711,FNKO,"Funko, Inc."
1683825,TRVG,trivago N.V.
1474627,NEGG,"Newegg Commerce, Inc."
2130386,YICC,Yorkville International Capital Corp.
1699039,RNGR,"Ranger Energy Services, Inc."
2087398,TMCR,Metals Royalty Co Inc.
1392380,GEVO,"Gevo, Inc."
2102771,KEYY,Keystone Acquisition Corp.
799288,LE,"LANDS' END, INC."
2083125,FTW,PRESIDIO PRODUCTION Co
1495240,LAND,GLADSTONE LAND Corp
2096362,AIAI,AIAI Holdings Corp
846676,AEF,"abrdn Emerging Markets ex-China Fund, Inc."
836690,IA,INNOVATIVE SOLUTIONS & SUPPORT INC
1030997,WILC,G WILLI FOOD INTERNATIONAL LTD
2089982,HACQ,HCM IV Acquisition Corp.
2083989,ALOV,"Aldabra 4 Liquidity Opportunity Vehicle, Inc."
1384195,REI,"RING ENERGY, INC."
1210123,EAD,ALLSPRING INCOME OPPORTUNITIES FUND
1013272,NWFL,NORWOOD FINANCIAL CORP
275694,MCI,BARINGS CORPORATE INVESTORS
796505,CLFD,"Clearfield, Inc."
2097376,MZYX,MOZAYYX Acquisition Corp.
1786117,PINE,"Alpine Income Property Trust, Inc."
1770450,XRX,Xerox Holdings Corp
1842279,OPAL,OPAL Fuels Inc.
882150,MYN,"BLACKROCK MUNIYIELD NEW YORK QUALITY FUND, INC."
1023459,SLP,"Simulations Plus, Inc."
1617553,ZIP,"ZIPRECRUITER, INC."
1708055,RBBN,Ribbon Communications Inc.
1402829,ORN,Orion Group Holdings Inc
1130713,NXH,"NEIGHBORHOOD INTELLIGENCE, INC."
701719,ELA,Envela Corp
1365767,ALLT,Allot Ltd.
1820302,BKKT,"Bakkt, Inc."
1850733,FVAV,Fortress Value Acquisition Corp. V
863110,ARTNA,ARTESIAN RESOURCES CORP
2022626,UPB,"Upstream Bio, Inc."
1806952,LYEL,"Lyell Immunopharma, Inc."
2074697,FCRS,FutureCrest Acquisition Corp.
2129659,FDMM,Freedom Metals Acquisition Corp.
1564180,KNOP,KNOT Offshore Partners LP
2111762,GSRV,GSR V Acquisition Corp.
1447221,LGSXY,Light S.A./ADR
1647822,SVMB,"Jingbo Technology, Inc."
1847398,NECB,"NorthEast Community Bancorp, Inc./MD/"
728387,CATX,"Perspective Therapeutics, Inc."
2034037,SDHI,Siddhi Acquisition Corp (Cayman Islands)
2088325,OIM,OneIM Acquisition Corp.
2098712,GIX,GigCapital9 Corp.
2041493,ALUB,Alussa Energy Acquisition Corp. II
1484778,TDUP,ThredUp Inc.
1963685,RR,RICHTECH ROBOTICS INC.
2009183,TACH,Titan Acquisition Corp.
1368519,NOA,North American Construction Group Ltd.
890393,MIY,"BLACKROCK MUNIYIELD MICHIGAN QUALITY FUND, INC."
1534254,CION,CION Investment Corp
1489993,MOBI,"Mobia Medical, Inc."
1046050,TSBK,TIMBERLAND BANCORP INC
2077010,OTGA,OTG Acquisition Corp. I
1390195,AWP,abrdn Global Premier Properties Fund
1725160,ZNTL,"Zentalis Pharmaceuticals, Inc."
1703157,SCTH,"Securetech Innovations, Inc."
1587987,NEWT,"NewtekOne, Inc."
1876431,PRE,Prenetics Global Ltd
1802883,API,"Agora, Inc."
1328919,GASS,StealthGas Inc.
2100457,AIBZ,Bitzero Holdings Inc.
1525769,PLAY,"Dave & Buster's Entertainment, Inc."
1822928,HLLY,Holley Inc.
2064683,CCII,Cohen Circle Acquisition Corp. II
2053799,KCHV,Kochav Defense Acquisition Corp.
2083910,ARCI,Archimedes Tech SPAC Partners III Co.
2096900,ACAA,Averin Capital Acquisition Corp.
1871509,PTLO,Portillo's Inc.
1823986,WDH,Waterdrop Inc.
1357459,PALI,"PALISADE BIO, INC."
1368265,CLNE,Clean Energy Fuels Corp.
1855747,BLND,"Blend Labs, Inc."
1443575,AVBH,"Avidbank Holdings, Inc."
2099093,HCIC,Hennessy Capital Investment Corp. VIII
1270131,SCD,LMP CAPITAL & INCOME FUND INC.
2025608,SOUL,Soulpower Acquisition Corp.
842717,BRBS,"BLUE RIDGE BANKSHARES, INC."
717720,VALU,VALUE LINE INC
2069238,PAII,Pyrophyte Acquisition Corp. II
1590584,CVEO,Civeo Corp
1401040,DMAC,DiaMedica Therapeutics Inc.
1713334,MSC,STUDIO CITY INTERNATIONAL HOLDINGS Ltd
1957413,DCX,Digital Currency X Technology Inc.
2042292,BDCI,BTC Development Corp.
2042182,OYSE,Oyster Enterprises II Acquisition Corp
1833835,PSFE,Paysafe Ltd
1058239,HIX,WESTERN ASSET HIGH INCOME FUND II INC.
2075310,BLZR,Trailblazer Acquisition Corp.
2057030,AXIN,Axiom Intelligence Acquisition Corp 1
1538716,OPRT,Oportun Financial Corp
1913288,BRVMF,Bravo Mining Corp.
2081909,SBXE,SilverBox Corp V
1750149,IKT,"Inhibikase Therapeutics, Inc."
1859690,ARQQ,Arqit Quantum Inc.
2117702,SICOF,Silverco Mining Ltd.
1098972,AGEN,AGENUS INC
1615905,JGH,Nuveen Global High Income Fund
1423867,WHGOF,White Gold Corp.
891532,PESI,PERMA FIX ENVIRONMENTAL SERVICES INC
318306,ABEO,ABEONA THERAPEUTICS INC.
2009684,SEG,Seaport Entertainment Group Inc.
895456,RCKY,"ROCKY BRANDS, INC."
2069856,HCMA,HCM III ACQUISITION CORP.
2028707,MRLN,"Merlin, Inc."
1729149,VMD,"VIEMED HEALTHCARE, INC."
2086263,SORN,Soren Acquisition Corp.
2082149,DSAC,Daedalus Special Acquisition Corp.
1768267,CRNC,Cerence Inc.
1273441,GTE,GRAN TIERRA ENERGY INC.
1902314,MPTI,"M-tron Industries, Inc."
1537054,GOGO,Gogo Inc.
1766600,SNDL,SNDL Inc.
807882,JACK,JACK IN THE BOX INC
2135163,ATAC,Albatross Acquisition Corp
839533,KTF,DWS MUNICIPAL INCOME TRUST
1338561,SPXX,Nuveen S&P 500 Dynamic Overwrite Fund
733590,TCI,TRANSCONTINENTAL REALTY INVESTORS INC
1441236,CLW,Clearwater Paper Corp
2092897,AACI,Armada Acquisition Corp. III
2126043,CGCF,Cartesian Growth Corp IV
2102041,IPFX,Inflection Point Acquisition Corp. VI
1612940,PRQR,ProQR Therapeutics N.V.
1370755,TCPC,BlackRock TCP Capital Corp.
1189740,HPF,JOHN HANCOCK PREFERRED INCOME FUND II
1609804,OEC,Orion S.A.
1903508,PPHC,"Public Policy Holding Company, Inc."
1539337,JRI,Nuveen Real Asset Income & Growth Fund
2115404,CAII,Collective Acquisition Corp. II
1852207,BEAG,Bold Eagle Acquisition Corp.
2011674,YDES,YD Bio Ltd
836412,ZTR,Virtus Total Return Fund Inc.
1644378,RMR,RMR GROUP INC.
2060016,AGCC,Agencia Comercial Spirits Ltd.
1762301,FVRR,Fiverr International Ltd.
1866816,OPTX,"SYNTEC OPTICS HOLDINGS, INC."
1382101,STRO,"SUTRO BIOPHARMA, INC."
832327,BKT,"BLACKROCK INCOME TRUST, INC."
1833214,SABS,"SAB Biotherapeutics, Inc."
1675644,FVCB,"FVCBankcorp, Inc."
1790340,IMRX,Immuneering Corp
2050501,BLUW,Blue Water Acquisition Corp. III
1318885,DSX,DIANA SHIPPING INC.
1228627,IRD,"Opus Genetics, Inc."
1747657,SITKF,Sitka Gold Corp.
1641614,PMTS,CPI Card Group Inc.
1720592,RPAY,Repay Holdings Corp
1982708,NNNN,Anbio Biotechnology
1854964,NLCP,"NewLake Capital Partners, Inc."
1490078,PHOS,First Phosphate Corp.
786035,ASG,LIBERTY ALL STAR GROWTH FUND INC.
809708,EMF,TEMPLETON EMERGING MARKETS FUND
1297107,COSO,"CoastalSouth Bancshares, Inc."
100378,TWIN,TWIN DISC INC
1702780,OPTU,"Optimum Communications, Inc."
1730984,BCML,BayCom Corp
1584549,VFF,"Village Farms International, Inc."
2123969,RREV,RRE Ventures Acquisition Corp.
883569,FOSL,"Fossil Group, Inc."
2034266,CEPV,"Cantor Equity Partners V, Inc."
1488917,ELMD,"Electromed, Inc."
1576873,ABAT,AMERICAN BATTERY TECHNOLOGY Co
320121,TLS,TELOS CORP
1742518,MTC,"MMTEC, INC."
56868,PNRG,PRIMEENERGY RESOURCES CORP
826020,BRW,Saba Capital Income & Opportunities Fund
2025401,FERA,Fifth Era Acquisition Corp I
1814114,OBIO,"Orchestra BioMed Holdings, Inc."
37472,FLXS,FLEXSTEEL INDUSTRIES INC
1396536,DUOT,"DUOS TECHNOLOGIES GROUP, INC."
2030663,SZZL,Sizzle Acquisition Corp. II
2032528,DRDB,Roman DBDR Acquisition Corp. II
1710482,JMSB,"John Marshall Bancorp, Inc."
768899,TBI,"TrueBlue, Inc."
2034313,OBA,Oxley Bridge Acquisition Ltd
2040381,PACH,Pioneer Acquisition I Corp
1487428,HRZN,Horizon Technology Finance Corp
778164,ALTO,"Alto Ingredients, Inc."
2077954,EVOX,Evolution Global Acquisition Corp
1287480,BGT,BLACKROCK FLOATING RATE INCOME TRUST
2068454,KOYN,"CSLM Digital Asset Acquisition Corp III, Ltd"
1347178,VNDA,Vanda Pharmaceuticals Inc.
1530249,FSBW,"FS Bancorp, Inc."
1892492,ORBS,Eightco Holdings Inc.
933034,STRT,STRATTEC SECURITY CORP
727273,CDZI,CADIZ INC
2031561,ALDF,Aldel Financial II Inc.
825202,FUND,SPROTT FOCUS TRUST INC.
1643303,NNDM,Nano Dimension Ltd.
2087965,CAES,"Cantor Equity Partners VII, Inc."
2124403,VCRE,Vicore Pharma Holding AB
2061473,PMTR,Perimeter Acquisition Corp. I
2080023,VACI,Viking Acquisition Corp I
1817159,RFMZ,"RiverNorth Flexible Municipal Income Fund II, Inc."
2122505,IACQ,Irenic Acquisition Corp.
865400,GSVRF,GUANAJUATO SILVER CO LTD
1519401,RM,Regional Management Corp.
2046223,CDPMF,Cerro de Pasco Resources Inc.
2025341,POLE,Andretti Acquisition Corp. II
932781,FCCO,FIRST COMMUNITY CORP /SC/
1627281,CLLS,Cellectis S.A.
1368493,CAF,"Morgan Stanley China A Share Fund, Inc."
909112,TEI,TEMPLETON EMERGING MARKETS INCOME FUND
1510593,XNET,Xunlei Ltd
2082844,SAC,Safeguard Acquisition Corp.
2039058,JACS,Jackson Acquisition Co II
2078653,RNGT,Range Capital Acquisition Corp II
1794776,PSBD,Palmer Square Capital BDC Inc.
63330,MLP,MAUI LAND & PINEAPPLE CO INC
1098151,FDBC,FIDELITY D & D BANCORP INC
1844450,ELVA,Electrovaya Inc.
1682056,SVRSF,Silver Storm Mining Ltd.
1826667,TLSI,"TriSalus Life Sciences, Inc."
1873529,KLC,"KinderCare Learning Companies, Inc."
1484769,FUBO,FuboTV Inc.
2053033,PLTS,Platinum Analytics Cayman Ltd
2033991,TVA,Texas Ventures Acquisition III Corp
1987240,SHMD,SCHMID Group N.V.
2028516,ATII,Archimedes Tech SPAC Partners II Co.
65433,MXF,MEXICO FUND INC
714256,SMTI,Sanara MedTech Inc.
2088805,CMII,Columbus Circle Capital Corp II
2083689,AEAQ,Activate Energy Acquisition Corp.
2070954,SMJF,SMJ International Holdings Inc.
1258623,EFR,Eaton Vance Senior Floating-Rate Trust
2099906,AACO,Abony Acquisition Corp. I
2098242,SVIV,Spring Valley Acquisition Corp. IV
2087450,LEGO,Legato Merger Corp. IV
1053369,ELTP,ELITE PHARMACEUTICALS INC /NV/
2101135,ILLU,Illumination Acquisition Corp. I
1866030,AZ,A2Z CUST2MATE SOLUTIONS CORP.
1681206,NODK,"NI Holdings, Inc."
2100125,CAQ,Cambridge Acquisition Corp.
1527590,RC,Ready Capital Corp
1791145,GBFH,GBank Financial Holdings Inc.
1318008,ZUMZ,Zumiez Inc
789933,NC,NACCO INDUSTRIES INC
2023676,LPBB,Launch Two Acquisition Corp.
2061379,LWAC,LightWave Acquisition Corp.
2047497,RAC,Rithm Acquisition Corp.
1453687,RNAC,"Cartesian Therapeutics, Inc."
2097364,TMTS,Spartacus Acquisition Corp. II
832428,SSP,E.W. SCRIPPS Co
2086264,VHCP,Vine Hill Capital Investment Corp. II
3545,ALCO,"ALICO, INC."
2043766,GTERA,Globa Terra Acquisition Corp
2080985,ITHA,ITHAX Acquisition Corp III
1762303,RCEL,"AVITA Medical, Inc."
1327607,MYFW,First Western Financial Inc
1708688,IFRX,InflaRx N.V.
1072627,KWY,KINGSWAY Corp
1318596,KRYXF,KORYX COPPER INC.
873860,ONIT,ONITY GROUP INC.
2097461,BORAY,"Bora Pharmaceuticals Co., Ltd./ADR"
39092,FRD,FRIEDMAN INDUSTRIES INC
842517,ISBA,ISABELLA BANK CORP
1761612,BCYC,BICYCLE THERAPEUTICS PLC
918541,NNBR,NN INC
1392272,CBNA,CHAIN BRIDGE BANCORP INC
2082542,BIXI,Bitcoin Infrastructure Acquisition Corp Ltd
2058349,EFTY,"ETOILES CAPITAL GROUP CO., LTD"
1788999,XPER,Xperi Inc.
1501072,RIV,"RIVERNORTH OPPORTUNITIES FUND, INC."
731122,CCFN,MUNCY COLUMBIA FINANCIAL Corp
1921050,TDRRF,Tudor Gold Corp.
866273,MTRX,MATRIX SERVICE CO
2060337,JENA,JENA ACQUISITION Corp II
2125750,CLCHF,Clinch Resources Ltd.
2070602,HVMC,Highview Merger Corp.
2072404,GSRF,GSR IV Acquisition Corp.
1687932,JILL,"J.Jill, Inc."
1760689,MVST,"Microvast Holdings, Inc."
1885522,NMRA,"Neumora Therapeutics, Inc."
1903870,AFRI,Forafric Global PLC
2102155,QLEP,Quantum Leap Acquisition Corp
1319947,DBI,Designer Brands Inc.
1703079,XFLT,XAI Floating Rate & Alternative Income Trust
1378325,CV,"CapsoVision, Inc"
2069785,GLOO,"Gloo Holdings, Inc."
1377936,SAR,SARATOGA INVESTMENT CORP.
1416090,BSAI,BLUSKY AI INC.
2085408,GPAC,General Purpose Acquisition Corp.
1009829,JAKK,JAKKS PACIFIC INC
897448,AMRN,AMARIN CORP PLC\UK
1570132,ANVI,"ANVI GLOBAL HOLDINGS, INC."
2186,BKTI,BK Technologies Corp
2085659,SVAQ,Silicon Valley Acquisition Corp.
2079013,HCAC,Hall Chadwick Acquisition Corp
1515324,ARDC,"Ares Dynamic Credit Allocation Fund, Inc."
2051985,IRHO,Iron Horse Acquisition II Corp.
1227857,NCZ,Virtus Convertible & Income Fund II
700841,RCMT,"RCM TECHNOLOGIES, INC."
2043699,NHIC,NewHold Investment Corp. III
2102123,AACP,Apogee Acquisition Corp
1084554,LTBR,LIGHTBRIDGE Corp
2059654,BACC,Blue Acquisition Corp/Cayman
2044817,MTNE,CH4 Natural Solutions Corp
2095743,REA,"Rare Earths Americas, Inc."
1913971,BPRN,"Princeton Bancorp, Inc."
1175680,CYDY,CytoDyn Inc.
2111542,ACGC,ACP Holdings Acquisition Corp.
2023016,TTRX,Turn Therapeutics Inc.
1680581,FULC,"Fulcrum Therapeutics, Inc."
1431567,OVLY,Oak Valley Bancorp
33992,KINS,"KINGSTONE COMPANIES, INC."
2083002,ADAC,American Drive Acquisition Co
1831359,JWSMF,Jaws Mustang Acquisition Corp
1072379,NWBO,NORTHWEST BIOTHERAPEUTICS INC
1356115,NXDT,NEXPOINT DIVERSIFIED REAL ESTATE TRUST
2095297,KPET,KPET Ultra Paceline Corp
33488,ESCA,ESCALADE INC
2090452,FGII,FG Imperii Acquisition Corp.
1314052,AVXL,ANAVEX LIFE SCIENCES CORP.
1434316,FATE,FATE THERAPEUTICS INC
1689375,TRDA,"Entrada Therapeutics, Inc."
2083728,LPCV,Launchpad Cadenza Acquisition Corp I
899923,MYGN,MYRIAD GENETICS INC
1901203,UCFI,CN Healthy Food Tech Group Corp.
1114927,FNRN,FIRST NORTHERN COMMUNITY BANCORP
913341,CFFI,C & F FINANCIAL CORP
835333,OIA,Invesco Municipal Income Opportunities Trust
803016,CFNB,CALIFORNIA FIRST LEASING CORP
855887,DSM,"BNY MELLON STRATEGIC MUNICIPAL BOND FUND, INC."
1386067,EOD,ALLSPRING GLOBAL DIVIDEND OPPORTUNITY FUND
1832928,CRLBF,Cresco Labs Inc.
1023731,EGHT,8X8 INC /DE/
2104879,SHOT,RMG ML Sports Holdings
898437,ANIK,"Anika Therapeutics, Inc."
2099656,HLXC,Helix Acquisition Corp. III
1823584,AENT,ALLIANCE ENTERTAINMENT HOLDING CORP
2015947,SBXD,SilverBox Corp IV
1464790,RILY,"BRC Group Holdings, Inc."
1400897,SRV,NXG Cushing Midstream Energy Fund
2015955,CUB,Lionheart Holdings
1791703,TII,Titan Mining Corp
64472,GENC,GENCOR INDUSTRIES INC
1132651,ATLO,AMES NATIONAL CORP
1826681,PDYN,Palladyne AI Corp.
1278027,BGS,"B&G Foods, Inc."
2128739,JAB,JAB Acquisition Corp I
1872789,EMBC,Embecta Corp.
1872228,TVAI,Thayer Ventures Acquisition Corp II
1630627,TMCI,"TREACE MEDICAL CONCEPTS, INC."
1819580,YSG,Yatsen Holding Ltd
64463,SLNH,"Soluna Holdings, Inc"
763907,FUNC,FIRST UNITED CORP/MD/
719402,FXNC,FIRST NATIONAL CORP /VA/
2083493,XCBE,X3 Acquisition Corp. Ltd.
2123475,ISNR,Snow Rothschild Acquisition Corp.
2101470,WLCO,Wilco 63 Corp
1157647,WNEB,"Western New England Bancorp, Inc."
1074902,LCNB,LCNB CORP
1651625,ACIU,AC Immune SA
1824893,SRZN,"Surrozen, Inc./DE"
276720,PCYO,PURE CYCLE CORP
723646,FRAF,FRANKLIN FINANCIAL SERVICES CORP /PA/
14846,BRT,BRT Apartments Corp.
1771226,RMM,"RiverNorth Managed Duration Municipal Income Fund, Inc."
1057379,HCKT,"HACKETT GROUP, INC."
809559,TSI,TCW STRATEGIC INCOME FUND INC
946394,ELLO,Ellomay Capital Ltd.
2018064,TTGT,"TechTarget, Inc."
2029118,INR,"INFINITY NATURAL RESOURCES, INC."
1422142,WHWK,"Whitehawk Therapeutics, Inc."
1867949,REFI,"Chicago Atlantic Real Estate Finance, Inc."
2099767,NHIV,NewHold Investment Corp IV
1835068,NPCT,Nuveen Core Plus Impact Fund
2088807,XSLL,Xsolla SPAC 1
2067674,SBMT,SILVER BOW MINING CORP.
1317945,OFLX,"Omega Flex, Inc."
96664,AMFN,"American Fusion, Inc."
1832038,IVVD,"Invivyd, Inc."
2027708,CEPO,"Cantor Equity Partners I, Inc."
1810182,ALXO,ALX ONCOLOGY HOLDINGS INC
2028027,NTWO,Newbury Street II Acquisition Corp
1636289,ACV,Virtus Diversified Income & Convertible Fund
829365,NTPIF,NAM TAI PROPERTY INC.
876343,LCTX,"Lineage Cell Therapeutics, Inc."
1653384,RWAY,Runway Growth Finance Corp.
1404281,ELDN,"Eledon Pharmaceuticals, Inc."
850429,TG,TREDEGAR CORP
1394056,OSS,"ONE STOP SYSTEMS, INC."
1736730,CAMP,Camp4 Therapeutics Corp
2093484,MUZE,Muzero Acquisition Corp
1625641,LAW,"CS Disco, Inc."
893847,HWBK,"HAWTHORN BANCSHARES, INC."
919893,TDF,TEMPLETON DRAGON FUND INC
1434728,GWRS,"Global Water Resources, Inc."
1835724,ZH,Zhihu Inc.
1120970,LODE,Comstock Inc.
1000209,MFIN,MEDALLION FINANCIAL CORP
1590715,AREC,American Resources Corp
2081125,DNMX,Dynamix Corp III
1682149,DVLT,Datavault AI Inc.
1439725,BDSX,BIODESIX INC
1837014,SMRT,"SmartRent, Inc."
1921158,FUFU,Bitfufu Inc.
1377789,AVNW,"AVIAT NETWORKS, INC."
1621910,PTHRF,Pantheon Resources plc
27093,USAU,U.S. GOLD CORP.
1515964,GORO,Goldgroup Mining Inc.
844790,PMM,FRANKLIN MANAGED MUNICIPAL INCOME TRUST
879911,AERG,"APPLIED ENERGETICS, INC."
1754170,ASLE,AerSale Corp
1690334,SMHI,SEACOR Marine Holdings Inc.
1826600,MNTK,"Montauk Renewables, Inc."
1780652,CAN,Canaan Inc.
796534,NKSH,NATIONAL BANKSHARES INC
2029769,OACC,Oaktree Acquisition Corp. III Life Sciences
1547452,TAKOF,Volatus Aerospace Inc.
1529377,ACRE,Ares Commercial Real Estate Corp
15847,BUKS,BUTLER NATIONAL CORP
1653087,ALEC,"Alector, Inc."
1367644,EBS,Emergent BioSolutions Inc.
1866874,RLTY,Cohen & Steers Real Estate Opportunities & Income Fund
1111485,RXST,"RxSight, Inc."
1717457,CPZ,Calamos Long/Short Equity & Dynamic Income Trust
2079109,VRXA,Veraxa Biotech AG - Post de-SPAC
2028614,DMAA,Drugs Made In America Acquisition Corp.
748691,KF,KOREA FUND INC
2083946,WLII,Willow Lane Acquisition Corp. II
1227073,ERC,ALLSPRING MULTI-SECTOR INCOME FUND
1789299,FXHO,UTime Ltd
1509470,NSLR,Neostellar Capital Corp.
1116463,OSUR,ORASURE TECHNOLOGIES INC
2028935,FACT,FACT II Acquisition Corp.
1783432,TETOF,Tectonic Metals Inc.
1898795,LVWR,"LiveWire Group, Inc."
1767837,RMBI,"Richmond Mutual Bancorporation, Inc."
1927958,AIRO,"AIRO Group Holdings, Inc."
2098780,TRGS,TRG Latin America Acquisitions Corp.
1015383,POWW,Outdoor Holding Co
1818838,ADAG,Adagene Inc.
1562823,HHLKF,Hot Chili Ltd
1125345,MGNX,MACROGENICS INC
922358,FGPR,FERRELLGAS PARTNERS L P
2055879,VNME,Vendome Acquisition Corp I
1896084,IONR,ioneer Ltd
1162194,LAB,STANDARD BIOTOOLS INC.
1803800,TSKFF,Talisker Resources Ltd.
1683541,ACB,AURORA CANNABIS INC
1562463,INBK,First Internet Bancorp
1733968,WRLGF,West Red Lake Gold Mines Ltd.
1114925,LTRX,LANTRONIX INC
1386570,NAGE,"Niagen Bioscience, Inc."
1342423,LMNR,Limoneira CO
1677703,CNDT,CONDUENT Inc
884144,ASUR,ASURE SOFTWARE INC
2120422,PFSTY,Pfisterer Holdings SE/ADR
1572334,VABK,Virginia National Bankshares Corp
1802156,XPOF,"Xponential Fitness, Inc."
275053,NATR,NATURES SUNSHINE PRODUCTS INC
2105274,IPVV,"InterPrivate Investment Partners V, Inc."
1729173,UXIN,Uxin Ltd
1084869,FLWS,1 800 FLOWERS COM INC
1684693,SLGL,Sol-Gel Technologies Ltd.
2016072,VLOS,Velos Acquisition I Corp.
2036042,SION,"Sionna Therapeutics, Inc."
2076739,SCII,SC II Acquisition Corp.
1828805,ALMU,"Aeluma, Inc."
1476840,EXFY,"Expensify, Inc."
896264,USNA,USANA HEALTH SCIENCES INC
2058601,BRBI,BRBI BR Partners S.A.
1058811,IMMR,IMMERSION CORP
1538847,GLDG,GoldMining Inc.
1450445,NUW,Nuveen AMT-Free Municipal Value Fund
1628808,PROF,Profound Medical Corp.
2080216,THEO,BOA Acquisition Corp. II
1377630,NCMI,"National CineMedia, Inc."
1799788,GLSI,"Greenwich LifeSciences, Inc."
916183,RCS,"PIMCO STRATEGIC INCOME FUND, INC."
1551901,SCM,Stellus Capital Investment Corp
2083217,QADR,QDRO Acquisition Corp.
2090787,OHAC,Oceanhawk Acquisition Corp.
1782223,PYXS,"Pyxis Oncology, Inc."
2067592,MKLY,McKinley Acquisition Corp
1432133,KLTR,KALTURA INC
355948,RELL,"RICHARDSON ELECTRONICS, LTD."
1655210,BYND,"BEYOND MEAT, INC."
1407582,CAMVF,Cambria Gold Mines Inc.
814585,MBI,MBIA INC
720500,ASYS,AMTECH SYSTEMS INC
1517022,AKBA,"Akebia Therapeutics, Inc."
1598599,IPHA,Innate Pharma SA
1666291,CMTG,"Claros Mortgage Trust, Inc."
1383414,PNNT,PENNANTPARK INVESTMENT CORP
1888274,DEFT,"Defi Technologies, Inc."
1750777,HWKE,"Hawkeye Digital, Inc."
1734750,MOVE,"Corvex, Inc."
1371489,III,Information Services Group Inc.
1140102,HQI,"HireQuest, Inc."
2064658,MCGA,Yorkville Acquisition Corp.
2081300,SSAC,SPACSphere Acquisition Corp.
1119774,CGEN,COMPUGEN LTD
2065948,SOCA,Solarius Capital Acquisition Corp.
916793,SILC,SILICOM LTD.
1337298,FF,FutureFuel Corp.
2028699,DYNC,Dynamix Corp
1320760,TSSI,"TSS, Inc."
809173,MMT,ABERDEEN MULTI-MARKET INCOME FUND
2075068,IGAC,Invest Green Acquisition Corp
2052162,DAAQ,Digital Asset Acquisition Corp.
1337013,INFU,"InfuSystem Holdings, Inc"
1500881,EU,enCore Energy Corp.
1758530,SY,So-Young International Inc.
798287,PAMT,PAMT CORP
1463972,VUZI,Vuzix Corp
2098,ACU,ACME UNITED CORP
2076616,TDWD,Tailwind 2.0 Acquisition Corp.
1876581,IMPP,Imperial Petroleum Inc./Marshall Islands
2111009,AVAC,American Ventures Acquisition Corp. I
2016221,MACI,Melar Acquisition Corp. I/Cayman
1750735,MRBK,Meridian Corp
1821534,EXOD,"Exodus Movement, Inc."
1059213,BXSY,BEXIL INVESTMENT TRUST
1093672,PEBK,PEOPLES BANCORP OF NORTH CAROLINA INC
2021880,HMH,HMH Holding Inc
2052243,TWLV,Twelve Seas Investment Co III/Cayman
1754836,EIC,Eagle Point Income Co Inc.
935419,RICK,"RCI HOSPITALITY HOLDINGS, INC."
1320854,RAIL,"FreightCar America, Inc."
1939801,SMDRF,SIERRA MADRE GOLD & SILVER LTD.
1357874,DTIL,PRECISION BIOSCIENCES INC
1598646,NERV,"Minerva Neurosciences, Inc."
2076427,LATA,Galata Acquisition Corp. II
925528,HDSN,HUDSON TECHNOLOGIES INC /NY
2045473,COPL,Copley Acquisition Corp
1086434,AUDC,AUDIOCODES LTD
2105838,SUMA,SUMA Acquisition Corp
2079292,DYOR,Insight Digital Partners II
1930459,PMMCF,Pampa Metals Corp
2065779,BCAR,D. Boral ARC Acquisition I Corp.
1021561,NUS,"NU SKIN ENTERPRISES, INC."
1701758,LOVE,Lovesac Co
1498612,PSF,"Cohen & Steers Select Preferred & Income Fund, Inc."
1069533,RGCO,RGC RESOURCES INC
2081532,BLRK,Bluerock Acquisition Corp.
2093101,RNA,"Atrium Therapeutics, Inc."
1843162,LIEN,"Chicago Atlantic BDC, Inc."
855950,PNPNF,POWER METALLIC MINES INC.
1945565,BGIN,BGIN BLOCKCHAIN Ltd
1943289,SVCO,"Silvaco Group, Inc."
318673,SNFCA,SECURITY NATIONAL FINANCIAL CORP
2087087,BIII,Black Spade Acquisition III Co
2033593,SVCC,Stellar V Capital Corp. (Cayman Islands)
880641,EFSI,EAGLE FINANCIAL SERVICES INC
1596961,RDNW,"RideNow Group, Inc."
1722010,OPBK,OP Bancorp
1412095,TROO,"Troops, Inc. /Cayman Islands/"
2013639,FBLA,"FB Bancorp, Inc. /MD/"
1359931,TARA,"Protara Therapeutics, Inc."
2070887,CRAC,Crown Reserve Acquisition Corp. I
2077785,IRAB,Iris Acquisition Corp II
2104177,LTGR,Long Table Growth Corp.
1996493,SUGRF,Sucro Ltd
1280776,IMUX,"IMMUNIC, INC."
2118032,RACC,Research Alliance Corp III
1879726,SIDU,Sidus Space Inc.
1837821,ZJYL,Jin Medical International Ltd.
706698,UTMD,UTAH MEDICAL PRODUCTS INC
2106436,MRCO,Mercator Acquisition Corp.
1778129,TSNDF,TerrAscend Corp.
1023313,FORR,"FORRESTER RESEARCH, INC."
8146,ALOT,"AstroNova, Inc."
1070680,CFBK,CF BANKSHARES INC.
718413,CMTV,COMMUNITY BANCORP /VT
2046117,MAGH,Magnitude International Ltd
2111038,DGAC,DISCIPLINED GROWTH ACQUISITION Corp
1026655,CMT,CORE MOLDING TECHNOLOGIES INC
1493761,TBCH,Turtle Beach Corp
750558,QNBC,QNB CORP.
1289945,SPOK,"Spok Holdings, Inc"
1835856,BETR,Better Home & Finance Holding Co
1835597,PEPG,PepGen Inc.
2054272,ONCH,1RT Acquisition Corp.
1594204,RBTK,ZHEN DING RESOURCES INC.
1126741,GSIT,GSI TECHNOLOGY INC
1576885,ABOS,"Acumen Pharmaceuticals, Inc."
1099668,FOTB,"FIRST OTTAWA BANCSHARES, INC."
803742,KISB,KISH BANCORP INC
1227636,STIM,"Neuronetics, Inc."
828803,SABA,Saba Capital Income & Opportunities Fund II
801961,MFM,ABERDEEN MUNICIPAL INCOME FUND
918251,MPAA,MOTORCAR PARTS OF AMERICA INC
1847409,HITI,High Tide Inc.
1778016,NBP,NovaBridge Biosciences
1792781,CURV,Torrid Holdings Inc.
1934114,SUJA,"SUJA LIFE, INC."
1664710,KROS,"Keros Therapeutics, Inc."
2099095,PTAC,Patriot Acquisition Corp./CI
1867066,DERM,Journey Medical Corp
1725569,GARLF,Roxmore Resources Inc.
1661181,ORGO,Organogenesis Holdings Inc.
1357971,ESOA,Energy Services of America CORP
1616885,RVLGF,Revival Gold Inc.
2008007,MAMK,MaxsMaking Inc.
2044635,GSHR,Gesher Acquisition Corp. II
1580345,TPVG,TriplePoint Venture Growth BDC Corp.
874396,LCUT,"LIFETIME BRANDS, INC"
914122,PPIH,"Perma-Pipe International Holdings, Inc."
1702123,CRDL,Cardiol Therapeutics Inc.
1616156,WEWA,"WEWARDS, INC."
1722731,FDCT,"FDCTECH, INC."
1823255,MINE,MAYFAIR GOLD CORP.
1880438,ANTX,"AN2 Therapeutics, Inc."
1010086,SIGA,SIGA TECHNOLOGIES INC
788920,PDEX,PRO DEX INC
1512762,CHRS,"Coherus Oncology, Inc."
1477081,KGEI,Kolibri Global Energy Inc.
1430306,TNXP,Tonix Pharmaceuticals Holding Corp.
1514281,MITT,"TPG Mortgage Investment Trust, Inc."
894671,OVBC,OHIO VALLEY BANC CORP
2082526,AESP,Aeon Acquisition I Corp.
2052547,EGHA,EGH Acquisition Corp.
2041047,CCAQ,COLLECTIVE ACQUISITION CORP.
1991413,PSRHF,Pulsar Helium Inc.
2090441,IDAC,Iron Dome Acquisition I Corp.
1766478,AOMR,"Angel Oak Mortgage REIT, Inc."
1708259,LX,LexinFintech Holdings Ltd.
2066836,CNXU,Conexeu Sciences Inc.
1674335,JELD,"JELD-WEN Holding, Inc."
1751912,NGEN,NERVGEN PHARMA CORP.
2042460,HAVA,Harvard Ave Acquisition Corp
1947016,FJET,"Starfighters Space, Inc."
2101562,PALO,PALOMA ACQUISITION CORP I
1075736,CXDO,"Crexendo, Inc."
2094073,CTAA,Clearthink 1 Acquisition Corp.
1070296,FCAP,FIRST CAPITAL INC
1941131,TORO,TORO CORP.
2089283,NUCL,Eagle Nuclear Energy Corp.
1926599,TDAC,Translational Development Acquisition Corp.
1979408,STLRF,STLLR Gold Inc.
1769256,XHG,XChange TEC.INC
1640266,VYGR,"Voyager Therapeutics, Inc."
1852551,NVA,Nova Minerals Corp
1655923,ACOG,Alpha Cognition Inc.
716634,RDIB,READING INTERNATIONAL INC
2068577,BRCB,"Black Rock Coffee Bar, Inc."
1595097,CRBP,"Corbus Pharmaceuticals Holdings, Inc."
1588871,OAKC,"Oakworth Capital, Inc."
1759824,ALTG,ALTA EQUIPMENT GROUP INC.
1010134,ICTSF,ICTS INTERNATIONAL N V
2096755,TVIV,Texas Ventures Acquisition IV Corp
897421,NPV,NUVEEN VIRGINIA QUALITY MUNICIPAL INCOME FUND
95574,SGC,"SUPERIOR GROUP OF COMPANIES, INC."
874501,OSG,OCTAVE SPECIALTY GROUP INC
882508,QUIK,QUICKLOGIC Corp
1043337,SRI,STONERIDGE INC
1009759,CEPL,"Capstone Energy Plus, Inc."
1482436,AGXPF,SILVER X MINING CORP.
1421642,MSLE,Satellos Bioscience Inc.
1367859,CZWI,Citizens Community Bancorp Inc.
1716410,GLATF,Global Atomic Corp
2086524,KTWO,K2 Capital Acquisition Corp
889609,CPSS,"CONSUMER PORTFOLIO SERVICES, INC."
1772921,ONEW,OneWater Marine Inc.
1621672,SLE,"Super League Enterprise, Inc."
2059033,FIGX,FIGX Capital Acquisition Corp.
2079933,BEBE,TGE Value Creative Solutions Corp
1417802,IDE,"Voya Infrastructure, Industrials & Materials Fund"
1529628,SND,"Smart Sand, Inc."
1751783,RBKB,"Rhinebeck Bancorp, Inc."
1176309,ORMP,ORAMED PHARMACEUTICALS INC.
1578987,BANX,ArrowMark Financial Corp.
2136530,MIAC,Meridian3 Industrials Acquisition Corp
1819142,SES,SES AI Corp
2085932,ETSS,Energy Transition Special Opportunities
2101393,APMC,AmperCap Acquisition Co
1533924,AMPY,Amplify Energy Corp.
1705110,ANGI,Angi Inc.
1066194,EGAN,EGAIN Corp
2084563,LFAC,Leapfrog Acquisition Corp
1563696,ETX,Eaton Vance Municipal Income 2028 Term Trust
1725033,XYF,X Financial
2073553,AIIA,AI Infrastructure Acquisition Corp.
1393584,AMWL,American Well Corp
1843973,FLYX,FLYEXCLUSIVE INC.
1856365,FINW,Finwise Bancorp
1549346,SSTK,"Shutterstock, Inc."
24090,CIA,"CITIZENS, INC."
1141240,LQMT,LIQUIDMETAL TECHNOLOGIES INC
1759186,ZSQR,Z Squared Inc.
2076163,BRR,"ProCap Financial, Inc."
1141688,LARK,LANDMARK BANCORP INC
1649739,BAFN,BayFirst Financial Corp.
1703647,KRRO,"Korro Bio, Inc."
1807046,OZ,"Belpointe PREP, LLC"
880417,CSBB,"CSB Bancorp, Inc."
1397616,SSVFF,SOUTHERN SILVER EXPLORATION CORP
1828588,HNVR,"Hanover Bancorp, Inc. /MD"
1565381,DMB,"BNY Mellon Municipal Bond Infrastructure Fund, Inc."
921114,ARMP,"Armata Pharmaceuticals, Inc."
1171759,RRGB,RED ROBIN GOURMET BURGERS INC
1848739,GDEV,GDEV Inc.
746514,NEN,NEW ENGLAND REALTY ASSOCIATES LIMITED PARTNERSHIP
1006281,PLX,"Protalix BioTherapeutics, Inc."
746838,UIS,UNISYS CORP
1899830,PERF,Perfect Corp.
1985273,TOYO,"TOYO Co., Ltd"
804563,BMBN,BENCHMARK BANKSHARES INC
1580110,LBCMF,Copper Giant Resources Corp.
1725262,TYFG,"Tri-County Financial Group, Inc."
1620459,JRVR,"James River Group Holdings, Inc."
1605301,CBFV,"CB Financial Services, Inc."
1863006,VLN,Valens Semiconductor Ltd.
1870940,AIRS,"Airsculpt Technologies, Inc."
2094919,BID,Tribeca Strategic Acquisition Corp.
2012219,OMSE,OMS Energy Technologies Inc.
919864,FNWD,Finward Bancorp
65312,EVI,"EVI INDUSTRIES, INC."
1930147,SPMC,"Sound Point Meridian Capital, Inc."
1119769,CRNT,CERAGON NETWORKS LTD
2022059,AGMRF,"Silver Mountain Resources, Inc."
1999124,HWAIF,Healwell AI Inc.
1274737,XGN,EXAGEN INC.
1799011,LUCD,Lucid Diagnostics Inc.
1846416,HVII,Hennessy Capital Investment Corp. VII
1261166,NRO,NEUBERGER REAL ESTATE SECURITIES INCOME FUND INC
1678130,OPP,"RiverNorth/DoubleLine Strategic Opportunity Fund, Inc."
2084026,QMLS,"QumulusAI, Inc."
96536,TAYD,"TAYLOR DEVICES, INC."
1626450,CMRC,"Commerce.com, Inc."
1843714,ZPTA,"Zapata Quantum, Inc."
1893657,RLEA,Rubber Leaf Inc
1818382,HUMA,"Humacyte, Inc."
1254370,WIA,WESTERN ASSET INFLATION-LINKED INCOME FUND
1828937,FOA,Finance of America Companies Inc.
1919182,UTKN,Universal Token
832480,UTGN,UTG INC
1620749,PHCI,Panamera Holdings Corp
1200375,CDXS,"CODEXIS, INC."
1299969,CHCI,"Comstock Holding Companies, Inc."
1165002,WHG,WESTWOOD HOLDINGS GROUP INC
786298,FGFH,FORESIGHT FINANCIAL GROUP INC
58361,LEE,"LEE ENTERPRISES, Inc"
1787400,NKTX,"Nkarta, Inc."
1478454,EBMT,"Eagle Bancorp Montana, Inc."
2131040,RVII,Robinhood Ventures Fund II
1819516,UP,Wheels Up Experience Inc.
1393883,DHX,"DHI GROUP, INC."
1748137,NEOV,NeoVolta Inc.
1914605,ECBK,"ECB Bancorp, Inc. /MD/"
1302387,BVFL,"BV Financial, Inc."
847538,CPKF,CHESAPEAKE FINANCIAL SHARES INC
1794276,ZHJD,Intelligent Hotel Group Ltd.
1175596,AXREF,AMARC RESOURCES LTD
1644540,SRGXF,Surge Copper Corp
1834526,GPAT,GP-Act III Acquisition Corp.
1693577,MNSB,"MainStreet Bancshares, Inc."
1852767,MRT,"Marti Technologies, Inc."
2073515,ARCL,ARC Group Acquisition I Corp.
1505952,DOMO,"DOMO, INC."
1437925,MRDN,Meridian Holdings Inc./NV
1420520,ATOM,Atomera Inc
2047177,CHEC,Chenghe Acquisition III Co.
1619856,CRBU,"Caribou Biosciences, Inc."
1620737,OGI,ORGANIGRAM GLOBAL INC.
1622148,HGLB,HIGHLAND GLOBAL ALLOCATION FUND
2087446,PAAC,Proem Acquisition Corp. I
1530766,STEX,Streamex Corp.
2082847,BWIV,Blue Water Acquisition Corp. IV
1452477,SEVN,Seven Hills Realty Trust
1878897,DOUG,Douglas Elliman Inc.
1845437,NPWR,Net Power Inc.
6176,AP,AMPCO PITTSBURGH CORP
1785476,TBXXF,King Copper Discovery Corp.
2097986,FTHA,Forefront Tech Holdings Acquisition Corp
767405,SBFG,"SB FINANCIAL GROUP, INC."
1384831,SNNGF,PPX Mining Corp.
2108164,PONO,"Pono Capital Four, Inc."
1419275,RTB,"RTB Digital, Inc."
1245648,FLC,FLAHERTY & CRUMRINE TOTAL RETURN FUND INC
1228509,EHI,WESTERN ASSET GLOBAL HIGH INCOME FUND INC.
831655,MPV,BARINGS PARTICIPATION INVESTORS
921671,GGT,GABELLI MULTIMEDIA TRUST INC.
2007599,LAWR,"Robot Consulting Co., Ltd."
2047148,CTW,CTW
1455632,NXPGY,Mobico Group PLC/ADR
1851961,GCTS,"GCT Semiconductor Holding, Inc."
1861657,CNTN,"Canton Strategic Holdings, Inc."
2020385,TAVI,Tavia Acquisition Corp.
793040,ECF,ELLSWORTH GROWTH & INCOME FUND LTD
1005286,LFCR,"LIFECORE BIOMEDICAL, INC. DE"
1057861,DHF,BNY MELLON HIGH YIELD STRATEGIES FUND
1952976,NLOP,Net Lease Office Properties
1514860,GCUMF,Gunnison Copper Corp.
2025947,TGMPF,Tantalus Systems Holding Inc.
1509745,CYPH,CYPHERPUNK TECHNOLOGIES INC.
1016838,RDCM,RADCOM LTD
1840199,WALD,Waldencast plc
1726126,EPSN,Epsilon Energy Ltd.
1645460,CUE,"Cue Biopharma, Inc."
1776909,CURI,CuriosityStream Inc.
1583962,KTGDF,K2 Gold Corp
2093667,MRUWY,"Maruwa Co., Ltd./ADR"
1816431,QSI,Quantum-Si Inc
1954488,MENS,Jyong Biotech Ltd.
1593984,MDWD,MediWound Ltd.
1480170,BEOB,BEO BANCORP
5094,VBF,Invesco Bond Fund
1656081,DAVA,Endava plc
931148,EAF,GRAFTECH INTERNATIONAL LTD
1560672,EARN,Ellington Credit Co
1566610,TONX,TON Strategy Co
1449794,EMYB,"Embassy Bancorp, Inc."
2054876,NMP,NMP Acquisition Corp.
1625414,BZUN,Baozun Inc.
1501103,EDF,Virtus Stone Harbor Emerging Markets Income Fund
1873923,ONL,Orion Properties Inc.
1997403,ZENA,"ZenaTech, Inc."
10329,BSET,BASSETT FURNITURE INDUSTRIES INC
2023153,HTLM,HomesToLife Ltd
1437479,ENBP,ENB Financial Corp
894315,SITC,SITE Centers Corp.
1857190,NYXH,Nyxoah SA
1532383,VNJA,VANJIA CORP
2083452,SAGU,Shreya Acquisition Group
1745114,MOLN,MOLECULAR PARTNERS AG
2075816,EMIS,Emmis Acquisition Corp.
1683553,SPRB,"SPRUCE BIOSCIENCES, INC."
105319,WW,"WW INTERNATIONAL, INC."
1615063,INSE,"Inspired Entertainment, Inc."
1074828,USBC,"USBC, Inc."
2085177,QRED,QuasarEdge Acquisition Corp
1786286,DPRO,Draganfly Inc.
1407583,BHLL,Bunker Hill Mining Corp.
2104260,WENC,West Enclave Merger Corp.
2043508,LKSP,Lake Superior Acquisition Corp
1600641,DIBS,"1stdibs.com, Inc."
2091484,GLED,GalaxyEdge Acquisition Corp
1637715,OKUR,"OnKure Therapeutics, Inc."
2079106,LAFA,LaFayette Acquisition Corp.
2028735,SPEG,Silver Pegasus Acquisition Corp.
55234,GAMG,"Global Asset Management Group, Inc."
36840,FREVS,"FIRST REAL ESTATE INVESTMENT TRUST OF NEW JERSEY, INC."
2099232,FMAC,Future Money Acquisition Corp
1041934,FOCL,EDAP TMS SA
1941506,ZJK,"ZJK Industrial Co., Ltd."
779227,STLE,STEELE BANCORP INC
883265,VTN,Invesco Trust for Investment Grade New York Municipals
1228454,BCBP,BCB BANCORP INC
1857853,COOK,"Traeger, Inc."
2081536,WPAC,White Pearl Acquisition Corp.
1832871,BMN,BlackRock 2037 Municipal Target Term Trust
1790538,SCTSF,Scottie Resources Corp.
31107,EML,EASTERN CO
1926314,OCAC,Ocean Capital Acquisition Corp
1059142,GHI,Greystone Housing Impact Investors LP
1598981,SKYX,SKYX Platforms Corp.
1887944,SHIM,Shimmick Corp
1472326,GRO,Brazil Potash Corp.
1328409,WRIV,WHITE RIVER BANCSHARES CO
1777393,CHPT,"ChargePoint Holdings, Inc."
1897463,TONT,Graf Global Corp.
1438893,GNT,"GAMCO Natural Resources, Gold & Income Trust"
830622,PIM,FRANKLIN MASTER INTERMEDIATE INCOME TRUST
2027815,BMHL,Bluemount Holdings Ltd
2137965,TCGX,TCGX Acquisition Corp.
1857044,INDP,"Indaptus Therapeutics, Inc."
1744781,NIU,Niu Technologies
1719406,NRXP,"NRX Pharmaceuticals, Inc."
830487,MHF,WESTERN ASSET MUNICIPAL HIGH INCOME FUND INC.
1532286,NINE,"Nine Energy Service, Inc."
1552198,WHF,"WhiteHorse Finance, Inc."
1801661,FIRY,Firy Inc.
1958389,HYDTF,Hydreight Technologies Inc.
2063816,INAC,Indigo Acquisition Corp.
2089536,CEPS,"Cantor Equity Partners VI, Inc."
948320,LFMD,"LifeMD, Inc."
1077688,HOFT,HOOKER FURNISHINGS Corp
2075336,YCY,AA Mission Acquisition Corp. II
1657642,SLBK,"Skyline Bankshares, Inc."
1075880,KZIA,KAZIA THERAPEUTICS LTD
1259429,OXSQ,Oxford Square Capital Corp.
1816708,OWLT,"Owlet, Inc."
1998768,PAL,"Proficient Auto Logistics, Inc"
1803914,PLBY,"Playboy, Inc."
894556,CITR,CitroTech Inc.
1913577,SMNR,"Semnur Pharmaceuticals, Inc."
1574085,BHR,Braemar Hotels & Resorts Inc.
1858848,TNYA,"Tenaya Therapeutics, Inc."
1679268,TUSK,"MAMMOTH ENERGY SERVICES, INC."
704440,KRMD,"KORU Medical Systems, Inc."
1084765,RGP,"RESOURCES CONNECTION, INC."
1723069,TLSA,Tiziana Life Sciences Ltd
104894,ELME,Elme Communities
1404353,WPGCF,West Point Gold Corp.
1448431,OPRX,OptimizeRx Corp
1649989,OTLK,"Outlook Therapeutics, Inc."
1774857,AARD,"Aardvark Therapeutics, Inc."
2093524,APUR,Aperture AC
1294133,INGN,Inogen Inc
1853889,KGFMF,Kingfisher Metals Corp.
2085485,TRAD,APEX Tech Acquisition Inc.
924719,SMID,SMITH MIDLAND CORP
2125551,ALPX,Alpex Acquisition Corp
315374,HURC,HURCO COMPANIES INC
1922097,LANV,Lanvin Group Holdings Ltd
904112,MSD,MORGAN STANLEY EMERGING MARKETS DEBT FUND INC
913277,CLAR,Clarus Corp
1766140,UNCY,"Unicycive Therapeutics, Inc."
2019793,SAFX,"XCF Global, Inc."
2116230,NCO,Southern Cross Acquisition I Corp.
1811931,APGOF,Apollo Silver Corp
50471,TRAK,"ReposiTrak, Inc."
2080087,MYX,Maywood Acquisition Corp. 2
2037400,CAAS,"China Automotive Systems, Inc."
1815776,LENZ,"LENZ Therapeutics, Inc."
1731388,EDRY,EuroDry Ltd.
2088103,XFLH,XFLH Capital Corp
1036262,INTT,INTEST CORP
1287098,MXCT,"MAXCYTE, INC."
1337090,SPAUF,SPANISH MOUNTAIN GOLD LTD.
868578,PFD,FLAHERTY & CRUMRINE PREFERRED & INCOME FUND INC
2080215,USDE,StableCoinX Inc.
1649744,DLTH,DULUTH HOLDINGS INC.
740806,FMBM,F&M BANK CORP
1951276,SRBK,"SR Bancorp, Inc."
1835268,CNTB,Connect Biopharma Holdings Ltd
891038,MPA,BLACKROCK MUNIYIELD PENNSYLVANIA QUALITY FUND
1289340,STXS,"Stereotaxis, Inc."
1971115,RYDE,Ryde Group Ltd
1808997,AOUT,"American Outdoor Brands, Inc."
897802,SPE,"SPECIAL OPPORTUNITIES FUND, INC."
2010653,FVN,Future Vision II Acquisition Corp.
1642380,IMDX,Insight Molecular Diagnostics Inc.
2065661,PLUN,Plutonian Acquisition Corp. II
1987363,WTF,Waton Financial Ltd
1649096,CLPR,Clipper Realty Inc.
1001500,LMRXF,LARAMIDE RESOURCES LTD
2097288,BHAV,BHAV Acquisition Corp
34067,BOOM,DMC Global Inc.
9521,BCV,BANCROFT FUND LTD
1794783,SLQT,"SelectQuote, Inc."
1473490,GLAI,"Global AI, Inc."
1746466,EQ,"Equillium, Inc."
1891101,BRCC,BRC Inc.
738214,AMTX,"AEMETIS, INC"
1858724,FLX,BingEx Ltd
1578453,DLNG,Dynagas LNG Partners LP
1828377,FTCO,Fortitude Gold Corp
2007846,JLHL,Julong Holding Ltd
2091712,RFAM,RF Acquisition Corp III
2098669,UAC,United Acquisition Corp. I
1413855,AIFU,AIFU Inc.
1947244,USGO,U.S. GoldMining Inc.
1007587,KVHI,KVH INDUSTRIES INC \DE\
1498382,HURA,"TuHURA Biosciences, Inc./NV"
2083143,SCPQ,Social Commerce Partners Corp
2119322,DMRC,Digimarc Corp
1504234,BGX,Blackstone Long-Short Credit Income Fund
2059653,LSBK,"Lake Shore Bancorp, Inc. /MD/"
2023730,HDRN,"Hadron Energy, Inc."
1641489,VTVT,vTv Therapeutics Inc.
2073153,HYNE,"Hoyne Bancorp, Inc."
910329,MED,MEDIFAST INC
773717,ACRG,"American Clean Resources Group, Inc."
887396,EP,EMPIRE PETROLEUM CORP
95953,ACNT,ASCENT INDUSTRIES CO.
1866757,BRLT,"Brilliant Earth Group, Inc."
1868640,RDZN,Roadzen Inc.
1867102,EVTL,Vertical Aerospace Ltd.
1114936,UMEW,UMeWorld Inc.
1497186,HYI,Western Asset High Yield Opportunity Fund Inc.
1836754,LGCY,Legacy Education Inc.
1753368,SANG,Sangoma Technologies Corp
1460329,FLNT,"Fluent, Inc."
1374339,PMN,ProMIS Neurosciences Inc.
2081690,VECA,Vernal Capital Acquisition Corp.
1503274,QTRX,Quanterix Corp
1555980,FPRGF,Falco Resources Ltd.
719135,APYX,Apyx Medical Corp
1610853,HSDT,Solana Co
1692427,NCSM,"NCS Multistage Holdings, Inc."
1055726,INO,"INOVIO PHARMACEUTICALS, INC."
1310488,BFNH,"BIOFORCE NANOSCIENCES HOLDINGS, INC."
1705843,CBUS,"Cibus, Inc."
2100704,EWAV,East West Ave Acquisition Corp.
1681348,VIVO,VivoPower PLC
1946573,NAKA,Nakamoto Inc.
1762417,DOYU,DouYu International Holdings Ltd
1408443,MIST,Milestone Pharmaceuticals Inc.
1285650,CGO,CALAMOS GLOBAL TOTAL RETURN FUND
759866,JHS,JOHN HANCOCK INCOME SECURITIES TRUST
1482541,BNC,CEA Industries Inc.
2116105,FWAC,Futurewave Acquisition Corp
2121703,FXAC,FortuneX Acquisition Corp
1632127,CABO,"Cable One, Inc."
1805526,DFDV,DeFi Development Corp.
1290900,CVGI,"Commercial Vehicle Group, Inc."
779336,IAF,"ABRDN AUSTRALIA EQUITY FUND, INC."
1098146,PNBK,PATRIOT NATIONAL BANCORP INC
2028355,IPEX,Inflection Point Acquisition Corp. V
1337068,MGYR,"Magyar Bancorp, Inc."
1514597,FURY,FURY GOLD MINES LTD
1437213,CCNB,"Coastal Carolina Bancshares, Inc."
1006655,EPM,EVOLUTION PETROLEUM CORP
1701541,BDTX,"Black Diamond Therapeutics, Inc."
1836775,TNYZF,Tiny Ltd.
1771910,ADCT,ADC Therapeutics SA
1921582,LGCXF,Lahontan Gold Corp.
715446,ANIX,Anixa Biosciences Inc
1870833,RMMZ,"RiverNorth Managed Duration Municipal Income Fund II, Inc."
72444,VXRT,"Vaxart, Inc."
1468327,RENT,"Rent the Runway, Inc."
1743102,JFIN,Jiayin Group Inc.
1856725,RANI,"Rani Therapeutics Holdings, Inc."
1266806,VANI,"Vivani Medical, Inc."
1305767,PHD,"Pioneer Floating Rate Fund, Inc."
1463000,GRUSF,Grown Rogue International Inc.
1275101,BOTJ,BANK OF THE JAMES FINANCIAL GROUP INC
1231457,GNLX,GENELUX Corp
6207,AXR,AMREP CORP.
1930021,HOVR,New Horizon Aircraft Ltd.
1438461,ELRE,Yinfu Gold Corp.
1662684,KULR,"KULR Technology Group, Inc."
1980845,ENGN,enGene Therapeutics Inc.
1526475,NICM,NICOLA MINING INC.
1541119,SFBC,"Sound Financial Bancorp, Inc."
1979414,NTHI,"NEONC TECHNOLOGIES HOLDINGS, INC."
1945415,HUHU,HUHUTECH International Group Inc.
1612630,JYNT,JOINT Corp
737875,FKYS,FIRST KEYSTONE CORP
1446159,AGPU,Axe Compute Inc.
2024459,CHAR,Charlton Aria Acquisition Corp
1504379,CSTE,Caesarstone Ltd.
1865107,AKA,A.K.A. BRANDS HOLDING CORP.
1636422,HCAT,"Health Catalyst, Inc."
1872061,VLTLF,Volt Lithium Corp.
1864597,AURFF,Tincorp Metals Inc.
1289868,MCN,XAI Madison Equity Premium Income Fund
706863,UNB,UNION BANKSHARES INC
2046656,HCHL,Happy City Holdings Ltd
2030829,PGAC,PANTAGES CAPITAL ACQUISITION Corp
2070900,QUMS,Quantumsphere Acquisition Corp
1572616,GUTS,"FRACTYL HEALTH, INC."
2001557,INV,"Innventure, Inc."
1000230,OCC,OPTICAL CABLE CORP
1478102,DMO,Western Asset Mortgage Opportunity Fund Inc.
1953366,STHO,Star Holdings
740664,RFIL,R F INDUSTRIES LTD
877019,GGOXF,Galleon Gold Corp.
1847874,BEEP,Mobile Infrastructure Corp
1787414,BSBK,Bogota Financial Corp.
2098707,BRKH,Burtech Acquisition Corp II
1325702,MX,MAGNACHIP SEMICONDUCTOR Corp
1087294,CPIX,CUMBERLAND PHARMACEUTICALS INC
2047235,WSBK,"Winchester Bancorp, Inc./MD/"
890119,NIM,NUVEEN SELECT MATURITIES MUNICIPAL FUND
1835022,COYA,"Coya Therapeutics, Inc."
1288855,OPHC,"OptimumBank Holdings, Inc."
875657,ULBI,ULTRALIFE CORP
1853825,DTCX,"Datacentrex, Inc."
1340476,DRTTF,DIRTT ENVIRONMENTAL SOLUTIONS LTD
1010470,PROV,PROVIDENT FINANCIAL HOLDINGS INC
2000756,KWM,K Wave Media Ltd.
1524025,TLYS,"TILLY'S, INC."
1840439,BMEA,"Biomea Fusion, Inc."
1390352,ORRCF,OROCO RESOURCE CORP
811211,UNIB,UNIVERSITY BANCORP INC /DE/
2030482,PLMK,"Plum Acquisition Corp, IV"
1726445,SEER,"Seer, Inc."
75398,PAI,Western Asset Investment Grade Income Fund Inc.
1163389,NWPP,NEW PEOPLES BANKSHARES INC
1334325,CODA,"Coda Octopus Group, Inc."
2137777,RACD,Research Alliance Corp IV
1874252,QUCY,Quantum Cyber N.V.
1819258,FTZFF,Fitzroy Minerals Inc.
1500435,GPRO,"GoPro, Inc."
1713863,RFL,"Rafael Holdings, Inc."
1967621,ATGL,Alpha Technology Group Ltd
1808805,NAUT,"Nautilus Biotechnology, Inc."
798081,LAKE,LAKELAND INDUSTRIES INC
1481028,HYSR,"SUNHYDROGEN, INC."
1845123,ANNA,"AleAnna, Inc."
1001171,BYFC,BROADWAY FINANCIAL CORP DE
1320350,LNSR,"LENSAR, Inc."
1724755,GHG,GreenTree Hospitality Group Ltd.
1571776,CHMI,Cherry Hill Mortgage Investment Corp
1792267,BNR,Burning Rock Biotech Ltd
1937891,AMCI,AMC Robotics Corp
1898496,GETY,"Getty Images Holdings, Inc."
1566044,YARW,"Yarrow Bioscience, Inc."
2047455,QSEA,Quartzsea Acquisition Corp
1129928,ONCY,ONCOLYTICS BIOTECH INC
1332551,ACR,ACRES Commercial Realty Corp.
2011208,SPAI,Safe Pro Group Inc.
2079720,BUDA,"BUDA JUICE, INC."
55529,KEQU,KEWAUNEE SCIENTIFIC CORP /DE/
882300,SBI,WESTERN ASSET INTERMEDIATE MUNI FUND INC.
770460,PFBX,PEOPLES FINANCIAL CORP /MS/
1582982,CCLD,"CareCloud, Inc."
1859795,NVX,NOVONIX Ltd
1043186,SLNG,"Stabilis Solutions, Inc."
2009312,PUSA,Aureus Greenway Holdings Inc
793306,BDCO,BLUE DOLPHIN ENERGY CO
1956648,NOEM,CO2 Energy Transition Corp.
1609065,PBHC,"Pathfinder Bancorp, Inc."
2112446,JATT,JATT II Acquisition Corp.
1490349,PFX,PhenixFIN Corp
1556727,FNWB,First Northwest Bancorp
318833,TISI,TEAM INC
1499832,TSQ,"Townsquare Media, Inc."
2024460,CHPG,ChampionsGate Acquisition Corp
2122392,PLCI,Pelican Acquisition II Corp
909494,TCX,TUCOWS INC /PA/
1006837,VATE,INNOVATE Corp.
1838163,BNAI,Brand Engagement Network Inc.
1982518,SDHC,Smith Douglas Homes Corp.
2112457,AMAN,Amanat Acquisition Corp.
1770501,VENU,Venu Holding Corp
1756390,AAWH,"Ascend Wellness Holdings, Inc."
1041368,RVSB,RIVERVIEW BANCORP INC
1680873,HFFG,HF Foods Group Inc.
1997711,LPA,Logistic Properties of the Americas
1518461,AMPG,"AmpliTech Group, Inc."
1919246,PTHS,Pelthos Therapeutics Inc.
2012706,SUNS,"Sunrise Realty Trust, Inc."
1611842,PYPD,PolyPid Ltd.
1120370,BWEN,"BROADWIND, INC."
1614806,RPT,Rithm Property Trust Inc.
1854139,ZVIA,Zevia PBC
1925511,NZAUF,Rua Gold Inc.
1834032,CSTAF,Constellation Acquisition Corp I
1604868,GRWG,GrowGeneration Corp.
1659494,COE,51Talk Online Education Group
1514490,RGT,"ROYCE GLOBAL TRUST, INC."
1835654,INVZ,Innoviz Technologies Ltd.
799165,DWSN,DAWSON GEOPHYSICAL CO
1966233,NIPG,NIP Group Inc.
1006830,CBKM,CONSUMERS BANCORP INC /OH/
810943,PCF,HIGH INCOME SECURITIES FUND
1932770,HERE,Here Group Ltd
1288770,XTGRF,XTRA-GOLD RESOURCES CORP
1540684,ATLX,Atlas Lithium Corp
1779578,BGM,BGM Group Ltd.
1482554,HFUS,"Hartford Creative Group, Inc."
883975,MBOT,Microbot Medical Inc.
1884046,SPKL,Spark I Acquisition Corp
1754068,KLRS,"Kalaris Therapeutics, Inc."
1684505,XTRAF,Xtract One Technologies Inc.
1786471,SEV,Aptera Motors Corp
2002045,GCL,GCL Global Holdings Ltd
1697818,AMBR,Amber International Holding Ltd
1727254,AWLRF,Awale Resources Ltd
1984124,LUD,Luda Technology Group Ltd
84112,RSKIA,"GEORGE RISK INDUSTRIES, INC."
1429260,FBIO,"Fortress Biotech, Inc."
898171,UWHR,UWHARRIE CAPITAL CORP
2069604,PARK,"Park Dental Partners, Inc."
1903382,BHM,"Bluerock Homes Trust, Inc."
868822,CRCUF,Canagold Resources Ltd.
1127537,LUNG,Pulmonx Corp
1965052,MGTE,Marblegate Capital Corp
2034723,YDDL,One & one Green Technologies. INC
1746967,RMI,"RiverNorth Opportunistic Municipal Income Fund, Inc."
2104296,TP,Ticketplus Ltd.
2075320,PLYX,"Polaryx Therapeutics, Inc."
61004,LGL,LGL GROUP INC
1515156,ARQ,"Arq, Inc."
1438943,RNGE,"RANGE IMPACT, INC."
2012726,FDSB,"Fifth District Bancorp, Inc."
1413119,KBLB,"Kraig Biocraft Laboratories, Inc."
1985139,LSE,"Leishen Energy Holding Co., Ltd."
1909747,JUSH,Jushi Holdings Inc.
1372807,BCIC,BCP Investment Corp
1604464,ATRA,"Atara Biotherapeutics, Inc."
1462586,IGI,Western Asset Investment Grade Opportunity Trust Inc.
1275158,NDLS,NOODLES & Co
751365,VIRC,VIRCO MFG CORPORATION
1892704,FBDT,"First Breach, Inc."
1828972,BZFD,"BuzzFeed, Inc."
1975641,ZYBT,Zhengye Biotechnology Holding Ltd
1374328,FTLF,"FITLIFE BRANDS, INC."
1781174,ACRV,"Acrivon Therapeutics, Inc."
1176334,MMLP,MARTIN MIDSTREAM PARTNERS L.P.
1385632,IAE,Voya Asia Pacific High Dividend Equity Income Fund
1496690,BCRD,"BlueOne Technologies, Inc."
1597835,CMCM,Cheetah Mobile Inc.
1455365,CGTX,COGNITION THERAPEUTICS INC
1855557,HLP,Hongli Group Inc.
2049248,LCCC,Lakeshore Acquisition III Corp.
2001794,CIGL,Concorde International Group Ltd.
1725123,CANG,Cango Inc.
1123267,HANNF,Hannan Metals Ltd.
750574,AUBN,"AUBURN NATIONAL BANCORPORATION, INC"
1819574,BARK,"Bark, Inc."
1577783,SIREF,Sirios Resources Inc.
2044255,ANTA,Antalpha Platform Holding Co
1472215,JLS,Nuveen Mortgage & Income Fund/MA/
1884516,DTI,Drilling Tools International Corp
845611,GCV,GABELLI CONVERTIBLE & INCOME SECURITIES FUND INC
1362190,AEYE,AUDIOEYE INC
2030954,XHLD,"TEN Holdings, Inc."
1546383,JXG,JX Luxventure Group Inc.
72205,NOBH,NOBILITY HOMES INC
1341235,ALDX,"Aldeyra Therapeutics, Inc."
1833769,HYPR,"Hyperfine, Inc."
1781162,MNTS,Momentus Inc.
1537435,TGEN,TECOGEN INC.
862861,AIFC,AI Financial Corp
1034760,WYY,WIDEPOINT CORP
731653,UBCP,UNITED BANCORP INC /OH/
1818093,SKIN,SkinHealth Systems Inc.
1425355,SUIG,SUI Group Holdings Ltd.
71557,NUVR,"Nuvera Communications, Inc."
795800,NEXM,NexMetals Mining Corp.
1971828,ENGS,Energys Group Ltd
1818844,DWTX,"Dogwood Therapeutics, Inc."
1495320,VRA,"Vera Bradley, Inc."
2014982,SIMA,SIM Acquisition Corp. I
1070732,EVF,Eaton Vance Senior Income Trust
1576159,BDCTF,BuildDirect.com Technologies Inc.
2077033,MMTX,Miluna Acquisition Corp
1437226,MHH,"Mastech Digital, Inc."
1702924,WRAP,"WRAP TECHNOLOGIES, INC."
1750155,CWBHF,"Charlotte's Web Holdings, Inc."
16859,SRL,Scully Royalty Ltd.
1364954,CHGG,"CHEGG, INC"
811641,ICCC,IMMUCELL CORP /DE/
2044523,ORIQ,Origin Investment Corp I
1784254,MDIA,Mediaco Holding Inc.
1556739,THRY,"Thryv Holdings, Inc."
1917599,EDVR,Endeavor Bancorp
1790177,RFM,"RiverNorth Flexible Municipal Income Fund, Inc."
912764,KSBI,KS BANCORP INC
1983736,GOAI,Eva Live Inc
2083526,MWC,"Micware Co., Ltd."
1477960,LMED,LataMed AI Corp.
717806,FUSB,"FIRST US BANCSHARES, INC."
1739410,RLYB,Rallybio Corp
1519469,AEC,ANFIELD ENERGY INC.
1801417,BYNO,byNordic Acquisition Corp
1560258,ECOR,"electroCore, Inc."
1819411,GANX,"Gain Therapeutics, Inc."
1790169,ZSTK,ZeroStack Corp.
1851959,CNDA,Concord Acquisition Corp II
1615165,VERI,"Veritone, Inc."
1861841,ARBE,Arbe Robotics Ltd.
75252,ACH,ACCENDRA HEALTH INC/VA/
65596,SIEB,SIEBERT FINANCIAL CORP
1728117,GOSS,"Gossamer Bio, Inc."
2109876,MCAH,Mountain Crest Acquisition 6 Corp.
1839140,RVRC,Revium Rx.
1437283,RPMT,"REGO PAYMENT ARCHITECTURES, INC."
1562151,CWGL,"Crimson Wine Group, Ltd"
2026767,ALIS,Calisa Acquisition Corp
1534969,SERA,"SERA PROGNOSTICS, INC."
1199004,FMN,Federated Hermes Premier Municipal Income Fund
1409375,OESX,"ORION ENERGY SYSTEMS, INC."
2026514,NAMM,Namib Minerals
54187,MAYS,MAYS J W INC
1720580,ACET,"Adicet Bio, Inc."
711034,THMG,THUNDER MOUNTAIN GOLD INC
849146,LFVN,Lifevantage Corp
1131343,ATHE,ALTERITY THERAPEUTICS LTD
1429764,BLNK,Blink Charging Co.
1675033,GECC,Great Elm Capital Corp.
714712,JUVF,JUNIATA VALLEY FINANCIAL CORP
2051587,BSAA,BEST SPAC I Acquisition Corp.
2024306,JFB,JFB Construction Holdings
2088626,PECE,Peace Acquisition Corp.
1993400,FATN,Fatpipe Inc/UT
1339688,LCGMF,LION COPPER & GOLD CORP.
806172,SOTK,SONO TEK CORP
1660334,VRCA,Verrica Pharmaceuticals Inc.
1380106,RPID,"RAPID MICRO BIOSYSTEMS, INC."
1982961,EGG,ENIGMATIG LTD
1884122,VCUFF,Vizsla Copper Corp.
1296774,NCTY,The9 LTD
1354866,BYRN,Byrna Technologies Inc.
1235912,CVRX,"CVRx, Inc."
707605,ASRV,AMERISERV FINANCIAL INC /PA/
2036973,UYSC,UY Scuti Acquisition Corp.
1936224,SRFM,SURF AIR MOBILITY INC.
1672909,CPHC,Canterbury Park Holding Corp
2014337,NPT,Texxon Holding Ltd
1862150,CING,Cingulate Inc.
1878313,MAIA,"MAIA Biotechnology, Inc."
1088034,USIO,"Usio, Inc."
2043630,APAC,StoneBridge Acquisition II Corp
912967,FBSI,FIRST BANCSHARES INC /MO/
1843724,LNZA,"LanzaTech Global, Inc."
1528811,VGI,Virtus Global Multi-Sector Income Fund
50292,IEHC,IEH Corp
1915328,ISRLF,Israel Acquisitions Corp
2076192,WSTN,Westin Acquisition Corp
1499780,GLBS,GLOBUS MARITIME LTD
1500375,HFBL,"Home Federal Bancorp, Inc. of Louisiana"
1979332,CPBI,"Central Plains Bancshares, Inc."
2034520,GIBO,GIBO HOLDINGS Ltd
2027265,MB,MASTERBEEF GROUP
949961,IOR,INCOME OPPORTUNITY REALTY INVESTORS INC /TX/
1690080,FRMM,FORUM MARKETS Inc
930245,AASP,Agassi Sports Entertainment Corp.
879535,DTF,DTF TAX-FREE INCOME 2028 TERM FUND INC
1456189,LEAT,Leatt Corp
1855447,TYGO,"TIGO ENERGY, INC."
1701599,AZASF,Arizona Gold & Silver Inc.
2015502,LPAA,Launch One Acquisition Corp.
1621888,CFSU,Complete Financial Solutions Inc.
1940177,PODC,"PodcastOne, Inc."
1948455,ISPR,Ispire Technology Inc.
2041208,TREO,Tactical Resources Corp.
1697851,REKR,"Rekor Systems, Inc."
1829794,EMPD,Empery Digital Inc.
2029471,HMR,Heidmar Maritime Holdings Corp.
1943802,FSEA,"First Seacoast Bancorp, Inc."
1684144,ZOMDF,Zomedica Corp.
1971532,TELO,"Telomir Pharmaceuticals, Inc."
72633,NRT,NORTH EUROPEAN OIL ROYALTY TRUST
1335105,NMAD,"NOMAD POWER SOLUTIONS, INC."
1224133,MCHX,MARCHEX INC
1849296,OKYO,OKYO Pharma Ltd
1579157,VNCE,VINCE HOLDING CORP.
1889112,RENEF,Cartesian Growth Corp II
2059165,SSEA,STARRY SEA ACQUISITION CORP
1002366,REVFF,Gitennes Exploration Inc.
2049560,TUNGF,American Tungsten Corp.
910406,HAIN,HAIN CELESTIAL GROUP INC
1484612,OM,"Outset Medical, Inc."
1145255,HNNA,HENNESSY ADVISORS INC
2077709,ROC,Rank One Computing Corp
1331421,SDCO,"SDR Drone, Inc."
1549966,SAMG,Silvercrest Asset Management Group Inc.
353184,AIRT,AIR T INC
1601485,ELTX,"Elicio Therapeutics, Inc."
1749723,NFE,New Fortress Energy Inc.
1856031,SEAT,Vivid Seats Inc.
891482,FLL,FULL HOUSE RESORTS INC
2092314,WATR,Air Water Ventures Ltd
1907425,JOCM,JOCOM HOLDINGS CORP.
1775194,UPXI,"UPEXI, INC."
1861795,DH,Definitive Healthcare Corp.
1594856,VMXXF,VALHALLA METALS INC.
2053927,WTG,Wintergreen Acquisition Corp.
356037,CSPI,CSP INC /MA/
1158172,SCOR,"COMSCORE, INC."
1507957,IPWR,Ideal Power Inc.
1627868,NCAUF,Newcore Gold Ltd.
875582,NTIC,NORTHERN TECHNOLOGIES INTERNATIONAL CORP
1822523,AFCG,Advanced Flower Capital Inc.
1213037,CRDF,"Cardiff Oncology, Inc."
1011060,NORD,Nordicus Partners Corp
791718,EEA,"EUROPEAN EQUITY FUND, INC / MD"
1351636,SSTI,"SOUNDTHINKING, INC."
1851484,CTOR,"CITIUS ONCOLOGY, INC."
1898643,MOB,Mobilicom Ltd
1904501,ZTEK,Zentek Ltd.
2086841,CBAT,CBAK Energy Technology Ltd
1716951,OCCI,"OFS Credit Company, Inc."
1288795,GLV,Clough Global Dividend & Income Fund
1769731,AMTD,AMTD IDEA GROUP
1282648,BATL,BATTALION OIL CORP
1562530,WTHVF,Westhaven Gold Corp.
924383,GNSS,Genasys Inc.
101594,BSIN,BIG SKY INDUSTRIAL INC.
1933567,NRXS,"Neuraxis, INC"
1918414,NBRG,Newbridge Acquisition Ltd
1836295,RTGN,RetinalGenix Technologies Inc.
1530185,ATVK,"Globaltek Ventures, Inc."
1074692,CEV,Eaton Vance California Municipal Income Trust
1226616,MNOV,MEDICINOVA INC
1400438,LGO,Largo Inc.
1386301,RSSS,"Research Solutions, Inc."
2064177,BPAC,Blueport Acquisition Ltd
1852016,AEAE,AltEnergy Acquisition Corp
942895,REDW,REDWOOD FINANCIAL INC /MN/
1738699,WKEY,Wisekey International Holding S.A.
828146,LINK,INTERLINK ELECTRONICS INC
1397016,OPXS,Optex Systems Holdings Inc
839470,WWR,"WESTWATER RESOURCES, INC."
1774675,SKIL,Skillsoft Corp.
1477845,ANVS,"Annovis Bio, Inc."
814676,CPSH,CPS TECHNOLOGIES CORP/DE/
91668,SODI,SOLITRON DEVICES INC
1892747,VMCAF,Valuence Merger Corp. I
861972,SRLZF,Salazar Resources Ltd
939930,PYYX,"PYXUS INTERNATIONAL, INC."
917225,XPL,SOLITARIO RESOURCES CORP.
1972234,VHUB,"VenHub Global, Inc."
2099818,YARRF,Pirate Gold Corp.
1868395,YIBO,Planet Image International Ltd
1751707,OZVN,OZ VISION INC.
1842566,AISP,"Airship AI Holdings, Inc."
1171326,EUBG,ENTREPRENEUR UNIVERSE BRIGHT GROUP
1288268,IMTCF,Intrepid Metals Corp.
69422,INTG,INTERGROUP CORP
1632121,BLNC,"Balance Labs, Inc."
1720446,ZEPP,Zepp Health Corp
1866501,WBX,Wallbox N.V.
1022652,INSG,INSEEGO CORP.
1944885,APLM,Apollomics Inc.
2035644,RANG,Range Capital Acquisition Corp.
1872529,MDXH,MDxHealth SA
1696558,JRSH,"Jerash Holdings (US), Inc."
2051380,PEW,GrabAGun Digital Holdings Inc.
927719,DWNX,DELHI BANK CORP
1506929,VRDR,"VERDE RESOURCES, INC."
1620463,LONA,"LeonaBio, Inc."
1134765,CHUC,"Charlie's Holdings, Inc."
889348,CVU,CPI AEROSTRUCTURES INC
1436229,BTCS,BTCS Inc.
1936804,SDA,SunCar Technology Group Inc.
1533998,DRIO,DarioHealth Corp.
1701108,SPRO,"Spero Therapeutics, Inc."
1036044,INVE,"Identiv, Inc."
1066684,TGLO,THEGLOBE COM INC
1607997,NMS,Nuveen Minnesota Quality Municipal Income Fund
1737319,CUAUF,C3 Metals Inc.
1699382,PMVP,"PMV Pharmaceuticals, Inc."
1746473,PLRX,"PLIANT THERAPEUTICS, INC."
1420565,RNTX,"Rein Therapeutics, Inc."
1734520,ALYAF,Alithya Group inc
34956,TENX,"TENAX THERAPEUTICS, INC."
1755058,AUC,ATIF Holdings Ltd
1863218,SFWL,SHENGFENG DEVELOPMENT Ltd
1795091,OSTX,OS Therapies Inc
1849867,CLST,"Catalyst Bancorp, Inc."
1626878,XBIT,XBiotech Inc.
1839799,GRSD,GRANDSTAND Ltd
2018462,PCLA,PicoCELA Inc.
1420720,IBIO,"iBio, Inc."
1846235,IMAQ,International Media Acquisition Corp.
1865429,OAKV,"Oak View Bankshares, Inc."
1708599,SER,"Serina Therapeutics, Inc."
1944712,BIYA,Baiya International Group Inc.
771856,CSBR,"CHAMPIONS ONCOLOGY, INC."
1069394,FSI,FLEXIBLE SOLUTIONS INTERNATIONAL INC
1881592,NSTS,"NSTS Bancorp, Inc."
1291855,SPCB,SuperCom Ltd
1133311,TZOO,TRAVELZOO
1927719,CRGO,Freightos Ltd
1001115,GEOS,GEOSPACE TECHNOLOGIES CORP
1633369,CAST,"FreeCast, Inc."
883107,SLSN,"SOLESENCE, INC."
1941536,BAER,"Bridger Aerospace Group Holdings, Inc."
727510,VISK,"Viskase Holdings, Inc."
1467093,SRCRF,Scorpio Gold Corp
1795251,NNOX,Nano-X Imaging Ltd.
8504,UAVS,AgEagle Aerial Systems Inc.
1947210,ROLR,"High Roller Technologies, Inc."
1523289,DMA,Destra Multi-Alternative Fund
1013880,TTEC,"TTEC Holdings, Inc."
1831096,GEG,"Great Elm Group, Inc."
1035354,ELOX,"Eloxx Pharmaceuticals, Inc."
1272842,AIRG,AIRGAIN INC
2038919,DFSLY,Defeng Solife Holdings Limited/ADR
1570505,PLLMF,EDGE COPPER Corp
1888654,FEAM,"5E Advanced Materials, Inc."
785557,DLHC,DLH Holdings Corp.
1557523,PGZ,Principal Real Estate Income Fund
1782303,BOLD,"Boundless Bio, Inc."
1541190,SYHBF,SKYHARBOUR RESOURCES LTD
1687451,ZKIN,"ZK International Group Co., Ltd."
1001233,SGMOQ,"SANGAMO THERAPEUTICS, INC"
1787803,WNW,Meiwu Technology Co Ltd
1658678,BSEM,"BioStem Technologies, Inc."
1871638,BZAI,"Blaize Holdings, Inc."
1778940,NRRSF,Norsemont Mining Inc.
2019505,HIT,"Health In Tech, Inc."
1765850,AURE,Aurelion Inc.
1720250,KNDI,"Kandi Technologies Group, Inc."
1711754,INMB,"Inmune Bio, Inc."
1031235,SELF,"Global Self Storage, Inc."
1575793,WATT,Energous Corp
5981,AVD,AMERICAN VANGUARD CORP
1835579,IMA,"ImageneBio, Inc."
1715925,HYFT,MindWalk Holdings Corp.
1807765,PMVC,PMV Consumer Acquisition Corp.
1891856,GENK,"GEN Restaurant Group, Inc."
1711141,LEEEF,Leef Brands Inc.
1807887,LASE,Laser Photonics Corp
881787,CRT,CROSS TIMBERS ROYALTY TRUST
1907184,ELBM,Electra Battery Materials Corp
1676047,NTRB,NutriBand Inc.
1839154,NKGFF,Nevada King Gold Corp.
797542,QXL,QUANTUM X LABS INC.
1516899,YTRA,"Yatra Online, Inc."
1874875,HOUR,"Hour Loop, Inc"
1999860,WYHG,Wing Yip Food Holdings Group Ltd
1703292,ALGRF,KENADYR METALS CORP
1360565,WFCF,"Where Food Comes From, Inc."
1857030,INCR,Intercure Ltd.
1750106,AEI,Alset Inc.
2093507,GLND,Greenland Energy Co
2031688,ANPA,Rich Sparkle Holdings Ltd
1103795,QSEP,"QS Energy, Inc."
12239,DOMH,Dominari Holdings Inc.
2010788,EXOZ,EXOZYMES INC.
1881551,STI,Solidion Technology Inc.
1490161,SOWG,Sow Good Inc.
1814423,IH,iHuman Inc.
1427925,TLPH,"TALPHERA, INC."
1133062,JANL,JANEL CORP
1644771,RSF,"RiverNorth Capital & Income Fund, Inc."
2094107,BSPA,"Ballston Spa Bancorp, Inc."
1462418,ASPS,ALTISOURCE PORTFOLIO SOLUTIONS S.A.
1969928,TJGC,TJGC GROUP Ltd
2055116,KG,Kestrel Group Ltd
818033,HRTX,"HERON THERAPEUTICS, INC. /DE/"
1605888,CIRC,CIRCLE8 GROUP INC
1823878,MYPS,"PLAYSTUDIOS, Inc."
1698022,FMFG,"Farmers & Merchants Bancshares, Inc."
1998043,PDCC,Pearl Diver Credit Co Inc.
1840233,XLO,"Xilio Therapeutics, Inc."
1844392,MRAI,"Marpai, Inc."
1962481,BOF,BranchOut Food Inc.
1173204,CNVS,Cineverse Corp.
1520048,PVL,Permianville Royalty Trust
1840229,INKT,"MiNK Therapeutics, Inc."
1454938,TEAD,Teads Holding Co.
1026980,APWC,ASIA PACIFIC WIRE & CABLE CORP LTD
2030277,LFS,"LEIFRAS Co., Ltd."
863900,MXE,MEXICO EQUITY & INCOME FUND INC
1737995,SKYA,"SkyAI, Inc."
1023109,CVVUF,CANALASKA URANIUM LTD
1041859,PLCE,"Childrens Place, Inc."
2024203,CAPN,Cayson Acquisition Corp
1474903,BGSF,"BGSF, INC."
1895597,ICG,Intchains Group Ltd
1931055,MDNC,Medinotec Inc.
886136,SGA,SAGA COMMUNICATIONS INC
1523836,LITB,"LightInTheBox Holding Co., Ltd."
1162896,PROP,Prairie Operating Co.
27367,DXR,DAXOR CORP
1040896,IDN,"Intellicheck, Inc."
1328792,TPCS,TECHPRECISION CORP
1970743,RMXI,"RMX INDUSTRIES, INC."
1442492,LRDC,"Laredo Oil, Inc."
1893899,WAMFF,Alaska Silver Corp.
1577445,ODYS,Odysight.ai Inc.
1822791,CLNN,Clene Inc.
1850059,FSHP,Flag Ship Acquisition Corp
1840877,COCH,"Envoy Medical, Inc."
101984,UEIC,UNIVERSAL ELECTRONICS INC
1566073,PGZFF,Pan Global Resources Inc.
1517767,CCIF,Carlyle Credit Income Fund
1877939,CTM,"Castellum, Inc."
14177,BRID,BRIDGFORD FOODS CORP
1369290,MYO,"MYOMO, INC."
1712178,NAAS,NaaS Technology Inc.
1838987,SPWR,SunPower Inc.
1071840,WNDW,"SolarWindow Technologies, Inc."
2012600,RYOJ,"rYojbaba Co., Ltd."
1838716,GNTA,Genenta Science S.p.A.
1574094,RNXT,"RenovoRx, Inc."
1818644,LIDR,"AEye, Inc."
1506184,IMMP,IMMUTEP Ltd
18255,CATO,CATO CORP
2048271,WSHP,WeShop Holdings Ltd
1070789,HYOR,HyOrc Corp
1889983,KVACF,Keen Vision Acquisition Corp.
1263364,COPR,Idaho Copper Corp
1743340,TC,Token Cat Ltd
1841425,VGAS,"Verde Clean Fuels, Inc."
1043961,PRPO,"Precipio, Inc."
1024672,ELTK,ELTEK LTD
1230058,KANP,KAANAPALI LAND LLC
1640043,PXS,Pyxis Tankers Inc.
1529113,XTIA,"XTI Aerospace, Inc."
1494891,SRTS,"Sensus Healthcare, Inc."
1886190,GGR,Gogoro Inc.
1998781,IBAC,IB Acquisition Corp.
2035016,RIBB,Ribbon Acquisition Corp.
1113152,BEWFF,BEWHERE HOLDINGS INC
1725603,AUXXF,A2 Gold Corp.
838131,JMM,Nuveen Multi-Market Income Fund
23197,CMTL,COMTECH TELECOMMUNICATIONS CORP /DE/
1597095,TOUR,Tuniu Corp
2006413,DRYGF,Dryden Gold Corp.
884269,APT,ALPHA PRO TECH LTD
844985,POSC,POSITRON CORP
1491419,LVO,"LiveOne, Inc."
1285170,ITMSF,INTERMAP TECHNOLOGIES CORP
943535,WHEN,"WORLD HEALTH ENERGY HOLDINGS, INC."
1789769,TIL,"Instil Bio, Inc."
1389545,SDEV,Stablecoin Development Corp
1784440,BHIC,"BioScience Health Innovations, Inc."
1819253,BTMD,biote Corp.
2033515,SORA,AsiaStrategy
1783328,TCRX,"TScan Therapeutics, Inc."
844856,HCMC,Healthier Choices Management Corp.
1587603,WNRS,"WINNERS, INC."
798528,OMEX,ODYSSEY MARINE EXPLORATION INC
1783407,SOGP,Sound Group Inc.
1968043,NCEW,New Century Logistics (BVI) Ltd
1082324,VHC,VirnetX Holding Corp
1399520,STKS,"ONE Group Hospitality, Inc."
65770,MVIS,"MICROVISION, INC."
1805651,MKTW,"MARKETWISE, INC."
880984,ACFN,"ACORN ENERGY, INC."
1856082,RDEXF,RPX Gold Inc.
1091596,AURX,"Nuo Therapeutics, Inc."
1758766,STEM,"STEM, INC."
1703644,GPMT,Granite Point Mortgage Trust Inc.
1819493,XOS,"Xos, Inc."
1509397,LOMLF,Lion One Metals Ltd.
1580864,VRM,"Vroom, Inc."
1495231,IZEA,"IZEA Worldwide, Inc."
1378950,PRTS,"CarParts.com, Inc."
1901336,ALCYF,Alchemy Investments Acquisition Corp 1
1833498,MDAI,"Spectral AI, Inc."
1178253,SCYX,SCYNEXIS INC
1846839,STKE,SOL Strategies Inc.
1682639,HYPD,"HYPERION DEFI, INC."
1339970,ATYR,aTYR PHARMA INC
1973062,VIDA,VIDA Global Inc.
2025774,ALPS,Alps Group Inc
1742770,VIOT,"Viomi Technology Co., Ltd"
766792,CVV,CVD EQUIPMENT CORP
946936,DSWL,DESWELL INDUSTRIES INC
2053641,ETS,Elite Express Holding Inc.
1849466,TCBS,"Texas Community Bancshares, Inc."
1017303,TACT,TRANSACT TECHNOLOGIES INC
2063863,ELWT,"Elauwit Connection, Inc."
839087,VASO,VASO Corp
1992818,ZOOZ,ZOOZ Strategy Ltd.
1865111,ALSAF,Alpha Star Acquisition Corp
1319183,FMY,FIRST TRUST MORTGAGE INCOME FUND
1800637,RYM,"RYTHM, Inc."
2000775,BKHA,Black Hawk Acquisition Corp
2014254,KBSX,FST Corp.
1378140,OPTT,"Ocean Power Technologies, Inc."
1538189,SMOFF,Sonoro Gold Corp.
1834105,IBO,IMPACT BIOMEDICAL INC.
1657800,ESAUF,ESGold Corp.
2016337,PTLE,PTL Ltd
1837493,QTEX,QTREX Quantum Ltd.
2028201,COLA,Columbus Acquisition Corp/Cayman Islands
1039280,NTWK,NETSOL TECHNOLOGIES INC
2067767,NXB,NextBoat Inc.
1196298,NEPH,NEPHROS INC
867840,POCI,"PRECISION OPTICS CORPORATION, INC."
1487918,OFS,OFS Capital Corp
2029039,NSRX,Nasus Pharma Ltd
1094032,QDMI,QDM International Inc.
1939479,USPCY,China Strategic Technology Group Limited/ADR
2020987,YHNA,YHN Acquisition I Ltd
1603993,AIOS,AIOS Tech Inc.
1719714,MREO,Mereo BioPharma Group plc
2078149,VRHI,"Veri MedTech Holdings, Inc."
1844505,QTI,"QT IMAGING HOLDINGS, INC."
1031316,FSP,FRANKLIN STREET PROPERTIES CORP /MA/
1609809,MCRB,"Seres Therapeutics, Inc."
1080340,LOAN,"MANHATTAN BRIDGE CAPITAL, INC"
1991332,MKDW,MKDWELL Tech Inc.
894871,AREN,"Arena Group Holdings, Inc."
1872302,NA,Nano Labs Ltd
1723464,BHST,BIOHARVEST SCIENCES INC.
1867834,BRAG,Bragg Gaming Group Inc.
1785279,MGX,"Metagenomi Therapeutics, Inc."
2053456,TGE,Generation Essentials Group
1813452,PLNH,Planet 13 Holdings Inc.
1769697,FNUC,Frontier Nuclear & Minerals Inc.
1800392,MLGO,MicroAlgo Inc.
1444192,GRCE,"Grace Therapeutics, Inc."
1383395,SQNS,SEQUANS COMMUNICATIONS
1650696,LSF,"Laird Superfood, Inc."
1939965,SLMT,Brera Holdings PLC
1847846,EUDA,EUDA Health Holdings Ltd
1297341,KFFB,Kentucky First Federal Bancorp
1832487,GUER,"Guerrilla RF, Inc."
1860871,TVGN,Tevogen Inc.
1453593,XTNT,"Xtant Medical Holdings, Inc."
1132105,SPWH,"SPORTSMAN'S WAREHOUSE HOLDINGS, INC."
13156,GLXZ,"Galaxy Gaming, Inc."
1069530,FLNA,"FILANA THERAPEUTICS, INC."
1835385,MBBC,"Marathon Bancorp, Inc. /MD/"
1841675,ARBK,Argo Blockchain Plc
1718500,AXIL,"Axil Brands, Inc."
723603,CULP,CULP INC
863894,VERU,VERU INC.
1964946,YAAS,Youxin Technology Ltd
1757840,INDO,Indonesia Energy Corp Ltd
1813241,GPGCF,Great Pacific Gold Corp.
1826889,BODI,"Beachbody Company, Inc."
718332,RAVE,"RAVE RESTAURANT GROUP, INC."
1727370,SAGGF,Sterling Metals Corp.
2056030,SPMEF,South Pacific Metals Corp.
1978528,QETA,Quetta Acquisition Corp
1843656,RMCO,Royalty Management Holding Corp
1847075,SAIH,SAIHEAT Ltd
1678748,ISTKF,Intellistake Technologies Corp.
1005101,MGLD,"Marygold Companies, Inc."
1842952,CNTX,Context Therapeutics Inc.
1706404,AZZTF,Aztec Minerals Corp.
1873875,IXHL,Incannex Healthcare Inc.
1965473,CCG,Cheche Group Inc.
1883814,SLND,"Southland Holdings, Inc."
1785530,HOWL,"Werewolf Therapeutics, Inc."
1525306,FSTJ,First America Resources Corp
1859035,MCAG,Mountain Crest Acquisition Corp. V
850027,GRF,"EAGLE CAPITAL GROWTH FUND, INC."
2119416,OP,OpenPayd Global Holdings Ltd
1540159,EDSA,"Edesa Biotech, Inc."
2026353,ATHR,"Aether Holdings, Inc."
1420529,AACG,ATA Creativity Global
846913,FTEK,"FUEL TECH, INC."
1665300,PHUN,"Phunware, Inc."
1503802,KPTI,Karyopharm Therapeutics Inc.
1606242,VTIX,Virtuix Holdings Inc.
1957489,ABLV,Able View Global Inc.
1846715,WAVE,Eco Wave Power Global AB (publ)
1869137,MHUBF,MineHub Technologies Inc.
1218683,BGDE,"Big Digital Energy, Inc."
1799448,ALGS,"Aligos Therapeutics, Inc."
832370,EAXR,"Ealixir, Inc."
1156041,AGIG,"ABUNDIA GLOBAL IMPACT GROUP, INC."
933972,SCWO,374Water Inc.
1933021,PLUT,Plutus Financial Group Ltd
855683,MLSS,MILESTONE SCIENTIFIC INC.
2010959,AHMA,AMBITIONS ENTERPRISE MANAGEMENT CO. L.L.C
719733,KTCC,KEY TRONIC CORP
1682220,SACH,Sachem Capital Corp.
2038378,ACCL,Acco Group Holdings Ltd
1708527,ELUT,ELUTIA INC.
1723935,STG,Sunlands Technology Group
1635729,EQTRF,Altamira Gold Corp.
1993727,SNT,Senstar Technologies Corp
1841209,HOLO,MicroCloud Hologram Inc.
1368845,TKRFF,TINKA RESOURCES Ltd
2017950,DTSQ,DT Cloud Star Acquisition Corp
1900679,TETEF,Technology & Telecommunication Acquisition Corp
1319150,PBMLF,Pacific Booker Minerals Inc.
1993431,MCRP,Micropolis AI Robotics
1841761,GROV,"Grove Collaborative Holdings, Inc."
1882464,MSSAF,Metal Sky Star Acquisition Corp
1714562,GAME,"GameSquare Holdings, Inc."
754811,GROW,U S GLOBAL INVESTORS INC
1852973,BRLS,Borealis Foods Inc.
1433607,NSPR,"InspireMD, Inc."
923883,TLTFF,THERALASE TECHNOLOGIES INC /FI
1040161,PXLW,"PIXELWORKS, INC"
1903595,HODO,House of Doge Inc.
1106644,CPHI,"CHINA PHARMA HOLDINGS, INC."
830616,SCIA,"SCI Engineered Materials, Inc."
2028177,YOUL,Youlife Group Inc.
1624326,PAVM,PAVmed Inc.
864240,SYPR,SYPRIS SOLUTIONS INC
1355848,TOON,"Kartoon Studios, Inc."
1820190,SCLX,Scilex Holding Co
1817161,HWAUF,Headwater Gold Inc.
1952853,MAMO,Massimo Group
2000530,GMHS,Gamehaus Holdings Inc.
1853044,AERT,"Aeries Technology, Inc."
1054102,IDXG,"INTERPACE BIOSCIENCES, INC."
1053691,CRVO,CervoMed Inc.
1417663,SNWV,"SANUWAVE Health, Inc."
1333493,EHTH,"eHealth, Inc."
2001288,PN,PN Smart Energy Ltd
1796949,GFLT,"GenFlat Holdings, Inc."
1822359,DCGO,DocGo Inc.
849145,HGBL,Heritage Global Inc.
1110607,KLNG,"Koil Energy Solutions, Inc."
926423,MIND,"MIND TECHNOLOGY, INC"
2010499,DGNX,Diginex Ltd
1978057,TWG,Top Wealth Group Holding Ltd
1527038,BZDLF,KINCORA COPPER LTD
1974044,MNY,MoneyHero Ltd
1979005,AFJK,"Aimei Health Technology Co., Ltd."
1089872,GAIA,"GAIA, INC"
1918151,RGCCF,Relevant Gold Corp.
1982444,BDMD,Baird Medical Investment Holdings Ltd
1467761,FIEE,"FiEE, Inc."
1894942,FRFAF,Fresh Factory B.C. Ltd.
1720553,PHNMF,Phenom Resources Corp.
1726906,KCCFF,Kutcho Copper Corp.
1737339,JG,Aurora Mobile Ltd
1780201,LVLU,"Lulu's Fashion Lounge Holdings, Inc."
1356093,CREX,"CREATIVE REALITIES, INC."
1591890,FGNX,FG Nexus Inc.
1083522,JSDA,JONES SODA CO.
1873454,RYET,Ruanyun Edai Technology Inc.
1040130,PETS,PETMED EXPRESS INC
1753673,SJ,Scienjoy Holding Corp
1210708,STRR,"Star Equity Holdings, Inc."
1391933,QNTO,"QUAINT OAK BANCORP, INC."
1846084,JETMF,Global Crossing Airlines Group Inc.
1667313,ZDGE,"Zedge, Inc."
1733868,CNF,CNFinance Holdings Ltd.
1682241,MATH,Metalpha Technology Holding Ltd
1099160,BBGI,BEASLEY BROADCAST GROUP INC
1912884,RPGL,Republic Power Group Ltd
1772720,SPRU,SPRUCE POWER HOLDING CORP
1464165,BETRF,BetterLife Pharma Inc.
1877333,THCH,TH International Ltd
1817004,NXXT,"NEXTNRG, INC."
1270436,COHN,Cohen & Co Inc.
2018145,RDAC,Rising Dragon Acquisition Corp.
2031009,KAZR,Skyline Builders Group Holding Ltd
2051820,MLCI,Mount Logan Capital Inc.
911147,CNTY,CENTURY CASINOS INC /CO/
1262104,LITS,"Lite Strategy, Inc."
1993463,YSXT,"YSX Tech Co., Ltd"
1427901,GDSRF,Gold Strike Resources Corp.
1065078,NTIP,"NETWORK-1 TECHNOLOGIES, INC."
862692,CCEL,CRYO CELL INTERNATIONAL INC
1547546,LFT,"Lument Finance Trust, Inc."
1928722,INIKF,PopReach Corp
1828161,FTCI,"FTC Solar, Inc."
2032755,PFAI,Pinnacle Food Group Ltd
1738827,KLXE,"KLX Energy Services Holdings, Inc."
2000230,BRIA,BrilliA Inc
1994214,NOMA,Nomadar Corp.
880242,BLGO,"BIOLARGO, INC."
1370416,WPRT,WESTPORT FUEL SYSTEMS INC.
1085243,VTSI,"VirTra, Inc"
1425287,WKHS,Workhorse Group Inc.
1394039,CYDVF,Century Lithium Corp.
813298,DXLG,"DESTINATION XL GROUP, INC."
1138723,ARAY,ACCURAY INC
728385,BCHT,Birchtech Corp.
1123494,HBIO,HARVARD BIOSCIENCE INC
1743344,PYRGF,PyroGenesis Canada Inc.
1844971,VIP,Vulcan Infrastructure & Power Inc.
722313,NSYS,NORTECH SYSTEMS INC
1847806,GNS,Genius Group Ltd
1662774,QNCX,"Quince Therapeutics, Inc."
1956741,ZONE,"CleanCore Solutions, Inc."
1916331,NCI,Neo-Concept International Group Holdings Ltd
1904286,MIRA,"MIRA PHARMACEUTICALS, INC."
1701756,SDOT,Sadot Group Inc.
1790693,DGNOF,Diagnos Inc.
1388320,ATNM,"Actinium Pharmaceuticals, Inc."
1102993,LPSN,LIVEPERSON INC
1746119,VGES,Vanguard Green Investment Ltd
1865506,ZEO,Zeo Energy Corp.
1839530,XBP,"XBP Global Holdings, Inc."
1934642,MDBH,"MDB Capital Holdings, LLC"
56701,KOSS,KOSS CORP
1479480,CGDXF,XALI GOLD CORP.
1872525,SWAG,"Stran & Company, Inc."
1379006,NNVC,"NANOVIRICIDES, INC."
1796514,BTCT,BTC Digital Ltd.
1844417,ESLA,"Estrella Immunopharma, Inc."
1888525,MF,MindForge Inc.
896493,GPUS,"Hyperscale Data, Inc."
1967656,PFSB,"PFS Bancorp, Inc."
1534708,BLNE,"Beeline Holdings, Inc."
1549145,BIOF,"BLUE BIOFUELS, INC."
101295,UG,UNITED GUARDIAN INC
2038439,VWAV,"VisionWave Holdings, Inc."
1449792,PPSI,"PIONEER POWER SOLUTIONS, INC."
1005516,BOSC,BOS BETTER ONLINE SOLUTIONS LTD
1600983,KSCP,"Knightscope, Inc."
1275477,BMNM,"BIMINI CAPITAL MANAGEMENT, INC."
1775734,BENF,Beneficient
1387473,TIGCF,Triumph Gold Corp.
83350,RSRV,RESERVE PETROLEUM CO
1434524,CLIR,ClearSign Technologies Corp
1398805,BEEM,Beam Global
25895,CRWS,CROWN CRAFTS INC
1790607,EMGDF,Eminent Gold Corp.
872699,KDKGF,KLONDIKE GOLD CORP /FI
1041024,RMTI,"ROCKWELL MEDICAL, INC."
921299,KYNB,"KYNTRA BIO, INC."
1619544,JFU,9F Inc.
2039273,JAGU,Jaguar Uranium Corp.
1009922,NSFDF,NXT Energy Solutions Inc.
1997201,PSIG,PS International Group Ltd.
1537317,IEGCF,Independence Gold Corp.
1871983,ANGH,Anghami Inc
81955,RAND,RAND CAPITAL CORP
1038277,INIS,RADNOSTIX INC
1663038,QTZM,Quantum Genesis AI Corp.
1684662,VIPRF,SILVER VIPER MINERALS CORP.
1800890,LFLRF,LaFleur Minerals Inc..
1522767,MRMD,MARIMED INC.
1326205,IGC,"IGC Pharma, Inc."
1191832,KNGRF,Kingsmen Resources Ltd.
880406,HERZ,"Herzfeld Credit Income Fund, Inc"
1738906,YI,"111, Inc."
1563665,HRGN,"Harvard Apparatus Regenerative Technology, Inc."
1297937,PRKA,"PARKS AMERICA, INC"
1760233,GIFT,"GIFTIFY, INC."
1442236,QRHC,Quest Resource Holding Corp
1491434,SEOVF,SERNOVA CORP.
1610820,BCTX,BriaCell Therapeutics Corp.
1963088,ATCH,"AtlasClear Holdings, Inc."
1074871,MODD,"Modular Medical, Inc."
351998,DAIO,DATA I/O CORP
1504678,LOOP,"Loop Industries, Inc."
2027722,GRAN,Grande Group Ltd/HK
924396,CRSF,Crisp Momentum Inc.
1567663,ATCMF,ATICO MINING Corp
1938109,PAPL,Pineapple Financial Inc.
1571934,TAOX,TAO Synergies Inc.
1367993,HAFG,"Holistic Asset Finance Group Co., Ltd."
1877778,TTIPF,"Thiogenesis Therapeutics, Corp."
1643154,ITHUF,"iANTHUS CAPITAL HOLDINGS, INC."
1677940,BYSI,BeyondSpring Inc.
1489300,ZLME,Zhanling International Ltd
1724542,CLPS,CLPS Inc
45919,HHS,HARTE HANKS INC
1786318,IBATF,INTERNATIONAL BATTERY METALS LTD.
722572,FKWL,FRANKLIN WIRELESS CORP
1652935,ACTU,"ACTUATE THERAPEUTICS, INC."
1914805,BANL,CBL International Ltd
1726159,USGDF,AMERICAN PACIFIC MINING CORP
1045742,LIVE,LIVE VENTURES Inc
40570,JOB,GEE Group Inc.
1621906,WSTRF,Western Uranium & Vanadium Corp.
1561921,TELA,"TELA Bio, Inc."
1946021,HSPOF,Horizon Space Acquisition I Corp.
1828253,EVAX,Evaxion A/S
2032779,EHLD,Euroholdings Ltd.
1742195,ROMJF,Rubicon Organics Inc.
1213809,DYAI,DYADIC INTERNATIONAL INC
1415397,RAPH,Raphael Pharmaceutical Inc.
1759546,NRDE,Stark Novus Financial Inc.
1419336,APAAF,Appia Rare Earths & Uranium Corp.
1472466,LPSIF,LEGEND POWER SYSTEMS INC.
2027329,OPTH,Optimi Health Corp.
862651,INVU,"Investview, Inc."
1763950,LTRN,Lantern Pharma Inc.
1015739,AWRE,AWARE INC /MA/
1907223,GRML,Greenland Mines Ltd
1539850,STCB,"Starco Brands, Inc."
1333274,MERC,MERCER INTERNATIONAL INC.
1502292,PRHI,"Presurance Holdings, Inc."
1869601,EMCGF,Embrace Change Acquisition Corp.
1890361,ASPC,ASPAC III Acquisition Corp.
1808110,DDC,DDC Enterprise Ltd
1826397,AVX,AVAX ONE TECHNOLOGY LTD.
1928948,HTCO,High-Trend International Group
8177,AAME,ATLANTIC AMERICAN CORP
1724009,PRT,PermRock Royalty Trust
1661059,NXTC,"NextCure, Inc."
1742341,HKIT,HiTek Global Inc.
1401835,SRGZ,Star Gold Corp.
1721484,LGVN,Longeveron Inc.
1903392,CLRCF,ClimateRock
889353,SNTL,Sentinel Holdings Ltd.
1769484,BIOX,Bioceres Crop Solutions Corp.
1889123,FLD,"Fold Holdings, Inc."
1019742,BRKCF,BARKSDALE RESOURCES CORP.
1912847,USEA,United Maritime Corp
34285,RLBY,RELIABILITY INC
1680637,NUR,Nuran Wireless Inc.
1886894,SNAL,"Snail, Inc."
1871181,FOFA,"FAMILY OFFICE OF AMERICA, INC."
1584693,SSGC,SafeSpace Global Corp
1488039,ATOS,"ATOSSA THERAPEUTICS, INC."
1807689,FCCI,"FAST CASUAL CONCEPTS, INC."
1471727,SRXH,SRX Global Inc.
1420924,ADTI,"Adapti, Inc."
1596812,ENLV,Enlivex Ltd.
1895249,CNTM,"ConnectM Technology Solutions, Inc."
1820025,RDGMF,Ridgeline Minerals Corp
1449349,RDGL,VIVOS INC
1538495,ETST,"Earth Science Tech, Inc."
1928340,GDHG,GOLDEN HEAVEN GROUP HOLDINGS LTD.
826253,AUSI,AURA SYSTEMS INC
2092243,JAYGF,Blue Jay Gold Corp.
1770088,WIMI,WiMi Hologram Cloud Inc.
1998560,MIMI,Mint Inc Ltd
1089815,EHSI,Elite Health Systems Inc.
2072421,SNNF,"Seneca Bancorp, Inc."
1090396,TBTC,TABLE TRAC INC
867038,SPND,SPINDLETOP OIL & GAS CO
1654595,MDRR,"Medalist Diversified, Inc."
1666071,CDLX,"Cardlytics, Inc."
2000410,EURK,Eureka Acquisition Corp
2002453,STAK,STAK Inc.
1385818,AYTU,"AYTU BIOPHARMA, INC"
1081745,INLX,"INTELLINETICS, INC."
1339005,FEMY,FEMASYS INC
1832161,VIPZ,"VIP Play, Inc."
2049187,KMRK,K-TECH SOLUTIONS CO LTD
1735041,GTEC,Greenland Technologies Holding Corp.
1604191,GRDX,GridAI Technologies Corp.
1015647,AAUAF,ALMADEN MINERALS LTD
315545,PVCT,"PROVECTUS BIOPHARMACEUTICALS, INC."
2027037,GDGIF,"Gemdale Gold, Inc"
1828185,BRNS,Barinthus Biotherapeutics plc.
20639,ABCP,AmBase Corp
1058307,NXPL,NextPlat Corp
1094038,MRKR,"Marker Therapeutics, Inc."
2092446,AVAT,Avalanche Treasury Corp
1650196,VCGMF,Visionary Copper & Gold Mines Inc.
1953984,BCG,"Binah Capital Group, Inc."
1821468,YQ,17 Education & Technology Group Inc.
1512922,PETV,"PetVivo Holdings, Inc."
1954269,GSIW,Garden Stage Ltd
2011053,PBK,POWERBANK Corp
1720161,CTRM,Castor Maritime Inc.
924515,GTHP,GUIDED THERAPEUTICS INC
1788028,JSPR,"Jasper Therapeutics, Inc."
1346830,TVRD,"Tvardi Therapeutics, Inc."
747540,SPRS,SURGE COMPONENTS INC
1842556,EONR,EON Resources Inc.
25743,TXMD,"TherapeuticsMD, Inc."
1546853,SKKY,"Skkynet Cloud Systems, Inc."
725363,CVM,CEL SCI CORP
1941158,WETO,Wetour Robotics Ltd
1342325,CGDCF,Carlin Gold Corp
1307926,STSBF,South Star Battery Metals Corp.
1059689,NALG,North America Lithium & Gold Corp
1840780,LOCL,Local Bounti Corporation/DE
1752828,CELU,Celularity Inc
1678105,CAHO,Caro Holdings Inc.
1720893,BTAI,"BioXcel Therapeutics, Inc."
1279704,CLRB,"Cellectar Biosciences, Inc."
1943444,TRSG,Tungray Technologies Inc
1750593,DUO,Fangdd Network Group Ltd.
1812447,SKYQ,Sky Quarry Inc.
1976908,JDZG,JIADE Ltd
1643953,PRPL,"Purple Innovation, Inc."
1858007,GDST,Chi Special Acquisition Corp.
811522,QZMRF,QUARTZ MOUNTAIN RESOURCES LTD
1175151,CTSO,Cytosorbents Corp
1811115,RNLXY,Renalytix plc
1410738,VPLM,Voip-pal.com Inc
352955,CKX,"CKX LANDS, INC."
1173313,ABVC,"ABVC BIOPHARMA, INC."
1862463,AMOD,"ALPHA MODUS HOLDINGS, INC."
1723047,VAUCF,Viva Gold Corp.
1982448,BLIV,BeLive Holdings
1753162,FTHM,Fathom Holdings Inc.
1084267,MOBQ,"Mobiquity Technologies, Inc."
1493130,MAPPF,PROSTAR HOLDINGS INC. /BC
1683408,RSGLF,Rocky Shore Gold Ltd.
2033383,FUSE,Fusemachines Inc.
1232582,AHT,ASHFORD HOSPITALITY TRUST INC
1095981,CNSY,"CERENOME, INC."
1111741,DYNR,"DYNARESOURCE, INC."
1066764,BESS,Bimergen Energy Corp
1860657,ALLR,"Allarity Therapeutics, Inc."
888981,NNUP,NOCOPI TECHNOLOGIES INC/MD/
1785494,WBQNL,Woodbridge Liquidation Trust
1709819,FEDU,Four Seasons Education (Cayman) Inc.
1041657,UONE,"URBAN ONE, INC."
1948697,SPPL,SIMPPLE LTD.
1653909,BIRD,"Smartbird, Inc."
1893645,PLRZ,Polyrizon Ltd.
1500620,BGAVF,Bravada Gold Corp
1987189,SLGB,Smart Logistics Global Ltd
1708441,MYND,"Mynd.ai, Inc."
1597846,GRNQ,Greenpro Capital Corp.
1030471,UTSI,UTSTARCOM HOLDINGS CORP.
2013807,FOXX,Foxx Development Holdings Inc.
2030522,MWYN,"Marwynn Holdings, Inc."
1472072,CCM,Concord Medical Services Holdings Ltd
1544770,BONXF,BONTERRA RESOURCES INC.
315958,CRMZ,CREDITRISKMONITOR COM INC
1481241,PSHG,Performance Shipping Inc.
2055938,GRLMF,GreenLight Metals Inc.
1412486,COCP,"Cocrystal Pharma, Inc."
1919191,ITHR,"Intelithrive, Inc."
1409036,TARSF,Silver North Resources Ltd.
1418149,HLRTF,Hillcrest Energy Technologies Ltd.
946563,RVP,RETRACTABLE TECHNOLOGIES INC
1858685,BFRI,Biofrontera Inc.
1591956,ANY,Sphere 3D Corp.
1847064,PSQH,"PSQ Holdings, Inc."
909724,TLF,TANDY LEATHER FACTORY INC
1045942,TRCK,"Track Group, Inc."
1602842,ORIO,Orion Digital Corp.
1191070,NEUP,Neuphoria Therapeutics Inc.
1978811,GOVB,"Gouverneur Bancorp, Inc./MD/"
1854445,BTLN,"Glimpse Group, Inc."
1919776,DETX,"LIBERTY DEFENSE HOLDINGS, LTD."
1437517,CLOQ,"CYBERLOQ TECHNOLOGIES, INC."
1474167,COSM,Cosmos Health Inc.
1771885,QNTM,Quantum Biopharma Ltd.
1711012,AIHS,Senmiao Technology Ltd
1944399,PDC,Perpetuals.com Ltd
1905688,MAUUF,AERO ENERGY Ltd
1487197,BRFH,BARFRESH FOOD GROUP INC.
1377149,CRVW,CareView Communications Inc
1595527,NYC,American Strategic Investment Co.
1119083,MNDO,MIND CTI LTD
1855467,MOBX,"MOBIX LABS, INC"
2040290,LGPS,LOGPROSTYLE INC.
1607962,LFWD,Lifeward Ltd.
1883437,EPSM,Epsium Enterprise Ltd
1066923,FTFT,Future FinTech Group Inc.
2024114,TGHL,GrowHub Ltd
1086745,FABC,"Fabric.AI, Inc."
1321834,QCLS,"Q/C TECHNOLOGIES, INC."
1879293,MMCP,"Mag Mile Capital, Inc."
1432588,BHSIF,BAYHORSE SILVER INC.
1783036,NCEL,NewcelX Ltd.
1261002,GNOLF,GENOIL INC
1007019,JVA,COFFEE HOLDING CO INC
1021917,AWCA,"Awaysis Capital, Inc."
1708341,AIFA,"All In FutureTech Alliance, Inc."
1630176,HYEX,HEALTHY EXTRACTS INC.
1563568,AZIO,"AZIO AI HOLDINGS, INC."
1979887,XCH,XCHG Ltd
1995116,RECT,Rectitude Holdings Ltd.
1825024,OPAD,Offerpad Solutions Inc.
788611,NTRP,"NextTrip, Inc."
1935418,FMST,Foremost Clean Energy Ltd.
779544,ARKR,ARK RESTAURANTS CORP
1992500,LRRIF,Lion Rock Resources Inc.
1899005,BMR,Beamr Imaging Ltd.
843006,ACCS,ACCESS Newswire Inc.
1462223,NIXX,"Nixxy, Inc."
2000366,SCAG,Scage Future
1437750,TRXA,T-REX Acquisition Corp.
1859022,NPRFF,Nepra Foods Inc.
1500198,NMTC,NEUROONE MEDICAL TECHNOLOGIES Corp
1999297,DSY,Big Tree Cloud Holdings Ltd
1657214,ILAL,International Land Alliance Inc.
1891944,PMEC,Primech Holdings Ltd
2027160,VNTG,Vantage Corp (Singapore)
1817740,AUST,Austin Gold Corp.
1876766,LICN,Lichen International Ltd
799850,CRMT,AMERICAS CARMART INC
1666782,IRVRF,Irving Resources Inc.
797465,STLY,"HG Holdings, Inc."
1949257,RADX,Radiopharm Theranostics Ltd
2021688,UFG,Uni-Fuels Holdings Ltd
1672571,AAQL,Antiaging Quantum Living Inc.
1940674,SMX,SMX (Security Matters) Public Ltd Co
2007702,HKPD,"Cellyan Biotechnology Co., Ltd"
1307579,LIQT,LIQTECH INTERNATIONAL INC
1755237,CYCN,"Cyclerion Therapeutics, Inc."
1077640,WMLLF,Wealth Minerals Ltd.
1948436,JL,J-Long Group Ltd
2045300,PRNCF,Prince Silver Corp.
1017655,PAYD,PAID INC
1735514,OHCFF,Light AI Inc.
1872090,YXT,YXT.COM GROUP HOLDING Ltd
2064764,PLSM,Pulsenmore Ltd.
1684688,ATCX,ATLAS CRITICAL MINERALS Corp
2060083,FOFO,"Hang Feng Technology Innovation Co., Ltd."
1004989,SGRP,"SPAR Group, Inc."
1821175,MSGM,Motorsport Games Inc.
847942,STQN,STRATEGIC ACQUISITIONS INC /NV/
1638911,DUKR,DUKE Robotics Corp.
1711786,RKTO,Rocket One Inc.
1960355,EXYN,"Exyn Technologies, Inc."
1903995,MGIH,Millennium Group International Holdings Ltd
1460702,AIXC,"AIxCrypto Holdings, Inc."
1991261,SKK,SKK Holdings Ltd
1718939,IDAI,T Stamp Inc
1852354,ARLSF,ARGO GRAPHENE SOLUTIONS CORP.
911216,PTN,PALATIN TECHNOLOGIES INC
877028,TWOSF,T2 Metals Corp.
1713923,AIJTY,Jianpu Technology Inc.
1707303,DOGZ,Dogness (International) Corp
1988776,MRNO,Murano Global Investments Plc
1888980,LRE,"LEAD REAL ESTATE CO., LTD"
1158780,PLUR,Pluri Inc.
1593001,NGTF,"NightFood Holdings, Inc."
1382574,SCNX,"Scienture Holdings, Inc."
1841330,KTTA,Pasithea Therapeutics Corp.
1740797,AVAI,"AVAI BIO, INC."
1106213,SFRX,SEAFARER EXPLORATION CORP
1509646,FENG,Phoenix New Media Ltd
1346610,SOS,SOS Ltd
1883835,ESGH,ESG Inc.
1980210,WFF,WF Holding Ltd
1544227,TPST,"Tempest Therapeutics, Inc."
1570843,GEBRF,Greenbriar Sustainable Living Inc.
1348362,LEXX,Lexaria Bioscience Corp.
2111846,GYGY,Game Your Game Inc.
924168,EFOI,"ENERGY FOCUS, INC/DE"
1847986,DFLI,Dragonfly Energy Holdings Corp.
1652561,DQWS,DSwiss Inc
2009714,TMDE,TMD Energy Ltd
1534133,CALC,"CalciMedica, Inc."
1716338,JF,J & Friends Holdings Ltd
1535955,LPCN,Lipocine Inc.
1355839,IPM,INTELLIGENT PROTECTION MANAGEMENT CORP.
1897532,PASW,"Ping An Biomedical Co., Ltd."
1988634,POWMF,Power Metal Resources PLC
1794942,SKFG,"Stark Focus Group, Inc."
1961847,INHD,INNO HOLDINGS INC.
2044327,CFND,C1 Fund Inc.
1780731,EPOW,E-Power Inc.
1982012,TLIH,Ten-League International Holdings Ltd
1519472,SMXT,"SolarMax Technology, Inc."
2030834,ONEG,OneConstruction Group Ltd
948708,SMSI,"SMITH MICRO SOFTWARE, INC."
1524769,CHKR,CHESAPEAKE GRANITE WASH TRUST
1997296,MDCX,Medicus Pharma Ltd.
2001699,HPAI,Helport AI Ltd
1826660,WETH,Wetouch Technology Inc.
1769624,ILLR,Triller Group Inc.
875355,TULP,"BLOOMIA HOLDINGS, INC."
1580149,BIVI,BIOVIE INC.
803578,AIFF,"FIREFLY NEUROSCIENCE, INC."
1868419,CYCU,"Cycurion, Inc."
1534248,CMMB,Chemomab Therapeutics Ltd.
1916241,PRZO,ParaZero Technologies Ltd.
2011458,ZTG,Zenta Group Co Ltd
1778982,HUIZ,Huize Holding Ltd
1427570,HIND,"Vyome Holdings, Inc"
1809267,DGCOF,Daura Capital Corp.
1422532,RKHNF,ROCKHAVEN RESOURCES LTD
1424864,RYES,Rise Gold Corp.
1401914,DARE,"Dare Bioscience, Inc."
793524,REFR,RESEARCH FRONTIERS INC
1683274,RYOOF,Rio Silver Inc.
825324,GTIM,Good Times Restaurants Inc.
1603793,NRIS,"Norris Industries, Inc."
1948443,RAY,Raytech Holding Ltd
1869467,SVRN,OceanPal Inc.
1105101,GIGM,GIGAMEDIA Ltd
1677897,UPYY,UPAY
320017,LSTA,"LISATA THERAPEUTICS, INC."
1805833,SST,"System1, Inc."
1506251,CTXR,"Citius Pharmaceuticals, Inc."
1912582,AIEV,"Thunder Power Holdings, Inc."
1567264,INTS,"INTENSITY THERAPEUTICS, INC."
1479419,KALA,"KALA BIO, Inc."
1311673,YTFD,"Yale Transaction Finders, Inc."
736012,INTZ,INTRUSION INC
1254435,PEXZF,PACIFIC RIDGE EXPLORATION LTD
1450894,IAALF,IBC Advanced Alloys Corp.
1333822,LEDS,SemiLEDs Corp
1459188,CHEV,Charging Robotics Inc.
2092967,FRTT,Fort Technology Inc
1114859,GLOH,"Glow Holdings, Inc."
925741,BCDA,"BioCardia, Inc."
1001907,ASTC,ASTROTECH Corp
1743971,MOGU,MOGU Inc.
1686000,JGLDF,Japan Gold Corp.
1892316,LDDD,Longduoduo Co Ltd
87050,NEON,Neonode Inc.
7623,ARTW,ARTS WAY MANUFACTURING CO INC
1083743,FLUX,"Flux Power Holdings, Inc."
1282224,DLPN,"Dolphin Entertainment, Inc."
878932,EQS,"EQUUS TOTAL RETURN, INC."
1953021,MPU,Mega Matrix Inc
908311,CMCT,Creative Media & Community Trust Corp
1782309,EDTK,Skillful Craftsman Education Technology Ltd
840715,CLRO,CLEARONE INC
1814215,BURU,"Nuburu, Inc."
908259,OTLC,"Oncotelic Therapeutics, Inc."
1819794,HTOO,Fusion Fuel Green PLC
1875609,SWVL,Swvl Holdings Corp
709005,NROM,NOBLE ROMANS INC
1939780,UCAR,U Power Ltd
912061,NHTC,NATURAL HEALTH TRENDS CORP
1729653,STLNF,Stallion Uranium Corp.
1541157,AKTX,Akari Therapeutics Plc
1527599,SYBX,"SYNLOGIC, INC."
1897245,HWH,HWH International Inc.
1502557,KPEA,Kun Peng International Ltd.
2017758,LHAI,Linkhome Holdings Inc.
1912966,RGNT,REGENTIS BIOMATERIALS LTD.
314227,TOMZ,"TOMI Environmental Solutions, Inc."
764630,AETN,"AETERNUM HEALTH, INC."
1799290,EBON,Ebang International Holdings Inc.
1495730,GMVMF,GMV Minerals Inc.
1463978,BKUCF,BLUE SKY URANIUM CORP.
1831868,ICU,SeaStar Medical Holding Corp
1487718,BLTH,"AMERICAN BATTERY MATERIALS, INC."
1584547,GP,GREENPOWER MOTOR Co INC.
1174891,GEDC,"TerraVolt Holdings, Inc."
1787297,PASG,"Passage BIO, Inc."
10048,BRN,BARNWELL INDUSTRIES INC
1715272,GRAPF,First Canadian Graphite Inc.
2006986,ADGM,"Adagio Medical Holdings, Inc."
914139,PRKR,PARKERVISION INC
1648960,MYSE,"Myseum.AI, Inc."
1706524,FLZH,"Flash Sports & Media Holdings, Inc."
1122020,PCSV,"PCS Edventures!, Inc."
1758124,CNTMF,Fluent Corp.
1414382,CLEV,Concrete Leveling Systems Inc
1775898,UCL,uCloudlink Group Inc.
1411690,BNGO,"Bionano Genomics, Inc."
1875091,NRSN,NeuroSense Therapeutics Ltd.
1966678,ZDAI,"DirectBooking Technology Co., Ltd."
1513525,ADIL,"ADIAL PHARMACEUTICALS, INC."
1403870,GARWF,Golden Arrow Resources Corp
2020737,CABR,"Caring Brands, Inc."
1557440,COGDF,Compass Gold Corp
1505155,UPLD,"Upland Software, Inc."
1070050,APCX,AppTech Payments Corp.
1729637,KARX,Karbon-X Corp.
1963439,TURB,"Turbo Energy, S.A."
1318482,KDOZF,KIDOZ INC.
1065823,FNFI,FIRST NILES FINANCIAL INC
1981519,MMA,MIXED MARTIAL ARTS GROUP LTD
2027360,RCT,RedCloud Holdings plc
1371128,NEWH,"NewHydrogen, Inc."
109657,GTBP,"GT Biopharma, Inc."
1759614,YJ,Yunji Inc.
1101433,QMCI,QUOTEMEDIA INC
1864943,FGI,FGI Industries Ltd.
1134982,AAPI,"Apple iSports Group, Inc."
1310630,CFOO,China Foods Holdings Ltd.
1607807,NVGLF,NV Gold Corp
1972529,BTOC,Armlogi Holding Corp.
1687277,RETO,"ReTo Eco-Solutions, Inc."
1791725,HUDI,"Huadi International Group Co., Ltd."
1533040,PHIO,Phio Pharmaceuticals Corp.
926617,AWHL,Aspira Women's Health Inc.
1959994,COOT,Australian Oilseeds Holdings Ltd
1006045,IRIX,IRIDEX CORP
1605481,NGLD,Nevada Canyon Gold Corp.
1964314,JBDI,JBDI Holdings Ltd
2041829,CHOW,ChowChow Cloud International Holdings Ltd
787253,NAII,NATURAL ALTERNATIVES INTERNATIONAL INC
1282571,GRNL,GREENLITE VENTURES INC
1979610,WXM,WF International Ltd.
1068897,FXBY,FOXBY CORP.
1999111,MTTAF,Meta Critical Minerals Inc.
1941029,ADVB,Advanced Biomed Inc.
1819438,GWH,"ESS Tech, Inc."
1138476,PFHO,PACIFIC HEALTH CARE ORGANIZATION INC
2032545,CJMB,CALLAN JMB INC.
1848782,PLCKF,Plurilock Security Inc.
1295514,MDWK,"MDWerks, Inc."
900391,NTZ,NATUZZI S P A
1498403,BLRX,BioLineRx Ltd.
1376793,CVAT,"Cavitation Technologies, Inc."
1839285,HCTI,"Healthcare Triangle, Inc."
1725332,ALAR,Alarum Technologies Ltd.
1169760,CMGHF,CHAODA MODERN AGRICULTURE HOLDINGS LTD /FI
1140215,REED,"REED'S, INC."
1056358,MTEX,MANNATECH INC
1684425,PETZ,"TDH Holdings, Inc."
1378590,BLIN,"Bridgeline Digital, Inc."
1997637,IOTR,iOThree Ltd
1816133,FRECF,Frequency Exchange Corp.
1304161,PBSV,"Pharma-Bio Serv, Inc."
1321851,SEED,Origin Agritech LTD
312257,IVFH,INNOVATIVE FOOD HOLDINGS INC
1977971,ALTUF,Altura Energy Corp.
1061612,JPOTF,Jackpot Digital Inc.
1858994,RSMXF,Regency Silver Corp.
1818274,ARAI,Arrive AI Inc.
1863990,MSAI,"MultiSensor AI Holdings, Inc."
1524326,ENDMF,Enduro Metals Corp.
1982960,KNRX,KNOREX LTD.
1420049,COPAF,COPAUR MINERALS INC.
1965143,NVNI,Nvni Group Ltd
1329606,CETY,"Clean Energy Technologies, Inc."
1804469,GFAI,"Guardforce AI Co., Ltd."
2029138,SAGT,SAGTEC GLOBAL Ltd
1712294,CPIVF,CAPTIVA VERDE WELLNESS CORP.
1472091,PDSB,PDS Biotechnology Corp
1578348,ICMB,"Investcorp Credit Management BDC, Inc."
1836747,TRUFF,Red Light Holland Corp.
1589061,GYRO,"Gyrodyne, LLC"
1602409,FNGR,"FingerMotion, Inc."
2072188,BIOT,INSTINCT BIO TECHNICAL CO HOLDINGS INC.
1372514,KPRX,KIORA PHARMACEUTICALS INC
2020027,CLIK,Click Holdings Ltd.
1659617,MBRX,"Moleculin Biotech, Inc."
1872964,MTEK,Maris Tech Ltd.
1026662,CLWT,EURO TECH HOLDINGS CO LTD
1901931,KLGDF,Kalo Gold Corp.
829323,INUV,"Inuvo, Inc."
1006028,PURE,"PURE BIOSCIENCE, INC."
1895618,GXAI,GAXOS.AI INC.
31667,EDUC,EDUCATIONAL DEVELOPMENT CORP
1851491,AMSS,AMASS BRANDS
1805521,FFAI,FARADAY FUTURE INTELLIGENT ELECTRIC INC.
1816815,BON,Bon Natural Life Ltd
1817083,ELECF,Electric Royalties Ltd.
1781193,QH,QUHUO Ltd
1699709,VNOV,VitaNova Life Sciences Corp
1117057,PLAG,Planet Green Holdings Corp.
1771995,APHP,American Picture House Corp
1743905,RVSN,Rail Vision Ltd.
1481504,XERI,"XERIANT, INC."
1671502,QNRX,"Quoin Pharmaceuticals, Ltd."
1009891,AIRI,AIR INDUSTRIES GROUP
1784970,NXTT,Next Technology Holding Inc.
1740279,INAB,"IN8BIO, INC."
1787518,DFNS,T3 Defense Inc.
1854270,SNTI,"Senti Biosciences Holdings, Inc."
1557376,ZEOX,"Zeo ScientifiX, Inc."
2044241,THH,TryHard Holdings Ltd
1873093,GDTC,CytoMed Therapeutics Ltd
1967397,LZMH,LZ Technology Holdings Ltd
1828748,ASFH,ASIAFIN HOLDINGS CORP.
1584831,OXBR,OXBRIDGE RE HOLDINGS Ltd
1493137,LCTC,"Lifeloc Technologies, Inc"
1468492,HSCS,HeartSciences Inc.
1866460,MILIF,Military Metals Corp.
1509705,NZERF,New Zealand Energy Corp.
894158,TOVX,"Theriva Biologics, Inc."
1847345,ASBP,"Aspire Biopharma Holdings, Inc."
1707910,REBN,"Reborn Coffee, Inc."
1996192,QNME,"Quanome Technologies, Inc."
1645155,WBSR,Webstar Technology Group Inc.
1610590,MBAI,Check-Cap Ltd
1756064,OBAI,"Our Bond, Inc."
1192323,SPST,Superstar Platforms Inc.
1922335,SYRA,Syra Health Corp
1137883,BCLI,BRAINSTORM CELL THERAPEUTICS INC.
1836503,CEXYF,GIANT MINING CORP.
1543652,FFLO,"Free Flow USA, Inc."
1913749,GMM,Global Mofy AI Ltd
1689448,LILIF,Argentina Lithium & Energy Corp.
1411685,VTGN,"Vistagen Therapeutics, Inc."
1616262,RMCF,"Rocky Mountain Chocolate Factory, Inc."
838875,WVVI,WILLAMETTE VALLEY VINEYARDS INC
2028293,RAIN,"Rain Enhancement Technologies Holdco, Inc."
1930419,ALRTF,ALR Technologies SG Ltd.
1651932,XITO,"Xenous Holdings, Inc."
1061069,AWX,AVALON HOLDINGS CORP
1096296,RITE,MINERALRITE Corp
1829247,BFRG,"BullFrog AI Holdings, Inc."
1624985,SFCX,SUPA Consolidated Inc.
2013792,EWSB,"EWSB Bancorp, Inc. /MD/"
1133519,MCUJF,MEDICURE INC
1160420,ADIA,"Adia Nutrition, Inc."
1527702,IQST,iQSTEL Inc
1304409,AHNRF,ATHENA GOLD CORP
1171838,SUND,"Sundance Strategies, Inc."
1042418,INTI,"Inhibitor Therapeutics, Inc."
890394,PRSO,Peraso Inc.
885307,JCTC,JEWETT CAMERON TRADING CO LTD
1014763,AIMD,"Ainos, Inc."
1269026,SINT,"Sintx Technologies, Inc."
1803407,OST,"Ostin Technology Group Co., Ltd."
1853599,CCOOF,CORE SILVER CORP.
1621832,AQMS,"Aqua Metals, Inc."
1781983,APRE,"Aprea Therapeutics, Inc."
1781446,GAUZ,Gauzy Ltd.
19871,CVR,CHICAGO RIVET & MACHINE CO
1677084,GPMTF,GPM Metals Inc.
1638287,MTVA,MetaVia Inc.
1948294,NWGL,CL Workshop Group Ltd
2082729,CBAI,Coolbit Technologies Ltd
32621,MSN,EMERSON RADIO CORP
1544883,WLFFF,Wolfden Resources Corp
1753373,MTWO,"M2i Global, Inc."
1487798,ECTM,ECA Marcellus Trust I
1707919,CENN,Cenntro Inc.
62362,MARPS,MARINE PETROLEUM TRUST
2013320,ELOG,Eastern International Ltd.
1419793,OCLN,"ORIGINCLEAR, INC."
744825,AMS,AMERICAN SHARED HOSPITAL SERVICES
1777319,CISO,"CISO Global, Inc."
1926792,SFHG,SAMFINE CREATION HOLDINGS GROUP Ltd
1527728,LNAI,Lunai Bioworks Inc.
1829809,BBBMF,Lux Metals Corp.
1592560,VSA,VisionSys AI Inc
1837607,AEON,"AEON Biopharma, Inc."
1870600,SBDS,"Solo Brands, Inc."
1956166,PMA,Ming Shing Group Holdings Ltd
1425061,ZCRMF,Golden Cross Resources Inc.
1104038,VRME,"VerifyMe, Inc."
87802,SCND,SCIENTIFIC INDUSTRIES INC
1859199,AIRE,reAlpha Tech Corp.
1282980,DROR,"Dror Ortho-Design, Inc."
875729,BNET,BION ENVIRONMENTAL TECHNOLOGIES INC
1565146,GULTU,Gulf Coast Ultra Deep Royalty Trust
2030617,PMI,"Picard Medical, Inc."
1568969,LOTT,Techlott Inc.
1803977,LIMX,Limitless X Holdings Inc.
1660046,IMRN,Immuron Ltd
2048847,FCHDF,Fairchild Gold Corp.
1931717,CCTG,CCSC Technology International Holdings Ltd
1760903,BNKK,"BONK, INC."
1498067,SKTG,SKYTECH ORION GLOBAL CORP.
1096938,UEEC,"United Health Products, Inc."
1840425,OSRH,"OSR Health, Inc."
1726711,ADTX,"Aditxt, Inc."
749647,IMNN,"Imunon, Inc."
22701,SUNE,"SUNation Energy, Inc."
1619096,SNTW,Summit Networks Inc.
1628935,APMCF,MORIEN RESOURCES CORP.
1932072,LOBO,LOBO TECHNOLOGIES LTD.
1898766,TPET,Trio Petroleum Corp
1516551,SKYE,"Skye Bioscience, Inc."
1410428,XWEL,"XWELL, Inc."
1713539,KXIN,Kaixin Holdings
1958777,FBLG,"FibroBiologics, Inc."
1427728,YNVYF,YNVISIBLE INTERACTIVE INC.
1944902,OMH,Ohmyhome Ltd
1868866,HAMRF,SILVER HAMMER MINING CORP
1948864,HCWC,HEALTHY CHOICE WELLNESS CORP.
1807893,SPFX,"STANDARD PREMIUM FINANCE HOLDINGS, INC."
2041338,TDIC,Dreamland Ltd
1552670,TAOP,Taoping Inc.
2004024,LHSW,Lianhe Sowell International Group Ltd
812796,SNGX,"SOLIGENIX, INC."
1096275,WKSP,Worksport Ltd
2019435,BGL,Blue Gold Ltd
1574565,EVGN,Evogene Ltd.
1820875,CXAI,CXApp Inc.
1905511,JCSE,JE Cleantech Holdings Ltd
1141964,PCMC,PUBLIC CO MANAGEMENT CORP
1853070,SOAR,"Volato Group, Inc."
1534525,XBIO,"Xenetic Biosciences, Inc."
1854480,DEVSF,DevvStream Corp.
1729427,CNSP,"CNS Pharmaceuticals, Inc."
1190370,IVDN,INNOVATIVE DESIGNS INC
1923780,NCL,Northann Corp.
888721,TRIB,TRINITY BIOTECH PLC
1933951,INEO,INNEOVA Holdings Ltd
1754180,VNTXF,FORTE GROUP HOLDINGS INC.
1356371,AMLM,"AMERICAN LITHIUM MINERALS, INC."
1958399,HCAI,"Huachen AI Parking Management Technology Holding Co., Ltd"
1673481,SEGG,Sports Entertainment Gaming Global Corp
845819,KTEL,"KonaTel, Inc."
1130598,TRAW,"Traws Pharma, Inc."
1938046,MGRX,"MANGOCEUTICALS, INC."
1949864,MGNC,Mag Magna Corp
1701478,AZTR,"Azitra, Inc."
1882781,CBLO,"C2 Blockchain, Inc."
1908705,GLE,Global Engine Group Holding Ltd
1376231,VPRB,"VPR Brands, LP."
1718224,BTBD,"BT Brands, Inc."
1967822,CGTL,Creative Global Technology Holdings Ltd
1757715,ATER,"Aterian, Inc."
1103833,CRWE,"Crown Equity Holdings, Inc."
2058584,DKI,DarkIris Inc.
1701963,VS,Versus Systems Inc.
1967631,NAMI,Jinxin Technology Holding Co
1989815,TRGEF,Targa Exploration Corp.
1861479,TRGXF,Terra Rossa Gold Ltd.
1187953,CELZ,"CREATIVE MEDICAL TECHNOLOGY HOLDINGS, INC."
1840317,VEEA,VEEA INC.
1042187,YHGJ,YUNHONG GREEN CTI LTD.
1549631,QURT,"Quarta-Rad, Inc."
1969401,UZX,Linkage Global Inc
1572386,GWTI,"GREENWAY TECHNOLOGIES, INC. & SUBSIDIARIES"
1477201,BCUFF,Bell Copper Corp
2103596,GFTFF,Grafton Resources Inc.
1815566,IFBD,"Infobird Co., Ltd"
1692415,CODX,"Co-Diagnostics, Inc."
1414953,MOJO,EQUATOR Beverage Co
1728328,INM,InMed Pharmaceuticals Inc.
1957001,FEBO,Fenbo Holdings Ltd
946644,AIM,AIM ImmunoTech Inc.
1534154,AUID,authID Inc.
1584371,ICCM,IceCure Medical Ltd.
1938186,JYD,Jayud Global Logistics Ltd
1713979,TRRFF,TRIFECTA GOLD LTD
1836242,TKLF,"Tokyo Lifestyle Co., Ltd."
1854257,TBLLF,Tombill Mines Ltd
1821424,UK,Ucommune International Ltd
1853816,DRMA,"Dermata Therapeutics, Inc."
1415744,NMEX,NORTHERN MINERALS & EXPLORATION LTD.
1635077,ACON,"Aclarion, Inc."
29332,DXYN,DIXIE GROUP INC
1930179,ARBB,ARB IOT Group Ltd
2004489,BMGL,Basel Medical Group Ltd
1745078,VYND,"Vynleads, Inc."
1819704,MRM,Medirom Healthcare Technologies Inc.
1085921,MMTIF,MICROMEM TECHNOLOGIES INC
1443863,BICX,BioCorRx Inc.
2110423,DTSS,Datasea Intelligent Technology Ltd.
1314196,OLB,"OLB GROUP, INC."
1875016,YMAT,"J-Star Holding Co., Ltd."
1888740,LSEB,LSEB Creative Corp.
1680139,HLYK,HealthLynked Corp
1388295,ONEI,OneMeta Inc.
1372114,KLYG,"Kelyniam Global, Inc."
1807166,AMST,Amesite Inc.
1698530,XCUR,"EXICURE, INC."
1648636,TRLEF,Trillion Energy International Inc.
1588014,ADMQ,"ADM ENDEAVORS, INC."
1889791,INNPF,INNOCAN PHARMA Corp
2025942,CURX,Curanex Pharmaceuticals Inc
1995704,CUPR,Cuprina Holdings (Cayman) LTD
1831979,SDST,Stardust Power Inc.
1889352,CMHSF,COMPREHENSIVE HEALTHCARE SYSTEMS INC. (CANADA)
845385,PIAC,PRINCETON CAPITAL CORP
1527352,NXL,"Nexalin Technology, Inc."
1725430,INBS,INTELLIGENT BIO SOLUTIONS INC.
1641281,BOLT,"Bolt Biotherapeutics, Inc."
1661053,NVNO,enVVeno Medical Corp
1936817,HXHX,Haoxin Holdings Ltd
1419951,DTST,Data Storage Corp
1716947,ENSC,"Ensysce Biosciences, Inc."
1179821,BGI,BIRKS GROUP INC.
1536196,CANF,Can-Fite BioPharma Ltd.
1951229,RITR,Reitar Logtech Holdings Ltd
1398713,URZEF,URZ3 ENERGY CORP.
1677077,ALZN,"Alzamend Neuro, Inc."
1894525,APUS,"Apimeds Pharmaceuticals US, Inc."
1470683,AEHL,Antelope Enterprise Holdings Ltd
2075349,SERPY,Top End Energy Ltd/ADR
1948099,MTEN,Mingteng International Corp Inc.
2024876,EDHL,Everbright Digital Holding Ltd.
1681682,NDRA,ENDRA Life Sciences Inc.
1894954,XPON,Expion360 Inc.
1649009,CHAI,"Core AI Holdings, Inc."
1792941,GNVR,Genvor Inc
1934245,NWTG,"Newton Golf Company, Inc."
1894693,SVRE,SaverOne 2014 Ltd.
1970544,ITOC,iTonic Holdings Ltd
1815021,BQ,Boqii Holding Ltd
1734005,NIKI,"Niki BioSolutions, Inc."
1139685,AIDX,"20/20 Biolabs, Inc."
1603978,AQB,AQUABOUNTY TECHNOLOGIES INC
1364252,LTHIF,InZinc Mining Ltd.
1814963,ILAG,Intelligent Living Application Group Inc.
1481857,ORESF,Orestone Mining Corp.
1309082,CEIN,"CAMBER ENERGY, INC."
2024899,MFBI,"Monroe Federal Bancorp, Inc."
1976443,SYNX,Silynxcom Ltd.
835662,AIXN,"AiXin Life International, Inc."
1520556,AITTF,TRENCHANT TECHNOLOGIES CAPITAL CORP.
1527613,CIMG,CIMG Inc.
1023549,XTLB,XTL BIOPHARMACEUTICALS LTD
1494413,TWOH,Two Hands Corp
1536811,THURF,Thunderstruck Resources Ltd.
1123596,BABB,"BAB, INC."
66496,MMTRS,MILLS MUSIC TRUST
1367083,SNOA,"Sonoma Pharmaceuticals, Inc."
1680378,SNES,"SenesTech, Inc."
1958133,DXST,Decent Holding Inc.
1905920,GLXG,Galaxy Payroll Group Ltd
1966750,ZBAO,Zhibao Technology Inc.
921968,HVGDF,HARVEST GOLD CORP
2025218,DLXY,Delixy Holdings Ltd
1849820,KITT,"Nauticus Robotics, Inc."
1813419,NBLXF,Noble Plains Uranium Corp.
890821,ENVB,"Enveric Biosciences, Inc."
1716770,WAFU,Wah Fu Education Group Ltd
1971387,LIMN,"Liminatus Pharma, Inc."
1641398,GDC,GD Culture Group Ltd
1119190,RWAX,"TAP REAL ESTATE TECHNOLOGIES, INC."
1788230,IPST,"IP STRATEGY HOLDINGS, INC."
1265521,PMHS,"Polomar Health Services, Inc."
1709626,NCNA,NuCana plc
2034400,BTTC,Black Titan Corp
1406944,TRBMF,TORQ RESOURCES INC.
1388994,CYDX,"CYduct Diagnostics, Inc."
1736243,ACXP,"Acurx Pharmaceuticals, Inc."
1088413,GLGI,"GREYSTONE LOGISTICS, INC."
1866146,IMIMF,Interra Copper Corp.
1742927,RVPH,"REVIVA PHARMACEUTICALS HOLDINGS, INC."
1342958,KUST,"KUSTOM ENTERTAINMENT, INC."
1357671,CRTD,"Creatd, Inc."
1590418,FCUV,FOCUS UNIVERSAL INC.
885462,GURE,"GULF RESOURCES, INC."
2056751,UUUFF,Recharge Resources Ltd.
2009233,AGRZ,Agroz Inc.
1779476,KRKR,36Kr Holdings Inc.
1870144,CDIO,"Cardio Diagnostics Holdings, Inc."
1731854,FASLF,First Andes Silver Ltd.
1533743,PCSA,"Processa Pharmaceuticals, Inc."
1554818,AUUD,AUDDIA INC.
1855509,VEEE,"Twin Vee PowerCats, Co."
1016504,INBP,INTEGRATED BIOPHARMA INC
1703625,NAPD,"NAPC Defense, Inc."
1631487,CLGN,CollPlant Biotechnologies Ltd
1849221,PMNT,Perfect Moment Ltd.
1873213,BRWC,Birdie Win Corp
1916416,INTJ,Intelligent Group Ltd
2002236,SPHL,SPRINGVIEW HOLDINGS LTD
1835615,MHUAF,"Meihua International Medical Technologies Co., Ltd."
1593184,BRGX,"BIOREGENX, INC."
1622345,POLA,"Polar Power, Inc."
748592,ERNA,Ernexa Therapeutics Inc.
1983324,RMSG,Real Messenger Corp
1840102,SPTY,"SPECIFICITY, INC."
1979407,ORKT,ORANGEKLOUD TECHNOLOGY INC.
1938534,FBGL,FBS Global Ltd
1805594,JWEL,Jowell Global Ltd.
1637147,ZSPC,"zSpace, Inc."
1130166,BGMS,"Bio Green Med Solution, Inc."
1937453,NIOMF,First American Uranium Inc.
1881472,MEGL,Magic Empire Global Ltd
1785566,ZCMD,Zhongchao Inc.
1937993,CVKD,"Cadrenal Therapeutics, Inc."
1627282,CWD,CaliberCos Inc.
1770236,MITQ,MOVING iMAGE TECHNOLOGIES INC.
1375348,GLNS,Golden Star Resource Corp.
1887673,WLDS,Wearable Devices Ltd.
1413745,YDKG,Yueda Digital Holding
1644903,YCBD,"cbdMD, Inc."
1342916,HNOI,"HNO International, Inc."
1716166,VVOS,"Vivos Therapeutics, Inc."
1505497,BRTX,"BioRestorative Therapies, Inc."
1157075,PMCB,"PharmaCyte Biotech, Inc."
923601,RIME,"Algorhythm Holdings, Inc."
1920092,GELS,Gelteq Ltd
1279620,ZDPY,"Zoned Properties, Inc."
1826892,BCAB,"BioAtla, Inc."
1128281,SKAS,"Saker Aviation Services, Inc."
1494558,AMBO,Ambow Education Holding Ltd.
1821806,LESL,"Leslie's, Inc."
1755101,ALDS,APPlife Digital Solutions Inc
1583771,HEPA,"Hepion Pharmaceuticals, Inc."
1083490,SRRE,SUNRISE REAL ESTATE GROUP INC
1022505,SDCH,"SideChannel, Inc."
1415332,LTUM,Lithium Corp
1574235,PULM,"Pulmatrix, Inc."
93314,VNRX,VOLITIONRX LTD
1875547,LCFY,Locafy Ltd
1115864,ILXP,ECOMINAS CORP.
746210,TWAV,"TaoWeave, Inc."
1962011,KAPA,"Kairos Pharma, LTD."
2003977,CRE,Cre8 Enterprise Ltd
1911545,GITS,"Global Interactive Technologies, Inc."
1959023,RENX,RenX Enterprises Corp.
1806524,LGHL,Lion Group Holding Ltd
1083220,XELB,"XCel Brands, Inc."
1852440,JZ,Jianzhi Education Technology Group Co Ltd
1929783,WOK,WORK Medical Technology Group LTD
944075,SCKT,"SOCKET MOBILE, INC."
1741489,ELVG,"Elvictor Group, Inc."
1415758,NVSGF,Nevada Sunrise Metals Corp.
1588084,TANH,TANTECH HOLDINGS LTD
1816319,LYTHF,Lytus Technologies Holdings PTV. Ltd.
1927026,OBULF,One Bullion Ltd
1099369,DSNY,DESTINY MEDIA TECHNOLOGIES INC
1854526,BRQL,DYNAMIC AEROSPACE SYSTEMS Corp
2024258,POAS,PHAOS TECHNOLOGY HOLDINGS (CAYMAN) Ltd
793628,CHNR,CHINA NATURAL RESOURCES INC
1031093,SVBL,"SILVER BULL RESOURCES, INC."
1993599,EUEMF,European Energy Metals Corp.
1780785,CNEY,CN ENERGY GROUP. INC.
2032341,CYAB,"CYABRA, INC."
1376321,CNET,ZW Data Action Technologies Inc.
1481443,TCRI,"TechCom, Inc."
1580490,IONI,I-ON Digital Corp.
1648087,AREB,AMERICAN REBEL HOLDINGS INC
1937737,MLEC,Moolec Science SA
1705402,AGMH,"AGM GROUP HOLDINGS, INC."
2079272,LABT,Lakewood-Amedex Biotherapeutics Inc.
1840563,ELAB,PMGC Holdings Inc.
73290,BMRA,BIOMERICA INC
79661,PRSI,PORTSMOUTH SQUARE INC
1953988,HLEO,Helio Corp /FL/
1594968,VEST,Loan Artificial Intelligence Corp.
1641631,XAIR,"Beyond Air, Inc."
1279715,IWSH,"Wright Investors Service Holdings, Inc."
1617867,AMIX,"Autonomix Medical, Inc."
1951667,CTNT,CHEETAH NET SUPPLY CHAIN SERVICE INC.
1688126,CRCW,Crypto Co
313364,MTR,MESA ROYALTY TRUST/TX
1738177,CMBMF,Cambium Networks Corp
1668010,DBGI,"Digital Brands Group, Inc."
1574232,ADXN,Addex Therapeutics Ltd.
2003061,STFS,Star Fashion Culture Holdings Ltd
1926293,GCDT,Green Circle Decarbonize Technology Ltd
1810467,SNTG,Sentage Holdings Inc.
1991592,INLF,INLIF Ltd
2074123,CCHH,CCH Holdings Ltd
1691221,FRSX,Foresight Autonomous Holdings Ltd.
1011509,AUMN,Golden Minerals Co
1435617,PWDY,"POWERDYNE INTERNATIONAL, INC."
2020228,MSGY,Masonglory Ltd
1960847,TOPP,Toppoint Holdings Inc.
1178697,SONM,"DNA X, Inc."
1950209,ZHDM,Ainnova Tech
1121795,GHST,GHST World Inc.
1585608,JAGX,"Jaguar Health, Inc."
1435064,CETX,CEMTREX INC
1993097,MASK,3 E Network Technology Group Ltd
1905660,HUBC,Hub Cyber Security Ltd.
723533,WYGC,Wenyuan Group Corp.
1737523,BGLC,BioNexus Gene Lab Corp
1492617,FWFW,"FLYWHEEL ADVANCED TECHNOLOGY, INC."
856984,USAQ,"QHSLab, Inc."
1650575,BRQSF,"Borqs Technologies, Inc."
1695295,HYFM,"HYDROFARM HOLDINGS GROUP, INC."
1781397,EEIQ,EpicQuest Education Group International Ltd
1709628,CSAI,"CLOUDASTRUCTURE, INC."
1813783,VMAR,Vision Marine Technologies Inc.
1019034,BKYI,BIO KEY INTERNATIONAL INC
1138586,XCRT,"Xcelerate, Inc."
1905956,TGL,TREASURE GLOBAL INC
1168981,LVRLF,CordovaCann Corp.
1122993,BMXI,BROOKMOUNT EXPLORATIONS INC
1810560,REVB,"REVELATION BIOSCIENCES, INC."
1296484,TOPS,TOP SHIPS INC.
1107421,TCRT,"Alaunos Therapeutics, Inc."
1671584,APVO,Aptevo Therapeutics Inc.
1402328,SBFM,Sunshine Biopharma Inc.
1751876,PAVS,Paranovus Entertainment Technology Ltd.
1028357,BITTF,BITTERROOT RESOURCES LTD
1326706,FEED,"ENvue Medical, Inc."
1560293,TNON,"Tenon Medical, Inc."
1959726,AZI,Autozi Internet Technology (Global) Ltd.
1807389,CPOP,"Pop Culture Group Co., Ltd"
1680048,MBIO,"MUSTANG BIO, INC."
1889823,DFSC,DEFSEC Technologies Inc.
1896752,SABOF,Sabio Holdings Inc.
1679628,JUNS,"JUPITER NEUROSCIENCES, INC."
1363598,NTRX,"Entrex Carbon Market, Inc."
1161814,KIQSF,KELSO TECHNOLOGIES INC
1830072,IPW,iPower Inc.
1990251,WCT,Wellchange Holdings Co Ltd
1026785,HIHO,HIGHWAY HOLDINGS LTD
1826011,PARA,"Banzai International, Inc."
1613979,ZPHYF,ZEPHYR MINERALS LTD.
1946703,WBUY,WEBUY GLOBAL LTD
1004724,RHEP,"REGIONAL HEALTH PROPERTIES, INC"
1510964,CVSI,"CV Sciences, Inc."
1785056,TRNR,"Interactive Strength, Inc."
1515317,MAGE,MAGELLAN COPPER & GOLD Corp
1828673,HCWB,HCW Biologics Inc.
1650101,ATXG,ADDENTAX GROUP CORP.
1392694,SURG,"SurgePays, Inc."
1879754,EHGO,EShallGo Inc.
1514183,SILO,"Silo Pharma, Inc."
1595353,GLMD,Galmed Pharmaceuticals Ltd.
1424657,CUEN,Cuentas Inc.
2030763,MEDS,"DataMeds AI, Inc."
2024656,FMFC,Kandal M Venture Ltd
1493712,STME,Stimcell Energetics Inc.
105744,GBR,"New Concept Energy, Inc."
1397183,IVDA,"Iveda Solutions, Inc."
1178526,VERTF,Vertiqal Studios Corp.
1199392,EGMCF,EMERGENT METALS CORP.
1824293,GRI,"GRI Bio, Inc."
1558569,ISPC,iSpecimen Inc.
1497253,VIVS,"VivoSim Labs, INC."
1736289,ROIUF,Route1 Inc.
1769768,EJH,E-Home Household Service Holdings Ltd
1080448,PGOL,PATRIOT GOLD CORP
1108205,CRIS,CURIS INC
1840416,SSM,Sono Group N.V.
887151,CAPS,Capstone Holding Corp.
1985337,YYGH,YY Group Holding Ltd.
1828098,STKH,Steakholder Foods Ltd.
1470129,VIIQ,VisitIQ Corp.
1892322,HTCR,"HeartCore Enterprises, Inc."
318299,SRCO,"SPARTA COMMERCIAL SERVICES, INC."
1611746,SPRC,SciSparc Ltd.
1946563,SXTP,"60 DEGREES PHARMACEUTICALS, INC."
1864055,ABTS,Abits Group Inc
1288614,KRTL,KRTL Holding Group Inc
1355790,ISCO,International Stem Cell CORP
1624512,BOXL,Boxlight Corp
1866034,AWLIF,Ameriwest Critical Metals Inc.
1553846,RDHL,RedHill Biopharma Ltd.
1393772,BUDZ,"WEED, INC."
836564,CPMV,Mosaic ImmunoEngineering Inc.
1995574,ICON,Icon Energy Corp
1095435,ALP,Alpha Compute Corp
2099727,INEOF,INEO Tech Corp.
1701261,FAMI,"Farmmi, Inc."
1172178,LBSR,LIBERTY STAR URANIUM & METALS CORP.
1739174,PHGE,BiomX Inc.
862022,HGTXU,HUGOTON ROYALTY TRUST
832489,GOVX,"GeoVax Labs, Inc."
1506983,GCTK,"Glucotrack, Inc."
1738758,CHR,"Cheer Holding, Inc."
1324759,HGYN,HONG YUAN HOLDING GROUP
1855485,CLDI,"Calidi Biotherapeutics, Inc."
1868050,CPCPF,CopperCorp Resources Inc.
1575858,PUBC,Purebase Corp
1935092,CETI,"Cyber Enviro-Tech, Inc."
1793895,CDTG,CDT Environmental Technology Investment Holdings Ltd
1468929,NXGL,"NEXGEL, INC."
1696025,KCRD,"Kindcard, Inc."
1969863,SUGP,SU Group Holdings Ltd
1809616,UPC,Universe Pharmaceuticals INC
1630212,CHGA,Change Agents Corporation.
1506492,NUWE,"Nuwellis, Inc."
846377,TGNT,"Totaligent, Inc."
1729214,XRTX,XORTX Therapeutics Inc.
1550913,MKZR,"MacKenzie Realty Capital, Inc."
1814067,LXEH,Lixiang Education Holding Co. Ltd.
1035422,CTTH,"CTT PHARMACEUTICAL HOLDINGS, INC."
894501,GRHI,"GOLD ROCK HOLDINGS, INC."
1951294,VSME,VS MEDIA Holdings Ltd
768408,CYAN,CYANOTECH CORP
1557798,CIIT,"Tianci International, Inc."
1595248,GNPX,"Genprex, Inc."
1433309,PLTYF,"Plastec Technologies, Ltd."
1717695,VRRCF,VR Resources Ltd.
1776067,OCG,Oriental Culture Holding LTD
1178660,TUTH,Standard Dental Labs Inc.
1349706,TOGI,"TurnOnGreen, Inc."
1943421,RUBI,Rubico Inc.
1927578,NTCL,NetClass Technology Inc
1284237,ABCFF,ABACUS MINING & EXPLORATION CORP
1589149,GWAV,"Greenwave Technology Solutions, Inc."
1355736,AVCRF,Avricore Health Inc.
2126221,RECX,"Recreatives Industries, Inc."
1352952,CNFN,CFN Enterprises Inc.
1621221,ARTL,"ARTELO BIOSCIENCES, INC."
1712762,BIAF,"bioAffinity Technologies, Inc."
1025771,WHLT,CHASE PACKAGING CORP
1801834,PRFX,PRF Technologies Ltd.
1358190,ITP,"IT TECH PACKAGING, INC."
1023994,OLOX,OLENOX INDUSTRIES INC.
1829635,RNAZ,"Transcode Therapeutics, Inc."
1582554,MTNB,"Matinas BioPharma Holdings, Inc."
1756180,NCRA,"NOCERA, INC."
1447380,MFON,MOBIVITY HOLDINGS CORP.
1412126,RMSL,RemSleep Holdings Inc.
1826376,GSUN,Golden Sun Technology Group Ltd.
1901215,BRNX,BRENX LTD.
1981662,NIVF,NewGenIvf Group Ltd
1850767,ACUT,Accustem Sciences Inc.
1917817,SYGCF,Sylla Gold Corp.
822370,EMMA,"Emmaus Life Sciences, Inc."
1856084,RDGT,Ridgetech Inc.
1811999,FMHS,"FARMHOUSE, INC. /NV"
1532619,PW,Power REIT
1484674,ATMH,"ALL THINGS MOBILE ANALYTIC, INC."
811222,CDIX,Cardiff Lexington Corp
1854572,IZM,ICZOOM Group Inc.
1487091,QWTR,"Quest Water Global, Inc."
1425627,SOBR,"SOBR Safe, Inc."
1809750,EDBL,Edible Garden AG Inc
1884164,KWIK,"KwikClick, Inc."
1735556,BTOG,BIT ORIGIN Ltd
1975940,FLYE,"Fly-E Group, Inc."
1708160,GPUSF,Alset Capital Inc.
1517496,SLAIY,SOLAI Ltd
1874907,DEFG,Grayscale Decentralized Finance (DeFi) Fund LLC
1978527,GVH,Globavend Holdings Ltd
1962738,CASIF,"CASI Pharmaceuticals, Inc."
849401,ADMT,"ADM TRONICS UNLIMITED, INC."
1347858,XXII,"22nd Century Group, Inc."
1106861,CSDX,CS DIAGNOSTICS CORP.
1825349,CHSN,Chanson International Holding
1517681,PPCB,"Propanc Biopharma, Inc."
1107280,OVTZ,OCULUS INC.
1417926,IVF,"INVO Fertility, Inc."
1782107,ONCO,"Onconetix, Inc."
2018222,JEM,707 Cayman Holdings Ltd.
1789192,NXTS,Nexentis Technologies Inc.
1498148,AITX,Artificial Intelligence Technology Solutions Inc.
1614744,PPBT,PURPLE BIOTECH LTD.
1381074,RTCJF,Baijiayun Group Ltd
1391135,LIFD,LFTD PARTNERS INC.
774415,KRFG,"King Resources, Inc."
1812727,EZRA,"Reliance Global Group, Inc."
2033770,DAIC,"CID Holdco, Inc."
1308027,VYST,Vystar Corp
1062506,ALDA,ATLANTICA INC
1892500,CMND,Clearmind Medicine Inc.
1445815,BIXT,"BIOXYTRAN, INC"
1734427,CRUCF,Colibri Resource Corp
1825875,RAYA,Erayak Power Solution Group Inc.
1771039,SSEBF,SILVER SPRUCE RESOURCES INC.
1713210,ATPC,Agape ATP Corp
1986247,BYAH,"Park Ha Biological Technology Co., Ltd."
1424768,VYCO,VYCOR MEDICAL INC
1806904,EZGO,EZGO Technologies Ltd.
1885827,VRAX,Virax Biolabs Group Ltd
1422892,SGLY,Singularity Future Technology Ltd.
1174940,OGEN,ORAGENICS INC
1374567,LUVU,"Luvu Brands, Inc."
1673475,GPOX,"GPO Plus, Inc."
1861622,JTAI,Jet.AI Inc.
1370816,FBCD,"FBC Holding, Inc."
1630113,BTCY,BIOTRICITY INC.
1847706,PSYCF,Psyched Wellness Ltd.
730349,TOFB,TOFUTTI BRANDS INC
1440799,MMEX,MMEX Resources Corp
1471781,GTCH,GBT Technologies Inc.
1911467,CRCE,"Circle Energy, Inc./NV"
1843165,YHC,LQR House Inc.
1817760,SMTK,"SmartKem, Inc."
1080657,SQFT,"Presidio Property Trust, Inc."
1335288,REOS,ReoStar Energy CORP
1757499,SHPH,"Shuttle Pharmaceuticals Holdings, Inc."
1615219,DCOY,Decoy Therapeutics Inc.
1723980,SXTC,"China SXT Pharmaceuticals, Inc."
1902276,WCUFF,World Copper Ltd.
1414767,NCPL,Netcapital Inc.
2012096,PMAX,Powell Max Ltd
1854963,SHFS,"SHF Holdings, Inc."
2022416,SLXN,Silexion Therapeutics Corp
1682265,ONAR,Onar Holding Corp
1896212,CDT,CDT Equity Inc.
2015691,ELPW,Elong Power Holding Ltd.
1543637,NUMD,"Nu-Med Plus, Inc."
895464,YBGJ,Yubo International Biotech Ltd
1964979,ALUR,"ALLURION TECHNOLOGIES, INC."
1888014,AKAN,AKANDA CORP.
1022899,PTIX,"Protagenic Therapeutics, Inc.\new"
1611046,MDLK,ModuLink Inc.
1546296,IPDN,"Professional Diversity Network, Inc."
1954694,LGCL,Lucas GC Ltd
1976695,MNDR,Mobile-health Network Solutions
1743745,GNLN,"Greenlane Holdings, Inc."
2036307,OFAL,OFA Group
882291,AEMD,AETHLON MEDICAL INC
1880613,DRCT,"Direct Digital Holdings, Inc."
1591913,IPSI,"Innovative Payment Solutions, Inc."
1879403,LRHC,La Rosa Holdings Corp.
1823466,NOTE,"FiscalNote Holdings, Inc."
1930510,VCIG,VCI Global Ltd
1445467,AVPMF,AVRUPA MINERALS LTD.
1680513,IPTNF,IMPACT ANALYTICS INC.
1792030,IMCC,IM Cannabis Corp.
775057,ALTX,ALTEX INDUSTRIES INC
1747661,ZNB,Zeta Network Group
1211805,MYSZ,"My Size, Inc."
1642178,AGNPF,Grey Matters Health Inc.
1924482,IBG,Innovation Beverage Group Ltd
1960262,LUDG,"LUDWIG ENTERPRISES, INC."
1723455,SRKZF,SKY GOLD CORP.
1971260,CLDVF,Cloud3 Ventures Inc.
1172069,PTOS,"P2 Solar, Inc."
1514443,AGSS,"AMERIGUARD SECURITY SERVICES, INC."
278165,OMQS,OMNIQ Corp.
1419554,BBLG,Bone Biologics Corp
2077135,CYCL,"Cycclone, Inc."
802257,MITI,"Mitesco, Inc."
1945619,KSEZ,Kinetic Seas Inc.
1668438,IMTE,Integrated Media Technology Ltd
1341878,SCDA,"B-Scada, Inc."
1499494,DXF,Eason Technology Ltd
1611747,SCNI,Scinai Immunotherapeutics Ltd.
1568385,BMTM,"Bright Mountain Media, Inc."
1490873,ESSI,"ECO SCIENCE SOLUTIONS, INC."
2039060,RBNE,Robin Energy Ltd.
1991605,YMT,Yimutian Inc.
2022308,KIDZ,KIDZ AI Inc.
1807616,HIGR,Hi-Great Group Holding Co
1760026,RMTG,Regenerative Medical Technology Group Inc.
1979484,ABVEF,Above Food Ingredients Inc.
932021,GTLL,GLOBAL TECHNOLOGIES LTD
814926,CAPC,"CAPSTONE COMPANIES, INC."
1652539,SNRG,SusGlobal Energy Corp.
2023796,FCHL,Fitness Champs Holdings Ltd
1898604,VSTD,Vestand Inc.
1972074,LNKS,Linkers Industries Ltd
1502966,FUNI,"Hypha Labs, Inc."
1636051,FUST,FUSE GROUP HOLDING INC.
1885408,NEXR,Nexera Technologies Ltd
1358633,SNBH,SENTIENT BRANDS HOLDINGS INC.
1570937,PREM,Premier Air Charter Holdings Inc.
1442620,RCON,"Recon Technology, Ltd"
1362516,CLRI,"Cleartronic, Inc."
1066130,LINMF,Linear Minerals Corp
1864531,VSEE,"VSEE HEALTH, INC."
1643918,BDRX,Biodexa Pharmaceuticals Plc
1300306,EMRH,EMERGING HOLDINGS INC
862668,ESMC,ESCALON MEDICAL CORP
1082733,VISM,"VISIUM TECHNOLOGIES, INC."
1081938,CPMD,"CANNAPHARMARX, INC."
1945166,MECPF,MUSTANG ENERGY CORP.
1880343,AMZE,"AMAZE HOLDINGS, INC."
1996586,CNRCF,Canter Resources Corp.
1836875,NVVE,Nuvve Holding Corp.
1141284,ASNS,ACTELIS NETWORKS INC
1892292,MSS,Maison Solutions Inc.
1640384,PWCM,"POWERCOMPUTE, INC."
1857086,TRUG,"TruGolf Holdings, Inc."
1469443,RKDA,"Arcadia Biosciences, Inc."
1360442,DOGP,"Dogecoin Cash, Inc."
1411057,CBIH,"Cannabis Bioscience International Holdings, Inc."
1954594,HAO,Haoxi Health Technology Ltd
1893219,ABPO,"Abpro Holdings, Inc."
1532390,WTER,ALKALINE WATER Co INC
1487615,EMBYF,Nexera Energy Inc.
1745621,GENN,Genneia S.A.
2013186,TNMG,TNL Mediagene
1978165,LITSF,LITHOS GROUP LTD.
724445,BZYR,BURZYNSKI RESEARCH INSTITUTE INC
866439,DPLS,"DarkPulse, Inc."
1651992,ASFT,"Appsoft Technologies, Inc."
1083468,EARI,"ENTERTAINMENT ARTS RESEARCH, INC."
1859807,PFSA,"Profusa, Inc."
1880431,VHAI,Vocodia Holdings Corp
1949478,DTCKF,DAVIS COMMODITIES Ltd
1605331,AERA,AI Era Corp.
824416,QPRC,QUEST PATENT RESEARCH CORP
1784058,PNYG,Pony Group Inc.
1651721,GIPR,"GENERATION INCOME PROPERTIES, INC."
1626644,ODYY,"Odyssey Health, Inc."
1444839,BRVO,Bravo Multinational Inc.
1854275,ZCAR,"Zoomcar Holdings, Inc."
1928581,GMEX,GMEX Robotics Corp
1085277,SKVI,"SKINVISIBLE, INC."
1694617,ROYL,"Royale Energy, Inc."
1498547,CMRF,"CIM GROUP, INC."
1127475,DBMM,"Digital Brand Media & Marketing Group, Inc."
1566826,LGMK,"LogicMark, Inc."
1618835,EVFM,"Evofem Biosciences, Inc."
1704287,BJDX,"Bluejay Diagnostics, Inc."
744452,BNBX,BNB PLUS CORP.
1527541,WHLR,"Wheeler Real Estate Investment Trust, Inc."
1530425,ARRT,"Artisan Consumer Goods, Inc."
1687542,FRGT,"Freight Technologies, Inc."
849997,FECOF,FEC Resources Inc.
790273,CONC,CONECTISYS CORP
1465311,ZICX,Zicix Corp
1555017,SKYI,"Sky Century Investment, Inc."
1043150,EEGI,"Eline Entertainment Group, Inc."
1644963,ATXI,"AVENUE THERAPEUTICS, INC."
1973368,SVUHF,SRIVARU Holding Ltd
1970125,FDXTF,FENDX TECHNOLOGIES INC.
1813603,HSTA,Hestia Insight Inc.
794998,SETO,SETO HOLDINGS INC
1515139,WAST,WASTE ENERGY CORP.
1143994,MRPT,MACREPORT NET INC
1859007,ZVSA,"ZyVersa Therapeutics, Inc."
2006925,LNTO,LELANTOS HOLDINGS INC.
1603345,AGTX,Agentix Corp.
1409253,NAFS,"Havana Roasters Coffee Companies, Inc."
1900720,EPWKF,EPWK Holdings Ltd.
1439264,MVNC,Marvion Inc.
1888151,FMTOF,Femto Technologies Inc.
1346917,GNTOF,GENTOR RESOURCES INC.
1872292,RAKR,Rainmaker Worldwide Inc.
1584480,GTIC,"Greentech Innovations, Inc."
1716621,VTAK,"Catheter Precision, Inc."
1450704,VIVK,"Vivakor, Inc."
1753391,QSJC,"TANCHENG GROUP CO., LTD."
1870404,CERO,"CERO THERAPEUTICS HOLDINGS, INC."
1951067,CISS,C3is Inc.
1811216,BAOS,Baosheng Media Group Holdings Ltd
1703073,VIVC,VIVIC CORP.
1599117,MNTR,"Mentor Capital, Inc."
1393781,QIND,Quality Industrial Corp.
1454742,GMER,"GOOD GAMING, INC."
1958713,MI,NFT Ltd
1816172,JZXN,"Jiuzi Holdings, Inc."
1787740,VBIO,"Valion Bio, Inc."
1661600,SATT,SATIVUS TECH CORP.
1964664,ORISF,ORIENTAL RISE HOLDINGS Ltd
1502758,NULGF,NuLegacy Gold Corp
1452583,CBMJ,"CONSERVATIVE BROADCAST MEDIA & PUBLISHING, INC."
1453122,DDDX,"3DX Industries, Inc."
1776073,CBDL,CBD Life Sciences Inc.
1680689,NRHI,"Natural Resource Holdings, Inc."
1463208,TLSS,"Transportation & Logistics Systems, Inc."
1680132,CSUI,CANNABIS SUISSE CORP.
1807936,BABYF,Else Nutrition Holdings Inc.
1586554,CBDY,Target Group Inc.
1842939,XAGE,"Longevity Health Holdings, Inc."
1084475,NIHK,"Video River Networks, Inc."
800523,GGLXF,GGL RESOURCES CORP.
1427644,SLDC,"Solidus Communications, Inc."
1346022,ENRT,Enertopia Corp.
1762239,KAVL,"Kaival Brands Innovations Group, Inc."
820771,GFMH,Goliath Film & Media Holdings
721693,CREG,Smart Powerr Corp.
1674227,WORX,SCWorx Corp.
1404593,MDCE,Medical Care Technologies Inc.
1386044,TAAG,"Awareness Group, Inc."
1519061,TSEOQ,Trinseo PLC
1517389,JFIL,"Jubilant Flame International, Ltd"
1741534,UOKAF,MDJM LTD
1817232,HGAS,Global Gas Corp
1801602,SBIG,"SpringBig Holdings, Inc."
1935172,AIXI,Xiao-I Corp
1847462,AYRWF,Ayr Wellness Inc.
912544,NSTM,NovelStem International Corp.
1601936,CYTOF,Altamira Therapeutics Ltd.
1395005,BFCH,"UNLOCKD, Inc."
1227282,SPOWF,Strata Power Corp
1947861,NMHI,Nature's Miracle Holding Inc.
1609258,PTCO,PetroGas Co
1084937,GREH,Green Rain Energy Holdings Inc.
1916558,TRWD,Tradewinds Universal
1869974,OCEA,"Ocean Biomedical, Inc."
868278,PRPH,"ProPhase Labs, Inc."
1796898,MAXNQ,"Maxeon Solar Technologies, Ltd."
1989930,FGL,Founder Group Ltd
1511820,STEK,Stemtech Corp
1978151,DGTEF,Eat & Beyond Global Holdings Inc.
1290658,ITOX,"IIOT-OXYS, Inc."
1741220,CWPE,CW Petroleum Corp
1837254,MEHA,Functional Brands Inc.
1497230,FYNN,Fyntechnical Innovations Inc
1416876,FCHS,"First Choice Healthcare Solutions, Inc."
1763329,AIBT,"AIBOTICS, INC."
1877461,CBDW,1606 CORP.
1392449,GPLB,Green Planet Bio Engineering Co. Ltd.
1098462,MTLK,METALINK LTD
352991,AOXY,ADVANCED OXYGEN TECHNOLOGIES INC
918573,GRVE,GROOVE BOTANICALS INC.
1404804,OMTK,Omnitek Engineering Corp
1812173,RBOT,Vicarious Surgical Inc.
1901799,BTMCQ,Bitcoin Depot Inc.
1823126,GRXXF,Critical Reagent Processing Corp.
1356914,ECPL,ECOPLUS INC
813716,CIRX,CIRTRAN CORP
1825452,ONFO,"Onfolio Holdings, Inc"
1990446,GRPS,"Trans American Aquaculture, Inc"
1730773,BSFC,Blue Star Foods Corp.
1230524,LEEN,"Leopard Energy, Inc."
1589150,RGBP,Regen BioPharma Inc
1812360,FOXO,FOXO TECHNOLOGIES INC.
1343009,CNBX,CNBX Pharmaceuticals Inc.
1695473,GCAN,"TRAFALGAR INTERNATIONAL, INC."
1815903,PTPI,"Petros Pharmaceuticals, Inc."
1407704,BOTY,"LINGERIE FIGHTING CHAMPIONSHIPS, INC."
1873722,BBLR,Bubblr Inc.
1068689,ATDS,"Data443 Risk Mitigation, Inc."
1817511,SOPAQ,SOCIETY PASS INCORPORATED.
1679817,OZSC,"OZOP ENERGY SOLUTIONS, INC."
1843588,REEAF,REE Automotive Ltd.
1558740,WNLV,Winvest Group Ltd
1892274,GVHGF,Visionary Holdings Inc.
1058623,CMLS,CUMULUS MEDIA INC
915661,GRLF,GREEN LEAF INNOVATIONS INC
1995075,MGN,Megan Holdings Ltd.
1132509,NNAX,New Momentum Corp.
1128189,PKTX,"ProtoKinetix, Inc."
1886362,MGAM,"Mobile Global Esports, Inc."
1530746,KAYS,"Kaya Holdings, Inc."
1674440,YYAI,AIRWA INC.
1896425,LBGJ,Li Bang International Corp Inc.
1081834,KUBR,Kuber Resources Corp
1725911,NBND,NetBrands Corp.
1877430,ETUGF,E2Gold Inc.
1169138,GBUX,"GIVBUX, INC."
1879848,PEVM,PHOENIX MOTOR INC.
1413891,HWNI,"HIGH WIRE NETWORKS, INC."
1495584,SVVC,"Firsthand Technology Value Fund, Inc."
1365359,PCGC,"HYDRO POWER TECHNOLOGIES, INC."
1499961,BINI,"BOLLINGER INNOVATIONS, INC."
1710495,PNXP,PINEAPPLE EXPRESS CANNABIS Co
1018735,NYMXF,NYMOX PHARMACEUTICAL CORP
1575142,BDPT,"BIOADAPTIVES, INC."
1788841,MCOM,micromobility.com Inc.
1782941,TIRXF,TIAN RUIXIANG HOLDINGS LTD
1113313,AVNI,ARVANA INC
1622244,OWPC,"One World Products, Inc."
1130781,BMPA,"BMP AI Technologies, Inc."
1409197,BSPK,"Bespoke Extracts, Inc."
1990950,SELXF,Semilux International Ltd.
1865494,IOBTQ,"IO Biotech, Inc."
1804792,USAM,ARES STRATEGIC MINING INC.
2011954,TWNPQ,Twin Hospitality Group Inc.
1619227,CLOW,"Cloudweb, Inc."
1937441,AMBIQ,Ambipar Emergency Response
1744494,ADNH,"ADVENT TECHNOLOGIES HOLDINGS, INC."
1994624,STAI,ScanTech AI Systems Inc.
946486,WINT,WINDTREE THERAPEUTICS INC /DE/
1759136,BHATF,Blue Hat Interactive Entertainment Technology
1434601,TMGI,"Transglobal Management Group, Inc."
1347242,LIPO,LIPELLA PHARMACEUTICALS INC.
1802450,MSPR,"MSP Recovery, Inc."
1803096,STRG,"STARGUIDE GROUP, INC."
1899658,WLGSF,"WANG & LEE GROUP, Inc."
1923622,PGIM,PGIM Private Credit Fund
1952670,TVCN,TV Channels Network Inc.
1879270,TCRG,Cannaisseur Group Inc.
1874097,CYN,Cyngn Inc.
1869699,ARKB,Ark 21Shares Bitcoin ETF
1855781,BTCO,Invesco Galaxy Bitcoin ETF
2131322,VGTHY,"Victory Giant Technology (HuiZhou) Co., Ltd./ADR"
2141099,RGKUY,Rigaku Holdings Corporation/ADR
1759124,IAUM,iShares Gold Trust Micro
1732409,BCHG,Grayscale Bitcoin Cash Trust (BCH)
1812286,VCRDX,Harrison Street Infrastructure Income Fund
2010930,ALFUU,Centurion Acquisition Corp.
2000684,DHGR,Devonian Health Group Inc.
1981775,VTNMF,V Ten Metals Corp.
2075474,GGRPY,GPT Group/ADR
2074745,VIRMF,Viridian Metals Inc.
2075038,IBL,I Bella Perfect Inc.
2071912,PRSKY,PrairieSky Royalty Ltd/ADR
2063231,CLRLY,Central Retail Corp Public Co Limited/ADR
2063417,MREGY,Meridian Energy Ltd/ADR
2066600,SCBXY,SCB X Public Co Ltd
2066925,CAPI,"CAPSTONE 72, INC."
2065932,FRLCY,Freelancer Ltd
2033615,MGNO,"Magnolia Bancorp, Inc."
2028835,TOXR,21Shares XRP ETF
2049977,STA,"Starton Holdings, Inc."
2050338,CLBZ,Collab Z Inc.
2037427,GXRP,Grayscale XRP Trust ETF
2038688,XDT,Xdata Group
2082876,FHFFY,Foshan Haitian Flavouring & Food Co Ltd./ADR
2084698,KHOBF,KHEOBA Ltd
2085795,APNA,APEIRON ACQUISITION VEHICLE I
2093976,NEUC,Neucleus Group Ltd
2094076,OTAI,Starlink AI Acquisition Corp
2086545,ARTC,Art Technology Acquisition Corp.
2089778,PNIG,Pacipic Nexus IntelliTech Group
2087856,AKCLY,Aica Kogyo Co Limited/ADR
2094201,DPDSY,DPC DASH LTD/ADR
2094265,MLAA,Mountain Lake Acquisition Corp. II
2131101,PCAI,Powercheck AI Holdings Ltd
2131812,OPNHY,Open House Group Co. Ltd/ADR
2133716,YLUZ,YPF Energia Electrica S.A.
2134552,ULIT,US Elemental Inc.
2136449,CSCM,Crestone Strategic Capital Acquisition Corp
2139246,VII,Viking Acquisition Corp. II
2109559,JNGDY,"Jingdong Industrials, Inc./ADR"
2107730,HYPG,Grayscale Hyperliquid Staking ETF
2125567,SAMO,Samos Energy Acquisition Corp
2117197,CMPLY,Com7 PCL/ADR
2123531,EBGCY,Eastroc Beverage Group Co. Ltd/ADR
2113853,TELYF,TELYRX HOLDINGS INC.
2099681,MOT,MetaOptics Ltd
2097702,GOW,GOWell Energy Technology
2099338,MSAV,MSAV Holdings Ltd
2100835,NYB,NYB Holdings Ltd
2102907,RML,Resolution Minerals Ltd
1124959,XSIAX,VOYA CREDIT INCOME FUND
1102238,ARL,AMERICAN REALTY INVESTORS INC
1162027,AFB,ALLIANCEBERNSTEIN NATIONAL MUNICIPAL INCOME FUND
1163792,WEA,WESTERN ASSET PREMIER BOND FUND
1046179,TSM,TAIWAN SEMICONDUCTOR MANUFACTURING CO LTD
1343491,GJP,"STRATS(SM) TRUST FOR DOMINION RESOURCES, INC. SECURITIES, SERIES 2005-6"
1356284,GJS,"STRATS(SM) Trust for Goldman Sachs Group Securities, Series 2006-2"
1353226,GJR,"STRATS(SM) Trust for Procter & Gamble Securities, Series 2006-1"
1353612,FXC,Invesco CurrencyShares Canadian Dollar Trust
1230869,ASA,ASA Gold & Precious Metals Ltd
1176199,HPI,JOHN HANCOCK PREFERRED INCOME FUND
1178839,NBH,NEUBERGER MUNICIPAL FUND INC.
1405513,UNL,"United States 12 Month Natural Gas Fund, LP"
1411579,AMC,"AMC ENTERTAINMENT HOLDINGS, INC."
1383149,UDN,INVESCO DB US DOLLAR INDEX BEARISH FUND
1379384,BTZ,BLACKROCK CREDIT ALLOCATION INCOME TRUST
1427437,ETI-P,"ENTERGY TEXAS, INC."
1483386,GLTR,abrdn Precious Metals Basket ETF Trust
1464423,PMT,PennyMac Mortgage Investment Trust
1478888,NBB,Nuveen Taxable Municipal Income Fund
2053791,BWOW,Bitwise Dogecoin ETF
2045873,BLTG,BOUNDLESS GROUP
2042444,OBNK,Osprey BONK Trust
1518557,MMD,NYLI MacKay DefinedTerm Muni Opportunities Fund
1520118,MWAI,"MedWellAI, Inc."
1516535,MROSY,Melrose Industries Plc/ADR
1521404,BGH,BARINGS GLOBAL SHORT DURATION HIGH YIELD FUND
2092248,NGCOY,"Nagase & Co., Ltd./ADR"
2091663,CDTHY,CONDUIT HOLDINGS LTD/ADR
2091680,BIAI,Bitari Inc
2093618,NBKBY,Noba Bank Group AG/ADR
2093654,ZJGIY,Zijin Gold International Co Limited/ADR
2089506,TEICY,TOSEI CORP/ADR
2070237,SOUD,Hacker Interstellar Inc.
2071607,BMOK,BM Acquisition Corp.
2063685,PSBTY,PT Sumber Alfaria Trijaya Tbk/ADR
2056450,BXRLY,Boxer Retail Limited/ADR
2057388,SOEZ,Franklin Solana Trust
2058707,ATTO,"Attovia Therapeutics, Inc."
2073615,ELFTY,Element Fleet Management Corp./ADR
2073913,NWCYY,North West Co Inc./ADR
2071911,CPXXY,Capital Power Corp/ADR
2075036,EVON,EvoNexus Group LTD
2078895,ASKRY,Asker Healthcare Group AB/ADR
2077242,STJNY,Stella-Jones Inc./ADR
2086549,PHAX,Phalanx Acquisition Corp I
2087419,PNSB,"PSB Financial, Inc."
2087500,NHKSY,NHK Spring Co. Ltd/ADR
2089174,PTAXY,Paltac Corporation/ADR
2090910,LAGH,Lagarosse Holdings Ltd
1545772,BPYPP,Brookfield Property Partners L.P.
1585855,GGZ,Gabelli Global Small & Mid Cap Value Trust
2101240,SNSC,SunScout Holding Ltd
2102593,NRGFF,AE Fuels Corp
2103029,SKAI,Sky Acquisition Group
2103612,MSBT,Morgan Stanley Bitcoin Trust
2123232,CMBY,Cumberland Farms Ltd
2128448,MTGLY,Mininglamp Technology Group Limited/ADR
2098332,MDKGY,Merdeka Gold Resources Tbk PT/ADR
2115027,BAGZ,Cryptex Digital Market Cap ETF
2138474,ZABKY,Zabka Group S.A./ADR
2140948,LNFGY,Lion Finance Group PLC/ADR
2128597,SXTEY,"Shenzhen Xunce Technology Co., Ltd./ADR"
2105318,GDMT,Gold Mountain Acquisition Corp.
2107375,SSHBY,"SBI Shinsei Bank, Limited/ADR"
2109545,KNWAY,Knowledge Atlas Technology Joint Stock Co Limited/ADR
2109547,GIDHF,GigaDevice Semiconductor Inc./ADR
2110583,AELKY,ASELSAN Elektronik Sanayi ve Ticaret Anonim Sirketi/ADR
2108124,ODKUY,"Odakyu Electric Railway Co., Ltd./ADR"
1756404,PDSRX,Principal Real Asset Fund
1705181,ETCG,Grayscale Ethereum Classic Trust (ETC)
1690437,BAR,GraniteShares Gold Trust
1690842,PLTM,GraniteShares Platinum Trust
1849380,ONMDW,OneMedNet Corp
1854183,ORIB,Orion Bliss Corp.
1856491,CBPHF,"Clover Biopharmaceuticals, Ltd."
1577526,AI,"C3.ai, Inc."
1569345,CXM,"Sprinklr, Inc."
1549107,MANU,Manchester United plc
1630745,DCFBS,"DCFC Holdings, LLC"
1610718,ODRS,"Outdoor Specialty Products, Inc."
1575356,PTMSY,PT MDS Retailing Tbk/ADR
1525201,DBL,DoubleLine Opportunistic Credit Fund
1546429,BGB,Blackstone Strategic Credit 2027 Term Fund
1549802,JD,"JD.com, Inc."
1631761,YRD,Yiren Digital Ltd.
1651717,NOMD,Nomad Foods Ltd
1611005,KEN,Kenon Holdings Ltd.
1503812,PRBRY,PREMIUM BRANDS HOLDINGS Corp
1504461,NGL,NGL Energy Partners LP
1499849,LND,BrasilAgro - Brazilian Agricultural Real Estate Co
1496292,IHD,Voya Emerging Markets High Dividend Equity Fund
1544088,DSRNY,DiaSorin SpA/ADR
1548717,LDP,"Cohen & Steers Ltd Duration Preferred & Income Fund, Inc."
1503658,WNHK,"Winning Catering Group, Inc."
1479247,USCI,United States Commodity Index Funds Trust
1425292,UAN,"CVR PARTNERS, LP"
1372612,BOX,BOX INC
1379400,AOD,abrdn Total Dynamic Dividend Fund
1383058,DBO,Invesco DB Oil Fund
1383151,UUP,Invesco DB US Dollar Index Bullish Fund
1472341,GDO,WESTERN ASSET GLOBAL CORPORATE OPPORTUNITY FUND INC.
1474432,P,"Everpure, Inc."
1471420,STK,"Columbia Seligman Premium Technology Growth Fund, Inc."
1408534,FGBIP,"First Guaranty Bancshares, Inc."
1350102,ASTI,"Ascent Solar Technologies, Inc."
1282850,FCT,FIRST TRUST SENIOR FLOATING RATE INCOME FUND II
1287498,EVG,Eaton Vance Short Duration Diversified Income Fund
1289877,SFL,SFL Corp Ltd.
1347123,NONE.,"EBR Systems, Inc."
1328237,DBC,Invesco DB Commodity Index Tracking Fund
1396878,UGA,"United States Gasoline Fund, LP"
1385763,JCE,Nuveen Core Equity Alpha Fund
1403528,OAK-PA,"Brookfield Oaktree Holdings, LLC"
1406234,BIPH,Brookfield Infrastructure Partners L.P.
1170010,KMX,CARMAX INC
1170299,PML,PIMCO MUNICIPAL INCOME FUND II
1177394,SNX,TD SYNNEX CORP
1173643,TRX,TRX GOLD Corp
1174511,AEBMY,ANADOLU EFES BIRACILIK VE MALT SANAYI A S/ADR
1108524,CRM,"Salesforce, Inc."
1190723,TS,TENARIS SA
1219360,PHK,PIMCO HIGH INCOME FUND
1222922,EVV,Eaton Vance Ltd Duration Income Fund
1472033,JTGEY,"Citibank,N.A./ADR"
1460235,PPLT,abrdn Platinum ETF Trust
1464343,ATLCP,Atlanticus Holdings Corp
1172724,GFI,GOLD FIELDS LTD
1313510,GGN,"GAMCO Global Gold, Natural Resources & Income Trust"
1276533,JFR,NUVEEN FLOATING RATE INCOME FUND
1278680,IAU,ISHARES GOLD TRUST
1279014,ERH,ALLSPRING UTILITIES & HIGH INCOME FUND
1227476,JQC,Nuveen Credit Strategies Income Fund
1219120,AVK,ADVENT CONVERTIBLE & INCOME FUND
1061353,DHY,CREDIT SUISSE HIGH YIELD CREDIT FUND
1052354,MADL,MAN AHL DIVERSIFIED I LP
1095052,PLG,PLATINUM GROUP METALS LTD
1158449,AAP,ADVANCE AUTO PARTS INC
1160990,PCN,PIMCO CORPORATE & INCOME STRATEGY FUND
884394,SPY,SPDR S&P 500 ETF TRUST
897419,NMT,NUVEEN MASSACHUSETTS QUALITY MUNICIPAL INCOME FUND
924613,NOK,NOKIA CORP
1075822,NHFLF,NORTHFIELD CAPITAL CORP
1080720,GUT,GABELLI UTILITY TRUST
1013131,BVN,BUENAVENTURA MINING CO INC
1450922,SIVR,abrdn Silver ETF Trust
1430725,GSL,"Global Ship Lease, Inc."
1233087,FTF,FRANKLIN LTD DURATION INCOME TRUST
1405528,USL,"United States 12 Month Oil Fund, LP"
1388141,EDD,"Morgan Stanley Emerging Markets Domestic Debt Fund, Inc."
1383057,DBP,Invesco DB Precious Metals Fund
1353611,FXB,Invesco CurrencyShares British Pound Sterling Trust
1353613,FXY,Invesco CurrencyShares Japanese Yen Trust
1350869,GLO,Clough Global Opportunities Fund
1340909,GJO,"STRATS SM TRUST FOR WAL-MART STORES, INC. SECURITIES, SERIES 2005-4"
1268533,TYG,TORTOISE ENERGY INFRASTRUCTURE CORP
1244183,PFL,PIMCO INCOME STRATEGY FUND
1278211,LGI,LAZARD GLOBAL TOTAL RETURN & INCOME FUND INC
1275617,UTF,COHEN & STEERS INFRASTRUCTURE FUND INC
1378701,GDL,GDL FUND
1379438,EXG,Eaton Vance Tax-Managed Global Diversified Equity Income Fund
1375340,FOF,"Cohen & Steers Closed-End Opportunity Fund, Inc."
1369241,DAC,Danaos Corp
1357660,GJT,"STRATS(SM) Trust for Allstate Corp Securities, Series 2006-3"
1332174,GSG,iShares S&P GSCI Commodity-Indexed Trust
1353615,FXF,Invesco CurrencyShares Swiss Franc Trust
1328598,FXE,Invesco CurrencyShares Euro Trust
1454741,EOT,Eaton Vance National Municipal Opportunities Trust
1486298,BSL,Blackstone Senior Floating Rate 2027 Term Fund
1391437,GRX,Gabelli Healthcare & WellnessRx Trust
1395213,EDN,EDENOR
1499620,TAL,TAL Education Group
1504545,BWG,BrandywineGLOBAL-Global Income Opportunities Fund Inc
1588489,GBTC,Grayscale Bitcoin Trust ETF
1628063,SRG-PA,Seritage Growth Properties
1629210,PZG,Paramount Gold Nevada Corp.
1560143,WYTC,WYTEC INTERNATIONAL INC
1282957,GLU,GABELLI GLOBAL UTILITY & INCOME TRUST
1284143,JBK,LEHMAN ABS CORP GOLDMAN SACHS CAP 1 SEC BACKED SER 2004-6
1259708,FRA,"BLACKROCK FLOATING RATE INCOME STRATEGIES FUND, INC."
1383062,DBE,Invesco DB Energy Fund
1376227,UNG,"United States Natural Gas Fund, LP"
1353614,FXA,Invesco CurrencyShares Australian Dollar Trust
1372920,EDU,New Oriental Education & Technology Group Inc.
1348952,ELC,"ENTERGY LOUISIANA, LLC"
1334933,UEC,URANIUM ENERGY CORP
1332943,IGA,Voya Global Advantage & Premium Opportunity Fund
1330568,SLV,iShares Silver Trust
1291313,GEHDF,Great Eastern Holdings Ltd
1316463,GLQ,Clough Global Equity Fund
1320375,BOE,BlackRock Enhanced Global Dividend Trust
1103838,IBN,ICICI BANK LTD
1160864,BHK,BLACKROCK CORE BOND TRUST
1084201,SVA,SINOVAC BIOTECH LTD
1066119,VIV,TELEFONICA BRASIL S.A.
1034665,MHD,"BLACKROCK MUNIHOLDINGS FUND, INC."
932470,TEO,TELECOM ARGENTINA SA
1141197,PED,PEDEVCO CORP
1170311,PNI,PIMCO NEW YORK MUNICIPAL INCOME FUND II
1171486,NRP,NATURAL RESOURCE PARTNERS LP
884121,HQL,abrdn Life Sciences Investors
885125,IQI,Invesco Quality Municipal Income Trust
891290,RFI,COHEN & STEERS TOTAL RETURN REALTY FUND INC
908187,PCM,"PCM FUND, INC."
1283464,KTH,STRUCTURED PRODUCTS CORP CORTS TR FOR PECO ENERGY CAP TR III
932695,CYD,CHINA YUCHAI INTERNATIONAL LTD
1023512,DRD,DRDGOLD LTD
1005731,IDT,IDT CORP
936958,MDY,SPDR S&P MIDCAP 400 ETF TRUST
1074952,NAC,Nuveen California Quality Municipal Income Fund
1074769,NAN,NUVEEN NEW YORK QUALITY MUNICIPAL INCOME FUND
1109262,BSCL,"BILI Social International, Inc."
1134115,THM,INTERNATIONAL TOWER HILL MINES LTD
1113809,BBW,BUILD-A-BEAR WORKSHOP INC
1123452,ASR,SOUTHEAST AIRPORT GROUP
1214935,NCV,Virtus Convertible & Income Fund
1181412,SPCX,SPACE EXPLORATION TECHNOLOGIES CORP
877463,VKQ,Invesco Municipal Trust
941221,ICL,ICL Group Ltd.
916618,IIF,"MORGAN STANLEY INDIA INVESTMENT FUND, INC."
918658,HNAMY,HANA MICROELECTRONICS PUBLIC CO LTD /ADR/
1001250,EL,ESTEE LAUDER COMPANIES INC
906107,VMRK,VIVMARK RESIDENTIAL
883412,MYI,"BLACKROCK MUNIYIELD QUALITY FUND III, INC."
813623,SWZ,Total Return Securities Fund
830271,NMI,NUVEEN MUNICIPAL INCOME FUND INC
12040,BDL,FLANIGANS ENTERPRISES INC
737758,TTC,TORO CO
805267,HQH,abrdn Healthcare Investors
723125,MU,MICRON TECHNOLOGY INC
858706,GF,NEW GERMANY FUND INC
866787,AZO,AUTOZONE INC
885639,KSS,KOHLS Corp
16732,CPB,CAMPBELL'S Co
78150,PHI,PLDT Inc.
66418,MXC,MEXCO ENERGY CORP
91847,SOR,SOURCE CAPITAL /DE/
18654,AILIH,Ameren Illinois Co
49938,IMO,IMPERIAL OIL LTD
64996,MCY,MERCURY GENERAL CORP
910631,KOF,COCA COLA FEMSA SAB DE CV
910068,HIO,WESTERN ASSET HIGH INCOME OPPORTUNITY FUND INC.
895528,VPV,Invesco Pennsylvania Value Municipal Income Trust
900422,PMO,FRANKLIN MUNICIPAL OPPORTUNITIES TRUST
1000177,NAT,NORDIC AMERICAN TANKERS Ltd
1047716,LTM,LATAM AIRLINES GROUP S.A.
1041130,DIA,SPDR DOW JONES INDUSTRIAL AVERAGE ETF TRUST
1023514,HMY,HARMONY GOLD MINING CO LTD
832988,SIG,SIGNET JEWELERS LTD
859796,JOF,JAPAN SMALLER CAPITALIZATION FUND INC
799195,USA,LIBERTY ALL STAR EQUITY FUND
818851,NCA,NUVEEN CALIFORNIA MUNICIPAL VALUE FUND
47217,HPQ,HP INC
711404,COO,"COOPER COMPANIES, INC."
90168,SIF,SIFCO INDUSTRIES INC
78239,PVH,PVH CORP. /DE/
72573,MOV,MOVADO GROUP INC
33533,ESP,ESPEY MFG & ELECTRONICS CORP
46619,HEI,HEICO CORP
28917,DDS,"DILLARD'S, INC."
827773,PPT,FRANKLIN PREMIER INCOME TRUST
833040,FT,FRANKLIN UNIVERSAL TRUST
855886,PDT,JOHN HANCOCK PREMIUM DIVIDEND FUND
794685,GAB,GABELLI EQUITY TRUST INC
818850,NNY,NUVEEN NEW YORK MUNICIPAL VALUE FUND
74046,ODC,Oil-Dri Corp of America
39911,GAP,GAP INC
33002,EBF,"ENNIS, INC."
7323,EAI,"ENTERGY ARKANSAS, LLC"
70502,NRUC,NATIONAL RURAL UTILITIES COOPERATIVE FINANCE CORP /DC/
71508,ENJ,"ENTERGY NEW ORLEANS, LLC"
60667,LOW,LOWES COMPANIES INC
890541,BLX,"BLADEX, INC."
892992,NAZ,NUVEEN ARIZONA QUALITY MUNICIPAL INCOME FUND
888746,CCU,UNITED BREWERIES CO INC
886206,FC,FRANKLIN COVEY CO
27904,DAL,"DELTA AIR LINES, INC."
759828,JHI,JOHN HANCOCK INVESTORS TRUST
354950,HD,"HOME DEPOT, INC."
810766,CIK,"CREDIT SUISSE ASSET MANAGEMENT INCOME FUND, INC."
783324,VGZ,VISTA GOLD CORP
844551,WDS,WOODSIDE ENERGY GROUP LTD
826735,MIN,ABERDEEN INTERMEDIATE INCOME FUND
812152,RDGA,RIDGEFIELD ACQUISITION CORP
822416,PHM,PULTEGROUP INC/MI/
794170,TOL,"Toll Brothers, Inc."
771999,DSS,"DSS, INC."
846671,VLT,Invesco High Income Trust II
823277,CHSCP,CHS INC
866829,HLX,HELIX ENERGY SOLUTIONS GROUP INC
882071,PFO,Flaherty & Crumrine PREFERRED & INCOME OPPORTUNITY FUND INC
314590,SSL,SASOL LTD
105418,WMK,WEIS MARKETS INC
65172,MSB,MESABI TRUST
66901,EMP,"ENTERGY MISSISSIPPI, LLC"
56873,KR,KROGER CO
883618,NXP,NUVEEN SELECT TAX FREE INCOME PORTFOLIO
811922,MGF,ABERDEEN GOVERNMENT MARKETS INCOME FUND
67215,DY,DYCOM INDUSTRIES INC
74303,OLN,OLIN Corp
22444,CMC,COMMERCIAL METALS Co
48465,HRL,HORMEL FOODS CORP /DE/
6281,ADI,ANALOG DEVICES INC
201533,CMS-PB,CONSUMERS ENERGY CO
72162,NL,"NLI HOLDINGS, INC."
82473,IHT,INNSUITES HOSPITALITY TRUST
884152,VMO,Invesco Municipal Opportunity Trust
885245,BKE,BUCKLE INC
18748,CET,CENTRAL SECURITIES CORP
29644,DCI,DONALDSON Co INC
764478,BBY,BEST BUY CO INC
860489,CEE,"CENTRAL & EASTERN EUROPE FUND, INC."
102109,UUU,"UNIVERSAL SAFETY PRODUCTS, INC."
100826,UELMO,UNION ELECTRIC CO
100726,UFI,UNIFI INC
795266,KBH,KB HOME
716643,RGS,REGIS CORP
746598,BRC,BRADY CORP
732026,TRT,TRIO-TECH INTERNATIONAL
319655,SJT,SAN JUAN BASIN ROYALTY TRUST
216228,ITT,ITT INC.
41091,GPJA,GEORGIA POWER CO
27419,TGT,TARGET CORP
1761325,GXLM,Grayscale Stellar Lumens Trust (XLM)
1779977,SEQC,"SeeQC, Inc."
1850269,NRDMF,NordX Metals Corp.
1852024,GLIV,Grayscale Livepeer Trust (LPT)
1841175,BRRR,CoinShares Bitcoin ETF
1839290,AUGCF,AU Gold Corp.
1838003,EMI,"Encore Medical, Inc."
1747570,NEPRY,NEPI Rockcastle plc/ADR
1725210,ETHE,Grayscale Ethereum Staking ETF
1703399,SE,Sea Ltd
1690012,ICR-PA,"InPoint Commercial Real Estate Income, Inc."
1616678,BST,BlackRock Science & Technology Trust
1920576,MIMDF,MiMedia Holdings Inc.
1969729,RCWBY,Rockwool A/S/ADR
1941500,MWG,Multi Ways Holdings Ltd
1861448,ITRE,"IntriEnergy, Inc."
1998056,PC,Premium Catering (Holdings) Ltd
1992508,TETH,21Shares Ethereum ETF
2018529,NCT,Intercont (Cayman) Ltd
2024996,STCK,Grayscale Stacks Trust (STX)
2036060,SBMW,"Security Midwest Bancorp, Inc."
2000208,KPL,Kepler Group Ltd
2008257,KOGDF,KO Gold Inc.
2013744,ETHW,Bitwise Ethereum ETF
2020455,ETH,Grayscale Ethereum Staking Mini ETF
2034300,DDHLY,Digital Domain Holdings Limited/ADR
1938865,DPU,Top KingWin Ltd
1958928,CTWO,COTWO ADVISORS PHYSICAL EUROPEAN CARBON ALLOWANCE TRUST
1977837,USDW,MADE IN USA INC.
1871890,GLEI,Galaxy Enterprises Inc. /WY/
1868282,OSOL,Osprey Solana Trust
1850391,BTCW,WisdomTree Bitcoin Fund
1779372,BEATW,"HeartBeam, Inc."
1829667,RGC,Regencell Bioscience Holdings Ltd
1582820,IPSAY,IPSOS/ADR
1562294,EYUBY,Electricity Generating Public Co Limited/ADR
1551047,BPRE,Bluerock Private Real Estate Fund
1551468,CPPBY,Central Pattana Public Co Limited/ADR
1546652,OUNZ,VanEck Merk Gold ETF
2114145,TRCX,TracX Logis Pte. Ltd.
2123346,MNTGY,"Montage Technology Co., Ltd./ADR"
2109801,VAT,"VARSAL TECH, INC."
2109869,XLAB,D. Boral ARC Merger Corp
2098710,FRTRY,"Fortior Technology (Shenzhen) Co., Ltd./ADR"
2138186,NARA,"Narragansett Bancorp, Inc."
2138554,SHNTY,"Shanghai Top Numerical Control Technology Co., Ltd./ADR"
2123380,GVAC,Gravity Acquisition Corp.
2137754,PRLG,Prologium Holding Inc.
2133810,THARY,Tharisa plc
2135939,NORT,Norient Acquisition
2136116,HUAQY,Huaqin Co. LTD/ADR
2137679,OCLT,OceanLight Acquisition Corp
2126620,NTCMY,Natura Cosmeticos S.A./ADR
2127860,DTRSY,DATELINE RESOURCES LTD/ADR
2128462,TLAC,Three Lions Acquisition Corp.
2128619,TYOEY,Toyo Engineering Corporation/ADR
2131961,MNYCY,Manycore Tech Inc./ADR
2045434,GHRTF,Greenheart Gold Inc.
2046370,UPX,Uptrend Holdings Ltd
2053411,PCPGY,PC Partner Group Ltd/ADR
2059438,XRPZ,Franklin XRP Trust
2062807,MNZLY,Mercury NZ Ltd./ADR
2063380,FSOL,Fidelity Solana Fund
2075918,CSCCY,Capstone Copper Corp./ADR
2073901,TMKVY,Tamarack Valley Energy Ltd./ADR
2075141,VSGRY,VusionGroup
2063675,LSHGY,Louis Hachette Group/ADR
2066824,VBNB,VanEck BNB ETF
2070570,RECCY,Reece Limited/ADR
2073669,HNPHY,Hansoh Pharmaceutical Group Co Limited/ADR
2085208,DYBTY,Duality Biotherapeutics Inc/ADR
2087716,RKAM,"ROKIT America, Inc."
2088375,TRBG,Turbogen Ltd.
2089488,SNEVY,SUNEVISION HOLDINGS/ADR
2096533,NATNF,Nation Gold Corp.
2097508,BLDC,"Blockfusion Digital Infrastructure, Inc."
2099103,ETHB,iShares Staked Ethereum Trust ETF
2101411,SAIQ,WISeSat.Space Holdings Corp.
2102713,KCAC-UN,Kensington Capital Acquisition Corp. VI
2091585,LKYLY,Locksley Resources Limited/ADR
2090011,THYP,21Shares Hyperliquid ETF
2092287,TKDG,3KNIGHTS DYNAMICS GROUP Ltd
2094900,TGRGF,Tiger Gold Corp.
1003078,MSM,MSC INDUSTRIAL DIRECT CO INC
1009919,IVHI,"Invech Holdings, Inc."
928465,DIT,AMCON DISTRIBUTING CO
919012,AEO,AMERICAN EAGLE OUTFITTERS INC
2138373,CBAGY,Carabao Group Public Co Limited/ADR
2140030,TBCV,"Thunder Bridge Capital Partners V, Ltd."
2144761,MTBOY,Metis TechBio Co Ltd/ADR
2145378,GDTTY,"Guangdong Dtech Technology Co., Ltd./ADR"
2137137,BEMPY,Bangkok Expressway & Metro Public Co Limited/ADR
2129466,GDHRY,"Guangdong Huayan Robotics Co, Ltd./ADR"
2130219,HCAX,Hall Chadwick Acquisition Corp II
2127862,BCLGY,BALTIC CLASSIFIEDS GROUP PLC/ADR
2104032,SUCH,Suchness Tech Ltd
2103547,MSOL,Morgan Stanley Solana Trust
2101973,AFNDY,Allfunds Group PLC./ADR
2113605,CHWM,Chilwa Minerals Ltd
2100603,MPJPY,Metaplanet Inc.
2098397,ANJFY,"Anjoy Foods Group Co., Ltd./ADR"
2088139,BHYP,Bitwise Hyperliquid ETF
2094687,CRAUY,"Chery Automobile Co., Ltd./ADR"
2094989,RUIH,RUI Holdings Inc
2088339,OBBCY,"OBIC Business Consultants Co., Ltd./ADR"
2088688,EXCBF,Excalibur Metals Corp.
2072563,SAPUY,Saputo Inc./ADR
2082889,CLNK,Bitwise Chainlink ETF
2084227,ADBT,"Advasa Holdings, Inc."
2086869,RSMIY,RESOLUTION MINERALS LTD/ADR
2087035,AFNX,AfterNext Acquisition I Corp.
2021989,CUPPF,Super Copper Corp.
1997389,IDIA,Innovative Digital Investors Acquisition Corp.
2000046,FETH,Fidelity Ethereum Fund
2028541,VSOL,VanEck Solana ETF
2060863,NHLTY,Nightingale Health Plc
2052373,MKAR,Mkango Rare Earths Ltd
2053843,YGSHY,Yangzijiang Shipbuilding Holdings Ltd/ADR
2062803,IDPEY,IDP Education Ltd./ADR
2065660,DNCLY,"DeNA Co., Ltd./ADR"
2065741,NEUT,Neutrans Inc.
2045151,MENW,"Tailored Brands, Inc. / DE"
2045872,BSOL,Bitwise Solana Staking ETF
2075335,ROZE,ROZE AI INC.
2063671,GRCPY,Canal Plus SA/ADR
2070087,KOEI,"Koei Group Co., Ltd."
1858258,FGDL,Franklin Templeton Holdings Trust
1852023,MANA,Grayscale Decentraland Trust (MANA)
1852025,GLNK,Grayscale Chainlink Trust ETF
1852040,GBAT,Grayscale Basic Attention Token Trust (BAT)
1854078,MMTZF,MindMaze Therapeutics Holding SA
1916101,OBNB,Osprey BNB Chain Trust
1896677,GSOL,Grayscale Solana Staking ETF
1980994,IBIT,iShares Bitcoin Trust ETF
1972589,TDGGF,TDG Gold Corp.
1976663,NXNT,"Nexscient, Inc."
1767057,OBTC,Osprey Bitcoin Trust
1763415,BITB,Bitwise Bitcoin ETF
1782265,GIXI,Gix Internet Ltd.
1793497,UVIX,VS Trust
1562733,SNYR,Synergy CHC Corp.
1562401,AMH,American Homes 4 Rent
1610940,BDRY,Amplify Commodity Trust
1495651,PPURF,Ucore Rare Metals Inc.
1505413,VOC,VOC Energy Trust
1517518,EMO,ClearBridge Energy Midstream Opportunity Fund Inc.
1732406,LTCN,Grayscale Litecoin Trust (LTC)
1720265,ZCSH,Zcash ETF
1748945,HZEN,Grayscale Horizen Trust (ZEN)
1763660,APGH,AleeanPeace Group Holdings Ltd
1618755,QSP,Restaurant Brands International Limited Partnership
1642896,IOT,Samsara Inc.
1342874,TX,Ternium S.A.
1383082,DBA,INVESCO DB AGRICULTURE FUND
1383084,DBB,INVESCO DB BASE METALS FUND
1396277,CHW,Calamos Global Dynamic Income Fund
1340736,ETY,Eaton Vance Tax-Managed Diversified Equity Income Fund
1314966,BME,BlackRock Health Sciences Trust
1321741,GAIN,GLADSTONE INVESTMENT CORPORATION\DE
1472494,BNO,"United States Brent Oil Fund, LP"
1459862,PALL,abrdn Palladium ETF Trust
1157557,CIG,ENERGY CO OF MINAS GERAIS
1140411,PCQ,PIMCO CALIFORNIA MUNICIPAL INCOME FUND
1163609,SDSYA,SOUTH DAKOTA SOYBEAN PROCESSORS LLC
1288992,EFT,Eaton Vance Floating-Rate Income Trust
1294808,PYT,PPLUS Trust Series GSC-2
1267332,IPB,MERRILL LYNCH DEPOSITOR INC INDEXPLUS TRUST SERIES 2003-1
1267902,WIW,WESTERN ASSET INFLATION-LINKED OPPORTUNITIES & INCOME FUND
1283337,KTN,STRUCTURED PRODUCTS CORP CRED ENHANCE CORTS TR FOR AON CAP A
1076378,CX,CEMEX SAB DE CV
1966126,NUOX,"NuvOx Therapeutics, Inc."
2125904,SKBBY,"Sichuan Kelun-Biotech Biopharmaceutical Co., Ltd./ADR"
2123553,ICGSF,ICG Silver & Gold Ltd.
2123955,PNAQ,Pinnacle Acquisition Corp
2112466,SIAI,Silentium Ltd.
2114229,XIII,Churchill Capital Corp XIII
2110119,AMAC,AMR Resources Acquisition Corp.
2114463,APBD,AParadise II Acquisition Corp.
2115899,LTAFF,Lithium Africa Corp.
2116276,BEJEF,Beijer Ref AB/ADR
2102972,FFGG,FF Global Holdings Ltd
2103976,MSSE,Morgan Stanley Ethereum Trust
2011535,EZET,Franklin Ethereum Trust
2011617,SINI,SIERRA INTERNATIONAL NETWORK INC
2002326,NSURF,North Shore Uranium Ltd.
1997464,MRX,Marex Group Ltd
1997950,INHI,Unitrend Entertainment Group Ltd
2027262,FTRKF,Fast Track Group
2028834,TSOL,21Shares Solana ETF
2027330,SGIHY,"Sugi Holdings Co., Ltd./ADR"
2034467,PBRRY,PT Barito Renewables Energy Tbk/ADR
2041869,SOLC,Canary Marinade Solana ETF
2042187,KYTFY,Kyoto Financial Group Inc/ADR
2002660,PSUS,"Pershing Square USA, Ltd."
2003813,NMCPF,Nuvau Minerals Corp
1999119,LBRJ,"Libera Gaming Operations, Inc"
2000638,ETHA,iShares Ethereum Trust ETF
2027982,CCLV,"C2 Capital Group, Inc."
2028464,ENT,"ENTRATA, INC."
2046098,ALEUY,ALLEGRO.EU SA/ADR
2034012,GSUI,Grayscale Sui Staking ETF
1985062,PBM,PSYENCE BIOMEDICAL LTD.
1958489,CRGT,"Cortigent, Inc."
1896036,EIIA,Eagle Point Institutional Income Fund
1852753,TSLVF,TIER ONE SILVER INC.
1940243,GSMT,Global-Smart.Tech Inc.
2071913,GBNXY,Gibson Energy Inc/ADR
2077638,STSUF,Satsuma Technology PLC
2077697,UNID,"RiverNorth Short Prime Unicorn Fund I, Inc"
2080003,MLIZY,MELIUZ S.A.
2083945,CCIL,CALM Chain International Ltd
2087064,MARH,Starrygazey Inc.
2075589,LSBA,Law's Business Group Holding Ltd
2086017,BAVA,Bitwise Avalanche ETF
2093314,ORNJY,OranjeBTC S.A. Educacao E Investmentimento/ADR
2088827,HRBAY,"Horiba, Ltd./ADR"
2090231,MTMTY,Metlen Energy & Metals PLC/ADR
2095443,BREZ,Breeze Acquisition Corp. II
1729997,GDLC,Grayscale CoinDesk Crypto 5 ETF
1813744,WDSP,"World Scan Project, Inc."
1808377,LUCYW,Innovative Eyewear Inc
1995569,QETH,Invesco Galaxy Ethereum ETF
1992604,CCEYF,CanCambria Energy Corp.
1992870,EZBC,Franklin Templeton Digital Holdings Trust
1988894,AS,"Amer Sports, Inc."
1718728,SYTN,Syntiant Corp.
2015034,BTC,Grayscale Bitcoin Mini Trust ETF
2027166,NSNFY,"Nissin Foods Holdings Co., Ltd./ADR"
2029297,GTAO,Grayscale Bittensor Trust (TAO)
2031069,NCIQ,Hashdex Nasdaq CME Crypto Index ETF
2033807,EZPZ,Franklin Crypto Trust
2039525,XRP,Bitwise XRP ETF
1838028,HODL,VanEck Bitcoin ETF
1852317,FBTC,Fidelity Wise Origin Bitcoin Fund
2059690,GGTKY,PT GoTo Gojek Tokopedia Tbk/ADR
2055510,GDOG,Grayscale Dogecoin Trust ETF
2060717,VAVX,VanEck Avalanche ETF
2061626,TSUI,21Shares Sui ETF
2064768,TRXS,Canary Staked TRX ETF
1877971,POM,POMDOCTOR Ltd
1867090,VCX,"Fundrise Innovation Fund, LLC"
1860788,ETHV,VanEck Ethereum ETF
1855474,AIRJW,AirJoule Technologies Corp.
1158289,JRS,NUVEEN REAL ESTATE INCOME FUND
1067839,QQQ,"INVESCO QQQ TRUST, SERIES 1"
1053988,MUJ,"BLACKROCK MUNIHOLDINGS NEW JERSEY QUALITY FUND, INC."
919567,RCG,"RENN Fund, Inc."
925683,BTO,JOHN HANCOCK FINANCIAL OPPORTUNITIES FUND
931182,VRMK,ERP OPERATING LTD PARTNERSHIP
2098860,SICCY,"SICC Co., Ltd./ADR"
2097388,ININ,Sin Lian Seng Construction
2098324,SWBKY,Shawbrook Group plc/ADR
2091521,MDAT,Web3Labs Global Inc.
2089499,GLVPY,GLENVEAGH PROPERTIES PLC/ADR
2094712,FJDI,ARC Group Securities Acquisition I
2078037,GRVT,GreenVector Holdings Ltd
2070542,AIB,AIB Data Centers Inc.
2073268,BIREY,Birchcliff Energy Ltd./ADR
2073643,METRY,METRO INC./ADR
2073804,TCLXY,TCL Electronics Holdings Limited/ADR
2072389,NPIXY,Northland Power Inc./ADR
2081438,GONYF,GO Residential Real Estate Investment Trust
2087840,ZGJLY,"Zhejiang Leapmotor Technology Co., Ltd./ADR"
2092252,RENGY,"Rengo Co., Ltd./ADR"
2084296,NTMJ,Nintech Mould Factory Inc.
2085836,POCH,"POCHE TECHNOLOGY CO., Ltd"
2088776,ZSHLY,"Zensho Holdings Co., Ltd./ADR"
2089855,TKNZ,T. Rowe Price Active Crypto ETF
2094256,CLYD,"BEACON TOPCO, INC."
1951593,NNRGF,Ninepoint Energy Fund
2025000,GSNR,Grayscale Near Trust (NEAR)
2011589,MOGMF,Mogotes Metals Inc.
2035053,GAVA,Grayscale Avalanche Staking ETF
2131350,BRTM,B&R Technology Merger Corp.
2038958,MDDTY,Mandatum Oyj/ADR
2039072,DAVI,DAVION HEALTHCARE PLC
2131813,NWCL,newcleo Ltd.
2133892,KGBMY,Kongsberg Maritime ASA/ADR
2144745,BSUDY,Bradsaude S.A./ADR
2053115,YLY,Zi Yun Dong Fang Ltd
2073972,SSRLY,Sienna Senior Living Inc./ADR
2066601,TKCYY,"Tokyo Ohka Kogyo Co., Ltd./ADR"
2060703,SUIS,Canary Staked SUI ETF
2062925,SPGH,Smart Pointer Group Holdings Ltd
2059986,ONWRY,Onward Medical N.V./ADR
2060217,HZRBY,"Horizon Robotics, Inc./ADR"
2074409,QSOL,Invesco Galaxy Solana ETF
2073638,FNIGY,Finning International Inc./ADR
2073655,TPZEY,Topaz Energy Corp./ADR
2067171,IDXMF,IDEX METALS CORP.
2075877,BKPOY,Bank Pekao S.A./ADR
2065282,ACMIF,Allied Critical Metals Corp.
2065485,JXAMY,JX Advanced Metals Corporation/ADR
2064314,TDOG,21Shares Dogecoin ETF
2064381,THCLY,"Toho Co., Ltd./ADR"
2063413,SMPHY,SM Prime Holdings Inc./ADR
2049323,AMPM,AM PM Group Ltd
2083583,BSTR,"BSTR Holdings, Inc."
2076398,ZSICY,"Zhejiang Sanhua Intelligent Controls Co., Ltd./ADR"
2074157,SVICY,StorageVault Canada Inc./ADR
2074158,GIVE,Wealth Management System Inc.
2077715,UNIU,"RiverNorth Long Prime Unicorn Fund I, Inc."
2078570,AMTU,"AMATUHI HOLDINGS, INC."
2084585,UATCY,"Unisound AI Technology Co., Ltd./ADR"
2048270,SMFSY,"Sumitomo Forestry Co., Ltd./ADR"
2095150,CHON,ChainOn Group Ltd
2087843,GTLRY,Greatland Resources Limited/ADR
2086775,BTECH,BTECH Corp
2089969,BITA,iShares Bitcoin Premium Income ETF
2090651,CNYGF,Canary Gold Corp.
2092291,TIWD,Timwood Holdings Ltd
2093227,SMGSY,SMG Swiss Marketplace Group AG/ADR
1643721,BOTX,DATZ WORLD HOLDINGS CORP.
1639877,GSM,Ferroglobe PLC
1618181,GLDM,World Gold Trust
1723788,BITW,Bitwise 10 Crypto Index ETF
1736541,NIO,NIO Inc.
1708646,AAAU,Goldman Sachs Physical Gold ETF
1450923,SGOL,abrdn Gold ETF Trust
2104277,HNUC,Holtec Nuclear Corp
2104827,BMF,BANG MAI FANG HOLDINGS
2105038,CZZLF,Cizzle Brands Corp
1487610,NHS,Neuberger High Yield Strategies Fund Inc.
2133239,SCAT,Southern Cross Acquisition II Corp.
2131853,FTRA,FutureCorp Space Acquisition 1
2127859,EULLY,EUROPEAN LITHIUM LTD/ADR
2128813,HGZDY,"Hangzhou Diagens Biotechnology Co., Ltd./ADR"
2129595,TEAC,Tidewise Acquisition Corp
2120882,SKHY,SK hynix Inc.
2123372,WXILY,"Wuxi Lead Intelligent Equipment Co., Ltd./ADR"
2110025,PTT,SIYATA PTT
2111790,SHILY,Shanghai Iluvatar CoreX Semiconductor Co Ltd/ADR
2119292,PSQL,Bleichroeder Acquisition France Merger Sub 2
2120046,CVCPY,CVC Capital Partners plc/ADR
1553788,EDVA,"SPLASH BEVERAGE GROUP, INC."
1528988,BUI,"BlackRock Utilities, Infrastructure & Power Opportunities Trust"
1496749,HEQ,John Hancock Diversified Income Fund
2138369,SIAMY,Siam Global House Public Co Limited/ADR
1362481,AGD,abrdn Global Dynamic Dividend Fund
1327068,USO,"United States Oil Fund, LP"
1318025,PGP,PIMCO Global StocksPLUS & Income Fund
1286405,GJH,STRATS SM TRUST FOR U S CELL CORP SEC SERIES 2004 6
2106762,GBNB,Grayscale BNB ETF
2108383,SCOP,Sprott Physical Copper Trust
2109556,MMXGY,Minimax Group Inc./ADR
1169034,BHV,BLACKROCK VIRGINIA MUNICIPAL BOND TRUST
2109823,LEDR,Leader's Advantage Acquisition Corp.
2104943,EFGH,Embed Financial Group Holdings
2111860,XTND,"Xtend AI Robotics, Inc."
2123524,MUYNY,Muyuan Foods Co. Ltd/ADR
2127653,ATAYY,American Tungsten & Antimony Ltd
2127839,BVGLY,Bellevue Gold Ltd./ADR
2128458,JXIRY,Jiaxin International Resources Investment Limited/ADR
2133020,RHDTY,Ruihe Data Technology Holdings Limited/ADR
2133719,NSAI,NorthStrive Acquisition Corp I.
2125951,BHTGY,"Beijing Haizhi Technology Group Co., Ltd./ADR"
2147557,HLNK,HUALINK TECH INC
2148075,MGLBY,MOMENTA GLOBAL LTD/ADR
2149111,PSTEY,Poste Italiane S.p.A./ADR
1222333,GLD,SPDR GOLD TRUST
1227862,EMD,WESTERN ASSET EMERGING MARKETS DEBT FUND INC.
2129056,JONE,Jones Ventures INTL Acquisition1 Corp
2131613,KVLT,"CoVolt Power, Inc."
2131882,MCFN,"McCarthy Finney, Inc."
2132082,SIGEY,"Sigenergy Technology Co., Ltd./ADR"
2133136,MTAK,Market Technology Acquisition Corp
2133836,BDDD,Bridge III Acquisition Ltd
2134539,ITHEY,Ithaca Energy PLC/ADR
2135894,SXZTY,"Shanghai Xizhi Technology Co., Ltd./ADR"
2099326,SGPIY,"Seres Group Co., Ltd./ADR"
2107968,WQEY,WISeKey International Corp.
2102720,TARX,Tarsier Pharma Ltd.
2104391,CATL,Catalyst Acquisition Corp.
2142762,ORCRY,Organo Corporation/ADR
2144751,CTNKY,Capital Tankers Corp./ADR
2134856,XTER,Karman Line Acquisition Corp.
2136360,MTRL,Material Resource Acquisition Corp.
2140589,LARS,Laris Growth Acquisition Corp.
1652044,GOOG,Alphabet Inc.
36104,USB-PA,US BANCORP DE
1067983,BRK-A,BERKSHIRE HATHAWAY INC
937966,ASMLF,ASML HOLDING NV
1046179,TSMWF,TAIWAN SEMICONDUCTOR MANUFACTURING CO LTD
1577552,BABAF,Alibaba Group Holding Ltd
19617,JPM-PC,JPMORGAN CHASE & CO
1114448,NVSEF,NOVARTIS AG
1108329,PCCYF,PETROCHINA CO LTD
70858,BML-PG,BANK OF AMERICA CORP /DE/
1306965,RYDAF,Shell plc
67088,MBFJF,MITSUBISHI UFJ FINANCIAL GROUP INC
70858,BML-PL,BANK OF AMERICA CORP /DE/
1000184,SAPGF,SAP SE
70858,BAC-PB,BANK OF AMERICA CORP /DE/
1094517,TOYOF,TOYOTA MOTOR CORP/
1268896,CILJF,CHINA LIFE INSURANCE CO LTD
70858,BAC-PK,BANK OF AMERICA CORP /DE/
811809,BHPLF,BHP Group Ltd
891478,BCDRF,"Banco Santander, S.A."
353278,NONOF,NOVO NORDISK A S
1089113,HBCYF,HSBC HOLDINGS PLC
72971,WFC-PY,WELLS FARGO & COMPANY/MN
72971,WFC-PL,WELLS FARGO & COMPANY/MN
1091587,ABLZF,ABB LTD
1091587,ABBNY,ABB LTD
313838,SNEJF,Sony Group Corp
732717,TBB,AT&T INC.
1121404,SNYNF,Sanofi
217410,UNLYF,UNILEVER PLC
1668717,BUDFF,Anheuser-Busch InBev SA/NV
72971,WFC-PC,WELLS FARGO & COMPANY/MN
1303523,BTAFF,British American Tobacco p.l.c.
946770,DTEGF,DEUTSCHE TELEKOM AG
1131399,GLAXF,GSK plc
313807,BPAQF,BP PLC
863064,RTPPF,RIO TINTO PLC
1022837,SMFNF,"SUMITOMO MITSUI FINANCIAL GROUP, INC."
1438656,IDEXF,Industria de Diseno Textil Inditex SA / ADR
1445162,BYDDF,BYD CO LTD
70866,NCRRP,NCR Voyix Corp
1274152,CMXHF,CSL LTD
1161167,AIQUF,L AIR LIQUIDE SA /FI
895564,BAESF,BAE SYSTEMS PLC /FI/
1123658,SNPMF,CHINA PETROLEUM & CHEMICAL CORP
1067318,MBGAF,DAIMLER AG
769594,NTTYY,NIPPON TELEGRAPH & TELEPHONE CORP
1110646,NETTF,"NetEase, Inc."
36104,USB-PH,US BANCORP DE
895728,EBBNF,ENBRIDGE INC
30554,CTA-PB,"EIDP, Inc."
36104,USB-PP,US BANCORP DE
1129137,AMXOF,AMERICA MOVIL SAB DE CV/
1524684,GLCNF,Glencore plc/ADR
895421,MS-PK,MORGAN STANLEY
1119639,PBR-A,PETROBRAS - PETROLEO BRASILEIRO SA
1106215,KDDIF,KDDI CORP
1140625,STOHF,EQUINOR ASA
895421,MS-PE,MORGAN STANLEY
929869,RLXXF,RELX PLC
1065521,SFTBF,SOFTBANK GROUP CORP.
1329099,BAIDF,"Baidu, Inc."
1420798,RBGPF,RECKITT BENCKISER GROUP PLC
835403,DGEAF,DIAGEO PLC
1002242,EIPAF,ENI SPA
924613,NOKBF,NOKIA CORP
1166691,CCZ,COMCAST CORP
1065521,SFBQF,SOFTBANK GROUP CORP.
719245,WEBNF,WESTPAC BANKING CORP
1107457,IFNNF,INFINEON TECHNOLOGIES AG
1335730,MZHOF,MIZUHO FINANCIAL GROUP INC
47710,HTHIF,HITACHI LTD
1004315,NGGTF,NATIONAL GRID PLC
1395064,TKPHF,TAKEDA PHARMACEUTICAL CO LTD
1446519,DKILF,Daikin Industries Ltd
718940,BECEF,BCE INC
1063761,SPG-PJ,SIMON PROPERTY GROUP INC.
1512673,BSQKZ,"Block, Inc."
30554,CTA-PA,"EIDP, Inc."
1232384,TNCAF,TC ENERGY CORP
1039765,INGVF,ING GROEP NV
1099219,MET-PA,METLIFE INC
1269238,TRPCF,Trip.com Group Ltd
355363,ITOCF,ITOCHU CORP
1099219,MET-PE,METLIFE INC
1160106,LLDTF,Lloyds Banking Group plc
842180,BBVXF,"BANCO BILBAO VIZCAYA ARGENTARIA, S.A."
1900304,HLNCF,Haleon plc
1232384,TCANF,TC ENERGY CORP
1393311,PSA-PH,Public Storage
1002788,BMDPF,BANCA MONTE DEI PASCHI DI SIENA SPA
1549802,JDCMF,"JD.com, Inc."
715153,HNDAF,HONDA MOTOR CO LTD
1169486,TKOMF,"TOKIO MARINE HOLDINGS, INC."
1359519,SVNDF,SEVEN & I HOLDINGS CO LTD
1001085,BAMGF,BROOKFIELD Corp /ON/
1393311,PSA-PU,Public Storage
1450468,MRAAF,"Murata Manufacturing Co., Ltd./ADR"
46619,HEI-A,HEICO CORP
1446250,BAMXF,Bayerische Motoren Werke AG/ADR
1569964,PINXF,People's Insurance Co (Group) of China Limited/ADR
886986,TCKRF,TECK RESOURCES LTD
1279967,CRARF,CREDIT AGRICOLE S A
1136808,ENAKF,E.ON SE
844150,RBSPF,NatWest Group plc
717826,ERIXF,ERICSSON LM TELEPHONE CO
1116578,PUKPF,PRUDENTIAL PLC
844551,WOPEF,WOODSIDE ENERGY GROUP LTD
1038143,FNCTF,ORANGE
1406234,BIP,Brookfield Infrastructure Partners L.P.
920760,LEN-B,LENNAR CORP /NEW/
1535628,CIXPF,CaixaBank/ADR
312069,BCLYF,BARCLAYS PLC
899051,ALL-PH,ALLSTATE CORP
943819,RSMDF,RESMED INC
1012037,CODGF,COMPAGNIE DE SAINT GOBAIN
1791706,LAAOF,Li Auto Inc.
1330306,VWSYF,VESTAS WIND SYSTEMS A/S
1560385,FWONK,Liberty Media Corp
1070304,ORXCF,ORIX CORP
814052,TEFOF,TELEFONICA S A
915912,AVB,AVALONBAY COMMUNITIES INC
839923,VODPF,VODAFONE GROUP PUBLIC LTD CO
1160330,BBDO,BANK BRADESCO
1754301,FOX,Fox Corp
1434265,GNMSF,GENMAB A/S
1700171,ANNSF,Aena S.A./ADR
1297996,DLR-PK,"DIGITAL REALTY TRUST, INC."
1712356,HRNNF,Hydro One Ltd
16988,CAJPY,CANON INC
932787,STMEF,STMicroelectronics N.V.
1142231,HKHHF,HEINEKEN HOLDING N V
1243429,AMSYF,ArcelorMittal
1436778,SAXPF,Sampo OYJ
1038683,RYAOF,RYANAIR HOLDINGS PLC
63754,MKC-V,MCCORMICK & CO INC
1190723,TNRSF,TENARIS SA
1618755,RSTRF,Restaurant Brands International Limited Partnership
801645,MARUF,MARUBENI CORP /FI
92122,SOJC,SOUTHERN CO
16988,CAJFF,CANON INC
1396282,HMRZF,H&M HENNES & MAURITZ AB
910631,COCSF,COCA COLA FEMSA SAB DE CV
858446,ICHGF,INTERCONTINENTAL HOTELS GROUP PLC /NEW/
1126113,TELNF,TELENOR ASA
733099,RCIAF,ROGERS COMMUNICATIONS INC
798941,FCNCB,FIRST CITIZENS BANCSHARES INC /DE/
1810997,XPNGF,XPENG INC.
1617640,Z,"ZILLOW GROUP, INC."
93751,STT-PG,STATE STREET CORP
57083,KYOCF,KYOCERA CORP
1564708,NWS,NEWS CORP
1459334,BKZHY,Santander Bank Polska SA/ADR
1560385,FWONB,Liberty Media Corp
1163420,MTNOF,MTN GROUP LTD/ADR
1450346,POAHF,Porsche Automobil Holding SE / ADR
1163653,NRSCF,NOMURA HOLDINGS INC
1516534,EDRVY,EDP Renewables S.A./ADR
1159152,JHIUF,James Hardie Industries plc
1518542,SPXSF,Spirax-Sarco Engineering PLC/ADR
313216,RYLPF,KONINKLIJKE PHILIPS NV
1748790,AMCCF,Amcor plc
1450159,SURDF,"Sumitomo Realty & Development Co., Ltd./ADR"
12208,BIO-B,"BIO-RAD LABORATORIES, INC."
1041668,CHKIF,CHINA SOUTHERN AIRLINES CO LTD
1158838,ADTTF,ADVANTEST CORP
91576,KEY-PK,KEYCORP /NEW/
904868,FSNUF,Fresenius SE & Co. KGaA
818686,TEVJF,TEVA PHARMACEUTICAL INDUSTRIES LTD
3124,AKZOF,AKZO NOBEL NV
1281721,SGIOF,SHIONOGI & CO LTD
915191,FRFFF,FAIRFAX FINANCIAL HOLDINGS LTD/ CAN
14693,BF-A,BROWN FORMAN CORP
91576,KEY-PI,KEYCORP /NEW/
1736541,NIOIF,NIO Inc.
927971,FNGD,BANK OF MONTREAL /CAN/
1172724,GFIOF,GOLD FIELDS LTD
1003935,NCSYF,NICE Ltd.
930157,RKLIF,RENTOKIL INITIAL PLC /FI
801337,WBS,WEBSTER FINANCIAL CORP
930826,SVYSF,SOLVAY S A /ADR/
1474968,GELYF,Geely Automobile Holdings Limited/ADR
1333172,NMPGY,Navios Maritime Holdings Inc.
105016,WSO-B,WATSCO INC
1333141,FMCQF,Fresenius Medical Care AG
912595,MAA-PI,MID AMERICA APARTMENT COMMUNITIES INC.
1281761,RF-PC,REGIONS FINANCIAL CORP
845982,SNNUF,SMITH & NEPHEW PLC
1442651,SHECF,"Shin-Etsu Chemical Co., Ltd."
1611983,LBRDK,Liberty Broadband Corp
1072397,BZLFF,BUNZL PLC
1161611,ALMMF,ALUMINUM CORP OF CHINA LTD
1447100,YMHAY,"Yamaha Motor Co., Ltd."
1127248,ERRAF,EMERA INC
1437441,PIRBF,Piraeus Bank S.A.
4457,UHAL-B,U-Haul Holding Co /NV/
1786909,SBYSF,Sibanye Stillwater Ltd
1446597,DQJCF,Don Quijote Holdings Co Ltd
1504122,PBNNF,PT Bank Negara Indonesia (Persero) Tbk/ADR
806968,WPPGF,WPP plc
1437672,PRYMF,Prysmian S.p.A.
1420924,BRZL,"Adapti, Inc."
1062066,AOMFF,ALSTOM
1347557,GPAEF,Pacific Airport Group
1034983,MNBEF,MINEBEA MITSUMI Inc.
769218,AEGOF,AEGON LTD.
1026214,FREJO,FEDERAL HOME LOAN MORTGAGE CORP
95227,SMTOF,SUMITOMO ELECTRIC INDUSTRIES LTD/ADR/
1447100,YAMHF,"Yamaha Motor Co., Ltd."
2057463,GLIBB,Liberty Capital Corp/NV
353991,NDEKF,NITTO DENKO CORP / ADR/
1123452,ASRMF,SOUTHEAST AIRPORT GROUP
1604982,SBMFF,Sino Biopharmaceutical Limited/ADR
1570585,LBTYB,Liberty Global Ltd.
100826,UEPCN,UNION ELECTRIC CO
1012019,RUSHB,RUSH ENTERPRISES INC \TX\
1076378,CXMSF,CEMEX SAB DE CV
2072563,SAPIF,Saputo Inc./ADR
1544379,DINRF,"SCREEN Holdings Co., Ltd./ADR"
938323,PSORF,PEARSON PLC
1157557,CIG-C,ENERGY CO OF MINAS GERAIS
100826,UEPEO,UNION ELECTRIC CO
100826,UEPEP,UNION ELECTRIC CO
1884082,PSNYW,Polestar Automotive Holding UK PLC
314590,SASOF,SASOL LTD
899689,VNORP,VORNADO REALTY TRUST
24545,TAP-A,MOLSON COORS BEVERAGE CO
1600520,OSCUF,"Japan Exchange Group, Inc./ADR"
1372920,NWOEF,New Oriental Education & Technology Group Inc.
1346287,CLUS,Cluster Group Holdings Ltd Co
899689,VNO-PL,VORNADO REALTY TRUST
100826,UEPCP,UNION ELECTRIC CO
899689,VNO-PM,VORNADO REALTY TRUST
1453932,UNBLF,Unibail-Rodamco SE/ADR
100826,UEPEN,UNION ELECTRIC CO
1723690,BLBLF,Bilibili Inc.
1535929,VOYA-PB,"Voya Financial, Inc."
1562805,XZJCF,Mitsui Kinzoku Co Ltd./ADR
1438569,GIFLF,Grifols SA
354516,TYOYY,TAIYO YUDEN CO LTD /ADR/
1668501,KOSCF,Kose Corporation/ADR
1489079,PADEF,Adaro Energy PT/ADR/
1438569,GIFOF,Grifols SA
1710864,MSUXF,Misumi Group Inc./ADR
1647435,ATDRF,Auto Trader Group plc/ADR
1481045,DSECF,Daiwa Securities Group Inc.
811156,CMSA,CMS ENERGY CORP
1040971,SLG-PI,SL GREEN REALTY CORP
1969729,RCWLY,Rockwool A/S/ADR
1581285,BCUCF,Brunello Cucinelli S.p.A./ADR
1671235,BMRPF,B&M European Value Retail S.A./ADR
1581760,LIFX,"Life360, Inc."
1438569,GIKLY,Grifols SA
1506721,BLFBY,Balfour Beatty plc/ADR
793742,HACBY,HACHIJUNI BANK LTD
1642365,ALTB,Alpine Auto Brokers Inc.
2084022,SFGRF,Sony Financial Group Inc./ADR
5513,UNMA,Unum Group
1370418,SLFPF,STANDARD LIFE PLC
1516536,RTMVF,Rightmove PLC/ADR
1611983,LBRDA,Liberty Broadband Corp
1446420,MITUF,Mitsui Chemicals Inc
763901,BPOPO,"POPULAR, INC."
2133892,KMRRF,Kongsberg Maritime ASA/ADR
1023514,HGMCF,HARMONY GOLD MINING CO LTD
921638,SSRGF,SSR MINING INC.
2068427,ZLDPF,Zealand Pharma A/S/ADR
925261,AKO-B,ANDINA BOTTLING CO INC
78150,PHTCF,PLDT Inc.
1004980,PCG-PE,PG&E Corp
1469395,PPENF,Pampa Energy Inc.
1004980,PCG-PD,PG&E Corp
1004980,PCG-PC,PG&E Corp
310522,FNMFN,FEDERAL NATIONAL MORTGAGE ASSOCIATION FANNIE MAE
1004980,PCG-PH,PG&E Corp
1004980,PCG-PG,PG&E Corp
1378239,GAERF,Central North Airport Group
1214816,AXS-PE,AXIS CAPITAL HOLDINGS LTD
936340,DTW,DTE ENERGY CO
43920,GEF-B,"GREIF, INC"
908732,SPTJF,SINOPEC SHANGHAI PETROCHEMICAL CO LTD
1445211,PIFMF,"Indofood Sukses Makmur, Tbk"
1004980,PCG-PI,PG&E Corp
1671750,DISPF,Disco Corporation/ADR
932470,TCMFF,TELECOM ARGENTINA SA
1032033,SLMBP,SLM Corp
1049724,DLAKF,DEUTSCHE LUFTHANSA A G /FI
720672,SF-PB,STIFEL FINANCIAL CORP
1465740,TWO-PC,TWO HARBORS INVESTMENT CORP.
729580,BELFB,BEL FUSE INC /NJ
1570585,LBTYK,Liberty Global Ltd.
1362898,AVLNF,Avalon Advanced Materials Inc.
1958140,BATRK,"Atlanta Braves Holdings, Inc."
8063,ATROB,ASTRONICS CORP
1447101,TYTMF,Tokyo Tatemono Co Ltd
67887,MOG-B,MOOG INC.
714310,VLYPP,VALLEY NATIONAL BANCORP
1592049,RYKKF,Ryohin Keikaku Co/ADR
1465740,TWO-PB,TWO HARBORS INVESTMENT CORP.
1465740,TWO-PA,TWO HARBORS INVESTMENT CORP.
11544,WRB-PE,BERKLEY W R CORP
1536787,SOHGY,ALSOK Co Ltd./ADR
801337,WBS-PF,WEBSTER FINANCIAL CORP
714310,VLYPO,VALLEY NATIONAL BANCORP
1511337,RLJ-PA,RLJ Lodging Trust
1474098,PEB-PF,Pebblebrook Hotel Trust
1474098,PEB-PE,Pebblebrook Hotel Trust
1409493,CIM-PA,CHIMERA INVESTMENT CORP
99614,TY-P,TRI-CONTINENTAL Corp
1545057,PTXAF,PT XLSMART Telecom Sejahtera Tbk/ADR
1648257,HMDCF,HUTCHMED (China) Ltd
1026214,FMCCG,FEDERAL HOME LOAN MORTGAGE CORP
310522,FNMAM,FEDERAL NATIONAL MORTGAGE ASSOCIATION FANNIE MAE
18654,AILLI,Ameren Illinois Co
887733,CENTA,CENTRAL GARDEN & PET CO
1660734,TRTN-PA,Triton International Ltd
1958140,BATRB,"Atlanta Braves Holdings, Inc."
107815,WELPP,WISCONSIN ELECTRIC POWER CO
18654,AILLM,Ameren Illinois Co
18654,AILLN,Ameren Illinois Co
1448611,CDGLF,ComfortDelGro Corp Ltd
1336917,UA,"Under Armour, Inc."
310522,FNMAN,FEDERAL NATIONAL MORTGAGE ASSOCIATION FANNIE MAE
98677,TROLB,TOOTSIE ROLL INDUSTRIES INC
18654,AILIM,Ameren Illinois Co
1026214,FMCCJ,FEDERAL HOME LOAN MORTGAGE CORP
310522,FNMAI,FEDERAL NATIONAL MORTGAGE ASSOCIATION FANNIE MAE
1770561,CODQL,Coronado Global Resources Inc.
885275,WBHC,WILSON BANK HOLDING CO
1421876,GLPGF,Lakefront Biotherapeutics NV
1489088,TBNGY,PT Bukit Asam Tbk/ADR
18654,AILLO,Ameren Illinois Co
910108,LXP-PC,LXP Industrial Trust
310522,FNMAT,FEDERAL NATIONAL MORTGAGE ASSOCIATION FANNIE MAE
18654,AILIN,Ameren Illinois Co
310522,FNMAK,FEDERAL NATIONAL MORTGAGE ASSOCIATION FANNIE MAE
2035057,IFCNF,Inficon Holding AG/ADR
310522,FNMAL,FEDERAL NATIONAL MORTGAGE ASSOCIATION FANNIE MAE
310522,FNMFM,FEDERAL NATIONAL MORTGAGE ASSOCIATION FANNIE MAE
1174511,AEBZY,ANADOLU EFES BIRACILIK VE MALT SANAYI A S/ADR
18654,AILLP,Ameren Illinois Co
107140,WLYB,"JOHN WILEY & SONS, INC."
310522,FNMAO,FEDERAL NATIONAL MORTGAGE ASSOCIATION FANNIE MAE
1562296,TUFBY,Thai Union Group Public Co Limited/ADR
310522,FNMAG,FEDERAL NATIONAL MORTGAGE ASSOCIATION FANNIE MAE
310522,FNMFO,FEDERAL NATIONAL MORTGAGE ASSOCIATION FANNIE MAE
1423210,ARZTF,ARYZTA AG (fka IAWS GROUP PLC)
1260729,GDV-PH,GABELLI DIVIDEND & INCOME TRUST
1433087,FLIDF,FLSMIDTH & CO. A/S
1553079,FISK,"Empire State Realty OP, L.P."
912892,GRPFF,"GRUPO TELEVISA, S.A.B."
1712184,LILAK,Liberty Latin America Ltd.
1412558,EVOTF,Evotec SE
1504461,NGL-PC,NGL Energy Partners LP
907254,BFS-PD,"SAUL CENTERS, INC."
1026214,FMCCL,FEDERAL HOME LOAN MORTGAGE CORP
1553079,OGCP,"Empire State Realty OP, L.P."
845877,AGM-A,FEDERAL AGRICULTURAL MORTGAGE CORP
1026214,FMCKL,FEDERAL HOME LOAN MORTGAGE CORP
1569963,LTGHF,Life Healthcare Group Holdings Limited/ADR
1464423,PMT-PA,PennyMac Mortgage Investment Trust
1464343,ATLC,Atlanticus Holdings Corp
1464423,PMT-PB,PennyMac Mortgage Investment Trust
1578955,SBOEF,SBO AG/ADR
1712184,LILAB,Liberty Latin America Ltd.
1026214,FMCCS,FEDERAL HOME LOAN MORTGAGE CORP
1465740,TWO,TWO HARBORS INVESTMENT CORP.
1412100,MHLA,"Maiden Holdings, Ltd."
1026214,FMCCO,FEDERAL HOME LOAN MORTGAGE CORP
1726173,BH,Biglari Holdings Inc.
1671541,DRSHF,DroneShield Ltd
1345126,CODI-PB,Compass Diversified Holdings
1026214,FMCKN,FEDERAL HOME LOAN MORTGAGE CORP
1026214,FREJN,FEDERAL HOME LOAN MORTGAGE CORP
1503154,CMGMF,Chemring Group PLC/ADR
1026214,FMCCN,FEDERAL HOME LOAN MORTGAGE CORP
1026214,FMCKO,FEDERAL HOME LOAN MORTGAGE CORP
1026214,FMCKJ,FEDERAL HOME LOAN MORTGAGE CORP
1026214,FMCKM,FEDERAL HOME LOAN MORTGAGE CORP
1026214,FREGP,FEDERAL HOME LOAN MORTGAGE CORP
1598655,GLOP-PA,GasLog Partners LP
1026214,FMCCH,FEDERAL HOME LOAN MORTGAGE CORP
1026214,FMCCK,FEDERAL HOME LOAN MORTGAGE CORP
719413,HL-PB,HECLA MINING CO/DE/
1026214,FMCCP,FEDERAL HOME LOAN MORTGAGE CORP
1026214,FMCCM,FEDERAL HOME LOAN MORTGAGE CORP
1026214,FMCKP,FEDERAL HOME LOAN MORTGAGE CORP
88948,SENEB,Seneca Foods Corp
1164009,FXCNF,FIH Mobile Ltd
800457,DGICB,DONEGAL GROUP INC
2079013,HCACU,Hall Chadwick Acquisition Corp
1803901,TALK,"Talkspace, Inc."
55135,KELYB,KELLY SERVICES INC
43196,GTN-A,"GRAY MEDIA, INC"
1072725,GDRZF,GOLD RESERVE LTD
1345099,MEOBF,MESOBLAST LTD
1023512,DRDGF,DRDGOLD LTD
357294,HOVVB,HOVNANIAN ENTERPRISES INC
1503584,CMRE-PC,Costamare Inc.
1290877,CLVLF,Clinuvel Pharmaceuticals Ltd
1561032,HLTC,"National Healthcare Properties, Inc."
216085,HVT-A,HAVERTY FURNITURE COMPANIES INC
921671,GGT-PE,GABELLI MULTIMEDIA TRUST INC.
1505065,BRSYF,Brainsway Ltd.
752642,UMH-PD,"UMH PROPERTIES, INC."
1495222,OXLCM,Oxford Lane Capital Corp.
1537543,MTGRF,MGX Resources Limited/ADR
836690,ISSC,INNOVATIVE SOLUTIONS & SUPPORT INC
2133810,TIHRF,Tharisa plc
1587987,NEWTI,"NewtekOne, Inc."
1782999,PTCHF,PureTech Health plc
1495222,OXLCO,Oxford Lane Capital Corp.
25475,CRD-B,CRAWFORD & CO
1130713,BBBY,"NEIGHBORHOOD INTELLIGENCE, INC."
2010930,ALF,Centurion Acquisition Corp.
1271554,ERLFF,Entree Resources Ltd.
1855474,AIRJ,AirJoule Technologies Corp.
1762303,AVHHL,"AVITA Medical, Inc."
1762506,VSOGF,"Vista Energy, S.A.B. de C.V."
863110,ARTNB,ARTESIAN RESOURCES CORP
1815620,CKDXF,Opthea Ltd
23426,CNTHP,CONNECTICUT LIGHT & POWER CO
1400891,IHRTB,"iHeartMedia, Inc."
23426,CNLPL,CONNECTICUT LIGHT & POWER CO
1227857,NCZ-PA,Virtus Convertible & Income Fund II
1799191,DFPH,"Starling Oncology, Inc."
1318885,DSX-PB,DIANA SHIPPING INC.
23426,CNTHO,CONNECTICUT LIGHT & POWER CO
1641601,RVRF,River Financial Corp
1571776,CHMI-PB,Cherry Hill Mortgage Investment Corp
2034334,AACB,Artius II Acquisition Inc.
1854078,RLFTY,MindMaze Therapeutics Holding SA
1495651,UURAF,Ucore Rare Metals Inc.
1506184,PRRUF,IMMUTEP Ltd
23426,CNTHN,CONNECTICUT LIGHT & POWER CO
1479615,SLNCF,Silence Therapeutics plc
1944885,APLMW,Apollomics Inc.
23426,CNLHP,CONNECTICUT LIGHT & POWER CO
1243429,ARCXF,ArcelorMittal
23426,CNLTP,CONNECTICUT LIGHT & POWER CO
1577568,HEXEY,Euronext Athens Holding S.A./ADR
1896084,GSCCF,ioneer Ltd
23426,CNLTL,CONNECTICUT LIGHT & POWER CO
1598599,IPHYF,Innate Pharma SA
23426,CNPWM,CONNECTICUT LIGHT & POWER CO
1653558,PRTHU,"Priority Technology Holdings, Inc."
1571776,CHMI-PA,Cherry Hill Mortgage Investment Corp
23426,CNLHO,CONNECTICUT LIGHT & POWER CO
23426,CNPWP,CONNECTICUT LIGHT & POWER CO
1495240,LANDP,GLADSTONE LAND Corp
23426,CNLPM,CONNECTICUT LIGHT & POWER CO
23426,CNLTN,CONNECTICUT LIGHT & POWER CO
1697884,VSBC,VITASPRING BIOMEDICAL CO. LTD.
71508,ENO,"ENTERGY NEW ORLEANS, LLC"
23426,CNLHN,CONNECTICUT LIGHT & POWER CO
1851651,BNIGF,Beroni Group Ltd
1756594,IVEVF,Inventiva S.A.
2129284,AMEGF,American Eagle Gold Corp.
1823635,ECXJ,"CXJ GROUP CO., Ltd"
1434754,SB-PC,"SAFE BULKERS, INC."
1347123,EBRCZ,"EBR Systems, Inc."
885508,STRS,STRATUS PROPERTIES INC
1394189,CHPGF,Chesapeake Gold Corp
1408534,FGBI,"First Guaranty Bancshares, Inc."
1855743,ARRKF,ARRAS MINERALS CORP.
1726079,LUCN,"Lucent, Inc."
2012318,IPCX,Inflection Point Acquisition Corp. III
1814974,BBXIB,"BBX Capital, Inc."
1526475,HUSIF,NICOLA MINING INC.
1343793,BTA,BlackRock Long-Term Municipal Advantage Trust
942149,OCGSF,Outcrop Silver & Gold Corp
1628063,SRG,Seritage Growth Properties
2042320,AOAO,Alpha One Inc.
1804583,RAASY,Cloopen Group Holding Ltd
818677,SFDL,SECURITY FEDERAL CORP
1552800,TTSH,"TILE SHOP HOLDINGS, INC."
1908984,ENDI,ENDI Corp.
9521,BCV-PA,BANCROFT FUND LTD
1668340,BCTF,"Bancorp 34, Inc."
1859795,NVNXF,NOVONIX Ltd
1589150,RGBPP,Regen BioPharma Inc
1282957,GLU-PB,GABELLI GLOBAL UTILITY & INCOME TRUST
1389207,GFASY,Gafisa S.A.
1882198,ATEK,Athena Technology Acquisition Corp. II
1847360,BCOW,"1895 Bancorp of Wisconsin, Inc. /MD/"
202947,CPTP,CAPITAL PROPERTIES INC /RI/
1430725,GSL-PB,"Global Ship Lease, Inc."
1482430,KBSR,"KBS Real Estate Investment Trust III, Inc."
1845799,CULL,"Cullman Bancorp, Inc. /MD/"
1429393,TKLS,"Trutankless, Inc."
1865248,CMCAF,Piermont Valley Acquisition Corp
1489874,GGROU,Golden Growers Cooperative
1845149,CBRRF,Chain Bridge I
1804792,ARSMF,ARES STRATEGIC MINING INC.
1703118,FUUFF,F3 Uranium Corp.
1779474,MAPS,"WM TECHNOLOGY, INC."
797564,HSTC,"HST Global, Inc."
1086303,HCIL,"Hongchang International Co., Ltd"
1876716,ASCBF,ASPAC II Acquisition Corp.
1850059,FSHPU,Flag Ship Acquisition Corp
1593549,LIVG,"Livento Group, Inc."
1050446,STRC,Strategy Inc
1075706,CIZN,CITIZENS HOLDING CO /MS/
2037786,USREF,Tactical Resources Corp.
1087456,UBOH,UNITED BANCSHARES INC/OH
1550453,TRLC,TriLinc Global Impact Fund LLC
1807983,MDNAF,Medicenna Therapeutics Corp.
1468639,VICP,"Vicapsys Life Sciences, Inc."
1846084,JETBF,Global Crossing Airlines Group Inc.
1814974,BBXIA,"BBX Capital, Inc."
1041657,UONEK,"URBAN ONE, INC."
1452804,RMHI,"Retrieve Medical Holdings, Inc."
1854463,WINV,WinVest Acquisition Corp.
1408146,SCYYF,SCANDIUM INTERNATIONAL MINING CORP.
716634,RDI,READING INTERNATIONAL INC
1738699,WSKEF,Wisekey International Holding S.A.
1849380,ONMD,OneMedNet Corp
1823365,GBNY,"Generations Bancorp NY, Inc."
1723059,BIOE,Bio Essence Corp
1680637,NRRWF,Nuran Wireless Inc.
1620678,ANPCF,ANGLE plc
943034,AATC,AUTOSCOPE TECHNOLOGIES CORP
1050606,SALM,"SALEM MEDIA GROUP, INC. /DE/"
831609,CXXIF,C21 Investments Inc.
1099234,MLMC,"FrankSpeech Network, Inc."
1861233,ILLMF,illumin Holdings Inc.
1619312,LTSV,"Lightstone Value Plus REIT IV, Inc."
1000045,OMCC,OLD MARKET CAPITAL Corp
1569340,CLCS,"Cell Source, Inc."
1365388,HSTI,"High Sierra Technologies, Inc."
1800373,GWLL,"GOLDENWELL BIOTECH, INC."
1779372,BEAT,"HeartBeam, Inc."
1076691,OSBK,OCONEE FINANCIAL CORP
1891512,XTXXF,Adastra Holdings Ltd.
1095146,ABIT,Athena Bitcoin Global
838875,WVVIP,WILLAMETTE VALLEY VINEYARDS INC
1826000,LTCH,"Latch, Inc."
1913838,VWFB,"VWF Bancorp, Inc."
1967306,MSBB,"Mercer Bancorp, Inc."
1854445,GGRP,"Glimpse Group, Inc."
1301854,MRZLF,Mirasol Resources Ltd
1101026,ZIVO,"Zivo Bioscience, Inc."
86115,SFES,SAFEGUARD SCIENTIFICS INC
1497649,GSTX,Graphene & Solar Technologies Ltd
1158399,BRCNF,Burcon NutraScience Corp
1568628,BQST,Bioquest Corp
1528188,WNFT,Worldwide NFT Inc.
1527541,WHLRD,"Wheeler Real Estate Investment Trust, Inc."
890066,GLBZ,GLEN BURNIE BANCORP
1815974,ANEB,"Anebulo Pharmaceuticals, Inc."
1131343,PRNAF,ALTERITY THERAPEUTICS LTD
2123346,MNTCF,"Montage Technology Co., Ltd./ADR"
1376986,TVE,Tennessee Valley Authority
1376986,TVC,Tennessee Valley Authority
1400271,CUBT,Curative Biotechnology Inc
942126,TAIT,TAITRON COMPONENTS INC
1673504,AGLY,Atlantis Glory Inc.
1016178,CARV,CARVER BANCORP INC
1001601,MGTI,"MGT CAPITAL INVESTMENTS, INC."
1133798,TXRP,"TX Rail Products, Inc."
1350156,PAXH,PREAXIA HEALTH CARE PAYMENT SYSTEMS INC.
1816554,EVTK,EVENTIKO INC.
1808377,LUCY,Innovative Eyewear Inc
1490054,APHD,"VERDE BIO HOLDINGS, INC."
1763925,CJAX,CoJax Oil & Gas Corp
936801,FEOVF,OCEANIC IRON ORE CORP
1391426,CLNV,Clean Vision Corp
1498067,CTGL,SKYTECH ORION GLOBAL CORP.
1771755,SWISF,Sekur Private Data Ltd.
1722731,FDCTD,"FDCTECH, INC."
1420108,GLUC,"Glucose Health, Inc."
1737270,NEXCF,Nextech3D.AI Corp.
1565228,VISL,"Vislink Technologies, Inc."
1996210,BLMH,"BLUM HOLDINGS, INC."
1539680,HMMR,HAMMER TECHNOLOGY HOLDINGS CORP.
1092570,FULO,FULLNET COMMUNICATIONS INC
1119643,NPHC,NUTRA PHARMA CORP
1574676,NGHI,"Galenfeha, Inc."
1777765,VQSSF,VIQ Solutions Inc.
727346,GBCS,"SELECTIS HEALTH, INC."
1468978,SITS,"SOUTHERN ITS INTERNATIONAL, INC."
1138867,EESH,"EESTech, Inc."
1397795,BRRN,Bryn Inc.
2040753,XONI,"Xtreme One Entertainment, Inc."
924095,MVCO,"Metavesco, Inc."
1508786,SLTN,"SILVERTON ENERGY, INC."
1545224,SILEF,Silver Elephant Mining Corp.
1448705,BASA,"BASANITE, INC."
1548958,BBBXF,Brixton Metals Corp
1709542,XESP,"Electronic Servitor Publication Network, Inc."
1703625,BLIS,"NAPC Defense, Inc."
1715433,LCHD,Leader Capital Holdings Corp.
1377167,FGCO,"Financial Gravity Companies, Inc."
1394108,SUIC,SUIC Worldwide Holdings Ltd.
1854233,EGLXF,Enthusiast Gaming Holdings Inc. / Canada
1811530,NXMH,"Next Meats Holdings, Inc."
1103090,RSCF,"REFLECT SCIENTIFIC, INC."
1605057,VMNT,"Vemanti Group, Inc."
1629632,EGTYF,Eguana Technologies Inc.
1098482,INNI,"Innovaro, Inc."
1815632,TGCB,"Tego Cyber, Inc."
1014052,DTGI,"Digerati Technologies, Inc."
1828098,MTTCF,Steakholder Foods Ltd.
1661998,FIXX,Q32 Bio Inc.
1410708,NUVI,Emo Capital Corp.
1553788,SBEV,"SPLASH BEVERAGE GROUP, INC."
1281984,WDLF,"Decentral Life, Inc."
1166708,BWMG,"Brownie's Marine Group, Inc"
1584618,ACRL,"Atacama Resources International, Inc."
1108248,KNOS,KRONOS ADVANCED TECHNOLOGIES INC
1384365,RDAR,"Telvantis, Inc."
930775,ECIA,ENCISION INC
1723517,UCASU,UC Asset LP
1435064,CETXP,CEMTREX INC
1883083,GPLL,"GPL Holdings, Inc."
1098009,AAGH,America Great Health
1730869,EBZT,"Everything Blockchain, Inc."
1498372,IWAL,iWallet Corp
724742,TPHS,Trinity Place Holdings Inc.
1597892,JRSS,JRSIS HEALTH CARE Corp
1205922,VCNX,"VACCINEX, INC."
1477009,CANN,TREES Corp (Colorado)
1556801,MYCB,"My City Builders, Inc."
1975222,SSHT,SSHT S&T Group Ltd.
1378866,GOGR,Go Green Global Technologies Corp.
1901215,BNRG,BRENX LTD.
1133818,BPTH,"BIO-PATH HOLDINGS, INC."
1434740,RNGC,Ranger Gold Corp.
1292490,SYIN,"Synbio International, Inc."
1452011,TNBI,Tanke Biosciences Corp
1857910,JFTH,"Japan Food Tech Holdings, Inc."
841533,SRMX,"SADDLE RANCH MEDIA, INC."
1527541,WHLRP,"Wheeler Real Estate Investment Trust, Inc."
1144392,BKTH,MEGOLA INC
1338929,AHRO,"Authentic Holdings, Inc."
1919847,SFWJ,"Software Effective Solutions, Corp."
1514946,AXIM,"AXIM BIOTECHNOLOGIES, INC."
803097,SPQS,"SportsQuest, Inc."
1631463,BRLL,Barrel Energy Inc.
1162283,MGHL,MORGAN GROUP HOLDING CO
890725,GSAC,GELSTAT CORP
1898643,MOBBW,Mobilicom Ltd
1119949,MNZO,Exxsun Corp
812306,PCYN,PROCYON CORP
1289223,NWPG,"Newport Gold, Inc."
827099,CPWR,Ocean Thermal Energy Corp
1552189,PLSH,"PANACEA LIFE SCIENCES HOLDINGS, INC."
1757143,PAIYY,Aesthetic Medical International Holdings Group Ltd
1626745,FVTI,"Fortune Valley Treasures, Inc."
1973160,GMZP,GEMZ Corp. NV
1639068,HBUV,Hubilu Venture Corp
1437476,GSFI,Green Stream Holdings Inc.
1518336,DREM,Dream Homes & Development Corp.
946112,CDSG,"China Dongsheng International, Inc."
1608092,KITL,Kisses From Italy Inc.
1512886,NTRR,NEUTRA CORP.
1127007,VYRE,CABO VERDE CAPITAL INC.
1492448,MAJI,Nextel Medical Corp.
1318268,MDEX,Madison Technologies Inc.
827187,SNBRQ,Sleep Number Corp
1171008,ADMG,ADAMANT DRI PROCESSING & MINERALS GROUP
1416697,BLPG,"Blue Line Protection Group, Inc."
1865468,KACLF,Kairous Acquisition Corp. Ltd
1653606,EHVVF,"Ehave, Inc."
1464865,ASII,"Accredited Solutions, Inc."
1580262,RTON,"Right On Brands, Inc."
1084551,CRDV,Community Redevelopment Inc.
1061040,NGCG,"New Generation Consumer Group, Inc."
1553264,APSI,AQUA POWER SYSTEMS INC.
1117228,MMMW,MASS MEGAWATTS WIND POWER INC
1737193,LDSN,Aphoenity International Holdings Inc.
1874138,SHGI,"Sparx Holdings Group, Inc."
1946746,LTESF,Leet INC.
1465470,SHMP,NaturalShrimp Inc
1681556,GXXM,"GEX MANAGEMENT, INC."
1652958,EDGM,"Edgemode, Inc."
1584831,OXBRW,OXBRIDGE RE HOLDINGS Ltd
1624517,FRQN,"Frequency Holdings, Inc"
1430300,GWSO,"Global Warming Solutions, Inc."
1451448,GMBL,"ESPORTS ENTERTAINMENT GROUP, INC."
1715819,EMED,"Electromedical Technologies, Inc"
772263,NICH,NITCHES INC
1791929,DPUI,"DISCOUNT PRINT USA, INC."
1528172,ENDV,"ENDONOVO THERAPEUTICS, INC."
897078,KOAN,"Resonate Blends, Inc."
1642159,SIGY,"Sigyn Therapeutics, Inc."
1837774,GIPL,Global Innovative Platforms Inc.
1967478,CPTAF,Captivision Inc.
1407973,SONX,"Sonendo, Inc."
819926,SEII,SHARING ECONOMY INTERNATIONAL INC.
1394638,DWAY,"Driveitaway Holdings, Inc."
1622996,ACBM,"ACRO BIOMEDICAL CO., LTD."
1343465,SNPW,Sun Pacific Holding Corp.
1782037,YGMZF,MingZhu Logistics Holdings Ltd
1413909,DSGT,DSG Global Inc.
1420368,DLTI,DLT Resolution Inc.
1671132,SONG,Music Licensing Inc.
918545,BISA,BALTIC INTERNATIONAL USA INC
1706509,COSG,Cosmos Group Holdings Inc.
1534254,CICC,CION Investment Corp
1545236,AHII,American Heritage International Inc.
1545772,BPYPM,Brookfield Property Partners L.P.
1545772,BPYPN,Brookfield Property Partners L.P.
1545772,BPYPO,Brookfield Property Partners L.P.
1539638,TFIN-P,"Triumph Financial, Inc."
1556593,RITM-PA,Rithm Capital Corp.
1556593,RITM-PB,Rithm Capital Corp.
1556593,RITM-PF,Rithm Capital Corp.
1556593,RITM-PE,Rithm Capital Corp.
1556593,RITM-PC,Rithm Capital Corp.
1556593,RITM-PD,Rithm Capital Corp.
1536787,SOHGF,ALSOK Co Ltd./ADR
1533615,XRN-PA,Chiron Real Estate Inc.
1533615,XRN-PB,Chiron Real Estate Inc.
1532175,NHFOF,NH Foods Ltd./ADR
1516535,MLSPF,Melrose Industries Plc/ADR
1516324,BTDPF,Barratt Developments PLC/ADR
1520504,CTTRF,"Controladora Vuela Compania de Aviacion, S.A.B. de C.V."
2093484,MUZEW,Muzero Acquisition Corp
2093484,MUZEU,Muzero Acquisition Corp
2093654,ZJNGF,Zijin Gold International Co Limited/ADR
2093667,MAWAF,"Maruwa Co., Ltd./ADR"
2091712,RFAMR,RF Acquisition Corp III
2091712,RFAMU,RF Acquisition Corp III
2092248,NGSCF,"Nagase & Co., Ltd./ADR"
2091663,CNDHF,CONDUIT HOLDINGS LTD/ADR
2090646,BRUNW,Boost Run Inc.
2089506,TOETF,TOSEI CORP/ADR
2087587,CSHRW,CoinShares PLC
2089174,PCCOF,Paltac Corporation/ADR
2087500,NHKGF,NHK Spring Co. Ltd/ADR
2085932,ETSS-UN,Energy Transition Special Opportunities
2085932,ETSS-WT,Energy Transition Special Opportunities
2086264,VHCPW,Vine Hill Capital Investment Corp. II
2086264,VHCPU,Vine Hill Capital Investment Corp. II
2077242,STLJF,Stella-Jones Inc./ADR
2080216,THEOU,BOA Acquisition Corp. II
2080216,THEOR,BOA Acquisition Corp. II
2079933,BEBE-WT,TGE Value Creative Solutions Corp
2079933,BEBE-UN,TGE Value Creative Solutions Corp
2085177,QRED-UN,QuasarEdge Acquisition Corp
2085177,QRED-RI,QuasarEdge Acquisition Corp
2064355,BCSS-WT,Bain Capital GSS Investment Corp.
2064355,BCSS-UN,Bain Capital GSS Investment Corp.
2073515,ARCLR,ARC Group Acquisition I Corp.
2073515,ARCLW,ARC Group Acquisition I Corp.
2073515,ARCLU,ARC Group Acquisition I Corp.
2073913,NNWWF,North West Co Inc./ADR
2073615,ELEEF,Element Fleet Management Corp./ADR
2075336,YCY-UN,AA Mission Acquisition Corp. II
2075336,YCY-WT,AA Mission Acquisition Corp. II
2075068,IGACU,Invest Green Acquisition Corp
2075068,IGACR,Invest Green Acquisition Corp
2063685,PSBAF,PT Sumber Alfaria Trijaya Tbk/ADR
2071911,CPWPF,Capital Power Corp/ADR
2071911,CPRHF,Capital Power Corp/ADR
2071911,CPXWF,Capital Power Corp/ADR
2053927,WTGUU,Wintergreen Acquisition Corp.
2053927,WTGUR,Wintergreen Acquisition Corp.
2056016,RDSC,Radiant Strategies Corp
2061379,LWACU,LightWave Acquisition Corp.
2061379,LWACW,LightWave Acquisition Corp.
1608401,ISADY,ISS A/S / ADR
1608401,ISFFF,ISS A/S / ADR
1630472,TRTX-PC,"TPG RE Finance Trust, Inc."
1628171,RVMDW,"Revolution Medicines, Inc."
1651721,GIPRW,"GENERATION INCOME PROPERTIES, INC."
1665275,JPHLF,"Japan Post Holdings Co., Ltd./ADR"
1655190,SHLRF,Schindler Holding AG/ADR
1655190,SHLAF,Schindler Holding AG/ADR
1571283,REXR-PB,"Rexford Industrial Realty, Inc."
1571283,REXR-PC,"Rexford Industrial Realty, Inc."
1578453,DLNG-PA,Dynagas LNG Partners LP
1564538,GRTUF,GRANITE REAL ESTATE INVESTMENT TRUST
1585380,INKWD,"Greene Concepts, Inc"
1674356,TPTS,"Terra Property Trust, Inc."
1673481,LTRYW,Sports Entertainment Gaming Global Corp
1666175,FORFF,Fortis Inc.
1666175,FTRSF,Fortis Inc.
1666175,FRTJF,Fortis Inc.
1666175,FINCF,Fortis Inc.
1666175,FRTSF,Fortis Inc.
1666175,FTPSF,Fortis Inc.
2100704,EWAVR,East West Ave Acquisition Corp.
2100704,EWAVU,East West Ave Acquisition Corp.
1677250,ZTOEF,ZTO Express (Cayman) Inc.
2130386,YICCW,Yorkville International Capital Corp.
2130386,YICCU,Yorkville International Capital Corp.
2141099,RGAKF,Rigaku Holdings Corporation/ADR
2114227,CXIIU,Churchill Capital Corp XII
2114227,CXIIW,Churchill Capital Corp XII
2128448,MNLTF,Mininglamp Technology Group Limited/ADR
2127861,ELSSF,ELIS S.A./ADR
2108124,ODERF,"Odakyu Electric Railway Co., Ltd./ADR"
2108962,GCGRW,General Catalyst Global Resilience Merger Corp.
2108962,GCGRU,General Catalyst Global Resilience Merger Corp.
2111453,VUECF,Verdera Energy Corp.
2109545,KATJF,Knowledge Atlas Technology Joint Stock Co Limited/ADR
2097364,TMTSU,Spartacus Acquisition Corp. II
2097364,TMTSW,Spartacus Acquisition Corp. II
2107724,MTAL-UN,Metals Acquisition Corp. II
2107724,MTAL-WT,Metals Acquisition Corp. II
2107960,SWCPF,SWCC Corp/ADR
1451448,GMBLP,"ESPORTS ENTERTAINMENT GROUP, INC."
1451448,GMBLZ,"ESPORTS ENTERTAINMENT GROUP, INC."
1464423,PMT-PC,PennyMac Mortgage Investment Trust
1460447,MIMTF,Mitsubishi Materials Corp / ADR
1464423,PMTV,PennyMac Mortgage Investment Trust
1464423,PMTU,PennyMac Mortgage Investment Trust
1464423,PMTW,PennyMac Mortgage Investment Trust
1445214,SLOIF,Soitec SA
1372514,KPHMW,KIORA PHARMACEUTICALS INC
1468492,HSCSW,HeartSciences Inc.
1472879,WCPRF,WHITECAP RESOURCES INC.
1496254,LTAFX,Alternative Strategies Income Fund
1496254,LTCFX,Alternative Strategies Income Fund
1509397,LOMWF,Lion One Metals Ltd.
1506721,BAFBF,Balfour Beatty plc/ADR
1506307,EP-PC,"KINDER MORGAN, INC."
2041493,ALUB-UN,Alussa Energy Acquisition Corp. II
2041493,ALUB-WT,Alussa Energy Acquisition Corp. II
2043699,NHICU,NewHold Investment Corp. III
2043699,NHICW,NewHold Investment Corp. III
2044635,GSHRU,Gesher Acquisition Corp. II
2044635,GSHRW,Gesher Acquisition Corp. II
2051587,BSAAR,BEST SPAC I Acquisition Corp.
2051587,BSAAU,BEST SPAC I Acquisition Corp.
1080657,SQFTP,"Presidio Property Trust, Inc."
1080657,SQFTW,"Presidio Property Trust, Inc."
1070050,APCXW,AppTech Payments Corp.
1061219,EPDU,ENTERPRISE PRODUCTS PARTNERS L.P.
1126956,SRJN,SPIRE INC
1091667,CHTRP,"CHARTER COMMUNICATIONS, INC. /MO/"
1336364,GIGGF,Giga Metals Corp
1263364,COPR-WT,Idaho Copper Corp
1273685,ADAMK,"ADAMAS TRUST, INC."
1273685,ADAMO,"ADAMAS TRUST, INC."
1273685,ADAMI,"ADAMAS TRUST, INC."
1273685,ADAMN,"ADAMAS TRUST, INC."
1273685,ADAMG,"ADAMAS TRUST, INC."
1273685,ADAMM,"ADAMAS TRUST, INC."
1273685,ADAMH,"ADAMAS TRUST, INC."
1273685,ADAML,"ADAMAS TRUST, INC."
1273685,ADAMZ,"ADAMAS TRUST, INC."
1968378,BCHMF,Bachem Holding AG/ADR
1965052,MGTEW,Marblegate Capital Corp
1970743,RMXID,"RMX INDUSTRIES, INC."
1971172,THNBY,Technoprobe SpA/ADR
1974044,MNYWW,MoneyHero Ltd
1989788,GAFC,Guru App Factory Corp
2000684,DVHGF,Devonian Health Group Inc.
2000366,SCAGW,Scage Future
2010930,ALFUW,Centurion Acquisition Corp.
2016221,MACIW,Melar Acquisition Corp. I/Cayman
2016221,MACIU,Melar Acquisition Corp. I/Cayman
2002045,GCLWW,GCL Global Holdings Ltd
2009183,TACHW,Titan Acquisition Corp.
2009183,TACHU,Titan Acquisition Corp.
2017950,DTSQR,DT Cloud Star Acquisition Corp
2017950,DTSQU,DT Cloud Star Acquisition Corp
2019804,IMSRW,Terrestrial Energy Inc. /DE/
2024459,CHARR,Charlton Aria Acquisition Corp
2024459,CHARU,Charlton Aria Acquisition Corp
2023730,HDRNW,"Hadron Energy, Inc."
2021390,GDERF,Galderma Group AG/ADR
2035173,RTACW,Renatus Tactical Acquisition Corp I
2035173,RTACU,Renatus Tactical Acquisition Corp I
2042182,OYSER,Oyster Enterprises II Acquisition Corp
2042182,OYSEU,Oyster Enterprises II Acquisition Corp
2047455,QSEAR,Quartzsea Acquisition Corp
2047455,QSEAU,Quartzsea Acquisition Corp
2051985,IRHOR,Iron Horse Acquisition II Corp.
2051985,IRHOU,Iron Horse Acquisition II Corp.
2055879,VNMEU,Vendome Acquisition Corp I
2029014,MRCL,Mercalot Inc.
2028735,SPEGU,Silver Pegasus Acquisition Corp.
2028735,SPEGR,Silver Pegasus Acquisition Corp.
2029303,THTG,Tech Tonic Group Corp.
2030482,PLMKW,"Plum Acquisition Corp, IV"
2030482,PLMKU,"Plum Acquisition Corp, IV"
2033383,FUSEW,Fusemachines Inc.
2031561,ALDFU,Aldel Financial II Inc.
2031561,ALDFW,Aldel Financial II Inc.
2033122,TACOU,Berto Acquisition Corp.
2033122,TACOW,Berto Acquisition Corp.
2066600,SCXBF,SCB X Public Co Ltd
2065932,FLNCF,Freelancer Ltd
2068454,KOYNW,"CSLM Digital Asset Acquisition Corp III, Ltd"
2068454,KOYNU,"CSLM Digital Asset Acquisition Corp III, Ltd"
2063417,MDDNF,Meridian Energy Ltd/ADR
2055879,VNMEW,Vendome Acquisition Corp I
2064124,FGRS,"Figure Technology Solutions, Inc."
2072098,TMTNF,Toromont Industries Ltd./ADR
2073620,PARXF,Parex Resources Inc./ADR
2070887,CRACR,Crown Reserve Acquisition Corp. I
2070887,CRACW,Crown Reserve Acquisition Corp. I
2070887,CRACU,Crown Reserve Acquisition Corp. I
2071912,PREKF,PrairieSky Royalty Ltd/ADR
2074059,WIPKF,Winpak Ltd./ADR
2076192,WSTNR,Westin Acquisition Corp
2075349,TNDEF,Top End Energy Ltd/ADR
2075474,GPTGF,GPT Group/ADR
2102771,KEYYW,Keystone Acquisition Corp.
2102771,KEYYU,Keystone Acquisition Corp.
2104879,SHOTU,RMG ML Sports Holdings
2104879,SHOTR,RMG ML Sports Holdings
2101135,ILLUU,Illumination Acquisition Corp. I
2101135,ILLUW,Illumination Acquisition Corp. I
2099906,AACOU,Abony Acquisition Corp. I
2099906,AACOW,Abony Acquisition Corp. I
2114521,CSBA,CSB Financial Inc.
2113060,IQMXW,IQM Quantum Computers Oyj
2123531,ERBGF,Eastroc Beverage Group Co. Ltd/ADR
2125567,SAMO-UN,Samos Energy Acquisition Corp
2108180,NOFCF,NOF Corporation/ADR
2109234,BLHWF,BELIMO Holding AG/ADR
2111038,DGAC-UN,DISCIPLINED GROWTH ACQUISITION Corp
2111038,DGAC-RI,DISCIPLINED GROWTH ACQUISITION Corp
2109666,EXOSF,Exosens SAS/ADR
2139246,VII-UN,Viking Acquisition Corp. II
2139246,VII-WT,Viking Acquisition Corp. II
2131812,OPPPF,Open House Group Co. Ltd/ADR
2094265,MLAAW,Mountain Lake Acquisition Corp. II
2094265,MLAAU,Mountain Lake Acquisition Corp. II
2094919,BIDWU,Tribeca Strategic Acquisition Corp.
2094919,BIDWR,Tribeca Strategic Acquisition Corp.
2096755,TVIVU,Texas Ventures Acquisition IV Corp
2096755,TVIVW,Texas Ventures Acquisition IV Corp
2099095,PTACU,Patriot Acquisition Corp./CI
2099095,PTACW,Patriot Acquisition Corp./CI
2087856,AIKCF,Aica Kogyo Co Limited/ADR
2086545,ARTCU,Art Technology Acquisition Corp.
2086545,ARTCW,Art Technology Acquisition Corp.
2086438,GHXIU,"Gores Holdings XI, Inc."
2086438,GHXIW,"Gores Holdings XI, Inc."
2094076,OTAI-UN,Starlink AI Acquisition Corp
2094201,DPCDF,DPC DASH LTD/ADR
2094076,OTAI-RI,Starlink AI Acquisition Corp
2092897,AACIU,Armada Acquisition Corp. III
2092897,AACIW,Armada Acquisition Corp. III
2086263,SORNW,Soren Acquisition Corp.
2086263,SORNU,Soren Acquisition Corp.
2085659,SVAQU,Silicon Valley Acquisition Corp.
2085659,SVAQW,Silicon Valley Acquisition Corp.
2082526,AESPU,Aeon Acquisition I Corp.
2082526,AESPR,Aeon Acquisition I Corp.
2082526,AESPW,Aeon Acquisition I Corp.
2082844,SAC-UN,Safeguard Acquisition Corp.
2082844,SAC-WT,Safeguard Acquisition Corp.
2082876,FHFLF,Foshan Haitian Flavouring & Food Co Ltd./ADR
2077146,OBIIF,"OBIC Co., Ltd./ADR"
2081690,VECA-UN,Vernal Capital Acquisition Corp.
2081515,GUACU,Berto Acquisition Corp. II
2081515,GUACW,Berto Acquisition Corp. II
2081690,VECA-RI,Vernal Capital Acquisition Corp.
2076192,WSTNU,Westin Acquisition Corp
2077010,OTGAW,OTG Acquisition Corp. I
2077010,OTGAU,OTG Acquisition Corp. I
2081358,CRANR,Crane Harbor Acquisition Corp. II
2081358,CRANU,Crane Harbor Acquisition Corp. II
1859807,NVACW,"Profusa, Inc."
1865248,CMCWF,Piermont Valley Acquisition Corp
1865248,CMCUF,Piermont Valley Acquisition Corp
1866816,OPTXW,"SYNTEC OPTICS HOLDINGS, INC."
1867102,EVTWF,Vertical Aerospace Ltd.
1867102,EVBWF,Vertical Aerospace Ltd.
1867102,EVAWF,Vertical Aerospace Ltd.
1846253,OABIW,"OmniAb, Inc."
1847064,PSQH-WT,"PSQ Holdings, Inc."
1853816,DRMAW,"Dermata Therapeutics, Inc."
1856031,SEATW,Vivid Seats Inc.
1856488,HNSDF,Hensoldt AG/ADR
1852973,BRLSW,Borealis Foods Inc.
1853630,HMELF,Hold Me Ltd
1845149,CBRGF,Chain Bridge I
1843656,RMCOW,Royalty Management Holding Corp
1846235,IMAQR,International Media Acquisition Corp.
1846235,IMAQU,International Media Acquisition Corp.
1846235,IMAQW,International Media Acquisition Corp.
1844417,ESLAW,"Estrella Immunopharma, Inc."
1845149,CBGGF,Chain Bridge I
1841330,KTTAW,Pasithea Therapeutics Corp.
1840780,LOCLW,Local Bounti Corporation/DE
1883814,SLND-WT,"Southland Holdings, Inc."
1884082,PLSAY,Polestar Automotive Holding UK PLC
1889112,REEWF,Cartesian Growth Corp II
1889112,REEUF,Cartesian Growth Corp II
1889823,DFSCW,DEFSEC Technologies Inc.
1871321,DRTSW,Alpha Tau Medical Ltd.
1872525,SWAGW,"Stran & Company, Inc."
1874315,SATLW,Satellogic Inc.
1937987,FBYDP,"Falcon's Beyond Global, Inc."
1937987,FBYDW,"Falcon's Beyond Global, Inc."
1937737,MLECW,Moolec Science SA
1936258,NAMSW,NewAmsterdam Pharma Co N.V.
1903870,AFRIW,Forafric Global PLC
1736510,NICHX,Variant Alternative Income Fund
1743905,RVSNW,Rail Vision Ltd.
1759824,ALTG-PA,ALTA EQUIPMENT GROUP INC.
1722556,BGFR,BestGofer Inc.
1718405,HYMCW,HYCROFT MINING HOLDING CORP
1716951,OCCIN,"OFS Credit Company, Inc."
1716951,OCCIM,"OFS Credit Company, Inc."
1713675,SCAFF,Schaeffler AG/ADR
1705969,DRRKF,dormakaba Holding AG
1765651,PSPX,Pacific Sports Exchange Inc.
1787518,DFNSW,T3 Defense Inc.
1794363,SDMHF,Sartorius Stedim Biotech S.A./ADR
1819438,GWHWW,"ESS Tech, Inc."
1814215,BURUW,"Nuburu, Inc."
1825079,VLDXW,"Velo3D, Inc."
1822989,LSRCF,Lasertec Corporation/ADR
1823593,TSPH,TuSimple Holdings Inc.
1534254,CICB,CION Investment Corp
1552000,MPLXP,MPLX LP
1551468,CTPUF,Central Pattana Public Co Limited/ADR
1551468,CPNNF,Central Pattana Public Co Limited/ADR
1533082,EBOSF,EBOS Group Limited/ADR
1529906,DPLMF,Diploma plc/ADR
1527166,CGABL,Carlyle Group Inc.
1526113,GNL-PA,"Global Net Lease, Inc."
1526113,GNL-PB,"Global Net Lease, Inc."
1526113,GNL-PE,"Global Net Lease, Inc."
1526113,GNL-PD,"Global Net Lease, Inc."
2109876,MCAHU,Mountain Crest Acquisition 6 Corp.
2109876,MCAHR,Mountain Crest Acquisition 6 Corp.
2098780,TRGSU,TRG Latin America Acquisitions Corp.
2098712,GIXXU,GigCapital9 Corp.
2098712,GIXXR,GigCapital9 Corp.
2098780,TRGSR,TRG Latin America Acquisitions Corp.
2127860,DTREF,DATELINE RESOURCES LTD/ADR
2123471,CCCTW,Columbus Circle Capital Corp III
2123471,CCCTU,Columbus Circle Capital Corp III
2137679,OCLTU,OceanLight Acquisition Corp
1584273,SNROF,"Sanrio Company, Ltd./ADR"
1611983,LBRDP,Liberty Broadband Corp
1569650,OZKAP,Bank OZK
1582820,IPSOF,IPSOS/ADR
1583771,CTRVP,"Hepion Pharmaceuticals, Inc."
1562294,EYGPF,Electricity Generating Public Co Limited/ADR
1562294,EYUUF,Electricity Generating Public Co Limited/ADR
1562296,THFRF,Thai Union Group Public Co Limited/ADR
1562296,TUFUF,Thai Union Group Public Co Limited/ADR
1562528,FBRT-PE,"Franklin BSP Realty Trust, Inc."
1554625,PRIF-PD,"Priority Income Fund, Inc."
1554625,PRIF-PK,"Priority Income Fund, Inc."
1554625,PRIF-PL,"Priority Income Fund, Inc."
2095161,DBCAU,D. Boral Acquisition I Corp.
2095161,DBCAW,D. Boral Acquisition I Corp.
2097376,MZYX-WT,MOZAYYX Acquisition Corp.
2097376,MZYX-UN,MOZAYYX Acquisition Corp.
2094691,OBCKF,Ottobock SE & Co. KGaA/ADR
2091585,LKYRF,Locksley Resources Limited/ADR
2085408,GPACU,General Purpose Acquisition Corp.
2085408,GPACW,General Purpose Acquisition Corp.
2102713,KCAC-WT,Kensington Capital Acquisition Corp. VI
2102713,KCA-UN,Kensington Capital Acquisition Corp. VI
2104260,WENC-UN,West Enclave Merger Corp.
2104260,WENC-RI,West Enclave Merger Corp.
2098669,UAC-UN,United Acquisition Corp. I
2098242,SVIVU,Spring Valley Acquisition Corp. IV
2098242,SVIVW,Spring Valley Acquisition Corp. IV
2098669,UAC-WT,United Acquisition Corp. I
2089488,SVNHF,SUNEVISION HOLDINGS/ADR
2091024,CLBR-UN,Colombier Acquisition Corp. III
2091024,CLBR-WT,Colombier Acquisition Corp. III
2085208,DUTBF,Duality Biotherapeutics Inc/ADR
2084563,LFACU,Leapfrog Acquisition Corp
2084563,LFACW,Leapfrog Acquisition Corp
2087446,PAACU,Proem Acquisition Corp. I
2087446,PAACW,Proem Acquisition Corp. I
2083002,ADACU,American Drive Acquisition Co
2083002,ADACW,American Drive Acquisition Co
2081532,BLRKW,Bluerock Acquisition Corp.
2081532,BLRKU,Bluerock Acquisition Corp.
2079292,DYORW,Insight Digital Partners II
2079292,DYORU,Insight Digital Partners II
2080019,GIWWU,GigCapital8 Corp.
2080019,GIWWR,GigCapital8 Corp.
2080087,MYXXW,Maywood Acquisition Corp. 2
2080087,MYXXR,Maywood Acquisition Corp. 2
2080087,MYXXU,Maywood Acquisition Corp. 2
2073669,HNSPF,Hansoh Pharmaceutical Group Co Limited/ADR
2073901,TNEYF,Tamarack Valley Energy Ltd./ADR
2070602,HVMCW,Highview Merger Corp.
2070602,HVMCU,Highview Merger Corp.
2070829,CTATF,"Contemporary Amperex Technology Co., Limited/ADR"
2070570,REECF,Reece Limited/ADR
2067592,MKLYU,McKinley Acquisition Corp
2067592,MKLYR,McKinley Acquisition Corp
2065779,BCARU,D. Boral ARC Acquisition I Corp.
2065779,BCARW,D. Boral ARC Acquisition I Corp.
2075141,SRBEF,VusionGroup
2074973,CCXIU,Churchill Capital Corp XI
2074973,CCXIW,Churchill Capital Corp XI
2074878,NWAX-UN,New America Acquisition I Corp.
2074878,NWAX-WT,New America Acquisition I Corp.
2075918,CSCCF,Capstone Copper Corp./ADR
2075816,EMISR,Emmis Acquisition Corp.
2076616,TDWDR,Tailwind 2.0 Acquisition Corp.
2076616,TDWDU,Tailwind 2.0 Acquisition Corp.
2077954,EVOXW,Evolution Global Acquisition Corp
2077954,EVOXU,Evolution Global Acquisition Corp
2063675,LSHGF,Louis Hachette Group/ADR
2062807,MGHTF,Mercury NZ Ltd./ADR
2064177,BPACU,Blueport Acquisition Ltd
2064177,BPACR,Blueport Acquisition Ltd
2063816,INACR,Indigo Acquisition Corp.
2063816,INACU,Indigo Acquisition Corp.
2057030,AXINU,Axiom Intelligence Acquisition Corp 1
2057030,AXINR,Axiom Intelligence Acquisition Corp 1
2058359,CRAQR,Cal Redwood Acquisition Corp.
2058359,CRAQU,Cal Redwood Acquisition Corp.
2053456,TGE-WT,Generation Essentials Group
2042556,SPGDF,Springer Nature AG & Co. KGaA/ADR
2052243,TWLVR,Twelve Seas Investment Co III/Cayman
2052243,TWLVU,Twelve Seas Investment Co III/Cayman
2053411,PCPPF,PC Partner Group Ltd/ADR
2047497,RAC-UN,Rithm Acquisition Corp.
2047497,RAC-WT,Rithm Acquisition Corp.
2044523,ORIQW,Origin Investment Corp I
2044523,ORIQU,Origin Investment Corp I
1788028,JSPRW,"Jasper Therapeutics, Inc."
1812360,FOXOW,FOXO TECHNOLOGIES INC.
1811115,RENXF,Renalytix plc
1805833,SSTPW,"System1, Inc."
1794669,FOUR-PA,"Shift4 Payments, Inc."
1830033,PCTBP,"PureCycle Technologies, Inc."
1828972,BZFDW,"BuzzFeed, Inc."
1830033,PCTTU,"PureCycle Technologies, Inc."
1830033,PCTTW,"PureCycle Technologies, Inc."
1835724,ZHIHF,Zhihu Inc.
1820875,CXAIW,CXApp Inc.
1855612,GRABW,Grab Holdings Ltd
1865506,ZEOWW,Zeo Energy Corp.
1859690,ARQQW,Arqit Quantum Inc.
1858681,APOS,"Apollo Global Management, Inc."
1865631,NXNVW,NEXTNAV INC.
1866501,WBXWF,Wallbox N.V.
1875091,NRSNW,NeuroSense Therapeutics Ltd.
1871983,ANGHW,Anghami Inc
1853070,SOARW,"Volato Group, Inc."
1853138,KDKRW,"Kodiak AI, Inc."
1851959,CNDAU,Concord Acquisition Corp II
1851959,CNDAW,Concord Acquisition Corp II
1851961,GCTS-WT,"GCT Semiconductor Holding, Inc."
1841408,DAVEW,Dave Inc./DE
1842167,LLPS,Limitless Projects Inc.
1843714,ZPTAW,"Zapata Quantum, Inc."
1848826,INPOF,InPost S.A./ADR
1843973,FLYX-WT,FLYEXCLUSIVE INC.
1844505,QTIWW,"QT IMAGING HOLDINGS, INC."
1901336,ALCWF,Alchemy Investments Acquisition Corp 1
1901336,ALCUF,Alchemy Investments Acquisition Corp 1
1938338,GLTK,GlobalTech Corp
1932213,BCCG,Blue Chip Capital Group Inc.
1921158,FUFUW,Bitfufu Inc.
1923734,AKPPS,Ark7 Properties Plus LLC
1926599,TDACU,Translational Development Acquisition Corp.
1926599,TDACW,Translational Development Acquisition Corp.
1987240,SHMDW,SCHMID Group N.V.
1971387,LIMNW,"Liminatus Pharma, Inc."
1973368,SVUWF,SRIVARU Holding Ltd
1958217,LZM-WT,Lifezone Metals Ltd
1965473,CCGWW,Cheche Group Inc.
1939937,LMMY,"Exousia Bio, Inc."
1953984,BCGWW,"Binah Capital Group, Inc."
1957783,MACT,"MachTen, Inc."
2034334,AACBR,Artius II Acquisition Inc.
2034334,AACBU,Artius II Acquisition Inc.
2034300,DGMDF,Digital Domain Holdings Limited/ADR
2038439,VWAVW,"VisionWave Holdings, Inc."
2041047,CCAQU,COLLECTIVE ACQUISITION CORP.
2041047,CCAQW,COLLECTIVE ACQUISITION CORP.
2039784,MGCOF,"Midea Group Co., Ltd./ADR"
2042292,BDCIW,BTC Development Corp.
2042292,BDCIU,BTC Development Corp.
2032732,AVSBS,"Arrived Homes 5, LLC"
2032732,AVPKS,"Arrived Homes 5, LLC"
2032732,AEHGS,"Arrived Homes 5, LLC"
2032732,ALOIS,"Arrived Homes 5, LLC"
2025401,FERAR,Fifth Era Acquisition Corp I
2025401,FERAU,Fifth Era Acquisition Corp I
2025878,ITXP,"Independence Power Holdings, Inc."
2026514,NAMMW,Namib Minerals
2033991,TVACU,Texas Ventures Acquisition III Corp
2033991,TVACW,Texas Ventures Acquisition III Corp
2032966,TICAW,"TIC Solutions, Inc."
2033264,VDTA,Vertical Data Inc.
2033593,SVCCW,Stellar V Capital Corp. (Cayman Islands)
2033593,SVCCU,Stellar V Capital Corp. (Cayman Islands)
2014982,SIMAW,SIM Acquisition Corp. I
2022059,AGMWF,"Silver Mountain Resources, Inc."
2014982,SIMAU,SIM Acquisition Corp. I
2011674,YDESW,YD Bio Ltd
2000410,EURKR,Eureka Acquisition Corp
2000410,EURKU,Eureka Acquisition Corp
1988776,MRNOW,Murano Global Investments Plc
2003750,MGSD,"Maitong Sunshine Cultural Development Co., Ltd"
1999297,DSYWW,Big Tree Cloud Holdings Ltd
1698538,STSR,"Strategic Student & Senior Housing Trust, Inc."
1690012,ICRL,"InPoint Commercial Real Estate Income, Inc."
1690012,ICRP,"InPoint Commercial Real Estate Income, Inc."
1687187,METCZ,"Ramaco Resources, Inc."
1687187,METCI,"Ramaco Resources, Inc."
1687187,METCB,"Ramaco Resources, Inc."
1728918,AIBRF,AIB Group plc/ADR
1718224,BTBDW,"BT Brands, Inc."
1754088,MPNGF,Meituan Dianping/ADR
1737995,SKYAW,"SkyAI, Inc."
1733968,WRLWF,West Red Lake Gold Mines Ltd.
1733968,WRLRF,West Red Lake Gold Mines Ltd.
1614806,RPT-PC,Rithm Property Trust Inc.
1635077,ACONW,"Aclarion, Inc."
1645590,HPE-PC,Hewlett Packard Enterprise Co
1652044,GOOGN,Alphabet Inc.
1652044,GOOGM,Alphabet Inc.
1651308,BEIGF,BeOne Medicines Ltd.
1679920,SATLF,"Start Today Co., Ltd./ADR"
1660734,TRTN-PB,Triton International Ltd
1662972,BSTT,"Blackstone Real Estate Income Trust, Inc."
1663038,QGAI,Quantum Genesis AI Corp.
1660734,TRTN-PC,Triton International Ltd
1660734,TRTN-PD,Triton International Ltd
1660734,TRTN-PE,Triton International Ltd
1660734,TRTN-PF,Triton International Ltd
1660734,TRTN-PG,Triton International Ltd
1658645,LENDX,Stone Ridge Trust V
1778788,WEBJF,Webjet Limited/ADR
1762831,DAIUF,"Daifuku Co., Ltd./ADR"
1786108,TRNI,Trinity Capital Inc.
1786108,TRNZ,Trinity Capital Inc.
1801169,OPENW,Opendoor Technologies Inc.
1801169,OPENL,Opendoor Technologies Inc.
1801169,OPENZ,Opendoor Technologies Inc.
1805077,EOSEW,"Eos Energy Enterprises, Inc."
1840877,COCHW,"Envoy Medical, Inc."
1841209,HOLOW,MicroCloud Hologram Inc.
1842566,AISPW,"Airship AI Holdings, Inc."
1852039,FILG,Grayscale Filecoin Trust (FIL)
1849635,DJTWW,Trump Media & Technology Group Corp.
1847846,EUDAW,EUDA Health Holdings Ltd
1848763,RNWWW,ReNew Energy Global plc
1845123,ANNAW,"AleAnna, Inc."
1820302,BKKT-WT,"Bakkt, Inc."
1822993,JXN-PA,Jackson Financial Inc.
1825452,ONFOW,"Onfolio Holdings, Inc"
1825452,ONFOP,"Onfolio Holdings, Inc"
1825248,FRBP,Franklin BSP Capital Corp
1829311,BMNP,"BITMINE IMMERSION TECHNOLOGIES, INC."
1831868,ICUCW,SeaStar Medical Holding Corp
1830081,RUMBW,RUM Group Inc.
1831283,LIANY,LianBio
921671,GGT-PG,GABELLI MULTIMEDIA TRUST INC.
1004724,RHEPZ,"REGIONAL HEALTH PROPERTIES, INC"
1004724,RHEPA,"REGIONAL HEALTH PROPERTIES, INC"
1004724,RHEPB,"REGIONAL HEALTH PROPERTIES, INC"
1045450,EPR-PC,EPR PROPERTIES
1045450,EPR-PE,EPR PROPERTIES
1045450,EPR-PG,EPR PROPERTIES
1055160,MFA-PB,"MFA FINANCIAL, INC."
1055160,MFA-PC,"MFA FINANCIAL, INC."
1055160,MFAN,"MFA FINANCIAL, INC."
1055160,MFAO,"MFA FINANCIAL, INC."
1029974,IPGLF,INTERPUMP GROUP SPA /FI
1023458,XAEIU,AEI INCOME & GROWTH FUND XXII LTD PARTNERSHIP
2038166,NKTP,"Nok Therapeutics, Inc."
2028355,IPEXU,Inflection Point Acquisition Corp. V
2028355,IPEXR,Inflection Point Acquisition Corp. V
2029976,KFIIR,K&F GROWTH ACQUISITION CORP. II
2029976,KFIIU,K&F GROWTH ACQUISITION CORP. II
2030829,PGACU,PANTAGES CAPITAL ACQUISITION Corp
2030829,PGACR,PANTAGES CAPITAL ACQUISITION Corp
2030663,SZZLU,Sizzle Acquisition Corp. II
2030663,SZZLR,Sizzle Acquisition Corp. II
2034037,SDHIU,Siddhi Acquisition Corp (Cayman Islands)
2034037,SDHIR,Siddhi Acquisition Corp (Cayman Islands)
2034288,RMGL,Rocky Mountains Group Ltd
2016072,VLOSW,Velos Acquisition I Corp.
2016072,VLOSU,Velos Acquisition I Corp.
2015955,CUBWW,Lionheart Holdings
2015955,CUBWU,Lionheart Holdings
1985554,LDXC,Londax Corp.
1994582,OYCG,Oyocar Group Inc.
1852207,BEAGU,Bold Eagle Acquisition Corp.
1852207,BEAGR,Bold Eagle Acquisition Corp.
1852575,SGST,"Strategic Storage Trust VI, Inc."
1853962,IAUX-WT,i-80 Gold Corp.
1862150,CINGW,Cingulate Inc.
1864943,FGIWW,FGI Industries Ltd.
1863990,MSAIW,"MultiSensor AI Holdings, Inc."
1866364,BULLW,Webull Corp
1865111,ALSUF,Alpha Star Acquisition Corp
1865111,ALSTF,Alpha Star Acquisition Corp
1865111,ALSWF,Alpha Star Acquisition Corp
1868419,CYCUW,"Cycurion, Inc."
1893219,ABPWW,"Abpro Holdings, Inc."
1896212,CDTTW,CDT Equity Inc.
1897463,TONT-UN,Graf Global Corp.
1897463,TONT-WT,Graf Global Corp.
1887673,WLDSW,Wearable Devices Ltd.
1890126,UMGNF,Universal Music Group N.V./ADR
1884046,SPKLU,Spark I Acquisition Corp
1884046,SPKLW,Spark I Acquisition Corp
1969729,RKWBF,Rockwool A/S/ADR
1969729,RKWAF,Rockwool A/S/ADR
1966287,GFRWF,Greenfire Resources Ltd.
1966287,GFR-RW,Greenfire Resources Ltd.
1966287,GFR-RI,Greenfire Resources Ltd.
1985273,TOYWF,"TOYO Co., Ltd"
1941536,BAERW,"Bridger Aerospace Group Holdings, Inc."
1956827,AAVXF,Abivax S.A.
1913577,SMNRW,"Semnur Pharmaceuticals, Inc."
1907223,GRMLW,Greenland Mines Ltd
1898416,ALVOW,Alvotech
1903145,GRRRW,Gorilla Technology Group Inc.
1935418,FMSTW,Foremost Clean Energy Ltd.
1930021,HOVRW,New Horizon Aircraft Ltd.
1922097,LANWF,Lanvin Group Holdings Ltd
1934850,FGSN,"F&G Annuities & Life, Inc."
1934850,FGN,"F&G Annuities & Life, Inc."
1935033,KMFG,KEEMO Fashion Group Ltd
1712184,LILAP,Liberty Latin America Ltd.
1710680,HFRO-PA,HIGHLAND OPPORTUNITIES & INCOME FUND
1710680,HFRO-PB,HIGHLAND OPPORTUNITIES & INCOME FUND
1744676,TCMEF,Tencent Music Entertainment Group
1760854,NNBXF,Nanobiotix S.A.
1766868,ADDTF,Addtech AB/ADR
1752564,MRCIF,"Mercari, Inc./ADR"
1754836,EICA,Eagle Point Income Co Inc.
1653192,CHKGF,Cheung Kong Property Holdings Limited/ADR
1648512,SHMZF,Shimadzu Corporation/ADR
1643198,JBHIF,JB Hi-Fi Limited/ADR
1638911,DUKRW,DUKE Robotics Corp.
1621227,ADAPY,Adaptimmune Therapeutics PLC
1668393,CEHCF,"Cosmo Energy Holdings Co., Ltd./ADR"
1659576,JPSTF,"Japan Post Bank Co., Ltd."
1676047,NTRBW,NutriBand Inc.
1509957,NASC,Can B Corp
1490078,FRSPF,First Phosphate Corp.
1501072,RIV-PA,"RIVERNORTH OPPORTUNITIES FUND, INC."
1535759,NSKFF,Kongsberg Gruppen ASA/ADR
1532619,PW-PA,Power REIT
1547870,BUGDF,Bumrungrad Hospital Public Co Limited/ADR
1547870,BUHPF,Bumrungrad Hospital Public Co Limited/ADR
1546066,PPLOF,PEMBINA PIPELINE CORP
1546066,PBPRF,PEMBINA PIPELINE CORP
1546066,PBNAF,PEMBINA PIPELINE CORP
1546066,PMBPF,PEMBINA PIPELINE CORP
1546066,PMMBF,PEMBINA PIPELINE CORP
1546066,PPLAF,PEMBINA PIPELINE CORP
1577552,BBAAY,Alibaba Group Holding Ltd
1580149,BIVIW,BIOVIE INC.
1580226,HCTPF,Hutchison Port Holdings Trust/ADR
1562401,AMH-PG,American Homes 4 Rent
1562401,AMH-PH,American Homes 4 Rent
1560672,ELLA,Ellington Credit Co
1560293,TNONW,"Tenon Medical, Inc."
1569187,AHRT-PA,"AH Realty Trust, Inc."
1591890,FGNXP,FG Nexus Inc.
1610940,BWET,Amplify Commodity Trust
1614943,RPGRF,REA Group Limited/ADR
1447960,CMCLF,"China Molybdenum Co., Ltd."
1483994,HWLDF,H World Group Ltd
1404912,KKRS,KKR & Co. Inc.
1404912,KKRT,KKR & Co. Inc.
1404912,KKR-PD,KKR & Co. Inc.
1424657,CUENW,Cuentas Inc.
1423689,AGNCL,AGNC Investment Corp.
1423689,AGNCM,AGNC Investment Corp.
1423689,AGNCN,AGNC Investment Corp.
1423689,AGNCO,AGNC Investment Corp.
1423689,AGNCP,AGNC Investment Corp.
1423689,AGNCZ,AGNC Investment Corp.
1431852,OGGWZ,Osisko Gold Group Inc.
1431852,OSDVF,Osisko Gold Group Inc.
1397183,IVDAW,"Iveda Solutions, Inc."
1400891,IHETW,"iHeartMedia, Inc."
1377936,SAT,SARATOGA INVESTMENT CORP.
1377936,SAY,SARATOGA INVESTMENT CORP.
1377936,SAZ,SARATOGA INVESTMENT CORP.
1377936,SAV,SARATOGA INVESTMENT CORP.
1377936,SAJ,SARATOGA INVESTMENT CORP.
1317295,CITAF,CHINA SHIPPING CONTAINER LINES CO LTD
1326160,DUKB,Duke Energy CORP
1326160,DUK-PA,Duke Energy CORP
1326160,DUKU,Duke Energy CORP
1321741,GAINZ,GLADSTONE INVESTMENT CORPORATION\DE
1321741,GAINI,GLADSTONE INVESTMENT CORPORATION\DE
1321741,GAING,GLADSTONE INVESTMENT CORPORATION\DE
1127248,EMRJF,EMERA INC
1127248,EMICF,EMERA INC
1078716,TGOPF,3i GROUP PLC
1089907,SWKHL,SWK Holdings Corp
1114446,AMUB,UBS AG
1114446,BDCX,UBS AG
1114446,BDCZ,UBS AG
1114446,CEFD,UBS AG
1114446,HDLB,UBS AG
1114446,UCIB,UBS AG
1114446,MLPR,UBS AG
1114446,MVRL,UBS AG
1114446,PFFL,UBS AG
1114446,SMHB,UBS AG
1114446,IFED,UBS AG
1114446,MLPB,UBS AG
1039610,ELCPF,EDP ENERGIAS DE PORTUGAL SA
1174169,AGQPF,ALGONQUIN POWER & UTILITIES CORP.
1174169,AQNB,ALGONQUIN POWER & UTILITIES CORP.
1160106,LLOBF,Lloyds Banking Group plc
1128252,XAKJ,"SIPP International Industries, Inc."
1236275,QXO-PB,"QXO, Inc."
1295810,SHO-PH,"Sunstone Hotel Investors, Inc."
1295810,SHO-PI,"Sunstone Hotel Investors, Inc."
1810560,REVBW,"REVELATION BIOSCIENCES, INC."
1801602,SBIGW,"SpringBig Holdings, Inc."
1801417,BYNOU,byNordic Acquisition Corp
1801417,BYNOW,byNordic Acquisition Corp
1814287,ABXL,"Abacus Global Management, Inc."
1818382,HUMAW,"Humacyte, Inc."
1840425,OSRHW,"OSR Health, Inc."
1838987,SPWRW,SunPower Inc.
1836981,BBAI-WT,"BigBear.ai Holdings, Inc."
1844971,GREEL,Vulcan Infrastructure & Power Inc.
1845437,NPWR-WT,Net Power Inc.
1841761,GROVW,"Grove Collaborative Holdings, Inc."
1826889,BODYW,"Beachbody Company, Inc."
1830214,DNABW,"Ginkgo Bioworks Holdings, Inc."
1828108,AUROW,"Aurora Innovation, Inc."
1834526,GPATU,GP-Act III Acquisition Corp.
1834526,GPATW,GP-Act III Acquisition Corp.
1834026,GROY-WT,Gold Royalty Corp.
1770450,XRXDW,Xerox Holdings Corp
1758699,TRSO,TRANSUITE.ORG INC.
1748137,NEOVW,NeoVolta Inc.
1751162,CHWRF,China Tower Corp Limited/ADR
1782999,PRTCY,PureTech Health plc
1781629,ANKM,"Ankam, Inc."
1793497,SVIX,VS Trust
1798562,TMCWW,TMC the metals Co Inc.
1854463,WINVR,WinVest Acquisition Corp.
1854816,MINR,Minerva Gold Inc.
1853044,AERTW,"Aeries Technology, Inc."
1854963,SHFSW,"SHF Holdings, Inc."
1855467,MOBXW,"MOBIX LABS, INC"
1847345,ASBPW,"Aspire Biopharma Holdings, Inc."
1847075,SAIHW,SAIHEAT Ltd
1866782,CDROW,"Codere Online Luxembourg, S.A."
1872228,TVAIR,Thayer Ventures Acquisition Corp II
1872228,TVAIU,Thayer Ventures Acquisition Corp II
1879248,ADSEW,Ads-Tec Energy Public Ltd Co
1889123,FLDDW,"Fold Holdings, Inc."
1872964,MTEKW,Maris Tech Ltd.
1904616,BAKR,Baker Global Asset Management Inc.
1899287,AMPX-WT,"Amprius Technologies, Inc."
1896511,DAZSF,ZKGC New Energy Ltd
1890361,ASPCU,ASPAC III Acquisition Corp.
1890361,ASPCR,ASPAC III Acquisition Corp.
1913510,VFSWW,VinFast Auto Ltd.
1936804,SDAWW,SunCar Technology Group Inc.
1920294,RZLVW,REZOLVE AI PLC
1979005,AFJKR,"Aimei Health Technology Co., Ltd."
1979005,AFJKU,"Aimei Health Technology Co., Ltd."
1985406,NPEHF,"Nippon Express Holdings, Inc./ADR"
1985840,DEFI,Hashdex Commodities Trust
1981662,NIVFW,NewGenIvf Group Ltd
1980845,ENGNW,enGene Therapeutics Inc.
1953988,HLEOD,Helio Corp /FL/
1949257,RDPTF,Radiopharm Theranostics Ltd
1960355,EXYNW,"Exyn Technologies, Inc."
1969796,THQQF,Embracer Group AB/ADR
1004980,PCG-PX,PG&E Corp
1004980,PCG-PA,PG&E Corp
1004980,PCG-PB,PG&E Corp
936528,WAFDP,WAFD INC
2126043,CGCFW,Cartesian Growth Corp IV
2126043,CGCFU,Cartesian Growth Corp IV
2123969,RREVU,RRE Ventures Acquisition Corp.
2123969,RREVW,RRE Ventures Acquisition Corp.
2138373,CGPCF,Carabao Group Public Co Limited/ADR
2128045,BCCQW,Bleichroeder Acquisition Corp. III
2128045,BCCQU,Bleichroeder Acquisition Corp. III
2128115,AAC-UN,Ares Acquisition Corp III
2140030,TBCVU,"Thunder Bridge Capital Partners V, Ltd."
2087450,LEGO-UN,Legato Merger Corp. IV
2087450,LEGO-WT,Legato Merger Corp. IV
2084261,URSB,"URSB Bancorp, Inc."
2083910,ARCIW,Archimedes Tech SPAC Partners III Co.
2083910,ARCIU,Archimedes Tech SPAC Partners III Co.
2082119,KRAQW,KRAKacquisition Corp
2082119,KRAQU,KRAKacquisition Corp
2083493,XCBEU,X3 Acquisition Corp. Ltd.
2083493,XCBEW,X3 Acquisition Corp. Ltd.
2083125,FTW-WT,PRESIDIO PRODUCTION Co
2088256,HQWWW,Horizon Quantum Holdings Ltd.
2088339,OBIBF,"OBIC Business Consultants Co., Ltd./ADR"
2088807,XSLLU,Xsolla SPAC 1
2088807,XSLLW,Xsolla SPAC 1
2089509,JELLF,JEOL LTD/ADR
2088103,XFLH-UN,XFLH Capital Corp
2088103,XFLH-RI,XFLH Capital Corp
2087852,SBKLF,Sumitomo Bakelite Co Limited/ADR
2086869,RLMLF,RESOLUTION MINERALS LTD/ADR
2094687,CRYAF,"Chery Automobile Co., Ltd./ADR"
2088805,CMIIU,Columbus Circle Capital Corp II
2088805,CMIIW,Columbus Circle Capital Corp II
2091028,MTMCF,Metallium Limited/ADR
2100603,MTPLF,Metaplanet Inc.
2099767,NHIVW,NewHold Investment Corp IV
2099767,NHIVU,NewHold Investment Corp IV
2106436,MRCOU,Mercator Acquisition Corp.
2106436,MRCOW,Mercator Acquisition Corp.
2116230,NCOOW,Southern Cross Acquisition I Corp.
2116230,NCOOU,Southern Cross Acquisition I Corp.
2116230,NCOOR,Southern Cross Acquisition I Corp.
2102041,IPFXW,Inflection Point Acquisition Corp. VI
2102041,IPFXU,Inflection Point Acquisition Corp. VI
2079013,HCACR,Hall Chadwick Acquisition Corp
2080215,USDEW,StableCoinX Inc.
2080985,ITHAU,ITHAX Acquisition Corp III
2080985,ITHAW,ITHAX Acquisition Corp III
2081536,WPAC-RI,White Pearl Acquisition Corp.
2081536,WPAC-UN,White Pearl Acquisition Corp.
2081468,MESHU,Meshflow Acquisition Corp
2081468,MESHW,Meshflow Acquisition Corp
2081300,SSACR,SPACSphere Acquisition Corp.
2081300,SSACW,SPACSphere Acquisition Corp.
2081300,SSACU,SPACSphere Acquisition Corp.
2068385,SHAZW,SharonAI Holdings Inc.
2074850,GFUZW,General Fusion Group Ltd.
2076739,SCIIR,SC II Acquisition Corp.
2076739,SCIIU,SC II Acquisition Corp.
2040475,DMIIR,Drugs Made In America Acquisition II Corp.
2040475,DMIIU,Drugs Made In America Acquisition II Corp.
2048948,NPACW,New Providence Acquisition Corp. III/Cayman
2048948,NPACU,New Providence Acquisition Corp. III/Cayman
2051820,MLCIL,Mount Logan Capital Inc.
2053843,YSHLF,Yangzijiang Shipbuilding Holdings Ltd/ADR
2049248,LCCCU,Lakeshore Acquisition III Corp.
2049248,LCCCR,Lakeshore Acquisition III Corp.
2050501,BLUWU,Blue Water Acquisition Corp. III
2050501,BLUWW,Blue Water Acquisition Corp. III
2062803,IDPUF,IDP Education Ltd./ADR
2064658,MCGAW,Yorkville Acquisition Corp.
2064658,MCGAU,Yorkville Acquisition Corp.
2065660,DNACF,"DeNA Co., Ltd./ADR"
2060863,NGHLF,Nightingale Health Plc
2056634,PCAPW,ProCap Acquisition Corp
2056634,PCAPU,ProCap Acquisition Corp
2033770,DAICW,"CID Holdco, Inc."
2023676,LPBBW,Launch Two Acquisition Corp.
2023676,LPBBU,Launch Two Acquisition Corp.
2026767,ALISR,Calisa Acquisition Corp
2026767,ALISU,Calisa Acquisition Corp
2035644,RANGR,Range Capital Acquisition Corp.
2035644,RANGU,Range Capital Acquisition Corp.
2042460,HAVAU,Harvard Ave Acquisition Corp
2042460,HAVAR,Harvard Ave Acquisition Corp
2043630,APACU,StoneBridge Acquisition II Corp
2043630,APACR,StoneBridge Acquisition II Corp
2043766,GTERR,Globa Terra Acquisition Corp
2043766,GTERW,Globa Terra Acquisition Corp
2043766,GTERU,Globa Terra Acquisition Corp
2044817,MTNE-WT,CH4 Natural Solutions Corp
2044817,MTNE-UN,CH4 Natural Solutions Corp
2001699,HPAIW,Helport AI Ltd
1999261,STWI,StageWise Strategies Corp.
2022308,KIDZW,KIDZ AI Inc.
2020987,YHNAR,YHN Acquisition I Ltd
2020987,YHNAU,YHN Acquisition I Ltd
2021938,SNNRF,Sunrise Communications AG
2018145,RDACR,Rising Dragon Acquisition Corp.
2018145,RDACU,Rising Dragon Acquisition Corp.
2020385,TAVIU,Tavia Acquisition Corp.
2020385,TAVIR,Tavia Acquisition Corp.
2020919,DSFT,DeltaSoft Corp
1333986,EQH-PA,"Equitable Holdings, Inc."
1333986,EQH-PC,"Equitable Holdings, Inc."
1311307,LNXSF,LANXESS AG
1281761,RF-PE,REGIONS FINANCIAL CORP
1281761,RF-PF,REGIONS FINANCIAL CORP
1267238,AIZN,"ASSURANT, INC."
1283699,TMUSZ,"T-Mobile US, Inc."
1283699,TMUSI,"T-Mobile US, Inc."
1283699,TMUSL,"T-Mobile US, Inc."
1281895,RCKTW,"ROCKET PHARMACEUTICALS, INC."
1412100,MHNC,"Maiden Holdings, Ltd."
1419554,BBLGW,Bone Biologics Corp
1438893,GNT-PA,"GAMCO Natural Resources, Gold & Income Trust"
1376804,RDCT,"VNUE, Inc."
1169770,BANC-PF,"BANC OF CALIFORNIA, INC."
1159508,DGP,DEUTSCHE BANK AKTIENGESELLSCHAFT
1159508,DGZ,DEUTSCHE BANK AKTIENGESELLSCHAFT
1159508,DZZ,DEUTSCHE BANK AKTIENGESELLSCHAFT
1159508,ADZCF,DEUTSCHE BANK AKTIENGESELLSCHAFT
1159508,DEENF,DEUTSCHE BANK AKTIENGESELLSCHAFT
1159508,OLOXF,DEUTSCHE BANK AKTIENGESELLSCHAFT
2109556,MNMXF,Minimax Group Inc./ADR
2134856,XTERU,Karman Line Acquisition Corp.
2133719,NSAIU,NorthStrive Acquisition Corp I.
2128739,JABRW,JAB Acquisition Corp I
2128739,JABRR,JAB Acquisition Corp I
2128739,JABRU,JAB Acquisition Corp I
2127839,BELGF,Bellevue Gold Ltd./ADR
2127653,ATALF,American Tungsten & Antimony Ltd
2122505,IACQW,Irenic Acquisition Corp.
2122505,IACQU,Irenic Acquisition Corp.
2113481,OSPRU,Osprey Acquisition Corp. III
2113481,OSPRW,Osprey Acquisition Corp. III
2115404,CAIIU,Collective Acquisition Corp. II
2115404,CAIIW,Collective Acquisition Corp. II
2106126,EURBF,Eurobank SA/ADR
2111542,ACGCU,ACP Holdings Acquisition Corp.
2111542,ACGCW,ACP Holdings Acquisition Corp.
2142762,ORGJF,Organo Corporation/ADR
2144751,CPTKF,Capital Tankers Corp./ADR
2099093,HCICU,Hennessy Capital Investment Corp. VIII
2099093,HCICR,Hennessy Capital Investment Corp. VIII
2104391,CATLU,Catalyst Acquisition Corp.
2105274,IPVVW,"InterPrivate Investment Partners V, Inc."
2105274,IPVVU,"InterPrivate Investment Partners V, Inc."
2108185,YMATF,Azbil Corporation/ADR
2116105,FWACR,Futurewave Acquisition Corp
2116105,FWACU,Futurewave Acquisition Corp
2116105,FWACW,Futurewave Acquisition Corp
2111762,GSRVU,GSR V Acquisition Corp.
2111762,GSRVR,GSR V Acquisition Corp.
2121703,FXACU,FortuneX Acquisition Corp
2121703,FXACW,FortuneX Acquisition Corp
2136530,MIACU,Meridian3 Industrials Acquisition Corp
2136530,MIACW,Meridian3 Industrials Acquisition Corp
2134539,ITHLF,Ithaca Energy PLC/ADR
2133136,MTAKU,Market Technology Acquisition Corp
2129659,FDMMW,Freedom Metals Acquisition Corp.
2129659,FDMMU,Freedom Metals Acquisition Corp.
2129056,JONEU,Jones Ventures INTL Acquisition1 Corp
2123475,ISNRU,Snow Rothschild Acquisition Corp.
2123475,ISNRW,Snow Rothschild Acquisition Corp.
2149111,PITAF,Poste Italiane S.p.A./ADR
1580864,VRMWW,"Vroom, Inc."
1594968,LAAI,Loan Artificial Intelligence Corp.
1716885,ASCIX,Angel Oak Strategic Credit Fund
1678130,OPP-PC,"RiverNorth/DoubleLine Strategic Opportunity Fund, Inc."
1678130,OPP-PA,"RiverNorth/DoubleLine Strategic Opportunity Fund, Inc."
1678130,OPP-PB,"RiverNorth/DoubleLine Strategic Opportunity Fund, Inc."
1712356,HYNLY,Hydro One Ltd
1705455,ZNKUF,"ZENKOKU HOSHO Co., Ltd./ADR"
1700173,FIGIF,"Fuyao Glass Industry Group Co., Ltd./ADR"
1503584,CMRE-PB,Costamare Inc.
1503584,CMRE-PD,Costamare Inc.
1509470,NSLRL,Neostellar Capital Corp.
1527469,ATH-PA,Athene Holding Ltd.
1527469,ATHS,Athene Holding Ltd.
1527469,ATH-PB,Athene Holding Ltd.
1527469,ATH-PD,Athene Holding Ltd.
1527469,ATH-PE,Athene Holding Ltd.
1523872,PTWRY,PT Tower Bersama Infrastructure Tbk/ADR
1523872,PTFRF,PT Tower Bersama Infrastructure Tbk/ADR
1567526,IHICF,IHI Corporation/ADR
1562463,INBKZ,First Internet Bancorp
1533232,BEPH,Brookfield Renewable Partners L.P.
1533232,BEPI,Brookfield Renewable Partners L.P.
1533232,BEP-PA,Brookfield Renewable Partners L.P.
1533232,BEPJ,Brookfield Renewable Partners L.P.
1451561,SBBTF,Vend Marketplaces ASA/ADR
1446962,HCHDF,Hochschild Mining PLC
2105838,SUMAU,SUMA Acquisition Corp
2104177,LTGRW,Long Table Growth Corp.
2104177,LTGRU,Long Table Growth Corp.
2105838,SUMAR,SUMA Acquisition Corp
2107946,YMTKF,Yamato Kogyo Co. Ltd/ADR
2107989,KELRF,Keisei Electric Railway Co. Ltd/ADR
2108164,PONOR,"Pono Capital Four, Inc."
2120046,CVCCF,CVC Capital Partners plc/ADR
2108164,PONOU,"Pono Capital Four, Inc."
2124215,TKMSF,TKMS AG & CO. KGAA/ADR
2120882,HXSCL,SK hynix Inc.
2125551,ALPXU,Alpex Acquisition Corp
2125551,ALPXR,Alpex Acquisition Corp
2125551,ALPXW,Alpex Acquisition Corp
2127852,CSGNF,CSG N.V./ADR
2127859,EULIF,EUROPEAN LITHIUM LTD/ADR
2131853,FTRA-WT,FutureCorp Space Acquisition 1
2131853,FTRA-UN,FutureCorp Space Acquisition 1
2137358,OSOPF,Osotspa Public Co Limited/ADR
1493507,SFDMF,Shanghai Fudan Microelectronics Co Limited/ADR/
1130713,BBBYW,"NEIGHBORHOOD INTELLIGENCE, INC."
1144800,TSLTF,TRANSALTA CORP
1144800,TACPF,TRANSALTA CORP
1144800,TRNTF,TRANSALTA CORP
1051512,TDS-PU,TELEPHONE & DATA SYSTEMS INC /DE/
1051512,TDS-PV,TELEPHONE & DATA SYSTEMS INC /DE/
1014763,AIMDW,"Ainos, Inc."
922224,PPLC,PPL Corp
2069238,PAII-UN,Pyrophyte Acquisition Corp. II
2069238,PAII-WT,Pyrophyte Acquisition Corp. II
2065948,SOCAW,Solarius Capital Acquisition Corp.
2065948,SOCAU,Solarius Capital Acquisition Corp.
2072389,NPIFF,Northland Power Inc./ADR
2072389,NPICF,Northland Power Inc./ADR
2073268,BIREF,Birchcliff Energy Ltd./ADR
2069856,HCMAU,HCM III ACQUISITION CORP.
2069856,HCMAW,HCM III ACQUISITION CORP.
2073804,TCLHF,TCL Electronics Holdings Limited/ADR
2071489,YSGL,Yellowstone Group Ltd.
2073893,DLMAF,Dollarama Inc./ADR
2078416,LLYVB,"Liberty Live Holdings, Inc."
2078416,LLYVK,"Liberty Live Holdings, Inc."
2074697,FCRS-WT,FutureCrest Acquisition Corp.
2074697,FCRS-UN,FutureCrest Acquisition Corp.
2074872,KRSP-WT,Rice Acquisition Corp 3
2074872,KRSP-UN,Rice Acquisition Corp 3
2092258,AWTRF,Air Water Inc./ADR
2093912,PTORW,Praetorian Acquisition Corp.
2093912,PTORU,Praetorian Acquisition Corp.
2094712,FJDIU,ARC Group Securities Acquisition I
2089499,GLVHF,GLENVEAGH PROPERTIES PLC/ADR
2089982,HACQW,HCM IV Acquisition Corp.
2089982,HACQU,HCM IV Acquisition Corp.
2091222,SAAQU,Space Asset Acquisition Corp.
2091222,SAAQW,Space Asset Acquisition Corp.
2098324,SWBGF,Shawbrook Group plc/ADR
2097288,BHAVU,BHAV Acquisition Corp
2097288,BHAVR,BHAV Acquisition Corp
2095297,KPET-UN,KPET Ultra Paceline Corp
2095297,KPET-WT,KPET Ultra Paceline Corp
2057381,RADC,Readvantage Corp.
2055459,RDAGU,Republic Digital Acquisition Co
2055459,RDAGW,Republic Digital Acquisition Co
2061911,MXUBY,Mixue Bingcheng Co Ltd/ADR
2061911,MXUGF,Mixue Bingcheng Co Ltd/ADR
2062522,GMWKF,GAMES WORKSHOP GROUP PLC/ADR
2065287,DNKC,Dankon Corp
2094692,VSRPF,Verisure plc/ADR
2096900,ACAAU,Averin Capital Acquisition Corp.
2096900,ACAAW,Averin Capital Acquisition Corp.
2097986,FTHAU,Forefront Tech Holdings Acquisition Corp
2097986,FTHAW,Forefront Tech Holdings Acquisition Corp
2101562,PALOW,PALOMA ACQUISITION CORP I
2101562,PALOU,PALOMA ACQUISITION CORP I
2102155,QLEP-WT,Quantum Leap Acquisition Corp
2102123,AACPW,Apogee Acquisition Corp
2102123,AACPU,Apogee Acquisition Corp
2102123,AACPR,Apogee Acquisition Corp
2090441,IDACW,Iron Dome Acquisition I Corp.
2090441,IDACU,Iron Dome Acquisition I Corp.
2093524,APURR,Aperture AC
2093856,APXCF,APEX CRITICAL METALS CORP.
2091484,GLED-RI,GalaxyEdge Acquisition Corp
2091484,GLED-UN,GalaxyEdge Acquisition Corp
2092252,RNGOF,"Rengo Co., Ltd./ADR"
2082149,DSACU,Daedalus Special Acquisition Corp.
2082149,DSACW,Daedalus Special Acquisition Corp.
2079109,VRXAW,Veraxa Biotech AG - Post de-SPAC
2082542,BIXIU,Bitcoin Infrastructure Acquisition Corp Ltd
2082542,BIXIW,Bitcoin Infrastructure Acquisition Corp Ltd
2083221,SPIWF,SPIE SA/ADR
2083689,AEAQU,Activate Energy Acquisition Corp.
2083689,AEAQW,Activate Energy Acquisition Corp.
2083728,LPCVW,Launchpad Cadenza Acquisition Corp I
2083728,LPCVU,Launchpad Cadenza Acquisition Corp I
2088626,PECER,Peace Acquisition Corp.
2088626,PECEW,Peace Acquisition Corp.
2088626,PECEU,Peace Acquisition Corp.
2088776,ZSHOF,"Zensho Holdings Co., Ltd./ADR"
2087447,ZKPU,Lafayette Digital Acquisition Corp. I
2087447,ZKPW,Lafayette Digital Acquisition Corp. I
2087840,ZJLMF,"Zhejiang Leapmotor Technology Co., Ltd./ADR"
2083946,WLIIU,Willow Lane Acquisition Corp. II
2083946,WLIIW,Willow Lane Acquisition Corp. II
2083989,ALOVU,"Aldabra 4 Liquidity Opportunity Vehicle, Inc."
2083989,ALOVW,"Aldabra 4 Liquidity Opportunity Vehicle, Inc."
2084396,IEAGR,Infinite Eagle Acquisition Corp.
2084396,IEAGU,Infinite Eagle Acquisition Corp.
1969766,SEPSF,Asep Medical Holdings Inc.
1964979,ALURD,"ALLURION TECHNOLOGIES, INC."
1964979,ALURW,"ALLURION TECHNOLOGIES, INC."
1962746,LOTWW,Lotus Technology Inc.
1956237,ALMP,Almco Plumbing Inc
1956648,NOEMW,CO2 Energy Transition Corp.
1956648,NOEMU,CO2 Energy Transition Corp.
1956648,NOEMR,CO2 Energy Transition Corp.
1951089,CRTMF,Critical Metals Corp.
1951089,CRMLW,Critical Metals Corp.
1951593,NNPEF,Ninepoint Energy Fund
2012318,IPCXR,Inflection Point Acquisition Corp. III
2012318,IPCXU,Inflection Point Acquisition Corp. III
2010653,FVNNU,Future Vision II Acquisition Corp.
2010653,FVNNR,Future Vision II Acquisition Corp.
1995920,ESMR,E-Smart Corp.
2000775,BKHAU,Black Hawk Acquisition Corp
2000775,BKHAR,Black Hawk Acquisition Corp
2028201,COLAU,Columbus Acquisition Corp/Cayman Islands
2028201,COLAR,Columbus Acquisition Corp/Cayman Islands
2014254,FSTWF,FST Corp.
2013186,TNMWF,TNL Mediagene
2038958,MANDF,Mandatum Oyj/ADR
2039058,JACS-UN,Jackson Acquisition Co II
2039058,JACS-RI,Jackson Acquisition Co II
2044863,TKMEF,"Tokyo Metro Co., Ltd./ADR"
2053383,KXHCF,Kioxia Holdings Corporation/ADR
2042902,EVAC-UN,EQV Ventures Acquisition Corp. II
2042902,EVAC-WT,EQV Ventures Acquisition Corp. II
2131350,BRTMU,B&R Technology Merger Corp.
2057463,GLIBK,Liberty Capital Corp/NV
2059986,ONWRF,Onward Medical N.V./ADR
2060217,HRZRF,"Horizon Robotics, Inc./ADR"
2062440,KYIVW,Kyivstar Group Ltd.
2064683,CCIIW,Cohen Circle Acquisition Corp. II
2064683,CCIIU,Cohen Circle Acquisition Corp. II
2066601,TOKCF,"Tokyo Ohka Kogyo Co., Ltd./ADR"
2068441,STHRF,Strathcona Resources Ltd.
2073972,LWSCF,Sienna Senior Living Inc./ADR
2073340,TLNCU,Talon Capital Corp.
2073340,TLNCW,Talon Capital Corp.
2072404,GSRFU,GSR IV Acquisition Corp.
2072404,GSRFR,GSR IV Acquisition Corp.
2070900,QUMSU,Quantumsphere Acquisition Corp
2070900,QUMSR,Quantumsphere Acquisition Corp
2071868,JNGHF,"Jiangsu Hengrui Pharmaceuticals Co., Ltd./ADR"
2095096,ENRDW,Einride AB
2090787,OHACU,Oceanhawk Acquisition Corp.
2090787,OHACR,Oceanhawk Acquisition Corp.
2090452,FGIIU,FG Imperii Acquisition Corp.
2090452,FGIIW,FG Imperii Acquisition Corp.
2087844,MSOKF,Mitsui-Soko Holdings Co Limited/ADR
2089283,NUCLW,Eagle Nuclear Energy Corp.
2098425,BGTCF,"Beijing Geekplus Technology Co., Ltd./ADR"
2048270,SMFRF,"Sumitomo Forestry Co., Ltd./ADR"
2098707,BRKHU,Burtech Acquisition Corp II
2098707,BRKHW,Burtech Acquisition Corp II
2059033,FIGXW,FIGX Capital Acquisition Corp.
2059033,FIGXU,FIGX Capital Acquisition Corp.
2059165,SSEAU,STARRY SEA ACQUISITION CORP
2059165,SSEAR,STARRY SEA ACQUISITION CORP
2057043,WENNW,WEN Acquisition Corp
2057043,WENNU,WEN Acquisition Corp
2085236,AMVIF,AUMOVIO SE
2087361,MEVOW,M Evo Global Acquisition Corp II
2087361,MEVOU,M Evo Global Acquisition Corp II
2087843,GGPSF,Greatland Resources Limited/ADR
2083632,OCTLF,Octave Intelligence plc
2083217,QADRW,QDRO Acquisition Corp.
2083217,QADRU,QDRO Acquisition Corp.
2076398,ZSINF,"Zhejiang Sanhua Intelligent Controls Co., Ltd./ADR"
2074157,SVAUF,StorageVault Canada Inc./ADR
2077033,MMTXU,Miluna Acquisition Corp
2077033,MMTXW,Miluna Acquisition Corp
2079106,LAFAR,LaFayette Acquisition Corp.
2079106,LAFAU,LaFayette Acquisition Corp.
2079706,MBGCF,"Mitsubishi Gas Chemical Company, Inc./ADR"
2080023,VACI-UN,Viking Acquisition Corp I
2080023,VACI-WT,Viking Acquisition Corp I
2088749,KBONW,Karbon Capital Partners Corp.
2088749,KBONU,Karbon Capital Partners Corp.
2088295,BBCQU,Bleichroeder Acquisition Corp. II
2088295,BBCQW,Bleichroeder Acquisition Corp. II
2082866,PNFP-PB,"Pinnacle Financial Partners, Inc."
2086524,KTWOR,K2 Capital Acquisition Corp
2086524,KTWOU,K2 Capital Acquisition Corp
2079253,APXTU,Apex Treasury Corp
2079253,APXTW,Apex Treasury Corp
2076163,BRRWW,"ProCap Financial, Inc."
2078653,RNGTU,Range Capital Acquisition Corp II
2078653,RNGTW,Range Capital Acquisition Corp II
2082847,BWIV-UN,Blue Water Acquisition Corp. IV
2082847,BWIV-WT,Blue Water Acquisition Corp. IV
2082866,PNFP-PC,"Pinnacle Financial Partners, Inc."
2082866,PNFP-PA,"Pinnacle Financial Partners, Inc."
2081125,DNMXU,Dynamix Corp III
2081125,DNMXW,Dynamix Corp III
2061473,PMTRU,Perimeter Acquisition Corp. I
2060337,JENA-UN,JENA ACQUISITION Corp II
2060337,JENA-RI,JENA ACQUISITION Corp II
2061473,PMTRW,Perimeter Acquisition Corp. I
2063413,SPHXF,SM Prime Holdings Inc./ADR
2065485,JXADF,JX Advanced Metals Corporation/ADR
2075877,BKPKF,Bank Pekao S.A./ADR
2075310,BLZRW,Trailblazer Acquisition Corp.
2075310,BLZRU,Trailblazer Acquisition Corp.
2077785,IRAB-WT,Iris Acquisition Corp II
2077785,IRAB-UN,Iris Acquisition Corp II
2068440,LPUGF,Laopu Gold Co. Ltd./ADR
2073638,FINGF,Finning International Inc./ADR
2073655,TPZEF,Topaz Energy Corp./ADR
1838359,RGTIW,"Rigetti Computing, Inc."
1840199,WALDW,Waldencast plc
1840317,VEEAW,VEEA INC.
1844862,SLDPW,"Solid Power, Inc."
1842939,XAGEW,"Longevity Health Holdings, Inc."
1850059,FSHPR,Flag Ship Acquisition Corp
1846416,HVIIU,Hennessy Capital Investment Corp. VII
1846416,HVIIR,Hennessy Capital Investment Corp. VII
1846702,FIGP,"Forge Group, Inc."
1825024,OPADW,Offerpad Solutions Inc.
1827899,CPTKW,Crown PropTech Acquisitions
2059654,BACCR,Blue Acquisition Corp/Cayman
2059654,BACCU,Blue Acquisition Corp/Cayman
2054876,NMPAU,NMP Acquisition Corp.
2054876,NMPAR,NMP Acquisition Corp.
2054272,ONCHW,1RT Acquisition Corp.
2054272,ONCHU,1RT Acquisition Corp.
2049662,FACWW,Factorial Energy Inc.
1833498,MDAIW,"Spectral AI, Inc."
1834048,ASAIY,Sendas Distributor S.A.
1835856,BETRW,Better Home & Finance Holding Co
1832511,PIIIW,P3 Health Partners Inc.
2034520,GIBOW,GIBO HOLDINGS Ltd
2029472,PUIGF,Puig Brands S.A./ADR
2028336,NUAIW,"New ERA Energy & Digital, Inc."
2028027,NTWOW,Newbury Street II Acquisition Corp
2028027,NTWOU,Newbury Street II Acquisition Corp
2028293,RAINW,"Rain Enhancement Technologies Holdco, Inc."
2041531,BDTB,Bodhi Tree Biotechnology Inc
2045473,COPL-WT,Copley Acquisition Corp
2045473,COPL-UN,Copley Acquisition Corp
2047177,CHECW,Chenghe Acquisition III Co.
2047177,CHECU,Chenghe Acquisition III Co.
2048951,TMSWW,Teamshares Inc
2048958,SUNXF,Stardust Solar Energy Inc.
2053799,KCHVR,Kochav Defense Acquisition Corp.
2053799,KCHVU,Kochav Defense Acquisition Corp.
2024460,CHPGR,ChampionsGate Acquisition Corp
2024460,CHPGU,ChampionsGate Acquisition Corp
2019435,BGLWW,Blue Gold Ltd
2015502,LPAAU,Launch One Acquisition Corp.
2015502,LPAAW,Launch One Acquisition Corp.
1998781,IBACR,IB Acquisition Corp.
1997652,TBNRL,Tamboran Resources Corp
1998043,PDPA,Pearl Diver Credit Co Inc.
1880661,TPGXL,TPG Inc.
1876581,IMPPP,Imperial Petroleum Inc./Marshall Islands
1876431,PRENW,Prenetics Global Ltd
1861841,ARBEW,Arbe Robotics Ltd.
1860805,ASTLW,Algoma Steel Group Inc.
1861974,ECXWW,ECARX Holdings Inc.
1864531,VSEEW,"VSEE HEALTH, INC."
1883984,ALCED,"Alternus Clean Energy, Inc."
1883984,ACLEW,"Alternus Clean Energy, Inc."
1898795,LVWR-WT,"LiveWire Group, Inc."
1882198,ATEKU,Athena Technology Acquisition Corp. II
1882198,ATEKW,Athena Technology Acquisition Corp. II
1918080,DBHL,"Deep Isolation Nuclear, Inc."
1924064,RLNDF,RoyaLand Co Ltd.
1932737,AIIOW,ROBO.AI INC.
1930147,SPME,"Sound Point Meridian Capital, Inc."
1930147,SPMA,"Sound Point Meridian Capital, Inc."
1843724,LNZAW,"LanzaTech Global, Inc."
1847986,DFLIW,Dragonfly Energy Holdings Corp.
1848672,GDLG,Glidelogic Corp.
1839530,XBPEW,"XBP Global Holdings, Inc."
1842556,EONR-WT,EON Resources Inc.
1859035,MCAGR,Mountain Crest Acquisition Corp. V
1859035,MCAGU,Mountain Crest Acquisition Corp. V
1852016,AEAEU,AltEnergy Acquisition Corp
1852016,AEAEW,AltEnergy Acquisition Corp
1848739,GDEVW,GDEV Inc.
1852551,NVA-WT,Nova Minerals Corp
1833214,SABSW,"SAB Biotherapeutics, Inc."
1834032,CSTWF,Constellation Acquisition Corp I
1834032,CSTUF,Constellation Acquisition Corp I
1834267,NNFSF,Nongfu Spring Co. Ltd./ADR
1834868,ALBC,Alternative Ballistics Corp
1946573,NAKAW,Nakamoto Inc.
1831359,JWSUF,Jaws Mustang Acquisition Corp
1831359,JWSWF,Jaws Mustang Acquisition Corp
1766478,AOMD,"Angel Oak Mortgage REIT, Inc."
1766478,AOMN,"Angel Oak Mortgage REIT, Inc."
1738827,KLXER,"KLX Energy Services Holdings, Inc."
1739016,SYAXF,Elevra Lithium Ltd
1723701,PMFAX,PIMCO Flexible Municipal Income Fund
1712762,BIAFW,"bioAffinity Technologies, Inc."
1691445,FVGPY,FinVolution Group
1815846,MSOGF,MINISO Group Holding Ltd
1817232,HGASW,Global Gas Corp
1820190,SCLXW,Scilex Holding Co
1818643,PHXE-P,"Phoenix Energy One, LLC"
1796026,DNOPF,Dino Polska S.A./ADR
1807765,PMVCW,PMV Consumer Acquisition Corp.
1799191,STLNW,"Starling Oncology, Inc."
1775734,BENFW,Beneficient
1786248,NREF-PA,"NexPoint Real Estate Finance, Inc."
1826779,TOMYF,Tomy Co Ltd/ADR
1826011,PARAW,"Banzai International, Inc."
1819142,SESCW,SES AI Corp
1830056,SMEGF,Siemens Energy AG/ADR
1675033,GECCH,Great Elm Capital Corp.
1675033,GECCG,Great Elm Capital Corp.
1675033,GECCI,Great Elm Capital Corp.
1679688,DBRG-PH,"DigitalBridge Group, Inc."
1679688,DBRG-PI,"DigitalBridge Group, Inc."
1679688,DBRG-PJ,"DigitalBridge Group, Inc."
1809750,EDBLW,Edible Garden AG Inc
1824204,PVOZ,Park View OZ REIT Inc
1804469,GFAIW,"Guardforce AI Co., Ltd."
1801729,NCLTF,"Nitori Holdings Co., Ltd."
1721056,HSCT,HOOPS SCOUTING USA
1741530,QFNHF,"Qfin Holdings, Inc."
1769624,ILLRW,Triller Group Inc.
1753712,LARAX,Lord Abbett Credit Opportunities Fund
1786117,PINE-PA,"Alpine Income Property Trust, Inc."
1788707,ADYYF,Adyen N.V./ADR
1789444,PSKRF,Protector Forsikring/ADR
1889539,CRBD,"Corebridge Financial, Inc."
1892747,VMCWF,Valuence Merger Corp. I
1892747,VMCUF,Valuence Merger Corp. I
1870144,CDIOW,"Cardio Diagnostics Holdings, Inc."
1872066,MIBE,MIAMI BREEZE CAR CARE INC
1868640,RDZNW,Roadzen Inc.
1867729,WRDIF,WeRide Inc.
1863006,VLNWF,Valens Semiconductor Ltd.
1865782,BTSGU,"BrightSpring Health Services, Inc."
1901203,UCFIW,CN Healthy Food Tech Group Corp.
1895262,NE-WTA,Noble Corp plc
1895262,NE-WT,Noble Corp plc
1933359,NTCS,Natics Corp.
1926314,OCAC-WT,Ocean Capital Acquisition Corp
1926314,OCAC-RI,Ocean Capital Acquisition Corp
1926314,OCAC-UN,Ocean Capital Acquisition Corp
1938571,APTN,"ADAPTIN BIO, INC."
2065661,PLUN-UN,Plutonian Acquisition Corp. II
2065661,PLUN-RI,Plutonian Acquisition Corp. II
2082141,AVVOF,Avio S.p.A./ADR
2083143,SCPQU,Social Commerce Partners Corp
2083143,SCPQW,Social Commerce Partners Corp
2083452,SAGU-RI,Shreya Acquisition Group
2083452,SAGU-WT,Shreya Acquisition Group
2083452,SAGU-UN,Shreya Acquisition Group
2085485,TRAD-RI,APEX Tech Acquisition Inc.
2085485,TRAD-UN,APEX Tech Acquisition Inc.
2081909,SBXE-UN,SilverBox Corp V
2081909,SBXE-WT,SilverBox Corp V
2076427,LATAU,Galata Acquisition Corp. II
2076427,LATAW,Galata Acquisition Corp. II
2073928,MBVIW,M3-Brigade Acquisition VI Corp.
2073928,MBVIU,M3-Brigade Acquisition VI Corp.
2071913,GBNXF,Gibson Energy Inc/ADR
2071881,TRMLF,Tourmaline Oil Corp/ADR
2072188,BIOTW,INSTINCT BIO TECHNICAL CO HOLDINGS INC.
2073553,AIIA-RI,AI Infrastructure Acquisition Corp.
2073553,AIIA-UN,AI Infrastructure Acquisition Corp.
2095443,BREZR,Breeze Acquisition Corp. II
2094073,CTAAR,Clearthink 1 Acquisition Corp.
2094073,CTAAU,Clearthink 1 Acquisition Corp.
2091176,IACOU,Idea Acquisition Corp.
2091176,IACOW,Idea Acquisition Corp.
2093907,RNKGF,RENK Group AG/ADR
2099232,FMACR,Future Money Acquisition Corp
2099232,FMACU,Future Money Acquisition Corp
2101393,APMCR,AmperCap Acquisition Co
2101393,APMCU,AmperCap Acquisition Co
2090231,MTLPF,Metlen Energy & Metals PLC/ADR
2093507,GLNDW,Greenland Energy Co
2087087,BIII-WT,Black Spade Acquisition III Co
2087087,BIII-UN,Black Spade Acquisition III Co
2087989,YSAG,Texas Precious Metals Trust
2087989,YSAU,Texas Precious Metals Trust
2088325,OIMAW,OneIM Acquisition Corp.
2088325,OIMAU,OneIM Acquisition Corp.
2088827,HRIBF,"Horiba, Ltd./ADR"
1899830,PERFF,Perfect Corp.
1905660,HUBCW,Hub Cyber Security Ltd.
1905660,HUBCZ,Hub Cyber Security Ltd.
1910975,RPDL,Rapid Line Inc.
1885408,NEXRW,Nexera Technologies Ltd
1886190,GGROW,Gogoro Inc.
1883085,PGYWW,Pagaya Technologies Ltd.
1876716,ASUUF,ASPAC II Acquisition Corp.
1876716,ASCWF,ASPAC II Acquisition Corp.
1876716,ASCRF,ASPAC II Acquisition Corp.
1875547,LCFYW,Locafy Ltd
1882464,MSSWF,Metal Sky Star Acquisition Corp
1882464,MSSUF,Metal Sky Star Acquisition Corp
1858685,BFRIW,Biofrontera Inc.
1860871,TVGNW,Tevogen Inc.
1862463,AMODW,"ALPHA MODUS HOLDINGS, INC."
1854275,ZCARW,"Zoomcar Holdings, Inc."
1849820,KITTW,"Nauticus Robotics, Inc."
1841425,VGASW,"Verde Clean Fuels, Inc."
1838163,BNAIW,Brand Engagement Network Inc.
1848334,OKMN,"OKMIN RESOURCES, INC."
1823466,NOTEW,"FiscalNote Holdings, Inc."
1823584,AENTW,ALLIANCE ENTERTAINMENT HOLDING CORP
1930313,SBCWW,SBC Medical Group Holdings Inc
1918414,NBRGR,Newbridge Acquisition Ltd
1918414,NBRGU,Newbridge Acquisition Ltd
1831979,SDSTW,Stardust Power Inc.
1826667,TLSIW,"TriSalus Life Sciences, Inc."
1826681,PDYNW,Palladyne AI Corp.
1824502,ACHR-WT,Archer Aviation Inc.
1824920,IONQ-WT,"IonQ, Inc."
1997296,MDCXW,Medicus Pharma Ltd.
1995306,SPHIF,SUPER HI INTERNATIONAL HOLDING LTD.
1984345,VTBAS,"Vestible Assets, LLC"
1986817,GTENW,"Gores Holdings X, Inc. / CI"
1986817,GTENU,"Gores Holdings X, Inc. / CI"
1994373,HNIT,Huineng Technology Corp
1969302,PYAIF,Pony AI Inc.
1978111,NPLY,Naploy Corp.
1983324,RMSGW,Real Messenger Corp
2110119,AMACU,AMR Resources Acquisition Corp.
2101470,WLCOW,Wilco 63 Corp
2101470,WLCOU,Wilco 63 Corp
2100125,CAQUU,Cambridge Acquisition Corp.
2100125,CAQUW,Cambridge Acquisition Corp.
2114229,XIIIU,Churchill Capital Corp XIII
2123955,PNAQ-UN,Pinnacle Acquisition Corp
2122392,PLCIU,Pelican Acquisition II Corp
2122392,PLCIR,Pelican Acquisition II Corp
2120422,PFSEF,Pfisterer Holdings SE/ADR
1957538,OIOWW,OIO Group
1965143,NVNIW,Nvni Group Ltd
2043424,FKURF,Fujikura Ltd/ADR
2042187,KYFGF,Kyoto Financial Group Inc/ADR
2044009,XRPNW,Armada Acquisition Corp. II
2044009,XRPNU,Armada Acquisition Corp. II
2051380,PEW-WT,GrabAGun Digital Holdings Inc.
2052162,DAAQW,Digital Asset Acquisition Corp.
2052162,DAAQU,Digital Asset Acquisition Corp.
2028516,ATIIU,Archimedes Tech SPAC Partners II Co.
2028516,ATIIW,Archimedes Tech SPAC Partners II Co.
2029769,OACCU,Oaktree Acquisition Corp. III Life Sciences
2029769,OACCW,Oaktree Acquisition Corp. III Life Sciences
2032609,SHFH,Scientist Home Future Health Ltd
2032528,DRDBW,Roman DBDR Acquisition Corp. II
2032528,DRDBU,Roman DBDR Acquisition Corp. II
2034313,OBAWU,Oxley Bridge Acquisition Ltd
2034313,OBAWW,Oxley Bridge Acquisition Ltd
2027330,SGIPF,"Sugi Holdings Co., Ltd./ADR"
2025608,SOUL-RI,Soulpower Acquisition Corp.
2025608,SOUL-UN,Soulpower Acquisition Corp.
2024203,CAPNU,Cayson Acquisition Corp
2024203,CAPNR,Cayson Acquisition Corp
2015947,SBXD-UN,SilverBox Corp IV
2013807,FOXXW,Foxx Development Holdings Inc.
2015947,SBXD-WT,SilverBox Corp IV
2012807,RFAIU,RF Acquisition Corp II
2012807,RFAIR,RF Acquisition Corp II
2001557,INVLW,"Innventure, Inc."
2007191,TLPPF,Telix Pharmaceuticals Ltd
2010982,PVIT,Palisades Venture Inc.
1941360,NELR,Neolara Corp.
1938569,PALX,Palomino Laboratories Inc.
1940674,SMXWW,SMX (Security Matters) Public Ltd Co
2052547,EGHAR,EGH Acquisition Corp.
2052547,EGHAU,EGH Acquisition Corp.
1957489,ABLVW,Able View Global Inc.
1946021,HSPWF,Horizon Space Acquisition I Corp.
1946021,HSPUF,Horizon Space Acquisition I Corp.
1947861,NMHIW,Nature's Miracle Holding Inc.
1985062,PBMWW,PSYENCE BIOMEDICAL LTD.
1978528,QETAU,Quetta Acquisition Corp
1991332,MKDWW,MKDWELL Tech Inc.
1992818,ZOOZW,ZOOZ Strategy Ltd.
1959994,COOTW,Australian Oilseeds Holdings Ltd
1963088,ATCHW,"AtlasClear Holdings, Inc."
1978528,QETAR,Quetta Acquisition Corp
1968385,BWAGF,BAWAG Group AG/ADR
2035016,RIBBU,Ribbon Acquisition Corp.
2035016,RIBBR,Ribbon Acquisition Corp.
2036973,UYSCU,UY Scuti Acquisition Corp.
2036973,UYSCR,UY Scuti Acquisition Corp.
2029586,BLNH,"Blue Line Holdings, Inc."
2028699,DYNCU,Dynamix Corp
2028699,DYNCW,Dynamix Corp
2028935,FACTW,FACT II Acquisition Corp.
2028935,FACTU,FACT II Acquisition Corp.
2046098,ALEGF,ALLEGRO.EU SA/ADR
2043508,LKSPU,Lake Superior Acquisition Corp
2043508,LKSPR,Lake Superior Acquisition Corp
2040381,PACHW,Pioneer Acquisition I Corp
2040381,PACHU,Pioneer Acquisition I Corp
2041918,LTMGF,Lottomatica Group S.p.A./ADR
1946563,SXTPW,"60 DEGREES PHARMACEUTICALS, INC."
2025774,ALPWF,Alps Group Inc
2028614,DMAAU,Drugs Made In America Acquisition Corp.
2028614,DMAAR,Drugs Made In America Acquisition Corp.
2022416,SLXNW,Silexion Therapeutics Corp
2025341,POLEU,Andretti Acquisition Corp. II
2025341,POLEW,Andretti Acquisition Corp. II
2000756,KWMWW,K Wave Media Ltd.
2007825,INFQ-WT,"Infleqtion, Inc."
1657853,HTZWW,"HERTZ GLOBAL HOLDINGS, INC"
1663712,NRSAX,NEXPOINT REAL ESTATE STRATEGIES FUND
1653384,RWAYL,Runway Growth Finance Corp.
1653384,RWAYI,Runway Growth Finance Corp.
1634157,EVKIF,Evonik Industries AG/ADR
1605888,CIRCW,CIRCLE8 GROUP INC
1534281,MBUMF,"Mabuchi Motor Co., Ltd./ADR"
1526125,GDHLF,GDS Holdings Ltd
1527590,RC-PC,Ready Capital Corp
1527590,RC-PE,Ready Capital Corp
1527590,RCD,Ready Capital Corp
1674227,WORXD,SCWorx Corp.
1505880,PNDZF,Pandora A/S / ADR
1512228,NIOBW,NIOCORP DEVELOPMENTS LTD
1561032,NHPAP,"National Healthcare Properties, Inc."
1561032,NHPBP,"National Healthcare Properties, Inc."
1570299,NCHEF,Nichirei Corporation/ADR
1564708,NWSLL,NEWS CORP
1550405,IQEPF,IQE PLC/ADR
1527541,WHLRL,"Wheeler Real Estate Investment Trust, Inc."
1585101,HGIT,"HINES GLOBAL INCOME TRUST, INC."
1616736,GGBY,Alpha Investment Inc.
1610820,BCTXL,BriaCell Therapeutics Corp.
1610820,BCTXZ,BriaCell Therapeutics Corp.
1598655,GLOP-PB,GasLog Partners LP
1598655,GLOP-PC,GasLog Partners LP
1590364,FTAIM,FTAI Aviation Ltd.
1600928,HPHTF,Hamamatsu Photonics K.K./ADR
1595761,WEIBF,WEIBO Corp
1648960,MYSEW,"Myseum.AI, Inc."
1642122,ACGP,"Associated Capital Group, Inc."
1654508,IBIDF,"Ibiden Co., Ltd./ADR"
1953530,OCSAW,Oculis Holding AG
1980295,IMAA,IMA Tech
1982444,BDMDW,Baird Medical Investment Holdings Ltd
1894693,SVREW,SaverOne 2014 Ltd.
1915328,ISLUF,Israel Acquisitions Corp
1915328,ISLWF,Israel Acquisitions Corp
1915760,HEMNF,Hemnet Group AB/ADR
1917993,GSTK,Growth Stalk Holdings Corp
1913847,CNCKW,Coincheck Group N.V.
1920406,SATA,"Strive, Inc."
1927719,CRGOW,Freightos Ltd
1941189,TANAF,Tian'an Technology Group Ltd
1837671,CPPTL,Copper Property CTL Pass Through Trust
1840856,SOUNW,"SOUNDHOUND AI, INC."
1839341,CORZW,"Core Scientific, Inc./tx"
1839341,CORZZ,"Core Scientific, Inc./tx"
1839341,CORZR,"Core Scientific, Inc./tx"
1839586,DMXCF,District Metals Corp.
1855485,CLDWW,"Calidi Biotherapeutics, Inc."
1861737,HSIGF,Hesai Group
1870404,CEROW,"CERO THERAPEUTICS HOLDINGS, INC."
1871638,BZAIW,"Blaize Holdings, Inc."
1875609,SWVLW,Swvl Holdings Corp
1888654,FEAV,"5E Advanced Materials, Inc."
1889983,KVAWF,Keen Vision Acquisition Corp.
1889983,KVAUF,Keen Vision Acquisition Corp.
1900679,TETUF,Technology & Telecommunication Acquisition Corp
1900679,TETWF,Technology & Telecommunication Acquisition Corp
1800392,VENAF,MicroAlgo Inc.
1699967,MEIUF,Meitu Inc./ADR
1823652,EVEX-WT,"Eve Holding, Inc."
1819493,XOSWW,"Xos, Inc."
1686009,CAHPF,Evolution Mining Limited/ADR
1823587,SKYH-WT,Sky Harbour Group Corp
1692345,PRXA,"PROCACCIANTI HOTEL REIT, INC."
1685040,BHFAL,"Brighthouse Financial, Inc."
1685040,BHFAM,"Brighthouse Financial, Inc."
1685040,BHFAN,"Brighthouse Financial, Inc."
1685040,BHFAO,"Brighthouse Financial, Inc."
1685040,BHFAP,"Brighthouse Financial, Inc."
1699880,AMLIF,American Lithium Corp.
1719117,ASRRF,ASR Nederland N.V./ADR
1756404,PDSKX,Principal Real Asset Fund
1748680,OWSCX,1WS Credit Income Fund
1729514,VTTGF,VAT Group AG/ADR
1727255,COBA,Chilean Cobalt Corp.
1593538,JSM,NAVIENT CORP
1599407,LBRA,1847 Holdings LLC
1601712,SYF-PB,Synchrony Financial
1574085,BHR-PB,Braemar Hotels & Resorts Inc.
1574085,BHR-PD,Braemar Hotels & Resorts Inc.
1560968,SMSOF,Samsonite International SA/ADR
1547546,LFT-PA,"Lument Finance Trust, Inc."
1517767,CCID,Carlyle Credit Income Fund
1613780,DBVTF,DBV Technologies S.A.
1605755,MONRF,Moncler S.p.A./ADR
1601712,SYF-PA,Synchrony Financial
1629019,MBINM,Merchants Bancorp
1629019,MBINL,Merchants Bancorp
1629019,MBINN,Merchants Bancorp
1631596,KREF-PA,KKR Real Estate Finance Trust Inc.
1753539,BKSYW,BlackSky Technology Inc.
1755347,CPLX,Certiplex Corp
1765048,GCGJ,GUOCHUN INTERNATIONAL INC.
1781726,ACAT,NP Life Sciences Health Industry Group Inc.
1774163,IVBXF,Innovent Biologics Inc/ADR
1788235,OTGLF,CD Projekt S.A./ADR
1805526,DFUKF,DeFi Development Corp.
1805526,DFDVW,DeFi Development Corp.
1795589,KCLHF,Kingsoft Cloud Holdings Ltd
1815620,CYVNY,Opthea Ltd
1497645,INN-PE,"Summit Hotel Properties, Inc."
1497645,INN-PF,"Summit Hotel Properties, Inc."
1829247,BFRGW,"BullFrog AI Holdings, Inc."
1831096,GEGGL,"Great Elm Group, Inc."
1504461,NGL-PB,NGL Energy Partners LP
1503812,PRBZF,PREMIUM BRANDS HOLDINGS Corp
1487918,OFSSH,OFS Capital Corp
1487918,OFSSO,OFS Capital Corp
1345865,NFTM,Buildablock Corp.
1333172,NMPRY,Navios Maritime Holdings Inc.
1454475,GBCMY,Global Bio-chem Technology Group Co. Ltd / ADR
1454475,GBCMF,Global Bio-chem Technology Group Co. Ltd / ADR
1447391,RSNHF,RESONA HOLDINGS INC
1447956,BYDIF,BYD Electronic (International) Co Ltd
1449664,NWSZF,CTF Services Ltd
1465740,TWOD,TWO HARBORS INVESTMENT CORP.
1471824,CANE,Teucrium Commodity Trust
1471824,CORN,Teucrium Commodity Trust
1471824,SOYB,Teucrium Commodity Trust
1471824,TAGS,Teucrium Commodity Trust
1471824,WEAT,Teucrium Commodity Trust
1471824,BTCK,Teucrium Commodity Trust
1470419,EJTTF,easyJet plc
1414767,NCPLW,Netcapital Inc.
1411342,EFC-PB,Ellington Financial Inc.
1411342,EFC-PC,Ellington Financial Inc.
1411342,EFC-PD,Ellington Financial Inc.
1393311,PSA-PR,Public Storage
1393311,PSA-PS,Public Storage
1402328,SBFMW,Sunshine Biopharma Inc.
1372612,BXCAP,BOX INC
1393311,PSA-PT,Public Storage
1393311,PSA-PL,Public Storage
1393311,PSA-PM,Public Storage
1393311,PSA-PN,Public Storage
1393311,PSA-PO,Public Storage
1393311,PSA-PP,Public Storage
1393311,PSA-PQ,Public Storage
1393311,PSA-PF,Public Storage
1393311,PSA-PG,Public Storage
1393311,PSA-PI,Public Storage
1393311,PSA-PJ,Public Storage
1393311,PSA-PK,Public Storage
1503290,ACP-PA,abrdn Income Credit Strategies Fund
1693577,MNSBP,"MainStreet Bancshares, Inc."
1504619,PFLA,PennantPark Floating Rate Capital Ltd.
1711929,SWDS,"Starwood Real Estate Income Trust, Inc."
1711929,SWDR,"Starwood Real Estate Income Trust, Inc."
1703644,GPMT-PA,Granite Point Mortgage Trust Inc.
1479247,CPER,United States Commodity Index Funds Trust
1482541,BNCWZ,CEA Industries Inc.
1482541,BNCWW,CEA Industries Inc.
1487428,HTFC,Horizon Technology Finance Corp
1448038,RWDMU,Redwood Mortgage Investors IX
1454147,LOIMF,Loomis AB / ADR
1459334,BKZHF,Santander Bank Polska SA/ADR
1429260,FBIOP,"Fortress Biotech, Inc."
1447108,SKPJF,SKY Perfect JSAT Holdings Inc
1436741,CYJBF,Cargotec Corp OYJ
1234006,GOODN,GLADSTONE COMMERCIAL CORP
1234006,GOODO,GLADSTONE COMMERCIAL CORP
1466026,MSBIP,"Midland States Bancorp, Inc."
1468929,NXGLW,"NEXGEL, INC."
1462418,ASPSZ,ALTISOURCE PORTFOLIO SOLUTIONS S.A.
1462418,ASPSW,ALTISOURCE PORTFOLIO SOLUTIONS S.A.
1455632,NXPGF,Mobico Group PLC/ADR
1464790,RILYG,"BRC Group Holdings, Inc."
1464790,RILYL,"BRC Group Holdings, Inc."
1464790,RILYN,"BRC Group Holdings, Inc."
1464790,RILYP,"BRC Group Holdings, Inc."
1464790,RILYT,"BRC Group Holdings, Inc."
1464790,RILYZ,"BRC Group Holdings, Inc."
1318885,DSX-WT,DIANA SHIPPING INC.
1326380,GME-WT,GameStop Corp.
1329213,SNIRF,SENIOR PLC
1434754,SB-PD,"SAFE BULKERS, INC."
1432364,AZUXY,AZUL SA
1428205,ARR-PC,"Armour Residential REIT, Inc."
1409253,THRC,"Havana Roasters Coffee Companies, Inc."
1437462,GRKZF,Greek Organisation of Football Prognostics S.A.
1474098,PEB-PG,Pebblebrook Hotel Trust
1474098,PEB-PH,Pebblebrook Hotel Trust
1280784,HCXY,"Hercules Capital, Inc."
1297996,DLR-PL,"DIGITAL REALTY TRUST, INC."
1308106,SEAL-PA,Seapeak LLC
1308106,SEAL-PB,Seapeak LLC
1287032,PSEC-PA,PROSPECT CAPITAL CORP
1285828,FITY,"Fifty 1 Labs, Inc."
1297996,DLR-PJ,"DIGITAL REALTY TRUST, INC."
1332174,ISMCF,iShares S&P GSCI Commodity-Indexed Trust
1327978,ZARE,Ares Real Estate Income Trust Inc.
1293818,CFOR,CapForce Inc.
1345126,CODI-PC,Compass Diversified Holdings
1345126,CODI-PA,Compass Diversified Holdings
1349706,TOGIW,"TurnOnGreen, Inc."
1341317,BWBBP,Bridgewater Bancshares Inc
1400810,HCIIP,"HCI Group, Inc."
1373670,GRBK-PA,"Green Brick Partners, Inc."
1648087,AREBW,AMERICAN REBEL HOLDINGS INC
1666244,CFTR-PA,"Cantor Fitzgerald Income Trust, Inc."
1677576,IIPR-PA,INNOVATIVE INDUSTRIAL PROPERTIES INC
1282957,GLU-PA,GABELLI GLOBAL UTILITY & INCOME TRUST
1260729,GDV-PK,GABELLI DIVIDEND & INCOME TRUST
1267395,AHL-PD,ASPEN INSURANCE HOLDINGS LTD
1267395,AHL-PE,ASPEN INSURANCE HOLDINGS LTD
1267395,AHL-PF,ASPEN INSURANCE HOLDINGS LTD
1276187,ET-PI,Energy Transfer LP
1682220,SACH-PA,Sachem Capital Corp.
1682220,SCCD,Sachem Capital Corp.
1682220,SCCE,Sachem Capital Corp.
1682220,SCCF,Sachem Capital Corp.
1682220,SCCG,Sachem Capital Corp.
1516534,EDRVF,EDP Renewables S.A./ADR
1516323,BCKIF,Babcock International Group PLC/ADR
1533546,DUNNF,Duni AB/ADR
1495240,LANDO,GLADSTONE LAND Corp
1495222,OXLCL,Oxford Lane Capital Corp.
1495222,OXLCN,Oxford Lane Capital Corp.
1489088,PBATF,PT Bukit Asam Tbk/ADR
1495222,OXLCI,Oxford Lane Capital Corp.
1495222,OXLCZ,Oxford Lane Capital Corp.
1495222,OXLCG,Oxford Lane Capital Corp.
1502292,PRHIZ,"Presurance Holdings, Inc."
1552198,WHFCL,"WhiteHorse Finance, Inc."
1587987,NEWTG,"NewtekOne, Inc."
1587987,NEWTO,"NewtekOne, Inc."
1587987,NEWTH,"NewtekOne, Inc."
1587987,NEWTP,"NewtekOne, Inc."
1630805,BW-PA,"Babcock & Wilcox Enterprises, Inc."
1604174,ECCC,Eagle Point Credit Co
1604174,ECC-PD,Eagle Point Credit Co
1604174,ECCU,Eagle Point Credit Co
1604174,ECCV,Eagle Point Credit Co
1390777,BNY-PK,Bank of New York Mellon Corp
1389207,GFSAY,Gafisa S.A.
1375365,SMCIP,"Super Micro Computer, Inc."
1409493,CIM-PB,CHIMERA INVESTMENT CORP
1409493,CIM-PC,CHIMERA INVESTMENT CORP
1409493,CIMO,CHIMERA INVESTMENT CORP
1409493,CIMP,CHIMERA INVESTMENT CORP
1409493,CIMN,CHIMERA INVESTMENT CORP
1409493,CIM-PD,CHIMERA INVESTMENT CORP
1406234,BIPI,Brookfield Infrastructure Partners L.P.
1406234,BIP-PA,Brookfield Infrastructure Partners L.P.
1406234,BIP-PB,Brookfield Infrastructure Partners L.P.
1406234,BRIPF,Brookfield Infrastructure Partners L.P.
1406234,BIPJ,Brookfield Infrastructure Partners L.P.
1403528,OAK-PB,"Brookfield Oaktree Holdings, LLC"
1347408,SGBAF,SES S.A.
1356115,NXDT-PA,NEXPOINT DIVERSIFIED REAL ESTATE TRUST
1355096,QVCAQ,"Old QVC Group, Inc."
1341439,ORCL-PD,ORACLE CORP
1332551,ACR-PC,ACRES Commercial Realty Corp.
1332551,ACR-PD,ACRES Commercial Realty Corp.
1259429,OXSQG,Oxford Square Capital Corp.
1268896,CILFY,CHINA LIFE INSURANCE CO LTD
1254699,QVCG,"QVC Group, Inc."
1259429,OXSQH,Oxford Square Capital Corp.
1232582,AHT-PD,ASHFORD HOSPITALITY TRUST INC
1232582,AHT-PF,ASHFORD HOSPITALITY TRUST INC
1232582,AHT-PG,ASHFORD HOSPITALITY TRUST INC
1232582,AHT-PH,ASHFORD HOSPITALITY TRUST INC
1232582,AHT-PI,ASHFORD HOSPITALITY TRUST INC
1224608,CNO-PA,"CNO Financial Group, Inc."
1130166,BGMSP,"Bio Green Med Solution, Inc."
1174511,AEBMF,ANADOLU EFES BIRACILIK VE MALT SANAYI A S/ADR
1415311,AGQ,ProShares Trust II
1415311,BOIL,ProShares Trust II
1415311,EUO,ProShares Trust II
1415311,GLL,ProShares Trust II
1415311,KOLD,ProShares Trust II
1415311,YCL,ProShares Trust II
1415311,YCS,ProShares Trust II
1415311,ZSL,ProShares Trust II
1415311,UGL,ProShares Trust II
1415311,ULE,ProShares Trust II
1415311,UVXY,ProShares Trust II
1415311,VIXM,ProShares Trust II
1415311,VIXY,ProShares Trust II
1415311,SCO,ProShares Trust II
1415311,SVXY,ProShares Trust II
1415311,UCO,ProShares Trust II
1439124,AXICY,AXIA Energia S.A.
1439124,AXIAY,AXIA Energia S.A.
1437071,IVR-PC,Invesco Mortgage Capital Inc.
1464343,ATLCL,Atlanticus Holdings Corp
1464343,ATLCZ,Atlanticus Holdings Corp
1462120,LOB-PA,"Live Oak Bancshares, Inc."
1476045,CLDT-PA,Chatham Lodging Trust
1472033,JTGLF,"Citibank,N.A./ADR"
1518461,AMPGZ,"AmpliTech Group, Inc."
1514281,MITP,"TPG Mortgage Investment Trust, Inc."
1514281,MITN,"TPG Mortgage Investment Trust, Inc."
1313510,GGN-PB,"GAMCO Global Gold, Natural Resources & Income Trust"
1490349,PFXNZ,PhenixFIN Corp
1494191,KRNGF,Karoon Gas Australia Ltd /ADR/
1482512,HPP-PC,"Hudson Pacific Properties, Inc."
1487139,SKLTF,Seek Ltd
1488813,CUBB,"Customers Bancorp, Inc."
1496099,NMFCZ,New Mountain Finance Corp
1514281,MITT-PA,"TPG Mortgage Investment Trust, Inc."
1514281,MITT-PB,"TPG Mortgage Investment Trust, Inc."
1514281,MITT-PC,"TPG Mortgage Investment Trust, Inc."
927971,BERZ,BANK OF MONTREAL /CAN/
930236,RWT-PA,REDWOOD TRUST INC
930236,RWTN,REDWOOD TRUST INC
930236,RWTP,REDWOOD TRUST INC
930236,RWTQ,REDWOOD TRUST INC
930236,RWTS,REDWOOD TRUST INC
930236,RWTO,REDWOOD TRUST INC
927971,FNGO,BANK OF MONTREAL /CAN/
927971,FNGS,BANK OF MONTREAL /CAN/
927971,FNGU,BANK OF MONTREAL /CAN/
927971,GDXD,BANK OF MONTREAL /CAN/
927971,DULL,BANK OF MONTREAL /CAN/
927971,FLYD,BANK OF MONTREAL /CAN/
927971,FLYU,BANK OF MONTREAL /CAN/
927971,BNKD,BANK OF MONTREAL /CAN/
927971,BNKU,BANK OF MONTREAL /CAN/
927971,BULZ,BANK OF MONTREAL /CAN/
927971,HYGD,BANK OF MONTREAL /CAN/
927971,CARU,BANK OF MONTREAL /CAN/
927971,AIQD,BANK OF MONTREAL /CAN/
927971,JETU,BANK OF MONTREAL /CAN/
927971,LQDU,BANK OF MONTREAL /CAN/
927971,JETD,BANK OF MONTREAL /CAN/
927971,HYGU,BANK OF MONTREAL /CAN/
927971,CARD,BANK OF MONTREAL /CAN/
927971,WTIU,BANK OF MONTREAL /CAN/
927971,LQDD,BANK OF MONTREAL /CAN/
927971,SMHU,BANK OF MONTREAL /CAN/
927971,AIQU,BANK OF MONTREAL /CAN/
927971,SHNY,BANK OF MONTREAL /CAN/
927971,WTID,BANK OF MONTREAL /CAN/
927971,GDXU,BANK OF MONTREAL /CAN/
927971,NRGD,BANK OF MONTREAL /CAN/
927971,NRGU,BANK OF MONTREAL /CAN/
927971,OILD,BANK OF MONTREAL /CAN/
927971,OILU,BANK OF MONTREAL /CAN/
947484,ACGLN,ARCH CAPITAL GROUP LTD.
947484,ACGLO,ARCH CAPITAL GROUP LTD.
1050446,STRF,Strategy Inc
1050446,STRK,Strategy Inc
1050446,STRD,Strategy Inc
1091326,BIOM,"SB Technology Holdings, Inc."
1084267,MOBQW,"Mobiquity Technologies, Inc."
1026214,FREJP,FEDERAL HOME LOAN MORTGAGE CORP
1026214,FMCKK,FEDERAL HOME LOAN MORTGAGE CORP
1026214,FMCCI,FEDERAL HOME LOAN MORTGAGE CORP
1026214,FMCCT,FEDERAL HOME LOAN MORTGAGE CORP
1026214,FMCKI,FEDERAL HOME LOAN MORTGAGE CORP
1045609,PLDGP,"Prologis, Inc."
1043219,NLY-PF,ANNALY CAPITAL MANAGEMENT INC
1043219,NLY-PG,ANNALY CAPITAL MANAGEMENT INC
1043219,NLY-PI,ANNALY CAPITAL MANAGEMENT INC
1043219,NLY-PJ,ANNALY CAPITAL MANAGEMENT INC
1210708,STRRP,"Star Equity Holdings, Inc."
1176948,ARES-PB,Ares Management Corp
907254,BFS-PE,"SAUL CENTERS, INC."
909112,TXEMF,TEMPLETON EMERGING MARKETS INCOME FUND
910073,FLG-PU,"FLAGSTAR BANK, NATIONAL ASSOCIATION"
910073,FLG-PA,"FLAGSTAR BANK, NATIONAL ASSOCIATION"
927628,COF-PI,CAPITAL ONE FINANCIAL CORP
927628,COF-PJ,CAPITAL ONE FINANCIAL CORP
927628,COF-PK,CAPITAL ONE FINANCIAL CORP
927628,COF-PL,CAPITAL ONE FINANCIAL CORP
927628,COF-PN,CAPITAL ONE FINANCIAL CORP
1070423,PAAPU,PLAINS ALL AMERICAN PIPELINE LP
1080720,GUT-PC,GABELLI UTILITY TRUST
1058623,CMLSQ,CUMULUS MEDIA INC
1045520,CNDIF,CANADIAN IMPERIAL BANK OF COMMERCE /CAN/
1025835,EFSCP,ENTERPRISE FINANCIAL SERVICES CORP
771992,PAASF,PAN AMERICAN SILVER CORP
700564,FULTP,FULTON FINANCIAL CORP
354516,TYOYF,TAIYO YUDEN CO LTD /ADR/
769218,AEFC,AEGON LTD.
753308,NEE-PN,NEXTERA ENERGY INC
753308,NEE-PT,NEXTERA ENERGY INC
753308,NEE-PU,NEXTERA ENERGY INC
753308,NEE-PW,NEXTERA ENERGY INC
753308,NEE-PV,NEXTERA ENERGY INC
753308,NEE-PS,NEXTERA ENERGY INC
37996,F-PB,FORD MOTOR CO
37996,F-PC,FORD MOTOR CO
37996,F-PD,FORD MOTOR CO
49196,HBANL,HUNTINGTON BANCSHARES INC /MD/
49196,HBANZ,HUNTINGTON BANCSHARES INC /MD/
49196,HBANM,HUNTINGTON BANCSHARES INC /MD/
49196,HBANP,HUNTINGTON BANCSHARES INC /MD/
886163,LGNDZ,LIGAND PHARMACEUTICALS INC
886163,LGNXZ,LIGAND PHARMACEUTICALS INC
886163,LGNYZ,LIGAND PHARMACEUTICALS INC
886163,LGNZZ,LIGAND PHARMACEUTICALS INC
862651,INVUP,"Investview, Inc."
883948,AUB-PA,Atlantic Union Bankshares Corp
798941,FCNCO,FIRST CITIZENS BANCSHARES INC /DE/
798941,FCNCP,FIRST CITIZENS BANCSHARES INC /DE/
798941,FCNCN,FIRST CITIZENS BANCSHARES INC /DE/
823277,CHSCL,CHS INC
823277,CHSCM,CHS INC
823277,CHSCN,CHS INC
823277,CHSCO,CHS INC
750577,HWCPZ,HANCOCK WHITNEY CORP
759944,CFG-PE,CITIZENS FINANCIAL GROUP INC/RI
759944,CFG-PH,CITIZENS FINANCIAL GROUP INC/RI
759944,CFG-PI,CITIZENS FINANCIAL GROUP INC/RI
761648,CDR-PB,"CEDAR REALTY TRUST, INC."
761648,CDR-PC,"CEDAR REALTY TRUST, INC."
51434,INPAP,INTERNATIONAL PAPER CO /NEW/
59558,LNC-PD,LINCOLN NATIONAL CORP
64463,SLNHP,"Soluna Holdings, Inc"
91576,KEY-PJ,KEYCORP /NEW/
91576,KEY-PL,KEYCORP /NEW/
92103,SCE-PG,SOUTHERN CALIFORNIA EDISON Co
92103,SCE-PL,SOUTHERN CALIFORNIA EDISON Co
92103,SCE-PN,SOUTHERN CALIFORNIA EDISON Co
92103,SCE-PM,SOUTHERN CALIFORNIA EDISON Co
107815,WELPM,WISCONSIN ELECTRIC POWER CO
701818,KGCRF,KINROSS GOLD CORP
712771,CNOBP,"ConnectOne Bancorp, Inc."
73124,NTRSO,NORTHERN TRUST CORP
72573,MOVAA,MOVADO GROUP INC
66004,MSEXP,MIDDLESEX WATER CO
40417,GAM-PB,GENERAL AMERICAN INVESTORS CO INC
39263,CFR-PB,"CULLEN/FROST BANKERS, INC."
28917,DDT,"DILLARD'S, INC."
12927,BA-PA,BOEING CO
725394,DHTI,"Dalrada Technology Group, Inc."
763901,BPOPM,"POPULAR, INC."
719245,WBKCY,WESTPAC BANKING CORP
310522,FNMAJ,FEDERAL NATIONAL MORTGAGE ASSOCIATION FANNIE MAE
310522,FNMAH,FEDERAL NATIONAL MORTGAGE ASSOCIATION FANNIE MAE
310522,FNMAP,FEDERAL NATIONAL MORTGAGE ASSOCIATION FANNIE MAE
310522,FNMAS,FEDERAL NATIONAL MORTGAGE ASSOCIATION FANNIE MAE
316709,SCHW-PD,SCHWAB CHARLES CORP
316709,SCHW-PJ,SCHWAB CHARLES CORP
320335,GL-PD,GLOBE LIFE INC.
46195,BOH-PA,BANK OF HAWAII CORP
46195,BOH-PB,BANK OF HAWAII CORP
11544,WRB-PF,BERKLEY W R CORP
11544,WRB-PG,BERKLEY W R CORP
11544,WRB-PH,BERKLEY W R CORP
72903,XELLL,XCEL ENERGY INC
81023,PNMXO,PUBLIC SERVICE CO OF NEW MEXICO
92230,TFC-PI,TRUIST FINANCIAL CORP
92230,TFC-PO,TRUIST FINANCIAL CORP
92230,TFC-PR,TRUIST FINANCIAL CORP
314808,VAL-WT,Valaris Ltd
801337,WBS-PG,WEBSTER FINANCIAL CORP
794685,GAB-PG,GABELLI EQUITY TRUST INC
794685,GAB-PH,GABELLI EQUITY TRUST INC
794685,GAB-PK,GABELLI EQUITY TRUST INC
811830,SNUS-PI,"Santander Holdings USA, Inc."
811830,SNUS-PH,"Santander Holdings USA, Inc."
814052,TELFY,TELEFONICA S A
860748,KMPB,KEMPER Corp
2809,AEMRF,AGNICO EAGLE MINES LTD
7789,ASBA,ASSOCIATED BANC-CORP
7789,ASB-PE,ASSOCIATED BANC-CORP
7789,ASB-PF,ASSOCIATED BANC-CORP
720672,SFB,STIFEL FINANCIAL CORP
727273,CDZIP,CADIZ INC
720672,SF-PC,STIFEL FINANCIAL CORP
720672,SF-PD,STIFEL FINANCIAL CORP
313807,BPPFF,BP PLC
99070,TCPA,TRANSCANADA PIPELINES LTD
70858,BAC-PE,BANK OF AMERICA CORP /DE/
70858,BML-PH,BANK OF AMERICA CORP /DE/
70858,BML-PJ,BANK OF AMERICA CORP /DE/
70858,BAC-PN,BANK OF AMERICA CORP /DE/
70858,BAC-PO,BANK OF AMERICA CORP /DE/
70858,BAC-PP,BANK OF AMERICA CORP /DE/
70858,BAC-PQ,BANK OF AMERICA CORP /DE/
70858,BAC-PS,BANK OF AMERICA CORP /DE/
70858,BACRP,BANK OF AMERICA CORP /DE/
78814,PBI-PB,PITNEY BOWES INC /DE/
899051,ALL-PI,ALLSTATE CORP
899051,ALL-PJ,ALLSTATE CORP
899051,ALL-PB,ALLSTATE CORP
14272,CELG-RI,BRISTOL MYERS SQUIBB CO
36966,FHN-PE,FIRST HORIZON CORP
36966,FHN-PF,FIRST HORIZON CORP
36966,FHN-PH,FIRST HORIZON CORP
70858,BAC-PL,BANK OF AMERICA CORP /DE/
70858,BAC-PM,BANK OF AMERICA CORP /DE/
70858,MER-PK,BANK OF AMERICA CORP /DE/
811156,CMSC,CMS ENERGY CORP
811156,CMSD,CMS ENERGY CORP
811156,CMS-PC,CMS ENERGY CORP
886128,FCELB,FUELCELL ENERGY INC
19617,JPM-PD,JPMORGAN CHASE & CO
19617,JPM-PJ,JPMORGAN CHASE & CO
19617,JPM-PK,JPMORGAN CHASE & CO
19617,JPM-PL,JPMORGAN CHASE & CO
19617,JPM-PM,JPMORGAN CHASE & CO
19617,VYLD,JPMORGAN CHASE & CO
19617,AMJB,JPMORGAN CHASE & CO
23795,CTO-PA,"CTO Realty Growth, Inc."
35527,FITB-PA,FIFTH THIRD BANCORP
35527,FITB-PI,FIFTH THIRD BANCORP
35527,FITB-PM,FIFTH THIRD BANCORP
35527,FITB-PK,FIFTH THIRD BANCORP
831609,CWLXF,C21 Investments Inc.
821130,UZE,"ARRAY DIGITAL INFRASTRUCTURE, INC."
821130,UZF,"ARRAY DIGITAL INFRASTRUCTURE, INC."
821130,UZD,"ARRAY DIGITAL INFRASTRUCTURE, INC."
797468,OXY-WT,OCCIDENTAL PETROLEUM CORP /DE/
13372,NSARO,NSTAR ELECTRIC CO
13372,NSARP,NSTAR ELECTRIC CO
879911,AERGP,"APPLIED ENERGETICS, INC."
862831,FIISP,FINANCIAL INSTITUTIONS INC
862831,FIISO,FINANCIAL INSTITUTIONS INC
846617,DCOM-P,"Dime Commercial Bancshares, Inc. /NY/"
846617,DCBG,"Dime Commercial Bancshares, Inc. /NY/"
842622,WEXPF,WESTERN EXPLORATION INC.
760498,BANFP,BANCFIRST CORP /OK/
750004,LNWO,"Light & Wonder, Inc."
750004,LAWIL,"Light & Wonder, Inc."
712534,FRMEP,FIRST MERCHANTS CORP
357294,HOVNP,HOVNANIAN ENTERPRISES INC
353184,AIRTP,AIR T INC
106640,WHR-PA,WHIRLPOOL CORP /DE/
109380,ZIONP,"ZIONS BANCORPORATION, NATIONAL ASSOCIATION /UT/"
312070,ATMP,BARCLAYS BANK PLC
312070,BWVTF,BARCLAYS BANK PLC
312070,DJP,BARCLAYS BANK PLC
312070,GBUG,BARCLAYS BANK PLC
312070,GRN,BARCLAYS BANK PLC
312070,TAPR,BARCLAYS BANK PLC
312070,VXX,BARCLAYS BANK PLC
312070,VXZ,BARCLAYS BANK PLC
312070,JJETF,BARCLAYS BANK PLC
100826,UEPEM,UNION ELECTRIC CO
100826,UEPCO,UNION ELECTRIC CO
720762,NIMUD,NON INVASIVE MONITORING SYSTEMS INC /FL/
718940,BCEFF,BCE INC
718940,BCEPF,BCE INC
718940,BCEXF,BCE INC
718940,BCAEF,BCE INC
718940,BCENF,BCE INC
718940,BCEIF,BCE INC
718940,BCPPF,BCE INC
769594,NPPXF,NIPPON TELEGRAPH & TELEPHONE CORP
793040,ECF-PA,ELLSWORTH GROWTH & INCOME FUND LTD
790500,ABAKF,"ABRDN ASIA-PACIFIC INCOME FUND, INC."
827054,MCHPP,MICROCHIP TECHNOLOGY INC
826675,DX-PC,DYNEX CAPITAL INC
102752,VSECU,VSE CORP
98222,TDDWW,TIDEWATER INC
98222,TDGMW,TIDEWATER INC
714310,VLYPN,VALLEY NATIONAL BANCORP
230557,SIGIP,SELECTIVE INSURANCE GROUP INC
314489,BUSEP,FIRST BUSEY CORP /NV/
886982,GSCE,GOLDMAN SACHS GROUP INC
886982,GS-PA,GOLDMAN SACHS GROUP INC
886982,GS-PC,GOLDMAN SACHS GROUP INC
886982,GS-PD,GOLDMAN SACHS GROUP INC
845877,AGM-PD,FEDERAL AGRICULTURAL MORTGAGE CORP
845877,AGM-PE,FEDERAL AGRICULTURAL MORTGAGE CORP
845877,AGM-PF,FEDERAL AGRICULTURAL MORTGAGE CORP
845877,AGM-PG,FEDERAL AGRICULTURAL MORTGAGE CORP
845877,AGM-PH,FEDERAL AGRICULTURAL MORTGAGE CORP
845877,AGM-PI,FEDERAL AGRICULTURAL MORTGAGE CORP
876779,RMTHF,MAGIC SOFTWARE ENTERPRISES LTD
879101,KIM-PN,KIMCO REALTY CORP
879101,KIM-PL,KIMCO REALTY CORP
879101,KIM-PM,KIMCO REALTY CORP
850918,GWLPF,GREAT-WEST LIFECO INC.
850918,GRWFF,GREAT-WEST LIFECO INC.
850918,GRWLF,GREAT-WEST LIFECO INC.
850918,GRWTF,GREAT-WEST LIFECO INC.
18654,AILIO,Ameren Illinois Co
18654,AILIP,Ameren Illinois Co
57083,KYOAY,KYOCERA CORP
36270,MTB-PL,M&T BANK CORP
36270,MTB-PH,M&T BANK CORP
36270,MTB-PK,M&T BANK CORP
36270,MTB-PJ,M&T BANK CORP
68622,CTGG,QWEST CORP
68622,CTHH,QWEST CORP
92122,SOJD,SOUTHERN CO
92122,SOJE,SOUTHERN CO
92122,SOMN,SOUTHERN CO
92122,SOJF,SOUTHERN CO
101382,UMBFO,UMB FINANCIAL CORP
95666,SRGBF,SURUGA BANK LTD/ADR/
732717,T-PA,AT&T INC.
732717,T-PC,AT&T INC.
793742,HACBF,HACHIJUNI BANK LTD
736772,CCNEP,CNB FINANCIAL CORP/PA
36104,USB-PQ,US BANCORP DE
34903,FRT-PC,FEDERAL REALTY INVESTMENT TRUST
36104,USB-PR,US BANCORP DE
36104,USB-PS,US BANCORP DE
14930,BC-PC,BRUNSWICK CORP
874766,HIG-PG,"HARTFORD INSURANCE GROUP, INC."
203596,WSBCO,WESBANCO INC
707179,ONBPO,OLD NATIONAL BANCORP /IN/
707179,ONBPP,OLD NATIONAL BANCORP /IN/
88948,SENEM,Seneca Foods Corp
88948,SENEL,Seneca Foods Corp
72971,WFC-PD,WELLS FARGO & COMPANY/MN
72971,WFC-PZ,WELLS FARGO & COMPANY/MN
72971,WFCNP,WELLS FARGO & COMPANY/MN
72971,WFC-PA,WELLS FARGO & COMPANY/MN
66570,MNESP,MSA Safety Inc
861967,WOLTF,WOLTERS KLUWER N V /FI
849399,GENVR,Gen Digital Inc.
827876,CLSKW,"CLEANSPARK, INC."
831001,C-PN,CITIGROUP INC
831001,C-PR,CITIGROUP INC
787496,LGVT,UBUYHOLDINGS INC
748592,ERNAW,Ernexa Therapeutics Inc.
917251,ADC-PA,AGREE REALTY CORP
1000275,RYLBF,ROYAL BANK OF CANADA
1000209,MBNKO,MEDALLION FINANCIAL CORP
947263,TDBCP,TORONTO DOMINION BANK
1015383,POWWP,Outdoor Holding Co
1015328,WTFCN,WINTRUST FINANCIAL CORP
1039828,ANG-PD,American National Group Inc.
895421,MS-PQ,MORGAN STANLEY
895421,MS-PO,MORGAN STANLEY
895421,MS-PP,MORGAN STANLEY
895421,MS-PA,MORGAN STANLEY
899689,VNO-PN,VORNADO REALTY TRUST
899689,VNO-PO,VORNADO REALTY TRUST
895728,ENBMF,ENBRIDGE INC
895728,ENBOF,ENBRIDGE INC
895728,ENBSF,ENBRIDGE INC
895728,ENBNF,ENBRIDGE INC
895728,ENFFF,ENBRIDGE INC
895728,ENBHF,ENBRIDGE INC
895728,ENBRF,ENBRIDGE INC
895728,ENNPF,ENBRIDGE INC
895728,EBGEF,ENBRIDGE INC
895728,EBRGF,ENBRIDGE INC
895728,EBRZF,ENBRIDGE INC
895728,EBBGF,ENBRIDGE INC
895728,ENBFF,ENBRIDGE INC
895728,ENBGF,ENBRIDGE INC
915913,ALB-PA,ALBEMARLE CORP
910606,REGCO,REGENCY CENTERS CORP
910606,REGCP,REGENCY CENTERS CORP
895421,MS-PF,MORGAN STANLEY
895421,MS-PI,MORGAN STANLEY
911421,PREJF,PARTNERRE LTD
895421,MS-PL,MORGAN STANLEY
896493,GPUS-PD,"Hyperscale Data, Inc."
1166663,TEN-PE,TSAKOS ENERGY NAVIGATION LTD
1166663,TEN-PF,TSAKOS ENERGY NAVIGATION LTD
1173313,ECOC,"ABVC BIOPHARMA, INC."
1253986,ABR-PD,ARBOR REALTY TRUST INC
1253986,ABR-PE,ARBOR REALTY TRUST INC
1253986,ABR-PF,ARBOR REALTY TRUST INC
1278752,MFICL,MidCap Financial Investment Corp
1109354,BRKRP,BRUKER CORP
1101215,BFH-PB,"BREAD FINANCIAL HOLDINGS, INC."
1101215,BFH-PA,"BREAD FINANCIAL HOLDINGS, INC."
1087711,STNDF,Santander UK plc
1087711,SNTUF,Santander UK plc
1004315,NMPWP,NATIONAL GRID PLC
1004434,MGR,"AFFILIATED MANAGERS GROUP, INC."
1004434,MGRB,"AFFILIATED MANAGERS GROUP, INC."
1004434,MGRD,"AFFILIATED MANAGERS GROUP, INC."
1004434,MGRE,"AFFILIATED MANAGERS GROUP, INC."
1004315,NMKCP,NATIONAL GRID PLC
1004315,NMKBP,NATIONAL GRID PLC
1004315,NEWEN,NATIONAL GRID PLC
1038143,ORANY,ORANGE
1032208,SREA,SEMPRA
1164727,NEMCL,NEWMONT Corp /DE/
898174,RZC,REINSURANCE GROUP OF AMERICA INC
1131312,ZNOGW,ZION OIL & GAS INC
1065823,FNFPA,FIRST NILES FINANCIAL INC
1075415,DHCNI,DIVERSIFIED HEALTHCARE TRUST
1075415,DHCNL,DIVERSIFIED HEALTHCARE TRUST
1077428,TCBIO,TEXAS CAPITAL BANCSHARES INC/TX
1076930,NOVTU,NOVANTA INC
1075124,TMSOF,THOMSON REUTERS CORP /CAN/
1086888,MNUPF,MANULIFE FINANCIAL CORP
1086888,MNLCF,MANULIFE FINANCIAL CORP
1086888,MNQFF,MANULIFE FINANCIAL CORP
1086888,MNUFF,MANULIFE FINANCIAL CORP
948320,LFMDP,"LifeMD, Inc."
1001085,BAMKF,BROOKFIELD Corp /ON/
1001085,BKAMF,BROOKFIELD Corp /ON/
1001085,BKFAF,BROOKFIELD Corp /ON/
1001085,BKFPF,BROOKFIELD Corp /ON/
1001085,BKFOF,BROOKFIELD Corp /ON/
1001085,BRPSF,BROOKFIELD Corp /ON/
1001085,BRFCF,BROOKFIELD Corp /ON/
1001085,BRFAF,BROOKFIELD Corp /ON/
1001085,BKPA,BROOKFIELD Corp /ON/
1001085,BNH,BROOKFIELD Corp /ON/
1001085,BNJ,BROOKFIELD Corp /ON/
1001085,BROXF,BROOKFIELD Corp /ON/
1001085,BXDIF,BROOKFIELD Corp /ON/
1001085,BRCFF,BROOKFIELD Corp /ON/
1001085,BKFDF,BROOKFIELD Corp /ON/
897802,SPE-PC,"SPECIAL OPPORTUNITIES FUND, INC."
1137774,PFH,PRUDENTIAL FINANCIAL INC
1137774,PRH,PRUDENTIAL FINANCIAL INC
1137774,PRS,PRUDENTIAL FINANCIAL INC
1232384,TCEYF,TC ENERGY CORP
1232384,TCENF,TC ENERGY CORP
1232384,TRPRF,TC ENERGY CORP
1232384,TRP,TC ENERGY CORP
1232384,TRPPF,TC ENERGY CORP
1232384,TRPEF,TC ENERGY CORP
1214935,NCV-PA,Virtus Convertible & Income Fund
1212545,WAL-PA,WESTERN ALLIANCE BANCORPORATION
936340,DTK,DTE ENERGY CO
936340,DTB,DTE ENERGY CO
936340,DTG,DTE ENERGY CO
1279956,YRAIF,YARA INTERNATIONAL ASA
913144,RNR-PF,RENAISSANCERE HOLDINGS LTD
913144,RNR-PG,RENAISSANCERE HOLDINGS LTD
912958,MLCMF,MILLICOM INTERNATIONAL CELLULAR SA
1066764,BESS-WT,Bimergen Energy Corp
1069336,SWZCF,SWISSCOM AG
1042046,AFGB,AMERICAN FINANCIAL GROUP INC
1042046,AFGC,AMERICAN FINANCIAL GROUP INC
1042046,AFGD,AMERICAN FINANCIAL GROUP INC
1042046,AFGE,AMERICAN FINANCIAL GROUP INC
1053092,GLDI,CREDIT SUISSE AG
1053092,SLVO,CREDIT SUISSE AG
1053092,USOI,CREDIT SUISSE AG
1097362,SLFIF,SUN LIFE FINANCIAL INC
1097362,SUNFF,SUN LIFE FINANCIAL INC
1099219,MET-PF,METLIFE INC
1113423,CSCIF,COSCIENS Biopharma Inc.
1108329,PTCCY,PETROCHINA CO LTD
1097362,SLFQF,SUN LIFE FINANCIAL INC
