id,time,place,mag,magType,lon,lat,depth_km,net,type,tsunami,sig
us7000td2f,2026-08-31 04:38:22.200000+00:00,south of the Fiji Islands,4.5,mb,179.8021,-25.2065,508.306,us,earthquake,0,312
us7000td2c,2026-08-31 04:04:34.127000+00:00,"13 km SSE of Union, Philippines",4.9,mb,126.1362,9.6408,83.891,us,earthquake,0,370
ci41539488,2026-08-31 02:16:31.390000+00:00,"2 km NW of Delta, B.C., MX",2.63,ml,-115.211,32.3685,17.87,ci,earthquake,0,106
us7000td1g,2026-08-31 01:08:05.874000+00:00,"71 km WSW of Puerto Casma, Peru",4.5,mb,-79.0145,-9.6152,59.386,us,earthquake,0,312
pr71530403,2026-08-31 00:42:28.180000+00:00,"1 km WSW of Guayanilla, Puerto Rico",2.88,md,-66.8091666666667,18.0133333333333,16.66,pr,earthquake,0,128
us7000td13,2026-08-30 22:51:07.295000+00:00,"266 km W of Houma, Tonga",4.2,mb,-177.8697,-21.2884,408.405,us,earthquake,0,271
aka2026rewfee,2026-08-30 22:27:18.320000+00:00,"66 km NW of Yakutat, Alaska",2.9,ml,-140.627,59.937,3.3,ak,earthquake,0,129
us7000td0v,2026-08-30 22:08:03.257000+00:00,"109 km NW of Hicks Bay, New Zealand",4.5,mb,177.4474,-36.8873,180.094,us,earthquake,0,312
us7000td0w,2026-08-30 22:07:25.896000+00:00,"137 km S of Vanimo, Papua New Guinea",4.5,mb,141.3649,-3.9287,52.064,us,earthquake,0,312
hv75026967,2026-08-30 21:18:37.350000+00:00,"19 km SE of Pāhala, Hawaii",3.09,md,-155.366333007812,19.066333770752,31.1700000762939,hv,earthquake,0,147
hv75026922,2026-08-30 18:41:19.640000+00:00,"3 km SW of Pāhala, Hawaii",2.63,ml,-155.495666503906,19.179666519165,30.5100002288818,hv,earthquake,0,106
aka2026reoczv,2026-08-30 18:25:38.525000+00:00,"25 km NNW of Susitna, Alaska",2.8,ml,-150.716,61.75,63.0,ak,earthquake,0,121
us7000tczy,2026-08-30 18:18:49.879000+00:00,"101 km SW of Aitape, Papua New Guinea",4.5,mb,141.779,-3.85,46.147,us,earthquake,0,312
us7000tczt,2026-08-30 16:04:07.774000+00:00,"62 km SSE of Palca, Peru",4.7,mb,-69.6387,-18.2459,102.036,us,earthquake,0,340
hv75026867,2026-08-30 15:42:18.850000+00:00,"0 km S of Pāhala, Hawaii",2.61,md,-155.47883605957,19.2013339996338,29.3199996948242,hv,earthquake,0,105
pr71530363,2026-08-30 15:33:01.080000+00:00,"54 km N of Charlotte Amalie, U.S. Virgin Islands",3.32,md,-65.0275,18.8221666666667,54.32,pr,earthquake,0,170
hv75026862,2026-08-30 15:10:09.390000+00:00,"17 km SE of Naalehu, Hawaii",2.53,md,-155.4443359375,18.9688339233398,35.2299995422363,hv,earthquake,0,98
us7000tczi,2026-08-30 14:50:32.433000+00:00,"128 km N of Aksu, China",4.6,mb,80.5213,42.3245,10.0,us,earthquake,0,326
tx2026rbmtxj,2026-08-30 14:27:57.251000+00:00,"57 km NW of Toyah, Texas",2.6,ml,-104.26,31.649,7.1381,tx,earthquake,0,104
aka2026refedq,2026-08-30 13:56:01.902000+00:00,"252 km SE of Akutan, Alaska",2.8,ml,-163.25,52.449,5.0,ak,earthquake,0,121
us7000tcyl,2026-08-30 11:21:28.783000+00:00,"90 km SW of Brisas Barra de Suchiate, Mexico",4.3,mb,-92.8925,14.0451,34.44,us,earthquake,0,284
us7000tcyr,2026-08-30 11:03:03.581000+00:00,"52 km NNE of Ruteng, Indonesia",4.6,mb,120.6265,-8.1634,10.0,us,earthquake,0,326
us7000tcy1,2026-08-30 09:17:01.614000+00:00,"26 km W of Auburn, Wyoming",2.9,ml,-111.323,42.834,7.153,us,earthquake,0,130
us7000tcy0,2026-08-30 09:13:55.515000+00:00,south of the Fiji Islands,4.5,mb,-179.9128,-23.414,532.696,us,earthquake,0,312
us7000tcxn,2026-08-30 09:02:09.229000+00:00,"Kermadec Islands, New Zealand",5.8,mb,-177.8882,-30.1462,35.0,us,earthquake,0,518
us7000tcxi,2026-08-30 08:09:44.363000+00:00,"156 km SSE of Vilyuchinsk, Russia",4.5,mb,159.1009,51.5864,54.889,us,earthquake,0,312
us7000tcxc,2026-08-30 07:37:53.032000+00:00,"76 km WNW of Bengkulu, Indonesia",4.9,mb,101.6611,-3.4659,78.208,us,earthquake,0,370
pr2026242000,2026-08-30 07:24:17.320000+00:00,"75 km NE of Cruz Bay, U.S. Virgin Islands",3.77,md,-64.3826,18.888,19.0,pr,earthquake,0,219
pr2026242001,2026-08-30 05:47:03.570000+00:00,"50 km NNW of San Antonio, Puerto Rico",3.96,md,-67.2885,18.9116,53.0,pr,earthquake,0,241
us7000tcwp,2026-08-30 05:19:51.149000+00:00,"26 km WSW of Tocopilla, Chile",4.7,mb,-70.4392,-22.1794,52.115,us,earthquake,0,343
us7000tcwg,2026-08-30 04:29:14.480000+00:00,"130 km WNW of Ternate, Indonesia",4.7,mb,126.3683,1.3834,35.107,us,earthquake,0,340
us7000tcwe,2026-08-30 04:06:58.974000+00:00,"31 km SSW of Ashkāsham, Afghanistan",4.2,mb,71.4072,36.4209,119.132,us,earthquake,0,271
us7000tcwd,2026-08-30 03:55:28.753000+00:00,South Sandwich Islands region,5.1,mb,-27.0033,-56.4575,135.686,us,earthquake,0,400
aka2026rdklpn,2026-08-30 03:35:14.396000+00:00,"70 km WNW of Nikiski, Alaska",2.5,ml,-152.433,60.985,133.9,ak,earthquake,0,96
pr71530298,2026-08-30 01:50:22.410000+00:00,"40 km NW of Rincón, Puerto Rico",3.34,md,-67.5618333333333,18.5581666666667,119.49,pr,earthquake,0,172
us7000tcvt,2026-08-30 00:14:19.915000+00:00,"18 km SW of Urakawa, Japan",4.5,mb,142.6167,42.0423,63.625,us,earthquake,0,312
us7000tcvp,2026-08-29 23:26:17.542000+00:00,"70 km ENE of San Pedro de Atacama, Chile",4.5,mb,-67.5745,-22.6579,158.92,us,earthquake,0,312
pr71530283,2026-08-29 23:11:08.200000+00:00,"36 km WSW of Stella, Puerto Rico",3.35,md,-67.587,18.2475,112.13,pr,earthquake,0,173
aka2026rdaolu,2026-08-29 22:38:50.993000+00:00,"125 km SE of Perryville, Alaska",3.9,ml,-157.737,55.122,117.5,ak,earthquake,0,234
us7000tcvf,2026-08-29 22:35:22.010000+00:00,"13 km ENE of Himarë, Albania",4.8,mb,19.8822,40.1538,10.0,us,earthquake,0,380
us7000tcv5,2026-08-29 21:00:19.499000+00:00,"58 km ESE of Koshima, Japan",4.8,mb,131.0784,29.9927,35.0,us,earthquake,0,354
us7000tcus,2026-08-29 19:53:41.853000+00:00,"42 km ESE of Farkhār, Afghanistan",4.2,mb,70.3199,36.4842,208.135,us,earthquake,0,271
us7000tcyu,2026-08-29 19:36:06.021000+00:00,"209 km SSW of Al Ghayz̧ah, Yemen",4.6,mb,51.4684,14.4444,10.0,us,earthquake,0,326
us7000tcue,2026-08-29 17:36:19.199000+00:00,"12 km NW of La Romana, Dominican Republic",3.9,ml,-69.0589,18.4995,103.877,us,earthquake,0,234
nc75426827,2026-08-29 17:12:32.170000+00:00,"77 km W of Petrolia, CA",2.94,md,-125.173164367676,40.4536666870117,22.8500003814697,nc,earthquake,0,133
us7000tcu7,2026-08-29 16:42:43.142000+00:00,"142 km NW of Ternate, Indonesia",4.3,mb,126.6085,1.8152,53.142,us,earthquake,0,284
us7000tcuf,2026-08-29 15:24:47.674000+00:00,"92 km SE of Atka, Alaska",3.7,ml,-173.3208,51.5657,31.739,us,earthquake,0,211
us7000tcu2,2026-08-29 15:17:06.003000+00:00,"16 km ENE of Hasaki, Japan",4.7,mww,140.9937,35.8029,34.783,us,earthquake,0,344
aka2026rcluqc,2026-08-29 15:16:55.105000+00:00,"184 km SE of Perryville, Alaska",4.8,ml,-156.951,54.821,5.0,ak,earthquake,0,354
us7000tctu,2026-08-29 13:25:14.872000+00:00,"186 km SE of Terney, Russia",4.0,mb,138.2924,43.8866,257.202,us,earthquake,0,246
us7000tctp,2026-08-29 12:32:52.747000+00:00,"25 km W of Émponas, Greece",4.5,mb,27.5734,36.2182,14.336,us,earthquake,0,312
aka2026rcfhvc,2026-08-29 12:02:11.982000+00:00,"25 km NW of Anchor Point, Alaska",3.9,ml,-152.197,59.919,89.6,ak,earthquake,0,240
us7000tctm,2026-08-29 11:47:54.696000+00:00,Mariana Islands region,4.3,mb,142.9231,21.5766,317.525,us,earthquake,0,284
aka2026rcdpmb,2026-08-29 11:10:07.629000+00:00,"78 km SW of Covenant Life, Alaska",3.3,ml,-137.139,59.0,5.0,ak,earthquake,0,168
tx2026qzkjfo,2026-08-29 11:06:06.304000+00:00,"19 km NE of Gardendale, Texas",2.6,ml,-102.222,32.132,7.1045,tx,earthquake,0,104
us7000tcth,2026-08-29 10:50:24.152000+00:00,"24 km WSW of Sipí, Colombia",4.5,mb,-76.8503,4.5688,58.147,us,earthquake,0,312
us7000tctg,2026-08-29 10:38:59.949000+00:00,"33 km S of Jurm, Afghanistan",4.1,mb,70.881,36.5655,210.598,us,earthquake,0,259
us7000tct5,2026-08-29 09:18:38.800000+00:00,"264 km W of Ferndale, California",2.6,ml,-127.3911,40.6091,10.0,us,earthquake,0,104
us7000tct6,2026-08-29 09:15:46.801000+00:00,"25 km ESE of Lospalos, Timor Leste",4.7,mb,127.2223,-8.588,10.0,us,earthquake,0,340
us7000tcsv,2026-08-29 08:23:22.410000+00:00,south of the Fiji Islands,4.2,mb,-179.689,-22.3237,602.27,us,earthquake,0,271
us7000tcsu,2026-08-29 08:08:45.662000+00:00,"64 km W of Labuha, Indonesia",5.0,mb,126.9069,-0.7032,41.899,us,earthquake,0,385
us7000tcss,2026-08-29 07:49:19.657000+00:00,"250 km W of Ferndale, California",2.9,ml,-127.2233,40.6417,10.0,us,earthquake,0,129
us7000tcsr,2026-08-29 07:48:40.054000+00:00,"209 km W of Ferndale, California",2.8,ml,-126.7194,40.8117,10.0,us,earthquake,0,121
us7000tcsm,2026-08-29 07:10:54.010000+00:00,South Sandwich Islands region,4.9,mb,-25.7887,-57.4587,89.886,us,earthquake,0,369
us7000tcsc,2026-08-29 06:32:54.139000+00:00,"29 km ENE of Pilar, Philippines",4.8,mb,126.3482,9.976,60.935,us,earthquake,0,356
us7000tcs8,2026-08-29 05:46:56.764000+00:00,off the coast of Oregon,3.5,mb,-129.0391,43.8957,10.0,us,earthquake,0,189
us7000tcs7,2026-08-29 05:40:06.207000+00:00,Southwest Indian Ridge,5.1,mb,56.9522,-31.8483,10.0,us,earthquake,0,400
aka2026rbsotr,2026-08-29 05:39:30.638000+00:00,"20 km S of Port Graham, Alaska",2.7,ml,-151.795,59.171,50.4,ak,earthquake,0,112
us7000tcrx,2026-08-29 04:48:42.059000+00:00,"170 km ESE of Kuril’sk, Russia",4.6,mb,149.9582,44.8019,43.998,us,earthquake,0,326
aka2026rbopqh,2026-08-29 03:40:34.236000+00:00,"24 km SSW of Susitna, Alaska",2.6,ml,-150.669,61.334,59.9,ak,earthquake,0,104
us7000tcrl,2026-08-29 03:37:11.425000+00:00,"21 km SW of Pinehill, New Mexico",3.4,ml,-108.5465,34.8393,10.372,us,earthquake,0,178
nc75426637,2026-08-29 02:41:11.610000+00:00,"85 km W of Petrolia, CA",4.84,mw,-125.272333333333,40.45,10.0,nc,earthquake,0,468
us7000tcr6,2026-08-29 01:46:04.977000+00:00,"148 km NNW of Kuril’sk, Russia",4.2,mb,147.1842,46.4708,306.863,us,earthquake,0,271
aka2026rbikti,2026-08-29 00:34:59.980000+00:00,"14 km WNW of Ivanof Bay, Alaska",2.5,ml,-159.693,55.951,11.0,ak,earthquake,0,96
us7000tcqv,2026-08-29 00:19:40.270000+00:00,"40 km W of Las Grullas Margen Derecha, Mexico",4.2,mb,-109.734,25.8298,10.0,us,earthquake,0,272
pr71530223,2026-08-29 00:17:48.320000+00:00,"47 km NW of San Antonio, Puerto Rico",3.06,md,-67.384,18.8193333333333,7.76,pr,earthquake,0,144
us7000tcqt,2026-08-29 00:09:59.567000+00:00,"213 km WSW of Hihifo, Tonga",4.3,mb,-175.6958,-16.5532,334.014,us,earthquake,0,284
us7000tcqr,2026-08-28 23:55:58.905000+00:00,"2 km NNW of Ástros, Greece",4.5,mb,22.7096,37.422,89.639,us,earthquake,0,312
us7000tcqp,2026-08-28 23:48:03.675000+00:00,"106 km ESE of Antofagasta, Chile",4.3,mb,-69.3994,-23.9509,77.041,us,earthquake,0,284
us7000tcqn,2026-08-28 23:28:35.281000+00:00,"212 km SSE of False Pass, Alaska",3.5,mb,-162.0183,53.1344,10.0,us,earthquake,0,188
us7000tcqg,2026-08-28 23:10:36.399000+00:00,"110 km E of Miyako, Japan",4.8,mww,143.2337,39.6554,34.933,us,earthquake,0,354
us7000tcqc,2026-08-28 22:30:32.353000+00:00,"20 km SSW of Nueva Sesecapa, Mexico",4.1,mb,-92.9163,15.237,84.651,us,earthquake,0,259
us7000tcq8,2026-08-28 22:07:33.184000+00:00,"124 km N of Aksu, China",4.9,mb,80.5254,42.2861,10.0,us,earthquake,0,369
us7000tcqi,2026-08-28 21:44:07.594000+00:00,"105 km ESE of Akutan, Alaska",2.9,ml,-164.291,53.7809,35.0,us,earthquake,0,129
nc75426512,2026-08-28 21:24:32.660000+00:00,"66 km W of Petrolia, CA",2.57,md,-125.064002990723,40.3356666564941,10.6700000762939,nc,earthquake,0,102
us7000tcqh,2026-08-28 21:21:51.475000+00:00,"179 km WSW of Adak, Alaska",2.6,ml,-179.0731,51.3345,54.143,us,earthquake,0,104
nn00923949,2026-08-28 21:01:02.559000+00:00,"17 km SSW of Beatty, Nevada",2.67,ml,-116.8033,36.7524,4.183,nn,earthquake,0,110
us7000tcpf,2026-08-28 20:44:36.759000+00:00,"38 km NNE of Cuya, Chile",4.5,mb,-69.9747,-18.8677,87.955,us,earthquake,0,312
tx2026qyhjok,2026-08-28 20:31:30.293000+00:00,"19 km NE of Gardendale, Texas",2.5,ml,-102.221,32.13,7.4707,tx,earthquake,0,97
us7000tcp5,2026-08-28 20:19:38.305000+00:00,"191 km ESE of Kimbe, Papua New Guinea",5.0,mb,151.7381,-6.211,10.0,us,earthquake,0,385
us7000tcnj,2026-08-28 19:12:55.174000+00:00,Southwest Indian Ridge,4.9,mb,62.5441,-28.3225,10.0,us,earthquake,0,369
us7000tcqa,2026-08-28 18:59:09.970000+00:00,"162 km WSW of Adak, Alaska",3.1,ml,-178.8643,51.4225,32.94,us,earthquake,0,148
us7000tcq4,2026-08-28 17:54:37.094000+00:00,"40 km NE of Atka, Alaska",2.9,ml,-173.8504,52.4931,181.813,us,earthquake,0,129
us7000tcn8,2026-08-28 17:41:50.617000+00:00,"59 km E of Pondaguitan, Philippines",4.4,mb,126.7143,6.4352,118.362,us,earthquake,0,298
aka2026raumta,2026-08-28 17:37:07.317000+00:00,"108 km SSW of Port Alexander, Alaska",2.7,ml,-134.986,55.296,22.7,ak,earthquake,0,112
us7000tcq0,2026-08-28 17:27:58.686000+00:00,"74 km SSE of False Pass, Alaska",3.3,ml,-162.9398,54.2401,35.0,us,earthquake,0,168
aka2026rasuvt,2026-08-28 16:46:52.225000+00:00,"181 km WSW of Adak, Alaska",2.7,ml,-178.849,51.018,28.7,ak,earthquake,0,112
us7000tckp,2026-08-28 16:15:27.638000+00:00,Fiji region,4.0,mb,-179.6355,-21.9479,615.874,us,earthquake,0,246
us7000tcke,2026-08-28 15:33:23.292000+00:00,south of Tonga,4.4,mb,-175.1543,-24.8675,10.0,us,earthquake,0,298
us7000tcpm,2026-08-28 15:04:11.738000+00:00,"134 km SW of Adak, Alaska",3.5,ml,-178.2511,51.2147,35.0,us,earthquake,0,188
nc75426327,2026-08-28 14:51:34.080000+00:00,"22 km SE of Yosemite Valley, CA",2.68,md,-119.422500610352,37.5839996337891,9.80000019073486,nc,earthquake,0,110
us7000tck0,2026-08-28 14:31:46.027000+00:00,"18 km ENE of Kuji, Japan",4.4,mb,141.9657,40.2476,67.134,us,earthquake,0,298
pr71530188,2026-08-28 14:26:08.370000+00:00,"9 km NE of Charlotte Amalie, U.S. Virgin Islands",2.91,md,-64.8641666666667,18.4013333333333,55.32,pr,earthquake,0,130
us7000tcjv,2026-08-28 14:11:54.373000+00:00,"26 km W of Ollagüe, Chile",4.6,mb,-68.5089,-21.2109,131.354,us,earthquake,0,326
aka2026rammoh,2026-08-28 13:37:21.891000+00:00,"176 km SW of Adak, Alaska",2.7,ml,-178.761,51.009,20.1,ak,earthquake,0,112
us7000tcpa,2026-08-28 13:29:07.483000+00:00,"224 km W of Adak, Alaska",2.5,ml,-179.8847,51.7781,112.162,us,earthquake,0,96
aka2026ralsaz,2026-08-28 13:13:45.357000+00:00,"176 km WSW of Adak, Alaska",2.6,ml,-178.844,51.092,34.4,ak,earthquake,0,104
us7000tcp4,2026-08-28 13:09:06.253000+00:00,"85 km E of Adak, Alaska",2.6,ml,-175.4029,51.77,67.025,us,earthquake,0,104
aka2026rakihk,2026-08-28 12:32:37.229000+00:00,"173 km WSW of Adak, Alaska",2.8,ml,-178.741,51.036,25.4,ak,earthquake,0,121
aka2026rakhsb,2026-08-28 12:31:47.826000+00:00,"92 km SE of Atka, Alaska",2.9,ml,-173.346,51.554,15.5,ak,earthquake,0,129
us7000tcjf,2026-08-28 12:21:36.915000+00:00,"109 km S of Vanimo, Papua New Guinea",4.5,mb,141.2038,-3.6651,10.0,us,earthquake,0,312
nc75426292,2026-08-28 12:15:25.690000+00:00,"6 km NNW of Redwood Valley, CA",2.69,md,-123.217834472656,39.3171653747559,5.84000015258789,nc,earthquake,0,116
aka2026rajaku,2026-08-28 11:53:18.849000+00:00,"169 km SW of Adak, Alaska",2.7,ml,-178.668,51.037,35.4,ak,earthquake,0,112
us7000tciy,2026-08-28 10:38:33.879000+00:00,Fiji region,4.4,mb,-178.6454,-21.1233,535.422,us,earthquake,0,298
pr71530163,2026-08-28 10:29:38.760000+00:00,"5 km N of Animas, Puerto Rico",2.58,md,-66.6331666666667,18.4908333333333,13.62,pr,earthquake,0,102
us7000tcj1,2026-08-28 10:23:05.552000+00:00,"176 km NNE of Lospalos, Timor Leste",4.6,mb,127.3738,-6.9733,10.0,us,earthquake,0,326
aka2026rafwcu,2026-08-28 10:18:23.669000+00:00,"97 km S of Akhiok, Alaska",3.1,ml,-154.419,56.079,24.0,ak,earthquake,0,148
us7000tcit,2026-08-28 10:11:33.232000+00:00,"114 km N of Hirara, Japan",4.5,mb,125.2609,25.8399,131.746,us,earthquake,0,312
tx2026qxmlhv,2026-08-28 10:02:25.484000+00:00,"56 km S of Whites City, New Mexico",2.8,ml,-104.368,31.667,7.5354,tx,earthquake,0,121
uu80150926,2026-08-28 09:27:59.920000+00:00,"3 km NW of Little America, Wyoming",2.98,ml,-109.888833333333,41.5596666666667,-1.93,uu,earthquake,0,137
aka2026raedbm,2026-08-28 09:26:32.052000+00:00,"173 km SW of Adak, Alaska",2.6,ml,-178.702,50.995,14.9,ak,earthquake,0,104
us7000tcii,2026-08-28 09:12:17.255000+00:00,"172 km SE of Petropavlovsk-Kamchatsky, Russia",5.0,mb,160.6615,52.1245,10.0,us,earthquake,0,385
us7000tcig,2026-08-28 08:32:35.971000+00:00,"109 km WNW of Isangel, Vanuatu",5.0,mb,168.2841,-19.2675,10.0,us,earthquake,0,385
us7000tcid,2026-08-28 08:20:52.570000+00:00,"116 km SSE of Leilani Estates, Hawaii",2.8,ml,-154.4191,18.5318,8.176,us,earthquake,0,121
aka2026qzywnd,2026-08-28 06:49:03.863000+00:00,"13 km N of Mentasta Lake, Alaska",3.1,ml,-143.778,63.042,0.1,ak,earthquake,0,148
us7000tci6,2026-08-28 06:46:33.894000+00:00,"68 km NNE of Narganá, Panama",4.3,mb,-78.4292,10.0415,35.0,us,earthquake,0,285
aka2026qzyddy,2026-08-28 06:26:43.584000+00:00,"238 km W of Adak, Alaska",3.1,ml,179.964,51.521,74.1,ak,earthquake,0,148
aka2026qzxcfs,2026-08-28 05:55:40.656000+00:00,"122 km WSW of Adak, Alaska",2.5,ml,-178.196,51.363,25.6,ak,earthquake,0,96
us7000tcht,2026-08-28 05:13:35.070000+00:00,"19 km NW of Fuji, China",5.0,mb,105.229,29.2752,10.0,us,earthquake,0,385
us7000tchl,2026-08-28 04:59:06.623000+00:00,southeast Indian Ridge,5.2,mb,111.5852,-50.116,10.0,us,earthquake,0,416
pr71530133,2026-08-28 04:02:23.060000+00:00,"74 km NE of Cruz Bay, U.S. Virgin Islands",3.42,md,-64.3788333333333,18.871,39.21,pr,earthquake,0,180
pr71530118,2026-08-28 03:20:36.060000+00:00,"80 km N of San Juan, Puerto Rico",3.3,md,-66.0928333333333,19.1956666666667,25.83,pr,earthquake,0,168
us7000tch3,2026-08-28 02:39:17.518000+00:00,northern East Pacific Rise,5.0,mww,-103.4604,8.4191,10.0,us,earthquake,0,385
us7000tch1,2026-08-28 02:38:13.235000+00:00,Western Montana,3.2,ml,-113.4515,47.155,24.315,us,earthquake,0,159
us7000tcgz,2026-08-28 02:20:55.533000+00:00,"39 km W of Hengchun, Taiwan",4.4,mb,120.3615,22.0405,12.071,us,earthquake,0,298
aka2026qznvbr,2026-08-28 01:17:32.141000+00:00,"9 km ESE of Rampart, Alaska",3.0,ml,-149.986,65.462,2.2,ak,earthquake,0,138
us7000tcgq,2026-08-28 00:43:06.031000+00:00,"119 km NNW of Ternate, Indonesia",4.6,mb,126.8948,1.7526,74.035,us,earthquake,0,326
us7000tci3,2026-08-28 00:38:21.292000+00:00,"1 km N of La Victoria, Venezuela",4.4,mb,-67.3313,10.2402,10.0,us,earthquake,0,302
us7000tcgk,2026-08-28 00:03:56.671000+00:00,"283 km WSW of Tual, Indonesia",4.1,mb,130.3094,-6.3912,130.0,us,earthquake,0,259
us7000tcgh,2026-08-27 23:50:50.176000+00:00,"33 km NNW of Rabaul, Papua New Guinea",4.4,mb,152.0206,-3.934,267.472,us,earthquake,0,298
aka2026qzjwts,2026-08-27 23:19:36.249000+00:00,"62 km ENE of Ouzinkie, Alaska",3.2,ml,-151.537,58.162,37.8,ak,earthquake,0,158
us7000tcgb,2026-08-27 23:02:58.920000+00:00,"264 km WNW of Houma, Tonga",4.9,mb,-177.6957,-20.3798,520.313,us,earthquake,0,369
us7000tcgp,2026-08-27 22:40:16.714000+00:00,"85 km SSW of Unalaska, Alaska",2.9,ml,-166.831,53.1231,35.0,us,earthquake,0,129
us7000tcfw,2026-08-27 22:13:31.133000+00:00,"35 km SSW of Shizunai-furukawachō, Japan",4.6,mb,142.2416,42.0315,63.668,us,earthquake,0,326
us7000tcf3,2026-08-27 21:07:38.352000+00:00,"145 km N of Caluula, Somalia",6.0,mww,50.5425,13.2654,10.0,us,earthquake,0,554
us7000tcef,2026-08-27 19:54:41.264000+00:00,"63 km NE of Kuji, Japan",4.8,mb,142.2551,40.6244,63.827,us,earthquake,0,354
pr71530088,2026-08-27 19:33:32.730000+00:00,"3 km SW of La Parguera, Puerto Rico",2.61,md,-67.0655,17.9513333333333,7.77,pr,earthquake,0,105
us7000tce1,2026-08-27 19:06:05.250000+00:00,"Pagan region, Northern Mariana Islands",4.4,mb,145.6078,18.6991,218.851,us,earthquake,0,298
tx2026qwimff,2026-08-27 18:55:47.420000+00:00,"56 km S of Whites City, New Mexico",2.6,ml,-104.416,31.671,7.3816,tx,earthquake,0,104
us7000tcdu,2026-08-27 18:43:40.284000+00:00,"3 km WNW of Mangili, Philippines",4.9,mb,125.6536,6.0157,10.0,us,earthquake,0,370
aka2026qzamnb,2026-08-27 18:37:51.437000+00:00,"51 km ENE of Denali National Park, Alaska",3.0,ml,-150.721,63.649,5.0,ak,earthquake,0,138
aka2026qyzidg,2026-08-27 18:02:48.376000+00:00,"63 km WSW of Port Alexander, Alaska",2.6,ml,-135.517,55.959,7.2,ak,earthquake,0,104
us7000tcc3,2026-08-27 17:40:41.549000+00:00,"42 km E of Estique, Peru",4.5,mb,-69.6195,-17.5572,141.956,us,earthquake,0,312
aka2026qyyiup,2026-08-27 17:33:33.905000+00:00,"95 km S of Unalaska, Alaska",2.6,ml,-166.677,53.016,0.9,ak,earthquake,0,104
us7000tcc0,2026-08-27 17:23:23.348000+00:00,"14 km NNE of Machala, Ecuador",4.1,mb,-79.8986,-3.1421,47.59,us,earthquake,0,259
us7000tcbz,2026-08-27 17:09:28.808000+00:00,"29 km NW of Tumbes, Peru",4.1,mb,-80.6517,-3.3927,38.443,us,earthquake,0,259
aka2026qyxkno,2026-08-27 17:05:33.151000+00:00,"2 km N of Sterling, Alaska",2.5,ml,-150.759,60.563,55.8,ak,earthquake,0,96
us7000tcg6,2026-08-27 16:56:28.846000+00:00,"206 km S of False Pass, Alaska",2.7,ml,-163.2086,53.0007,10.0,us,earthquake,0,112
us7000tcg5,2026-08-27 16:50:42.548000+00:00,"193 km SE of Akutan, Alaska",2.7,ml,-163.4528,53.0713,10.0,us,earthquake,0,112
us7000tcaf,2026-08-27 16:31:59.641000+00:00,"85 km N of Ruteng, Indonesia",4.8,mb,120.3479,-7.8456,10.0,us,earthquake,0,354
us7000tca5,2026-08-27 16:21:22.987000+00:00,"15 km SSW of Sipí, Colombia",4.5,mb,-76.6738,4.5178,63.976,us,earthquake,0,312
us7000tcg2,2026-08-27 15:40:13.556000+00:00,"89 km SE of Akutan, Alaska",2.7,ml,-164.7459,53.6077,35.0,us,earthquake,0,112
us7000tca4,2026-08-27 15:36:05.076000+00:00,"10 km NW of Mérida, Venezuela",3.5,ml,-71.214,8.6667,10.0,us,earthquake,0,190
aka2026qyufbr,2026-08-27 15:29:01.125000+00:00,"167 km SSE of Old Harbor, Alaska",2.5,ml,-151.931,55.902,15.0,ak,earthquake,0,96
us7000tc9s,2026-08-27 15:25:29.295000+00:00,"16 km SSW of Sipí, Colombia",4.7,mb,-76.6986,4.5157,65.125,us,earthquake,0,340
tx2026qwahjm,2026-08-27 14:48:52.845000+00:00,"16 km NW of Mentone, Texas",2.8,ml,-103.737,31.794,9.1376,tx,earthquake,0,121
us7000tc9m,2026-08-27 14:45:48.054000+00:00,western Xizang,5.0,mb,86.9395,33.2423,10.0,us,earthquake,0,385
us7000tc9g,2026-08-27 14:30:20.017000+00:00,"195 km SE of Akutan, Alaska",4.8,mb,-163.4304,53.0654,10.0,us,earthquake,0,354
aka2026qynxwz,2026-08-27 12:21:11.155000+00:00,"98 km SW of Atka, Alaska",2.5,ml,-175.124,51.523,26.1,ak,earthquake,0,96
us7000tcxk,2026-08-27 12:17:26.186000+00:00,Vanuatu region,4.5,mb,173.3354,-19.7789,10.0,us,earthquake,0,312
us7000tc95,2026-08-27 11:47:16.381000+00:00,Indian Ocean Triple Junction,4.9,mb,70.7736,-26.0744,10.0,us,earthquake,0,369
aka2026qylbzs,2026-08-27 10:55:57.166000+00:00,"105 km SE of False Pass, Alaska",2.9,ml,-162.482,54.08,2.4,ak,earthquake,0,129
us7000tc8j,2026-08-27 10:33:24.325000+00:00,"54 km NNE of Labuan Bajo, Indonesia",5.3,mb,120.0539,-8.0324,10.0,us,earthquake,0,432
aka2026qyjins,2026-08-27 10:05:03.286000+00:00,"30 km NE of Fox River, Alaska",3.4,ml,-150.512,60.021,35.6,ak,earthquake,0,179
us7000tc8e,2026-08-27 09:33:59.785000+00:00,"205 km SE of Vilyuchinsk, Russia",4.5,mb,160.2665,51.4769,10.0,us,earthquake,0,312
aka2026qyfxsi,2026-08-27 08:22:49.283000+00:00,"6 km N of Petersville, Alaska",2.8,ml,-150.742,62.557,75.3,ak,earthquake,0,121
aka2026qyfbjt,2026-08-27 07:54:56.056000+00:00,"134 km E of Atka, Alaska",3.9,ml,-172.262,52.003,27.0,ak,earthquake,0,234
hv75024632,2026-08-27 06:02:15.010000+00:00,"18 km SE of Waimea, Hawaii",2.46,ml,-155.5695,19.892,-2.11,hv,earthquake,0,93
us7000tc7m,2026-08-27 05:53:12.896000+00:00,"48 km WSW of Abra Pampa, Argentina",4.3,mb,-66.1304,-22.9043,259.717,us,earthquake,0,284
us7000tc7l,2026-08-27 05:44:26.043000+00:00,"Volcano Islands, Japan region",5.3,mb,142.7624,24.2906,10.0,us,earthquake,0,432
aka2026qxznno,2026-08-27 05:09:23.826000+00:00,"37 km W of Anchor Point, Alaska",2.6,ml,-152.498,59.819,87.3,ak,earthquake,0,104
aka2026qxzbmz,2026-08-27 04:55:32.431000+00:00,"Rat Islands, Aleutian Islands, Alaska",2.8,ml,178.644,51.578,72.8,ak,earthquake,0,121
aka2026qxywqw,2026-08-27 04:49:51.576000+00:00,"89 km SSE of Sand Point, Alaska",2.5,ml,-160.113,54.559,5.7,ak,earthquake,0,96
us7000tc56,2026-08-27 04:19:08.168000+00:00,South Atlantic Ocean,5.1,mb,-20.2977,-22.5672,10.0,us,earthquake,0,400
ci41537288,2026-08-27 03:36:18.220000+00:00,"52 km SSW of Progreso, B.C., MX",2.56,ml,-115.778166666667,32.1418333333333,6.21,ci,earthquake,0,101
aka2026qxtasy,2026-08-27 01:54:39.454000+00:00,"154 km SSE of Atka, Alaska",2.8,ml,-173.131,50.976,14.9,ak,earthquake,0,121
pr71530033,2026-08-27 01:41:37.010000+00:00,"31 km NE of Miches, Dominican Republic",3.44,md,-68.8455,19.191,10.5,pr,earthquake,0,182
us7000tc3j,2026-08-26 22:23:12.424000+00:00,"22 km ENE of Talca, Chile",4.7,mb,-71.4471,-35.3195,80.639,us,earthquake,0,340
us7000tc37,2026-08-26 21:47:20.969000+00:00,"106 km ESE of Yujing, Taiwan",4.6,mwr,121.4502,22.8296,42.104,us,earthquake,0,326
us7000tc21,2026-08-26 19:50:08.291000+00:00,"147 km E of Sola, Vanuatu",4.5,mb,168.9143,-13.9457,10.0,us,earthquake,0,312
aka2026qxgqtu,2026-08-26 19:43:19.333000+00:00,"28 km NE of Igiugig, Alaska",2.6,ml,-155.501,59.479,0.1,ak,earthquake,0,104
us7000tc1f,2026-08-26 19:29:18.381000+00:00,"143 km SSW of Atiquipa, Peru",4.0,mb,-74.8729,-16.9936,10.0,us,earthquake,0,246
us7000tc18,2026-08-26 19:21:42.872000+00:00,"209 km ESE of Ōfunato, Japan",5.6,mww,143.8447,38.1821,16.05,us,earthquake,0,483
us7000tc0v,2026-08-26 19:02:58.846000+00:00,"270 km WSW of Tual, Indonesia",4.4,mb,130.3825,-6.2169,132.024,us,earthquake,0,298
us7000tc0p,2026-08-26 18:34:58.482000+00:00,"34 km NNE of Ruteng, Indonesia",4.7,mb,120.6143,-8.3333,10.0,us,earthquake,0,340
us7000tc0k,2026-08-26 18:23:13.728000+00:00,"42 km NE of Ruteng, Indonesia",4.9,mb,120.6979,-8.3107,10.0,us,earthquake,0,369
pr71529998,2026-08-26 17:49:07.280000+00:00,"2 km WSW of La Parguera, Puerto Rico",2.6,md,-67.0646666666667,17.9655,14.12,pr,earthquake,0,104
pr71529973,2026-08-26 17:24:49.410000+00:00,"36 km NNE of Arecibo, Puerto Rico",3.11,md,-66.6293333333333,18.79,51.24,pr,earthquake,0,149
us7000tc80,2026-08-26 17:17:31.531000+00:00,"81 km SE of King Cove, Alaska",2.9,ml,-161.3041,54.6192,35.0,us,earthquake,0,129
us7000tc7z,2026-08-26 17:14:05.181000+00:00,"116 km SW of Adak, Alaska",2.7,ml,-178.0146,51.2701,35.0,us,earthquake,0,112
aka2026qxbglc,2026-08-26 17:02:33.844000+00:00,"19 km SW of Point MacKenzie, Alaska",2.5,ml,-150.258,61.25,48.6,ak,earthquake,0,96
us7000tbzn,2026-08-26 16:45:14.599000+00:00,"4 km E of Jordán, Colombia",4.9,mww,-73.0596,6.737,159.913,us,earthquake,0,381
aka2026qwzvfp,2026-08-26 16:18:37.490000+00:00,"53 km N of Stevens Village, Alaska",2.6,ml,-148.876,66.48,14.0,ak,earthquake,0,104
aka2026qwyygz,2026-08-26 15:52:53.624000+00:00,"Rat Islands, Aleutian Islands, Alaska",3.2,ml,178.614,51.311,26.3,ak,earthquake,0,158
pr71529948,2026-08-26 15:48:15.200000+00:00,"75 km N of San Juan, Puerto Rico",3.42,md,-65.9946666666667,19.1373333333333,15.42,pr,earthquake,0,180
us7000tbyz,2026-08-26 14:25:41.270000+00:00,"35 km S of Lata, Solomon Islands",4.9,mb,165.7947,-11.0416,71.191,us,earthquake,0,369
us7000tbyu,2026-08-26 14:15:31.234000+00:00,"54 km NNW of Ende, Indonesia",5.0,mww,121.5083,-8.3715,10.0,us,earthquake,0,385
aka2026qwszoq,2026-08-26 12:53:41.132000+00:00,"237 km ESE of Attu Station, Alaska",3.3,ml,176.356,51.957,5.0,ak,earthquake,0,168
pr71529898,2026-08-26 12:28:31.480000+00:00,"14 km SSE of Esperanza, Puerto Rico",3.1,md,-65.4286666666667,17.9688333333333,6.16,pr,earthquake,0,148
us7000tbyh,2026-08-26 11:38:21.908000+00:00,Drake Passage,4.5,mb,-65.3176,-57.4436,10.0,us,earthquake,0,312
us7000tbyb,2026-08-26 10:59:03.269000+00:00,"75 km ENE of Diego de Almagro, Chile",4.3,mb,-69.3386,-26.1601,101.064,us,earthquake,0,284
us7000tby9,2026-08-26 10:58:09.848000+00:00,"93 km SSE of Sand Point, Alaska",4.1,mb,-159.9993,54.5458,35.64,us,earthquake,0,259
us7000tby1,2026-08-26 09:51:22.122000+00:00,"126 km NNE of Basco, Philippines",4.6,mb,122.3274,21.5368,10.0,us,earthquake,0,326
us7000tbxz,2026-08-26 09:47:34.473000+00:00,"67 km NNW of Ende, Indonesia",4.6,mb,121.337,-8.3296,10.0,us,earthquake,0,326
aka2026qwmqlc,2026-08-26 09:43:15.503000+00:00,"233 km ESE of Attu Station, Alaska",3.1,ml,176.301,51.958,10.0,ak,earthquake,0,148
pr2026238000,2026-08-26 09:42:34.310000+00:00,"11 km W of San Rafael del Yuma, Dominican Republic",4.03,md,-68.7866,18.4206,128.0,pr,earthquake,0,250
pr71529843,2026-08-26 08:07:14.210000+00:00,"17 km S of Esperanza, Puerto Rico",2.94,md,-65.4388333333333,17.9435,6.2,pr,earthquake,0,133
pr71529828,2026-08-26 07:58:53.690000+00:00,"16 km SSE of Esperanza, Puerto Rico",2.85,md,-65.4181666666667,17.959,4.25,pr,earthquake,0,125
us7000tbxl,2026-08-26 07:32:17.399000+00:00,"82 km NE of Otrada, Russia",4.7,mb,146.4404,44.6862,159.458,us,earthquake,0,340
pr71529878,2026-08-26 07:09:18.700000+00:00,"40 km N of Charlotte Amalie, U.S. Virgin Islands",2.98,md,-64.9435,18.7078333333333,17.68,pr,earthquake,0,137
aka2026qwhazk,2026-08-26 06:55:29.095000+00:00,"187 km SSE of Unalaska, Alaska",2.6,ml,-165.439,52.328,17.8,ak,earthquake,0,104
us7000tbxf,2026-08-26 06:54:52.876000+00:00,"147 km E of Miyako, Japan",4.8,mb,143.6596,39.7276,10.0,us,earthquake,0,354
aka2026qwfxwc,2026-08-26 06:21:47.920000+00:00,"Rat Islands, Aleutian Islands, Alaska",2.5,ml,177.575,51.736,69.2,ak,earthquake,0,96
us7000tc90,2026-08-26 06:00:35+00:00,"55 km NW of Kodāri̇̄, Nepal",4.2,ms_vx,85.515,28.27,0.0,us,landslide,0,271
us7000tbx8,2026-08-26 05:45:05.013000+00:00,southwest of Africa,4.8,mb,11.6756,-52.7725,10.0,us,earthquake,0,354
aka2026qweatw,2026-08-26 05:25:20.833000+00:00,"116 km ESE of Akutan, Alaska",2.6,ml,-164.119,53.757,18.8,ak,earthquake,0,104
nc75425232,2026-08-26 05:02:20.870000+00:00,"10 km NNW of Corcoran, CA",2.49,md,-119.613166809082,36.1728324890137,20.5100002288818,nc,earthquake,0,95
tx2026qtlaoj,2026-08-26 04:59:26.720000+00:00,"16 km NW of Mentone, Texas",3.0,ml,-103.744,31.793,9.035,tx,earthquake,0,139
aka2026qwdazg,2026-08-26 04:55:34.708000+00:00,"291 km W of Adak, Alaska",2.9,ml,179.166,51.593,12.9,ak,earthquake,0,129
aka2026qwclke,2026-08-26 04:37:36.996000+00:00,"19 km NE of Sterling, Alaska",2.6,ml,-150.469,60.641,52.3,ak,earthquake,0,104
aka2026qvzppi,2026-08-26 03:12:29.368000+00:00,"234 km ESE of Attu Station, Alaska",3.1,ml,176.298,51.94,10.0,ak,earthquake,0,148
aka2026qvzbwa,2026-08-26 02:56:42.016000+00:00,"54 km ENE of Pedro Bay, Alaska",3.4,ml,-153.176,59.93,130.6,ak,earthquake,0,178
aka2026qvzbwe,2026-08-26 02:56:37.460000+00:00,"233 km ESE of Attu Station, Alaska",2.8,ml,176.273,51.939,10.0,ak,earthquake,0,121
us7000tbwb,2026-08-26 02:52:10+00:00,"55 km NW of Kodāri̇̄, Nepal",5.2,ms_vx,85.515,28.271,0.0,us,landslide,0,601
us7000tbw6,2026-08-26 02:24:09.415000+00:00,"26 km SW of Ashkāsham, Afghanistan",4.5,mb,71.3629,36.4889,93.702,us,earthquake,0,312
us7000tbw5,2026-08-26 02:05:46.773000+00:00,"218 km NNE of Lospalos, Timor Leste",4.5,mb,127.5468,-6.6192,10.0,us,earthquake,0,312
us7000tbw3,2026-08-26 01:48:11.757000+00:00,"215 km NNE of Lospalos, Timor Leste",4.8,mb,127.493,-6.6411,11.628,us,earthquake,0,354
hv75023967,2026-08-26 01:44:33.060000+00:00,"55 km S of Mākena, Hawaii",2.46,ml,-156.366666666667,20.1618333333333,5.41,hv,earthquake,0,93
us7000tbw0,2026-08-26 01:37:01.106000+00:00,"45 km WSW of Taltal, Chile",4.2,mwr,-70.9248,-25.5207,31.754,us,earthquake,0,271
us7000tbw1,2026-08-26 01:31:55.012000+00:00,"87 km NNE of Labuan Bajo, Indonesia",4.6,mb,120.2856,-7.813,10.0,us,earthquake,0,326
aka2026qvvxqr,2026-08-26 01:21:27.287000+00:00,"229 km ESE of Attu Station, Alaska",3.9,ml,176.365,52.145,3.6,ak,earthquake,0,234
aka2026qvvvrv,2026-08-26 01:19:30.070000+00:00,"233 km ESE of Attu Station, Alaska",3.9,ml,176.313,51.976,10.0,ak,earthquake,0,234
us7000tbzy,2026-08-26 00:38:58.697000+00:00,"236 km ESE of Attu Station, Alaska",2.8,ml,176.3412,51.9507,31.085,us,earthquake,0,121
aka2026qvuifn,2026-08-26 00:34:31.101000+00:00,"55 km SE of Akutan, Alaska",2.5,ml,-165.185,53.782,35.1,ak,earthquake,0,96
us7000tbvm,2026-08-26 00:16:55.088000+00:00,"38 km NE of Sarāhan, India",4.0,mb,78.0893,31.7485,49.347,us,earthquake,0,246
hv75023942,2026-08-25 23:58:02.870000+00:00,"11 km WSW of Pāhala, Hawaii",2.61,ml,-155.583666666667,19.1745,7.81,hv,earthquake,0,105
us7000tbv9,2026-08-25 23:02:50.394000+00:00,"143 km W of Ferndale, California",2.6,ml,-125.9576,40.5469,15.509,us,earthquake,0,104
aka2026qvqnal,2026-08-25 22:39:33.296000+00:00,"233 km ESE of Attu Station, Alaska",2.9,ml,176.304,51.969,5.0,ak,earthquake,0,129
us7000tc8w,2026-08-25 22:23:25.237000+00:00,central Mid-Atlantic Ridge,4.7,mb,-19.8654,-0.5066,10.0,us,earthquake,0,340
aka2026qvpqyu,2026-08-25 22:14:07.080000+00:00,"56 km SE of Sand Point, Alaska",2.8,ml,-159.804,55.015,2.5,ak,earthquake,0,121
us7000tbv1,2026-08-25 22:01:39.896000+00:00,"204 km W of Bandon, Oregon",3.0,ml,-126.9068,43.3484,10.0,us,earthquake,0,138
us7000tbv0,2026-08-25 22:00:24.458000+00:00,"56 km NNW of Barishal, Pakistan",4.4,mb,74.4191,36.7826,53.576,us,earthquake,0,298
us7000tbup,2026-08-25 21:23:59.352000+00:00,"47 km NE of Ruteng, Indonesia",4.9,mb,120.7135,-8.2554,9.418,us,earthquake,0,369
aka2026qvnxdk,2026-08-25 21:21:08.311000+00:00,"232 km ESE of Attu Station, Alaska",3.4,ml,176.275,51.954,0.4,ak,earthquake,0,178
us7000tbu3,2026-08-25 20:23:36.308000+00:00,"77 km E of Tomioka, Japan",4.7,mb,141.8893,37.2686,35.0,us,earthquake,0,340
ci41536408,2026-08-25 20:17:07.170000+00:00,"12 km WSW of Salton City, CA",3.06,ml,-116.066833333333,33.2393333333333,4.3,ci,earthquake,0,146
aka2026qvltds,2026-08-25 20:16:42.696000+00:00,"232 km ESE of Attu Station, Alaska",3.1,ml,176.287,51.963,2.0,ak,earthquake,0,148
aka2026qvlfsy,2026-08-25 20:01:13.329000+00:00,"56 km WNW of Nanwalek, Alaska",3.4,ml,-152.86,59.515,96.0,ak,earthquake,0,178
aka2026qvlewi,2026-08-25 20:00:18.441000+00:00,"232 km ESE of Attu Station, Alaska",2.9,ml,176.303,51.98,2.6,ak,earthquake,0,129
hv75023872,2026-08-25 19:52:38.830000+00:00,"15 km N of Kukuihaele, Hawaii",2.61,ml,-155.582166666667,20.261,43.58,hv,earthquake,0,105
pr71529788,2026-08-25 19:47:01.170000+00:00,"24 km SE of Emajagua, Puerto Rico",2.67,md,-65.6966666666667,17.8766666666667,3.15,pr,earthquake,0,110
us7000tbtn,2026-08-25 19:33:01.086000+00:00,"169 km SSE of Vilyuchinsk, Russia",4.3,mb,159.2777,51.5035,35.0,us,earthquake,0,284
aka2026qvkawp,2026-08-25 19:25:44.158000+00:00,"78 km SSW of Nikolski, Alaska",2.5,ml,-169.398,52.313,15.7,ak,earthquake,0,96
aka2026qvjxqy,2026-08-25 19:21:54.927000+00:00,"233 km ESE of Attu Station, Alaska",3.1,ml,176.307,51.971,0.9,ak,earthquake,0,148
us7000tbtj,2026-08-25 19:16:11.963000+00:00,"192 km SSE of Sarangani, Philippines",4.2,mb,125.8069,3.693,386.382,us,earthquake,0,271
aka2026qvjroe,2026-08-25 19:14:57.683000+00:00,"100 km SSW of Unalaska, Alaska",2.6,ml,-167.043,53.028,22.0,ak,earthquake,0,104
us7000tbta,2026-08-25 18:43:54.134000+00:00,"16 km ENE of Çelikhan, Turkey",4.2,mb,38.3938,38.1053,10.0,us,earthquake,0,271
aka2026qvigce,2026-08-25 18:31:39.479000+00:00,"232 km ESE of Attu Station, Alaska",3.0,ml,176.293,51.971,0.6,ak,earthquake,0,138
aka2026qvhofb,2026-08-25 18:11:07.774000+00:00,"38 km NE of Chenega, Alaska",2.6,ml,-147.517,60.314,19.4,ak,earthquake,0,104
us7000tbsx,2026-08-25 17:44:51.336000+00:00,"180 km NE of Kuril’sk, Russia",4.3,mb,149.6836,46.2509,166.288,us,earthquake,0,284
aka2026qvfbdb,2026-08-25 16:56:00.846000+00:00,"232 km ESE of Attu Station, Alaska",3.0,ml,176.305,51.991,5.0,ak,earthquake,0,138
aka2026qveylx,2026-08-25 16:52:59.774000+00:00,"91 km SE of King Cove, Alaska",2.5,ml,-161.295,54.493,9.3,ak,earthquake,0,96
aka2026qveblc,2026-08-25 16:26:26.624000+00:00,"102 km SW of Inuvik, Canada",2.7,ml,-135.62,67.777,20.0,ak,earthquake,0,112
us7000tbsj,2026-08-25 16:23:33.830000+00:00,Vanuatu region,4.5,mb,170.4985,-14.235,628.976,us,earthquake,0,312
aka2026qvdxai,2026-08-25 16:21:31.411000+00:00,"39 km NE of Chenega, Alaska",2.7,ml,-147.542,60.336,13.7,ak,earthquake,0,112
aka2026qvduld,2026-08-25 16:18:07.189000+00:00,"234 km ESE of Attu Station, Alaska",3.5,ml,176.221,51.855,18.1,ak,earthquake,0,188
us7000tbsq,2026-08-25 16:02:43.878000+00:00,"233 km ESE of Attu Station, Alaska",2.8,ml,176.375,52.0757,77.775,us,earthquake,0,121
aka2026qvdggc,2026-08-25 16:02:00.756000+00:00,"56 km ESE of Denali National Park, Alaska",3.0,ml,-150.729,63.301,5.0,ak,earthquake,0,138
us6000tnd7,2026-08-25 15:15:54.340000+00:00,"258 km SE of Hihifo, Tonga",5.2,mww,-171.8992,-17.4086,10.0,us,earthquake,0,416
us6000tnd4,2026-08-25 14:58:54.052000+00:00,"62 km NNE of Ruteng, Indonesia",5.0,mb,120.6333,-8.0758,10.0,us,earthquake,0,385
aka2026qvbdgg,2026-08-25 14:58:21.436000+00:00,"198 km SE of Akutan, Alaska",2.7,ml,-163.729,52.83,26.7,ak,earthquake,0,112
aka2026qvayzm,2026-08-25 14:53:25.228000+00:00,"53 km SE of Sand Point, Alaska",2.7,ml,-159.821,55.058,6.0,ak,earthquake,0,112
us6000tnd3,2026-08-25 14:45:07.724000+00:00,"90 km SSW of Severo-Kuril’sk, Russia",4.3,mb,155.7768,49.8967,78.854,us,earthquake,0,284
aka2026quzgcr,2026-08-25 14:01:44.864000+00:00,"233 km ESE of Attu Station, Alaska",3.4,ml,176.28,51.949,7.8,ak,earthquake,0,178
us6000tnd0,2026-08-25 13:56:35.422000+00:00,"15 km W of Lushnjë, Albania",4.4,mb,19.5197,40.9504,10.0,us,earthquake,0,298
aka2026quymiw,2026-08-25 13:39:03.920000+00:00,"231 km ESE of Attu Station, Alaska",2.8,ml,176.339,52.071,1.5,ak,earthquake,0,121
aka2026quxdel,2026-08-25 12:58:34.421000+00:00,"142 km ESE of Nikolski, Alaska",2.5,ml,-166.984,52.36,17.2,ak,earthquake,0,96
aka2026quwfyd,2026-08-25 12:31:52.492000+00:00,"Rat Islands, Aleutian Islands, Alaska",2.9,ml,179.351,50.172,1.9,ak,earthquake,0,129
aka2026quwdyi,2026-08-25 12:29:26.290000+00:00,"18 km SW of Atka, Alaska",2.5,ml,-174.393,52.084,173.0,ak,earthquake,0,96
us6000tncq,2026-08-25 12:27:39.155000+00:00,"4 km SW of Almolonga, Guatemala",4.3,mb,-91.525,14.7891,129.278,us,earthquake,0,284
us6000tncl,2026-08-25 12:26:29.775000+00:00,"92 km NW of Arthurs Point, New Zealand",4.3,mb,167.8841,-44.3718,10.0,us,earthquake,0,284
us6000tnci,2026-08-25 12:12:03.252000+00:00,south of the Fiji Islands,5.5,mww,179.8207,-23.3497,528.283,us,earthquake,0,465
us6000tncc,2026-08-25 11:29:44.762000+00:00,"94 km W of Ambon, Indonesia",4.9,mb,127.3328,-3.6519,10.0,us,earthquake,0,369
aka2026qusjmz,2026-08-25 10:35:47.851000+00:00,"103 km SSE of Sand Point, Alaska",2.5,ml,-160.066,54.438,4.4,ak,earthquake,0,96
aka2026qurklq,2026-08-25 10:06:57.747000+00:00,"90 km SSE of Akutan, Alaska",2.9,ml,-165.222,53.394,2.1,ak,earthquake,0,129
nc75424817,2026-08-25 09:51:56.700000+00:00,"13 km W of Round Valley, CA",2.55,md,-118.740501403809,37.4128341674805,11.7700004577637,nc,earthquake,0,100
aka2026ququup,2026-08-25 09:48:58.236000+00:00,"94 km SSE of King Cove, Alaska",2.6,ml,-161.559,54.331,1.0,ak,earthquake,0,104
tx2026qrxvuk,2026-08-25 09:17:06.589000+00:00,"54 km S of Whites City, New Mexico",2.7,ml,-104.302,31.692,7.3303,tx,earthquake,0,112
us6000tnbv,2026-08-25 09:07:20.740000+00:00,"31 km S of Nemuro, Japan",5.0,mb,145.6343,43.045,96.855,us,earthquake,0,385
aka2026quoxzt,2026-08-25 08:53:02.253000+00:00,"238 km ESE of Chiniak, Alaska",2.9,ml,-148.629,56.789,5.0,ak,earthquake,0,129
us7000tbsp,2026-08-25 08:08:06.807000+00:00,"69 km SSE of Adak, Alaska",3.6,ml,-176.1562,51.3245,10.0,us,earthquake,0,199
aka2026qumytp,2026-08-25 07:53:35.151000+00:00,"115 km WSW of Adak, Alaska",2.5,ml,-178.069,51.353,7.4,ak,earthquake,0,96
aka2026qumvkx,2026-08-25 07:49:45.933000+00:00,"81 km SSE of Atka, Alaska",2.6,ml,-173.89,51.487,4.1,ak,earthquake,0,104
aka2026qulxwz,2026-08-25 07:22:36.149000+00:00,"30 km WNW of Livengood, Alaska",2.6,ml,-149.195,65.587,7.7,ak,earthquake,0,104
us6000tnbm,2026-08-25 07:00:10.853000+00:00,"108 km NE of Hengchun, Taiwan",5.5,mww,121.5709,22.6053,14.608,us,earthquake,0,471
us6000tnbk,2026-08-25 06:48:20.910000+00:00,"218 km NNW of Manado, Indonesia",4.6,mb,124.4529,3.4176,322.862,us,earthquake,0,326
us6000tnbh,2026-08-25 06:19:52.919000+00:00,"5 km SSE of Darreh Shahr, Iran",4.2,mb,47.3976,33.101,10.0,us,earthquake,0,271
us6000tnbf,2026-08-25 05:46:08.079000+00:00,"33 km SW of Sandgerði, Iceland",4.2,mb,-23.2345,63.8453,10.0,us,earthquake,0,271
us6000tnav,2026-08-25 03:38:10.923000+00:00,"47 km SW of Sandgerði, Iceland",4.4,mb,-23.419,63.7469,10.0,us,earthquake,0,298
pr2026237000,2026-08-25 03:25:52.460000+00:00,"36 km NE of Punta Cana, Dominican Republic",4.13,md,-68.1843,18.8386,90.0,pr,earthquake,0,263
us6000tnam,2026-08-25 03:13:28.048000+00:00,"48 km NNE of Savannah Bight, Honduras",4.4,mb,-85.6548,16.8505,10.0,us,earthquake,0,300
us6000tnal,2026-08-25 03:06:19.912000+00:00,"219 km NNE of Lospalos, Timor Leste",4.7,mb,127.5589,-6.6149,10.169,us,earthquake,0,340
pr71529733,2026-08-25 02:56:45.200000+00:00,"29 km NE of Cruz Bay, U.S. Virgin Islands",3.14,md,-64.6406666666667,18.5493333333333,14.39,pr,earthquake,0,152
us6000tnai,2026-08-25 01:59:04.254000+00:00,"61 km ENE of Aras-asan, Philippines",4.7,mb,126.8546,9.0329,13.458,us,earthquake,0,340
us6000tnag,2026-08-25 01:56:38.839000+00:00,"13 km SSE of Comandău, Romania",4.4,mb,26.3349,45.6554,143.594,us,earthquake,0,299
us6000tnaa,2026-08-25 01:22:25.241000+00:00,"74 km SSE of Panguna, Papua New Guinea",4.5,mb,155.6413,-6.9731,109.317,us,earthquake,0,312
us6000tna9,2026-08-25 01:18:46.243000+00:00,"4 km NNE of Jalālābād, Afghanistan",4.9,mb,70.463,34.462,10.0,us,earthquake,0,651
nc75424617,2026-08-25 01:05:27.290000+00:00,"17 km SSE of Shandon, CA",2.74,md,-120.331336975098,35.5060005187988,31.1100006103516,nc,earthquake,0,116
aka2026qtygru,2026-08-25 00:32:57.389000+00:00,"69 km SSW of Adak, Alaska",2.5,ml,-177.024,51.296,29.4,ak,earthquake,0,96
us6000tn9w,2026-08-25 00:05:24.071000+00:00,"33 km NW of Ruteng, Indonesia",4.9,mb,120.2483,-8.3932,10.0,us,earthquake,0,369
us6000tn9r,2026-08-24 23:26:56.073000+00:00,"99 km SE of Ishigaki, Japan",4.5,mb,124.9285,23.7942,10.0,us,earthquake,0,312
aka2026qtvqfq,2026-08-24 23:13:59.061000+00:00,"44 km SSE of Denali National Park, Alaska",3.1,ml,-151.482,63.159,0.7,ak,earthquake,0,148
aka2026qtuxwd,2026-08-24 22:52:46.440000+00:00,"28 km ENE of Chignik, Alaska",3.0,ml,-157.999,56.41,86.1,ak,earthquake,0,138
us6000tn9b,2026-08-24 22:51:23.883000+00:00,"11 km SE of San Mateo, New Mexico",2.7,ml,-107.551,35.2636,7.616,us,earthquake,0,112
us7000tcmq,2026-08-24 22:05:02.764000+00:00,"10 km SW of Tomakomai, Japan",4.3,mb,141.514,42.5717,131.984,us,earthquake,0,284
us6000tn9a,2026-08-24 21:55:02.301000+00:00,"24 km ESE of Orcopampa, Peru",4.0,mb,-72.1166,-15.32,122.232,us,earthquake,0,246
us7000tcmp,2026-08-24 21:21:35.730000+00:00,southern Mid-Atlantic Ridge,4.6,mb,-15.4052,-44.566,10.0,us,earthquake,0,326
us6000tn8w,2026-08-24 21:02:15.452000+00:00,"176 km ESE of Kimbe, Papua New Guinea",4.6,mb,151.5046,-6.3704,10.0,us,earthquake,0,326
aka2026qtqaig,2026-08-24 20:25:43.215000+00:00,"Rat Islands, Aleutian Islands, Alaska",2.6,ml,178.332,51.441,51.0,ak,earthquake,0,104
aka2026qtpptp,2026-08-24 20:13:35.518000+00:00,"58 km SSE of Kokhanok, Alaska",3.9,ml,-154.314,58.966,125.5,ak,earthquake,0,234
aka2026qtonse,2026-08-24 19:41:10.850000+00:00,"232 km ESE of Attu Station, Alaska",2.9,ml,176.334,52.031,6.1,ak,earthquake,0,129
aka2026qtoknv,2026-08-24 19:37:25.837000+00:00,"74 km SSE of Unalaska, Alaska",2.5,ml,-166.291,53.222,29.3,ak,earthquake,0,96
us6000tn80,2026-08-24 19:00:03.416000+00:00,"209 km NNE of Lospalos, Timor Leste",5.0,mb,127.5019,-6.6912,9.947,us,earthquake,0,385
aka2026qtmvkv,2026-08-24 18:50:04.881000+00:00,"37 km W of Cohoe, Alaska",2.5,ml,-151.98,60.407,90.5,ak,earthquake,0,96
aka2026qtlnac,2026-08-24 18:10:24.641000+00:00,"93 km SSE of Sand Point, Alaska",2.5,ml,-160.21,54.515,0.4,ak,earthquake,0,96
pr71529668,2026-08-24 17:16:39.470000+00:00,"56 km NW of San Antonio, Puerto Rico",2.92,md,-67.5286666666667,18.7896666666667,8.85,pr,earthquake,0,131
aka2026qtjffr,2026-08-24 17:01:24.365000+00:00,"229 km ESE of Attu Station, Alaska",3.2,ml,176.285,52.038,5.0,ak,earthquake,0,158
us7000tbwe,2026-08-24 16:44:02.752000+00:00,"232 km ESE of Attu Station, Alaska",3.1,ml,176.2786,51.9655,10.0,us,earthquake,0,148
us6000tn6z,2026-08-24 16:25:23.787000+00:00,"Pagan region, Northern Mariana Islands",4.7,mb,145.6811,18.6678,204.668,us,earthquake,0,340
us6000tn4t,2026-08-24 15:58:24.573000+00:00,"11 km ENE of Pleasant Hill, Louisiana",2.6,mb_lg,-93.3902,31.8417,7.364,us,earthquake,0,108
aka2026qtgozp,2026-08-24 15:42:57.039000+00:00,"7 km SW of Skwentna, Alaska",2.6,ml,-151.479,61.934,85.7,ak,earthquake,0,104
us6000tn4p,2026-08-24 15:27:31.932000+00:00,"90 km SE of Taira, Japan",4.9,mb,128.7039,25.9821,10.0,us,earthquake,0,369
us6000tn4m,2026-08-24 15:12:14.710000+00:00,"90 km N of Ruteng, Indonesia",4.8,mb,120.4309,-7.793,10.0,us,earthquake,0,354
us6000tn41,2026-08-24 14:10:17.299000+00:00,"215 km NNE of Lospalos, Timor Leste",6.0,mww,127.4598,-6.6264,10.0,us,earthquake,0,554
nc75424162,2026-08-24 13:23:10.670000+00:00,"19 km SW of Toms Place, CA",2.85,md,-118.833335876465,37.4463348388672,2.05999994277954,nc,earthquake,0,125
us6000tn3t,2026-08-24 12:29:31.627000+00:00,southern Mid-Atlantic Ridge,5.0,mb,-13.8368,-17.7036,10.0,us,earthquake,0,385
aka2026qszhpu,2026-08-24 12:04:21.453000+00:00,"233 km ESE of Attu Station, Alaska",3.6,ml,176.292,51.953,17.9,ak,earthquake,0,199
pr71529618,2026-08-24 12:00:33.730000+00:00,"38 km NW of San Antonio, Puerto Rico",2.98,md,-67.3421666666667,18.7565,11.07,pr,earthquake,0,137
aka2026qsyeyt,2026-08-24 11:31:17.430000+00:00,"21 km N of Pilot Point, Alaska",2.5,ml,-157.578,57.753,189.2,ak,earthquake,0,96
aka2026qsxzcf,2026-08-24 11:24:31.689000+00:00,"86 km SE of Ugashik, Alaska",2.7,ml,-156.219,57.067,1.2,ak,earthquake,0,112
aka2026qsxtmb,2026-08-24 11:17:56.731000+00:00,"230 km ESE of Attu Station, Alaska",3.0,ml,176.354,52.094,8.0,ak,earthquake,0,138
aka2026qsxksj,2026-08-24 11:08:00.264000+00:00,"95 km ENE of Ouzinkie, Alaska",2.6,ml,-151.147,58.389,0.8,ak,earthquake,0,104
tx2026qqfrzq,2026-08-24 11:05:33.704000+00:00,"50 km SSW of Whites City, New Mexico",3.1,ml,-104.541,31.739,6.0486,tx,earthquake,0,148
us6000tn37,2026-08-24 10:19:43.962000+00:00,"218 km ENE of Neiafu, Tonga",4.9,mb,-171.9977,-18.1013,10.0,us,earthquake,0,369
us6000tn33,2026-08-24 10:02:58.888000+00:00,"207 km SSE of Amahai, Indonesia",5.5,mww,129.6871,-5.0525,10.0,us,earthquake,0,465
nc75424082,2026-08-24 09:39:40.640000+00:00,"19 km SW of Toms Place, CA",2.78,md,-118.832832336426,37.445499420166,2.04999995231628,nc,earthquake,0,119
us7000tcm5,2026-08-24 09:10:38.473000+00:00,"Bonin Islands, Japan region",4.6,mb,142.5236,26.3857,10.0,us,earthquake,0,326
nc75424037,2026-08-24 08:54:53.810000+00:00,"4 km W of Walker, CA",2.69,md,-119.522163391113,38.5188331604004,6.09000015258789,nc,earthquake,0,111
aka2026qssltt,2026-08-24 08:39:14.278000+00:00,"49 km NW of Rampart, Alaska",2.5,ml,-150.835,65.852,6.5,ak,earthquake,0,96
aka2026qsrzue,2026-08-24 08:25:03.738000+00:00,"232 km ESE of Attu Station, Alaska",3.1,ml,176.328,52.015,0.9,ak,earthquake,0,148
ci41534880,2026-08-24 07:51:44.630000+00:00,"10 km ENE of Coso Junction, CA",2.71,ml,-117.8435,36.0666666666667,2.31,ci,earthquake,0,113
us6000tn2j,2026-08-24 07:37:17.435000+00:00,"10 km NNW of Cot, Costa Rica",4.9,mb,-83.9132,9.9853,10.0,us,earthquake,0,429
us6000tn2d,2026-08-24 05:40:47.930000+00:00,"104 km WNW of Houma, Tonga",4.5,mb,-176.289,-20.9867,209.196,us,earthquake,0,312
us6000tn29,2026-08-24 05:04:04.171000+00:00,"41 km ESE of Tinogasta, Argentina",4.5,mb,-67.1543,-28.143,129.457,us,earthquake,0,312
pr71529603,2026-08-24 04:52:49.800000+00:00,"13 km W of Rincón, Puerto Rico",2.55,md,-67.376,18.3316666666667,13.07,pr,earthquake,0,100
aka2026qsjfaz,2026-08-24 04:01:35.157000+00:00,"191 km WSW of Adak, Alaska",2.7,ml,-179.055,51.044,15.4,ak,earthquake,0,112
us6000tn25,2026-08-24 03:59:33.162000+00:00,"27 km WSW of Sarangani, Philippines",4.8,mb,125.2291,5.3312,68.263,us,earthquake,0,354
aka2026qsiroo,2026-08-24 03:46:03.551000+00:00,"54 km SSW of Atka, Alaska",2.5,ml,-174.434,51.724,7.6,ak,earthquake,0,96
aka2026qsiljd,2026-08-24 03:38:52.912000+00:00,"233 km ESE of Attu Station, Alaska",3.2,ml,176.313,51.981,1.3,ak,earthquake,0,158
us6000tn20,2026-08-24 03:33:58.106000+00:00,"104 km SW of Puerto Madero, Mexico",4.1,mb,-93.2276,14.1906,10.0,us,earthquake,0,259
us6000tn1z,2026-08-24 02:45:08.660000+00:00,southern Mid-Atlantic Ridge,4.9,mb,-14.921,-12.6363,10.0,us,earthquake,0,369
us6000tn1x,2026-08-24 02:41:00.646000+00:00,"26 km SW of Sipí, Colombia",4.4,mb,-76.8403,4.5166,77.675,us,earthquake,0,298
us6000tn1v,2026-08-24 02:19:39.063000+00:00,"71 km N of Ruteng, Indonesia",4.7,mb,120.4679,-7.9644,10.0,us,earthquake,0,340
aka2026qsfeey,2026-08-24 02:00:43.917000+00:00,"99 km SSE of Port Graham, Alaska",3.2,ml,-151.04,58.552,23.8,ak,earthquake,0,158
pr71529588,2026-08-24 01:43:04.030000+00:00,"91 km NE of Punta Cana, Dominican Republic",3.39,md,-67.7316666666667,19.0983333333333,40.02,pr,earthquake,0,177
aka2026qsebnq,2026-08-24 01:27:27.618000+00:00,"133 km SW of Adak, Alaska",2.5,ml,-178.181,51.155,28.3,ak,earthquake,0,96
us6000tn1k,2026-08-24 01:12:59.871000+00:00,"43 km N of Ruteng, Indonesia",4.6,mb,120.4857,-8.2203,10.0,us,earthquake,0,326
us6000tnd9,2026-08-24 01:04:08.580000+00:00,"218 km SE of Chiniak, Alaska",2.8,ml,-150.0007,56.1021,10.0,us,earthquake,0,121
us7000tclw,2026-08-24 00:55:06.673000+00:00,"101 km NNE of Ruteng, Indonesia",4.2,mb,120.7561,-7.7429,10.0,us,earthquake,0,271
us7000tclv,2026-08-24 00:47:02.804000+00:00,"89 km N of Ruteng, Indonesia",4.1,mb,120.6003,-7.8111,10.0,us,earthquake,0,259
us6000tnd8,2026-08-24 00:41:07.977000+00:00,"213 km SE of Chiniak, Alaska",2.9,ml,-149.9644,56.1681,10.0,us,earthquake,0,129
us6000tn1h,2026-08-24 00:26:21.729000+00:00,"7 km NNW of Bowangshan, China",4.9,mww,105.0358,28.3767,10.0,us,earthquake,0,369
us6000tn1g,2026-08-24 00:22:03.882000+00:00,"68 km NNE of Labuan Bajo, Indonesia",4.6,mb,120.0824,-7.9116,10.0,us,earthquake,0,326
us6000tnbb,2026-08-23 23:45:58.998000+00:00,"106 km SSW of Unalaska, Alaska",2.6,ml,-166.9148,52.9404,35.0,us,earthquake,0,104
us6000tna7,2026-08-23 23:42:31.199000+00:00,"Rat Islands, Aleutian Islands, Alaska",2.9,ml,178.3258,50.7452,10.0,us,earthquake,0,129
us6000tna5,2026-08-23 23:40:06.284000+00:00,"141 km WSW of Adak, Alaska",2.7,ml,-178.6302,51.5891,94.934,us,earthquake,0,112
us7000tclm,2026-08-23 23:29:41.717000+00:00,"97 km SSW of Singaparna, Indonesia",4.1,mb,107.771,-8.1635,58.265,us,earthquake,0,259
us6000tn19,2026-08-23 23:20:34.888000+00:00,"231 km ESE of Attu Station, Alaska",5.0,mb,176.4305,52.1915,8.129,us,earthquake,0,385
us7000tclk,2026-08-23 23:11:49.588000+00:00,"81 km SW of Kastrí, Greece",4.2,mb,23.4335,34.3368,35.0,us,earthquake,0,271
tx2026qphxaj,2026-08-23 23:06:54.978000+00:00,"17 km SE of Ackerly, Texas",2.8,ml,-101.607,32.4,6.3232,tx,earthquake,0,121
us7000tcll,2026-08-23 23:05:29.671000+00:00,"42 km NW of Ruteng, Indonesia",4.3,mb,120.249,-8.298,10.0,us,earthquake,0,284
us6000tn15,2026-08-23 22:58:07.928000+00:00,"54 km WNW of San Antonio de los Cobres, Argentina",4.2,mb,-66.8157,-24.0298,187.777,us,earthquake,0,271
us6000tn14,2026-08-23 22:57:30.450000+00:00,"54 km NNE of Ruteng, Indonesia",4.7,mb,120.6249,-8.1459,10.0,us,earthquake,0,340
pr71529563,2026-08-23 22:08:58.760000+00:00,"12 km S of Guánica, Puerto Rico",2.6,md,-66.9196666666667,17.8563333333333,11.8,pr,earthquake,0,104
us7000tcli,2026-08-23 21:39:45.556000+00:00,Fiji region,4.3,mb,-179.0547,-21.6851,590.983,us,earthquake,0,284
us6000tn0t,2026-08-23 21:32:20.989000+00:00,"126 km W of Lata, Solomon Islands",5.2,mww,164.6414,-10.7075,10.0,us,earthquake,0,416
us6000tna1,2026-08-23 21:32:14.414000+00:00,"25 km WSW of Adak, Alaska",3.2,ml,-176.9805,51.7992,80.217,us,earthquake,0,158
us7000tclj,2026-08-23 21:27:01.392000+00:00,"5 km E of Labuan Bajo, Indonesia",4.5,mb,119.9371,-8.5046,10.0,us,earthquake,0,312
us6000tn0s,2026-08-23 21:20:15.850000+00:00,"63 km NE of Ruteng, Indonesia",5.2,mb,120.8487,-8.1851,10.0,us,earthquake,0,417
us6000tn0n,2026-08-23 20:38:14.973000+00:00,"23 km ESE of Coihueco, Chile",4.5,mb,-71.6087,-36.7356,102.487,us,earthquake,0,312
aka2026qruhyn,2026-08-23 20:35:09.812000+00:00,"66 km SE of Adak, Alaska",2.6,ml,-176.091,51.377,28.3,ak,earthquake,0,104
aka2026qrtpin,2026-08-23 20:13:43.025000+00:00,"238 km W of Adak, Alaska",2.5,ml,179.911,52.001,183.8,ak,earthquake,0,96
us6000tn0j,2026-08-23 19:56:47.314000+00:00,"82 km W of Sungai Penuh, Indonesia",4.4,mb,100.6511,-2.0711,61.444,us,earthquake,0,298
aka2026qrszer,2026-08-23 19:55:04.576000+00:00,"23 km WNW of Susitna, Alaska",2.5,ml,-150.942,61.609,71.9,ak,earthquake,0,96
us6000tn0a,2026-08-23 18:57:38.731000+00:00,"61 km ESE of Mangili, Philippines",4.7,mb,126.1936,5.7891,9.989,us,earthquake,0,340
us6000tn01,2026-08-23 18:26:39.779000+00:00,"232 km W of Bandon, Oregon",2.7,ml,-127.2419,43.4143,10.0,us,earthquake,0,112
aka2026qrpslf,2026-08-23 18:17:26.778000+00:00,"105 km SSW of Nikolski, Alaska",3.0,ml,-169.463,52.068,22.5,ak,earthquake,0,138
us6000tmzy,2026-08-23 17:56:30.373000+00:00,"80 km W of El Aguilar, Argentina",4.5,mb,-66.457,-23.1294,224.789,us,earthquake,0,312
us6000tmzw,2026-08-23 17:23:29.822000+00:00,South Sandwich Islands region,4.9,mb,-25.264,-58.7481,35.0,us,earthquake,0,369
us6000tmzm,2026-08-23 16:36:15.059000+00:00,"4 km NNW of Honchō, Japan",4.5,mb,142.8974,42.1645,60.411,us,earthquake,0,312
us6000tmzi,2026-08-23 15:08:27.688000+00:00,"77 km SE of Akutan, Alaska",2.7,ml,-164.8067,53.7362,35.0,us,earthquake,0,112
aka2026qrirzq,2026-08-23 14:47:48.919000+00:00,"Rat Islands, Aleutian Islands, Alaska",3.3,ml,177.36,51.735,80.3,ak,earthquake,0,168
us6000tn83,2026-08-23 14:46:42.243000+00:00,"236 km ESE of Attu Station, Alaska",3.5,ml,176.2953,51.9075,67.185,us,earthquake,0,188
us6000tmzd,2026-08-23 14:05:58.585000+00:00,"78 km S of Panguna, Papua New Guinea",4.7,mb,155.382,-7.0152,10.0,us,earthquake,0,340
aka2026qrhenk,2026-08-23 14:01:23.362000+00:00,"137 km SW of Nikolski, Alaska",2.7,ml,-170.421,52.146,20.7,ak,earthquake,0,112
us6000tmz6,2026-08-23 13:44:53.389000+00:00,"32 km SSW of Honchō, Japan",6.0,mww,142.802,41.8495,41.0,us,earthquake,0,558
aka2026qrgjis,2026-08-23 13:37:34.432000+00:00,"48 km SSW of Nanwalek, Alaska",2.5,ml,-152.16,58.936,64.5,ak,earthquake,0,96
aka2026qrevbe,2026-08-23 12:50:29.604000+00:00,"44 km N of Petersville, Alaska",3.1,ml,-150.805,62.898,101.1,ak,earthquake,0,148
hv75022847,2026-08-23 12:25:17.190000+00:00,"18 km N of Pāhala, Hawaii",3.17,ml,-155.497,19.3665,7.82,hv,earthquake,0,155
aka2026qrdoey,2026-08-23 12:12:35.599000+00:00,"66 km S of King Cove, Alaska",2.6,ml,-162.169,54.468,10.7,ak,earthquake,0,104
aka2026qrdhim,2026-08-23 12:04:41.421000+00:00,"44 km NE of Fox River, Alaska",2.7,ml,-150.346,60.108,38.2,ak,earthquake,0,112
us6000tmyk,2026-08-23 11:22:41.913000+00:00,southern Mid-Atlantic Ridge,5.3,mb,-14.8524,-12.8299,10.0,us,earthquake,0,432
us6000tmyf,2026-08-23 10:44:51.354000+00:00,"60 km NNW of Lae, Papua New Guinea",4.3,mb,146.8216,-6.2034,103.003,us,earthquake,0,284
us6000tmy7,2026-08-23 10:16:38.297000+00:00,"52 km N of Beauséjour, Guadeloupe",4.1,mb,-61.0799,16.7766,40.589,us,earthquake,0,259
us6000tmy3,2026-08-23 10:04:42.433000+00:00,"52 km NNW of Barishal, Pakistan",4.6,mwr,74.4767,36.7596,45.456,us,earthquake,0,326
nc75423527,2026-08-23 09:37:08.200000+00:00,"10 km N of Lake Pillsbury, CA",2.75,md,-122.946502685547,39.4966659545898,10.8999996185303,nc,earthquake,0,116
ci41533752,2026-08-23 09:16:58.750000+00:00,"10 km ENE of Coso Junction, CA",3.5077201994852,mw,-117.841833333333,36.0655,2.78,ci,earthquake,0,190
pr71529488,2026-08-23 08:57:13.730000+00:00,"43 km NW of San Antonio, Puerto Rico",3.09,md,-67.3723333333333,18.7888333333333,4.98,pr,earthquake,0,147
ci41533512,2026-08-23 08:15:17.820000+00:00,"10 km E of Coso Junction, CA",2.65,ml,-117.8375,36.0611666666667,2.63,ci,earthquake,0,108
us6000tmxn,2026-08-23 08:12:38.133000+00:00,"124 km ESE of Kirakira, Solomon Islands",5.2,mww,162.9618,-10.9015,120.328,us,earthquake,0,416
ci41533424,2026-08-23 08:01:15.840000+00:00,"10 km ENE of Coso Junction, CA",3.36,ml,-117.839333333333,36.0658333333333,2.55,ci,earthquake,0,174
ci41533416,2026-08-23 07:59:55.920000+00:00,"10 km ENE of Coso Junction, CA",3.96264786337985,mw,-117.838666666667,36.0671666666667,2.83,ci,earthquake,0,244
us6000tn78,2026-08-23 07:56:31.104000+00:00,"52 km S of Atka, Alaska",2.8,ml,-174.3301,51.728,51.72,us,earthquake,0,121
us6000tn08,2026-08-23 07:51:04.642000+00:00,"263 km ESE of Attu Station, Alaska",4.0,mb,176.5608,51.6929,34.167,us,earthquake,0,246
aka2026qqunxm,2026-08-23 07:42:22.366000+00:00,"34 km W of Aleneva, Alaska",3.8,ml,-153.49,58.056,64.8,ak,earthquake,0,223
pr71529478,2026-08-23 07:21:55.960000+00:00,"120 km NNE of Vieques, Puerto Rico",3.41,md,-65.3983333333333,19.4295,45.63,pr,earthquake,0,179
us6000tn77,2026-08-23 06:28:26.790000+00:00,"28 km S of Unalaska, Alaska",2.5,ml,-166.557,53.6172,85.224,us,earthquake,0,96
us6000tmx1,2026-08-23 06:03:52.921000+00:00,"117 km N of Yakutat, Alaska",2.5,ml,-139.8795,60.6012,5.0,us,earthquake,0,96
us6000tmx3,2026-08-23 05:47:50.880000+00:00,"62 km NNE of Boca de Uchire, Venezuela",4.0,mb,-65.2296,10.6621,10.0,us,earthquake,0,247
us6000tmww,2026-08-23 05:39:21.584000+00:00,"272 km E of Levuka, Fiji",4.3,mb,-178.1271,-18.3622,572.73,us,earthquake,0,284
us7000tckz,2026-08-23 05:11:42.592000+00:00,"118 km NE of Palu, Indonesia",4.2,mb,120.4985,-0.0426,105.862,us,earthquake,0,271
aka2026qqpiix,2026-08-23 05:06:04.556000+00:00,"21 km NE of Sterling, Alaska",3.4,ml,-150.52,60.691,48.5,ak,earthquake,0,199
aka2026qqpfaq,2026-08-23 05:02:35.495000+00:00,"13 km ENE of Susitna, Alaska",3.3,ml,-150.271,61.569,61.8,ak,earthquake,0,172
aka2026qqocjo,2026-08-23 04:29:14.812000+00:00,"44 km W of Salamatof, Alaska",2.5,ml,-152.135,60.663,96.5,ak,earthquake,0,96
us6000tmwk,2026-08-23 03:44:57.056000+00:00,"26 km E of Letpandan, Burma (Myanmar)",4.6,mb,96.0025,17.7854,10.0,us,earthquake,0,326
aka2026qqksvt,2026-08-23 02:48:15.395000+00:00,"162 km SSW of Atka, Alaska",2.5,ml,-174.98,50.821,5.3,ak,earthquake,0,96
aka2026qqjxri,2026-08-23 02:23:47.243000+00:00,"48 km ENE of Stony River, Alaska",3.1,ml,-155.752,61.967,2.3,ak,earthquake,0,148
aka2026qqjesw,2026-08-23 02:02:03.745000+00:00,"112 km SSE of False Pass, Alaska",2.6,ml,-162.997,53.875,10.2,ak,earthquake,0,104
aka2026qqizeb,2026-08-23 01:55:12.971000+00:00,"270 km SW of Adak, Alaska",2.7,ml,-179.399,50.182,5.0,ak,earthquake,0,112
pr71529443,2026-08-23 01:33:32.650000+00:00,"82 km NW of San Antonio, Puerto Rico",3.32,md,-67.6825,18.9918333333333,19.92,pr,earthquake,0,170
aka2026qqgwoh,2026-08-23 00:52:38.602000+00:00,"71 km SSE of Adak, Alaska",2.6,ml,-176.091,51.324,26.3,ak,earthquake,0,104
nc75423267,2026-08-23 00:47:53.980000+00:00,"4 km NW of Parkfield, CA",2.82,md,-120.471832275391,35.920166015625,4.30000019073486,nc,earthquake,0,123
us6000tmw4,2026-08-23 00:32:24.675000+00:00,"90 km ESE of Tomioka, Japan",4.4,mb,141.9148,36.9495,24.086,us,earthquake,0,298
aka2026qqcbwo,2026-08-22 22:28:44.179000+00:00,"87 km S of Sand Point, Alaska",3.4,ml,-160.265,54.564,3.6,ak,earthquake,0,178
us6000tmuw,2026-08-22 22:14:43.323000+00:00,"17 km W of Ashkāsham, Afghanistan",4.4,mb,71.3423,36.7096,175.8,us,earthquake,0,298
us6000tmut,2026-08-22 22:01:02.600000+00:00,"62 km NNE of Ruteng, Indonesia",4.5,mb,120.741,-8.1213,10.0,us,earthquake,0,312
us6000tmuq,2026-08-22 21:53:41.193000+00:00,"117 km SW of Puerto Madero, Mexico",4.5,mb,-93.3288,14.1261,10.0,us,earthquake,0,312
pr71529418,2026-08-22 21:40:39.680000+00:00,"11 km SSE of Maria Antonia, Puerto Rico",2.55,md,-66.8456666666667,17.881,10.24,pr,earthquake,0,100
aka2026qqagal,2026-08-22 21:33:33.994000+00:00,"60 km NNE of Kobuk, Alaska",2.6,ml,-156.605,67.436,2.0,ak,earthquake,0,104
aka2026qpzhrv,2026-08-22 21:05:22.723000+00:00,"93 km SSE of Sand Point, Alaska",2.6,ml,-159.917,54.57,5.8,ak,earthquake,0,104
us6000tmwh,2026-08-22 21:04:16.269000+00:00,"236 km ESE of Attu Station, Alaska",3.7,ml,176.3905,52.0166,10.0,us,earthquake,0,211
aka2026qpxgev,2026-08-22 20:03:45.386000+00:00,"140 km S of Sand Point, Alaska",3.1,ml,-160.081,54.102,1.3,ak,earthquake,0,148
us6000tmtu,2026-08-22 19:54:07.957000+00:00,"78 km S of Gorontalo, Indonesia",4.9,mb,123.0095,-0.1709,116.29,us,earthquake,0,369
us6000tmwj,2026-08-22 19:19:42.572000+00:00,"232 km ESE of Attu Station, Alaska",4.0,mb,176.3258,52.0104,10.0,us,earthquake,0,246
us6000tmwg,2026-08-22 18:55:56.073000+00:00,"233 km ESE of Attu Station, Alaska",3.4,ml,176.3508,52.0372,10.0,us,earthquake,0,178
us6000tmtm,2026-08-22 18:46:27.765000+00:00,"32 km NNE of Calama, Chile",4.6,mwr,-68.793,-22.1927,105.494,us,earthquake,0,326
us6000tmtp,2026-08-22 18:44:57+00:00,"50 km NW of Amagi, Japan",4.4,mb,128.6145,28.1901,90.805,us,earthquake,0,298
aka2026qpunpd,2026-08-22 18:42:18.854000+00:00,"240 km ESE of Attu Station, Alaska",3.0,ml,176.177,51.698,20.0,ak,earthquake,0,138
aka2026qpttof,2026-08-22 18:19:18.312000+00:00,"44 km ESE of Perryville, Alaska",3.0,ml,-158.471,55.798,54.4,ak,earthquake,0,138
aka2026qptqpi,2026-08-22 18:15:48.791000+00:00,"232 km ESE of Attu Station, Alaska",3.1,ml,176.372,52.086,16.0,ak,earthquake,0,148
us6000tmte,2026-08-22 17:40:08.982000+00:00,"122 km SSW of Sungai Penuh, Indonesia",4.5,mb,100.8738,-3.0302,43.194,us,earthquake,0,312
aka2026qpretv,2026-08-22 17:02:10.846000+00:00,"Rat Islands, Aleutian Islands, Alaska",2.6,ml,177.116,51.616,100.4,ak,earthquake,0,104
us6000tmta,2026-08-22 17:00:39.472000+00:00,"4 km N of Toride, Japan",5.8,mww,140.0778,35.9375,61.0,us,earthquake,0,605
us6000tmt8,2026-08-22 16:42:56.593000+00:00,"80 km N of Ruteng, Indonesia",4.6,mb,120.5992,-7.8936,10.0,us,earthquake,0,326
us6000tmt7,2026-08-22 16:33:04.780000+00:00,"170 km SW of Sungai Penuh, Indonesia",4.7,mb,100.4875,-3.2971,26.342,us,earthquake,0,340
us6000tn7s,2026-08-22 14:34:51.307000+00:00,"230 km ESE of Attu Station, Alaska",3.0,ml,176.3302,52.064,82.774,us,earthquake,0,138
us6000tmsn,2026-08-22 13:00:47.561000+00:00,"195 km WSW of Pistol River, Oregon",2.6,ml,-126.6956,41.8838,18.142,us,earthquake,0,104
us6000tn7j,2026-08-22 11:39:55.188000+00:00,"120 km SW of Adak, Alaska",2.7,ml,-178.0614,51.2533,43.821,us,earthquake,0,112
us6000tms8,2026-08-22 10:19:13.746000+00:00,"8 km SSE of San Mateo, New Mexico",4.0,mwr,-107.5958,35.2655,10.0,us,earthquake,0,260
aka2026qpdfbj,2026-08-22 10:02:45.722000+00:00,"2 km SE of Adak, Alaska",2.5,ml,-176.614,51.859,10.3,ak,earthquake,0,96
pr71529353,2026-08-22 09:06:50.820000+00:00,"116 km N of Charlotte Amalie, U.S. Virgin Islands",3.41,md,-64.8276666666667,19.3886666666667,14.77,pr,earthquake,0,179
pr71529348,2026-08-22 08:59:30.720000+00:00,"42 km S of Boca de Yuma, Dominican Republic",3.27,md,-68.5321666666667,18.004,66.43,pr,earthquake,0,165
us6000tmrx,2026-08-22 08:29:00.857000+00:00,"83 km NNE of Ruteng, Indonesia",4.8,mb,120.6999,-7.8939,10.0,us,earthquake,0,354
us6000tmrw,2026-08-22 08:22:37.740000+00:00,Scotia Sea,6.2,mww,-47.6047,-60.3789,10.0,us,earthquake,0,591
aka2026qozpem,2026-08-22 08:14:30.695000+00:00,"93 km SE of King Cove, Alaska",3.1,ml,-161.354,54.43,7.3,ak,earthquake,0,148
nn00923683,2026-08-22 07:51:44.976000+00:00,"20 km ESE of Silver Springs, Nevada",2.65,ml,-118.9978,39.3471,6.6455,nn,earthquake,0,108
us6000tmrq,2026-08-22 07:43:51.050000+00:00,"76 km SSW of San Jose Village, Northern Mariana Islands",4.6,mb,145.3295,14.337,115.924,us,earthquake,0,326
aka2026qoynpe,2026-08-22 07:42:40.939000+00:00,"1 km WSW of Hope, Alaska",3.9,ml,-149.666,60.911,31.3,ak,earthquake,0,594
us6000tmrn,2026-08-22 07:40:12.697000+00:00,Scotia Sea,5.7,mb,-47.2591,-60.2649,10.0,us,earthquake,0,500
us6000tmri,2026-08-22 07:21:25.611000+00:00,northern Mid-Atlantic Ridge,4.9,mb,-44.6327,12.5208,10.0,us,earthquake,0,369
aka2026qoxams,2026-08-22 06:57:35.556000+00:00,"99 km SSW of Nikolski, Alaska",2.6,ml,-169.674,52.192,14.0,ak,earthquake,0,104
us6000tmrf,2026-08-22 06:43:39.032000+00:00,"45 km SE of Lukatan, Philippines",5.0,mb,126.7362,6.7397,107.802,us,earthquake,0,385
pr71529313,2026-08-22 06:22:40.370000+00:00,"62 km NW of San Antonio, Puerto Rico",3.21,md,-67.5663333333333,18.8396666666667,17.23,pr,earthquake,0,159
pr2026234001,2026-08-22 05:50:31.820000+00:00,"83 km NE of Punta Cana, Dominican Republic",3.7,md,-67.7711,19.039,71.0,pr,earthquake,0,211
us6000tmra,2026-08-22 05:47:07.443000+00:00,"167 km SE of San Jose Village, Northern Mariana Islands",4.9,mb,146.7194,13.8954,10.0,us,earthquake,0,370
us6000tmr7,2026-08-22 05:45:11.914000+00:00,"71 km NNW of Ende, Indonesia",4.7,mb,121.4575,-8.2301,10.0,us,earthquake,0,340
aka2026qotnql,2026-08-22 05:12:47.369000+00:00,"235 km ESE of Attu Station, Alaska",3.2,ml,176.346,51.992,26.3,ak,earthquake,0,158
aka2026qotkvo,2026-08-22 05:09:37.560000+00:00,"104 km S of False Pass, Alaska",2.7,ml,-163.204,53.924,18.7,ak,earthquake,0,112
us6000tmr2,2026-08-22 04:44:08.744000+00:00,"6 km S of Kitcharao, Philippines",5.0,mb,125.5805,9.3981,10.0,us,earthquake,0,385
aka2026qoqwmh,2026-08-22 03:52:54.510000+00:00,"238 km ESE of Attu Station, Alaska",3.0,ml,176.234,51.803,24.5,ak,earthquake,0,138
us6000tmqf,2026-08-22 03:40:14.817000+00:00,"49 km SE of Yilan, Taiwan",4.4,mwr,122.0811,24.4244,38.316,us,earthquake,0,299
us6000tmq8,2026-08-22 01:59:28.543000+00:00,"42 km NE of Ruteng, Indonesia",4.6,mb,120.6927,-8.3069,10.0,us,earthquake,0,326
pr2026234000,2026-08-22 01:53:56.120000+00:00,"130 km N of Charlotte Amalie, U.S. Virgin Islands",3.68,md,-64.7776,19.5103,11.0,pr,earthquake,0,208
us6000tmq6,2026-08-22 01:34:57.606000+00:00,southern Mid-Atlantic Ridge,5.3,mb,-14.8824,-12.7714,10.0,us,earthquake,0,432
us6000tmq5,2026-08-22 01:30:59.335000+00:00,"38 km NNE of Ruteng, Indonesia",5.2,mww,120.5614,-8.2752,10.0,us,earthquake,0,416
us6000tmpu,2026-08-22 00:03:40.653000+00:00,"66 km WNW of Abra Pampa, Argentina",4.4,mb,-66.3169,-22.5642,251.591,us,earthquake,0,298
us6000tmq2,2026-08-21 23:56:40.886000+00:00,"225 km SE of Chiniak, Alaska",2.9,ml,-149.8189,56.1055,10.0,us,earthquake,0,129
us6000tmnz,2026-08-21 22:26:03.081000+00:00,"147 km NE of Diego de Almagro, Chile",4.7,mb,-68.8817,-25.5675,102.426,us,earthquake,0,340
us6000tmny,2026-08-21 22:00:04.478000+00:00,"112 km S of Vilyuchinsk, Russia",4.4,mb,158.3489,51.9171,74.665,us,earthquake,0,298
us6000tmnw,2026-08-21 21:54:47.902000+00:00,"26 km S of Tagāb, Afghanistan",4.1,mb,69.669,34.6161,10.0,us,earthquake,0,259
nn00923660,2026-08-21 21:53:51.693000+00:00,"46 km NW of Beatty, Nevada",2.58,ml,-117.1202,37.2141,8.278,nn,earthquake,0,102
us6000tmn5,2026-08-21 20:21:53.693000+00:00,"83 km NNE of Ruteng, Indonesia",4.9,mb,120.6371,-7.8778,10.0,us,earthquake,0,369
us6000tmms,2026-08-21 20:00:37.001000+00:00,"7 km NNW of Edgefield, Louisiana",3.4,mb_lg,-93.358,32.1138,5.0,us,earthquake,0,211
us6000tmm3,2026-08-21 18:05:20.972000+00:00,"195 km SE of Miyakojima, Japan",4.7,mb,126.8077,23.6827,10.0,us,earthquake,0,340
us6000tmlu,2026-08-21 17:41:44.453000+00:00,"194 km SW of Labuan, Indonesia",5.7,mww,104.5501,-7.5836,10.0,us,earthquake,0,500
ci41532240,2026-08-21 17:26:17.660000+00:00,"10 km ENE of Coso Junction, CA",3.29,ml,-117.841833333333,36.0685,2.54,ci,earthquake,0,167
us6000tmlk,2026-08-21 17:06:37.647000+00:00,"93 km N of Ruteng, Indonesia",4.9,mb,120.4576,-7.7653,10.0,us,earthquake,0,369
us6000tmlh,2026-08-21 16:45:36.257000+00:00,"131 km W of Pangai, Tonga",4.6,mb,-175.5959,-19.6215,272.943,us,earthquake,0,326
us6000tmkv,2026-08-21 16:05:29.136000+00:00,"32 km WNW of Ruteng, Indonesia",4.5,mb,120.1965,-8.4834,10.0,us,earthquake,0,312
us6000tmyx,2026-08-21 15:49:25.152000+00:00,southern East Pacific Rise,4.5,mb,-105.5777,-35.3404,10.0,us,earthquake,0,312
us6000tmj2,2026-08-21 15:21:18.023000+00:00,"178 km W of Neiafu, Tonga",4.1,mb,-175.658,-18.4604,271.116,us,earthquake,0,259
ci41532104,2026-08-21 15:16:58.230000+00:00,"10 km ENE of Coso Junction, CA",2.98,ml,-117.841666666667,36.0648333333333,2.7,ci,earthquake,0,137
us6000tmiz,2026-08-21 15:08:31.164000+00:00,"Bonin Islands, Japan region",4.4,mb,142.5974,28.6031,10.0,us,earthquake,0,298
us6000tmip,2026-08-21 14:27:38.581000+00:00,south of the Fiji Islands,4.3,mb,179.8615,-24.5215,525.13,us,earthquake,0,284
us6000tmys,2026-08-21 13:44:07.256000+00:00,northern Mid-Atlantic Ridge,4.6,mb,-27.6401,48.0431,10.0,us,earthquake,0,326
pr71529213,2026-08-21 13:31:47.070000+00:00,"109 km N of Charlotte Amalie, U.S. Virgin Islands",3.4,md,-64.8663333333333,19.3255,11.74,pr,earthquake,0,178
us7000tcb4,2026-08-21 13:26:17.520000+00:00,"160 km W of Neiafu, Tonga",4.1,mb,-175.4853,-18.4155,272.249,us,earthquake,0,259
us6000tmfv,2026-08-21 13:11:13.084000+00:00,south of the Fiji Islands,4.5,mb,179.8055,-24.5302,522.254,us,earthquake,0,312
us6000tmft,2026-08-21 13:06:40.031000+00:00,South Sandwich Islands region,5.4,mb,-26.5525,-58.837,151.97,us,earthquake,0,449
aka2026qnmnxf,2026-08-21 12:43:35.012000+00:00,"81 km SE of Unalaska, Alaska",2.7,ml,-165.793,53.286,16.8,ak,earthquake,0,112
us6000tmfl,2026-08-21 12:32:50.793000+00:00,"149 km WSW of Fakfak, Indonesia",4.9,mb,131.0401,-3.4075,10.0,us,earthquake,0,369
us6000tmfi,2026-08-21 12:19:02.927000+00:00,Kermadec Islands region,4.9,mb,-178.7122,-31.9377,69.842,us,earthquake,0,369
us6000tmfe,2026-08-21 12:02:07.072000+00:00,"148 km SSE of Tateyama, Japan",5.4,mww,140.3802,33.7171,61.666,us,earthquake,0,451
us6000tmfc,2026-08-21 11:55:28.424000+00:00,Banda Sea,4.6,mb,129.8904,-6.4826,169.579,us,earthquake,0,326
us6000tmfd,2026-08-21 11:54:49.678000+00:00,"62 km ENE of Ruteng, Indonesia",4.6,mb,120.9404,-8.3093,10.0,us,earthquake,0,326
aka2026qnjvsi,2026-08-21 11:22:36.073000+00:00,"261 km WSW of Adak, Alaska",3.1,ml,179.707,51.3,22.3,ak,earthquake,0,148
us6000tmf7,2026-08-21 11:16:52.056000+00:00,"47 km N of Ruteng, Indonesia",4.5,mb,120.5325,-8.1896,10.0,us,earthquake,0,312
nc75422337,2026-08-21 11:10:57+00:00,"3 km SE of Ferndale, CA",2.57,md,-124.232833862305,40.5596656799316,13.289999961853,nc,earthquake,0,102
us6000tmf5,2026-08-21 11:03:03.763000+00:00,"44 km N of Ruteng, Indonesia",4.6,mb,120.5403,-8.213,9.98,us,earthquake,0,326
us6000tmf2,2026-08-21 10:38:57.051000+00:00,"237 km NNW of Kuril’sk, Russia",4.5,mb,146.7826,47.2192,350.501,us,earthquake,0,312
us6000tmmw,2026-08-21 09:56:29.113000+00:00,"104 km SSE of Sand Point, Alaska",3.5,mb,-160.1073,54.4254,35.0,us,earthquake,0,188
tx2026qkpsfm,2026-08-21 09:40:15.626000+00:00,"58 km S of Whites City, New Mexico",3.2,ml,-104.435,31.654,6.7151,tx,earthquake,0,158
us6000tmes,2026-08-21 09:22:36.390000+00:00,"1 km N of Alegria, Philippines",5.1,mb,125.5784,9.4833,10.0,us,earthquake,0,400
us6000tmer,2026-08-21 09:12:20.890000+00:00,"19 km W of Jabonga, Philippines",5.2,mb,125.342,9.3382,10.0,us,earthquake,0,418
us6000tmeq,2026-08-21 08:54:58.666000+00:00,"39 km NNE of Ruteng, Indonesia",4.4,mb,120.5979,-8.2802,12.389,us,earthquake,0,298
us6000tmek,2026-08-21 08:30:16.147000+00:00,"47 km N of Ruteng, Indonesia",4.5,mb,120.4425,-8.184,8.599,us,earthquake,0,312
us6000tmej,2026-08-21 08:14:00.531000+00:00,"86 km N of Ruteng, Indonesia",4.9,mb,120.4643,-7.8322,35.067,us,earthquake,0,369
us6000tmei,2026-08-21 08:12:33.842000+00:00,south of Tonga,5.1,mb,-175.2565,-24.8208,10.0,us,earthquake,0,400
aka2026qncylv,2026-08-21 07:55:55.920000+00:00,"196 km SE of Perryville, Alaska",3.2,ml,-156.848,54.731,35.7,ak,earthquake,0,158
us6000tmlc,2026-08-21 07:21:30.624000+00:00,"231 km ESE of Attu Station, Alaska",3.4,ml,176.3281,52.0444,10.0,us,earthquake,0,178
uu80149666,2026-08-21 07:09:24.920000+00:00,"2 km NNW of Little America, Wyoming",3.12,ml,-109.8725,41.562,-2.84,uu,earthquake,0,150
us7000tcak,2026-08-21 06:19:00.917000+00:00,"73 km NW of Ende, Indonesia",4.4,mb,121.2622,-8.3137,10.0,us,earthquake,0,298
us6000tme0,2026-08-21 05:56:46.764000+00:00,south of Africa,4.6,mb,23.5692,-53.142,10.0,us,earthquake,0,326
aka2026qmxwhm,2026-08-21 05:23:22.301000+00:00,"76 km SSE of Nikolski, Alaska",2.6,ml,-168.259,52.359,4.2,ak,earthquake,0,104
us6000tmdx,2026-08-21 05:22:05.102000+00:00,"108 km S of False Pass, Alaska",2.8,ml,-163.2628,53.8814,10.0,us,earthquake,0,121
us6000tmd6,2026-08-21 03:14:24.017000+00:00,"100 km S of False Pass, Alaska",4.2,mb,-163.3413,53.9496,30.859,us,earthquake,0,271
pr71529188,2026-08-21 02:41:18.750000+00:00,"104 km N of Charlotte Amalie, U.S. Virgin Islands",3.4,md,-64.8143333333333,19.2751666666667,72.97,pr,earthquake,0,178
pr2026233000,2026-08-21 02:36:49.390000+00:00,"119 km N of Charlotte Amalie, U.S. Virgin Islands",3.73,md,-64.8648,19.4205,18.0,pr,earthquake,0,214
us6000tmd2,2026-08-21 02:33:07.261000+00:00,"26 km NNE of Ruteng, Indonesia",4.6,mb,120.5112,-8.3786,10.0,us,earthquake,0,326
us6000tmcv,2026-08-21 02:17:21.555000+00:00,"39 km N of Ruteng, Indonesia",4.4,mb,120.4258,-8.2543,10.0,us,earthquake,0,298
us6000tmct,2026-08-21 02:06:18.768000+00:00,"11 km NNW of Ilgaz, Turkey",4.3,mb,33.5713,41.0198,10.0,us,earthquake,0,284
aka2026qmqubn,2026-08-21 01:50:57.709000+00:00,"111 km NNE of Kobuk, Alaska",2.5,ml,-156.182,67.874,3.7,ak,earthquake,0,96
us6000tmds,2026-08-21 01:49:29.708000+00:00,"235 km ESE of Attu Station, Alaska",3.4,ml,176.3593,52.0089,32.36,us,earthquake,0,178
us6000tmcn,2026-08-21 01:38:42.430000+00:00,"75 km NW of Ende, Indonesia",4.6,mb,121.2731,-8.2838,10.0,us,earthquake,0,326
aka2026qmqaka,2026-08-21 01:28:24.480000+00:00,"87 km SSE of Akutan, Alaska",2.5,ml,-165.243,53.417,4.4,ak,earthquake,0,96
us6000tmcj,2026-08-21 01:18:05.726000+00:00,"45 km NNE of Ruteng, Indonesia",4.6,mb,120.5956,-8.2183,10.0,us,earthquake,0,326
us6000tmdp,2026-08-21 01:13:26.436000+00:00,"232 km ESE of Attu Station, Alaska",3.0,ml,176.3544,52.0558,12.139,us,earthquake,0,138
us6000tmcf,2026-08-21 01:11:50.896000+00:00,"73 km SSE of Akutan, Alaska",4.3,mwr,-165.3313,53.524,35.0,us,earthquake,0,284
us6000tmdn,2026-08-21 01:08:12.247000+00:00,"70 km SSE of Adak, Alaska",3.4,ml,-176.2539,51.2868,6.43,us,earthquake,0,178
tx2026qjynzf,2026-08-21 01:04:41.821000+00:00,"55 km NW of Toyah, Texas",2.5,ml,-104.223,31.655,6.5485,tx,earthquake,0,96
us6000tmdi,2026-08-21 00:06:59.446000+00:00,"234 km ESE of Attu Station, Alaska",3.2,ml,176.4013,52.0698,10.0,us,earthquake,0,158
us6000tmc4,2026-08-21 00:01:20.430000+00:00,"6 km W of Onna, Japan",4.7,mb,127.7859,26.4848,44.11,us,earthquake,0,340
us6000tmpp,2026-08-20 23:39:27.019000+00:00,"229 km ESE of Attu Station, Alaska",3.2,ml,176.3942,52.2028,10.0,us,earthquake,0,158
us6000tmbw,2026-08-20 23:36:41.054000+00:00,Pacific-Antarctic Ridge,5.0,mb,-141.4541,-56.5921,10.0,us,earthquake,0,385
us6000tmbl,2026-08-20 23:01:37.175000+00:00,"51 km NNE of Labuan Bajo, Indonesia",4.4,mb,120.0081,-8.0474,10.0,us,earthquake,0,298
us6000tmpg,2026-08-20 22:06:51.640000+00:00,"233 km ESE of Attu Station, Alaska",3.0,ml,176.3369,52.0203,10.0,us,earthquake,0,138
us6000tmph,2026-08-20 22:05:24.500000+00:00,"94 km S of False Pass, Alaska",2.8,ml,-163.5843,54.0087,35.0,us,earthquake,0,121
us6000tmpf,2026-08-20 22:05:06.286000+00:00,"87 km SSW of False Pass, Alaska",2.6,ml,-163.8315,54.1096,35.0,us,earthquake,0,104
us6000tmb4,2026-08-20 21:57:40.312000+00:00,"85 km N of Saipan, Northern Mariana Islands",4.5,mb,145.6176,15.9742,213.529,us,earthquake,0,312
us6000tmpe,2026-08-20 21:50:18.806000+00:00,"233 km ESE of Attu Station, Alaska",3.1,ml,176.3338,52.0115,10.0,us,earthquake,0,148
us6000tmpd,2026-08-20 21:42:13.611000+00:00,"235 km ESE of Attu Station, Alaska",3.0,ml,176.3122,51.9308,10.0,us,earthquake,0,138
us6000tmau,2026-08-20 21:30:31.187000+00:00,"17 km SSW of Tambo, Peru",4.4,mb,-73.9735,-14.9534,86.026,us,earthquake,0,298
aka2026qmfwlo,2026-08-20 20:23:33.354000+00:00,"235 km ESE of Attu Station, Alaska",3.4,ml,176.27,51.895,5.0,ak,earthquake,0,178
us6000tm9h,2026-08-20 19:53:51.824000+00:00,"78 km NNW of Ende, Indonesia",5.0,mb,121.3299,-8.214,10.0,us,earthquake,0,385
us6000tm93,2026-08-20 19:24:03.495000+00:00,"63 km NW of Ende, Indonesia",5.0,mb,121.2709,-8.423,10.0,us,earthquake,0,385
aka2026qmdhuk,2026-08-20 19:07:01.260000+00:00,"237 km ESE of Attu Station, Alaska",3.1,ml,176.281,51.873,3.6,ak,earthquake,0,148
aka2026qmcgdw,2026-08-20 18:34:53.532000+00:00,"232 km ESE of Attu Station, Alaska",2.8,ml,176.298,51.979,5.0,ak,earthquake,0,121
us6000tm8j,2026-08-20 18:25:19.502000+00:00,"183 km SE of Kokopo, Papua New Guinea",5.1,mb,153.5631,-5.3709,35.0,us,earthquake,0,400
us6000tm8h,2026-08-20 18:12:51.721000+00:00,"67 km NNW of Ende, Indonesia",5.6,mb,121.3981,-8.2877,10.0,us,earthquake,0,482
us6000tm81,2026-08-20 18:00:18.626000+00:00,"31 km NW of Aniso, Peru",6.7,mww,-73.5236,-14.6414,99.0,us,earthquake,0,729
aka2026qmbais,2026-08-20 17:58:27.739000+00:00,"31 km SE of Chickaloon, Alaska",3.5,ml,-148.103,61.566,12.4,ak,earthquake,0,190
aka2026qmanuu,2026-08-20 17:43:44.308000+00:00,"235 km ESE of Attu Station, Alaska",3.2,ml,176.315,51.946,5.0,ak,earthquake,0,158
aka2026qlzknm,2026-08-20 17:10:02.311000+00:00,"213 km ESE of Chiniak, Alaska",2.7,ml,-149.088,56.782,5.0,ak,earthquake,0,112
us7000tc6y,2026-08-20 16:37:43.889000+00:00,"8 km SSE of Labuan Bajo, Indonesia",4.4,mb,119.9212,-8.5698,10.0,us,earthquake,0,298
us6000tmnq,2026-08-20 16:33:47.004000+00:00,"224 km SE of Nikolski, Alaska",2.5,ml,-166.1821,51.7614,10.0,us,earthquake,0,96
aka2026qlxomk,2026-08-20 16:14:40.736000+00:00,"48 km SSW of Covenant Life, Alaska",3.1,ml,-136.37,59.024,2.0,ak,earthquake,0,148
us7000tc6w,2026-08-20 16:03:11.904000+00:00,"125 km SSW of Vanimo, Papua New Guinea",4.3,mb,141.0635,-3.7909,35.0,us,earthquake,0,284
aka2026qlvebe,2026-08-20 15:02:37.005000+00:00,"48 km SSW of Covenant Life, Alaska",2.8,ml,-136.396,59.03,5.0,ak,earthquake,0,121
us7000tc6v,2026-08-20 14:51:57.129000+00:00,Mariana Islands region,4.2,mb,143.0202,21.9582,207.389,us,earthquake,0,271
us6000tm46,2026-08-20 14:46:39.024000+00:00,"7 km SW of Sand Point, Alaska",3.7,ml,-160.5879,55.2887,10.0,us,earthquake,0,211
us6000tm44,2026-08-20 14:31:33.928000+00:00,"85 km SSW of Singaparna, Indonesia",4.4,mb,107.881,-8.0866,53.437,us,earthquake,0,298
us6000tmnd,2026-08-20 14:04:44.735000+00:00,"232 km ESE of Attu Station, Alaska",2.8,ml,176.2894,51.9768,10.0,us,earthquake,0,121
us6000tm42,2026-08-20 13:55:00.046000+00:00,"172 km NE of Lorengau, Papua New Guinea",5.0,mb,148.5466,-1.143,10.0,us,earthquake,0,385
us6000tm40,2026-08-20 13:36:46.937000+00:00,"20 km NNE of Fence Lake, New Mexico",2.9,ml,-108.5852,34.8227,10.0,us,earthquake,0,129
ci41531152,2026-08-20 13:32:28.050000+00:00,"8 km WSW of Alberto Oviedo Mota, B.C., MX",2.69,ml,-115.251333333333,32.2066666666667,8.28,ci,earthquake,0,111
us7000tc6t,2026-08-20 13:14:32.647000+00:00,southeast of the Loyalty Islands,4.4,mb,171.4173,-22.4158,120.922,us,earthquake,0,298
aka2026qlrlhg,2026-08-20 13:11:15.033000+00:00,"47 km ENE of Pedro Bay, Alaska",2.6,ml,-153.347,59.978,143.4,ak,earthquake,0,104
us6000tm3t,2026-08-20 12:27:36.440000+00:00,"217 km E of Levuka, Fiji",4.8,mb,-178.6517,-17.7971,564.28,us,earthquake,0,354
aka2026qlnvqp,2026-08-20 11:23:13.895000+00:00,"23 km ESE of Elmendorf Air Force Base, Alaska",3.0,ml,-149.217,61.185,28.5,ak,earthquake,0,149
aka2026qlnush,2026-08-20 11:22:06.059000+00:00,"63 km W of Happy Valley, Alaska",2.9,ml,-152.862,60.033,120.4,ak,earthquake,0,129
us6000tmmf,2026-08-20 11:02:13.104000+00:00,"209 km SE of Adak, Alaska",2.6,ml,-174.9334,50.3276,35.203,us,earthquake,0,104
us6000tmmc,2026-08-20 10:53:57.265000+00:00,"233 km ESE of Attu Station, Alaska",3.7,ml,176.3029,51.9652,8.748,us,earthquake,0,211
us6000tm31,2026-08-20 10:08:26.207000+00:00,"86 km NNE of Ruteng, Indonesia",4.6,mb,120.8686,-7.9402,10.0,us,earthquake,0,326
us6000tm2y,2026-08-20 09:49:47.975000+00:00,"270 km SSE of Dunhuang, China",5.2,mb,95.4454,37.8058,10.0,us,earthquake,0,416
us6000tm2v,2026-08-20 09:30:52.720000+00:00,"48 km NNE of Ruteng, Indonesia",5.3,mb,120.6701,-8.2215,10.0,us,earthquake,0,432
us6000tm2t,2026-08-20 08:53:58.163000+00:00,"69 km NNE of Ruteng, Indonesia",4.8,mb,120.6397,-8.0089,30.903,us,earthquake,0,354
us6000tmcx,2026-08-20 08:53:54.972000+00:00,"158 km S of False Pass, Alaska",2.6,ml,-163.473,53.4332,35.0,us,earthquake,0,104
pr71529103,2026-08-20 08:32:09.410000+00:00,"48 km N of Charlotte Amalie, U.S. Virgin Islands",3.01,md,-65.0173333333333,18.7753333333333,26.19,pr,earthquake,0,139
nn00923566,2026-08-20 08:27:02.155000+00:00,"75 km ENE of Tonopah, Nevada",2.58,ml,-116.5065,38.442,6.2916,nn,earthquake,0,102
us6000tm2l,2026-08-20 08:25:50.773000+00:00,"114 km N of Yakutat, Alaska",2.5,ml,-139.8902,60.5726,5.0,us,earthquake,0,96
us7000tc6f,2026-08-20 08:12:26.189000+00:00,"69 km NE of Labuan Bajo, Indonesia",4.3,mb,120.2804,-8.0045,7.089,us,earthquake,0,284
us6000tm2k,2026-08-20 08:01:33.960000+00:00,"44 km N of Ruteng, Indonesia",5.0,mb,120.4906,-8.2074,35.0,us,earthquake,0,385
us7000tc6d,2026-08-20 07:58:26.702000+00:00,"64 km N of Ruteng, Indonesia",4.5,mb,120.5156,-8.0268,10.0,us,earthquake,0,312
us6000tm2j,2026-08-20 07:55:03.944000+00:00,"40 km NNW of Ruteng, Indonesia",5.0,mb,120.3323,-8.2667,15.891,us,earthquake,0,385
us7000tc6c,2026-08-20 07:50:33.124000+00:00,"44 km NNE of Ruteng, Indonesia",4.5,mb,120.608,-8.2387,32.7,us,earthquake,0,312
us6000tm2i,2026-08-20 07:48:15.352000+00:00,"62 km W of Ollagüe, Chile",4.2,mb,-68.8556,-21.2697,124.994,us,earthquake,0,271
us7000tc6b,2026-08-20 07:36:03.715000+00:00,"216 km SSE of Vilyuchinsk, Russia",4.3,mb,159.5735,51.1193,10.0,us,earthquake,0,284
us7000tc69,2026-08-20 06:55:46.780000+00:00,"187 km SSE of Vilyuchinsk, Russia",4.6,mb,159.6591,51.4374,10.0,us,earthquake,0,326
aka2026qlcjyh,2026-08-20 05:39:49.981000+00:00,"57 km N of Petersville, Alaska",3.0,ml,-150.949,63.008,125.2,ak,earthquake,0,138
nn00923551,2026-08-20 05:37:25.830000+00:00,"17 km NNW of Indian Springs, Nevada",2.72,ml,-115.7455,36.712,7.2091,nn,earthquake,0,114
us6000tm2a,2026-08-20 05:28:40.768000+00:00,"18 km E of Funaishikawa, Japan",4.3,mb,140.7756,36.4519,49.9,us,earthquake,0,285
us7000tc66,2026-08-20 05:08:59.619000+00:00,"79 km N of Ruteng, Indonesia",4.6,mb,120.4649,-7.8919,9.879,us,earthquake,0,326
us6000tmcl,2026-08-20 05:01:45.656000+00:00,"231 km ESE of Attu Station, Alaska",2.6,ml,176.4245,52.2019,75.759,us,earthquake,0,104
aka2026qlazoq,2026-08-20 04:57:50.741000+00:00,"100 km SSE of Nikolski, Alaska",2.5,ml,-168.048,52.181,1.4,ak,earthquake,0,96
us6000tm25,2026-08-20 04:52:51.796000+00:00,"85 km S of Antofagasta, Chile",4.7,mwr,-70.4642,-24.4187,35.275,us,earthquake,0,340
us6000tmbv,2026-08-20 04:49:45.583000+00:00,"231 km ESE of Attu Station, Alaska",3.0,ml,176.2852,51.9888,6.546,us,earthquake,0,138
us6000tmbt,2026-08-20 04:36:44.720000+00:00,"208 km SE of Atka, Alaska",2.8,ml,-172.2564,50.7664,35.0,us,earthquake,0,121
nm60627091,2026-08-20 04:35:16.530000+00:00,"6 km NW of Massac, Kentucky",2.47,md,-88.7798333333333,37.0568333333333,13.86,nm,earthquake,0,118
us6000tm22,2026-08-20 04:33:23.405000+00:00,"71 km N of Ruteng, Indonesia",4.6,mb,120.3917,-7.9704,10.0,us,earthquake,0,326
us6000tm1y,2026-08-20 04:23:57.331000+00:00,"26 km NNW of Ruteng, Indonesia",4.6,mb,120.3951,-8.386,10.0,us,earthquake,0,326
pr71529088,2026-08-20 03:57:05.120000+00:00,"57 km NW of Rincón, Puerto Rico",2.94,md,-67.6003333333333,18.7431666666667,20.48,pr,earthquake,0,133
pr71529118,2026-08-20 03:54:39.460000+00:00,"67 km N of Cruz Bay, U.S. Virgin Islands",2.77,md,-64.723,18.9418333333333,26.94,pr,earthquake,0,118
us6000tm1m,2026-08-20 03:09:06.998000+00:00,"81 km W of San Antonio de los Cobres, Argentina",4.7,mb,-67.1154,-24.3365,166.707,us,earthquake,0,340
us6000tm1l,2026-08-20 03:00:57.597000+00:00,"45 km NNE of Ruteng, Indonesia",4.7,mb,120.662,-8.2547,10.0,us,earthquake,0,340
aka2026qkxamm,2026-08-20 02:58:56.527000+00:00,"56 km NNW of Petersville, Alaska",2.6,ml,-151.01,62.994,118.5,ak,earthquake,0,104
us6000tm1j,2026-08-20 02:46:59.072000+00:00,"32 km NNE of Ruteng, Indonesia",5.7,mww,120.6104,-8.3582,10.0,us,earthquake,0,500
us6000tm1i,2026-08-20 02:45:05.026000+00:00,"Rat Islands, Aleutian Islands, Alaska",4.0,mb,178.7648,50.9497,35.0,us,earthquake,0,246
us6000tm1h,2026-08-20 02:42:24.319000+00:00,"87 km SE of Unalaska, Alaska",2.5,ml,-165.6306,53.2986,35.0,us,earthquake,0,96
us6000tm1e,2026-08-20 02:24:48.024000+00:00,"45 km NNE of Ruteng, Indonesia",4.7,mb,120.6074,-8.2293,10.0,us,earthquake,0,340
pr71529063,2026-08-20 01:49:53.500000+00:00,"67 km NE of Cruz Bay, U.S. Virgin Islands",3.42,md,-64.4091666666667,18.823,4.46,pr,earthquake,0,180
us6000tm1g,2026-08-20 01:31:15.052000+00:00,"232 km ESE of Attu Station, Alaska",3.0,ml,176.3211,52.0042,1.252,us,earthquake,0,138
us6000tm16,2026-08-20 00:20:24.938000+00:00,"87 km S of Isangel, Vanuatu",5.0,mb,169.1514,-20.324,72.946,us,earthquake,0,385
us6000tm1f,2026-08-19 23:52:45.707000+00:00,"281 km ESE of Attu Station, Alaska",2.7,ml,176.9783,51.853,10.0,us,earthquake,0,112
us6000tm10,2026-08-19 23:20:14.116000+00:00,"46 km NE of Ruteng, Indonesia",4.5,mb,120.7214,-8.2733,10.0,us,earthquake,0,312
aka2026qkpgrh,2026-08-19 23:05:52.624000+00:00,"Rat Islands, Aleutian Islands, Alaska",2.9,ml,179.518,50.309,2.3,ak,earthquake,0,129
us7000tbs3,2026-08-19 22:55:48.626000+00:00,"20 km ESE of Labuan Bajo, Indonesia",4.5,mb,120.0558,-8.5688,12.575,us,earthquake,0,312
us6000tm0u,2026-08-19 22:45:17.227000+00:00,"29 km NNE of Ruteng, Indonesia",5.8,mww,120.5389,-8.3585,10.0,us,earthquake,0,520
us7000tbs2,2026-08-19 22:44:11.065000+00:00,"68 km N of Ruteng, Indonesia",4.5,mb,120.4096,-7.9976,10.0,us,earthquake,0,312
us7000tbs0,2026-08-19 22:37:55.234000+00:00,"15 km W of Labuan Bajo, Indonesia",4.1,mb,119.744,-8.4837,10.0,us,earthquake,0,259
us7000tbs1,2026-08-19 22:33:24.820000+00:00,"45 km N of Ruteng, Indonesia",4.5,mb,120.4869,-8.2027,10.0,us,earthquake,0,312
us6000tm0s,2026-08-19 22:28:08.453000+00:00,"33 km N of Ruteng, Indonesia",5.2,mb,120.4487,-8.3067,10.0,us,earthquake,0,416
us7000tbry,2026-08-19 21:43:37.370000+00:00,"16 km N of Labuan Bajo, Indonesia",4.1,mb,119.887,-8.3506,10.0,us,earthquake,0,259
us7000tbsc,2026-08-19 21:43:30.513000+00:00,Owen Fracture Zone region,4.2,mb,56.0752,14.6505,10.0,us,earthquake,0,271
us7000tbrv,2026-08-19 21:35:34.040000+00:00,"36 km NE of Labuan Bajo, Indonesia",4.3,mb,120.161,-8.3081,10.0,us,earthquake,0,284
us7000tbrx,2026-08-19 21:32:14.674000+00:00,"142 km NNW of Ende, Indonesia",4.4,mb,121.2913,-7.608,10.0,us,earthquake,0,298
us7000tbrw,2026-08-19 21:30:15.836000+00:00,"31 km NE of Labuan Bajo, Indonesia",4.3,mb,120.1007,-8.308,10.0,us,earthquake,0,284
us7000tbrt,2026-08-19 21:11:38.885000+00:00,Kermadec Islands region,4.4,mb,-179.7942,-28.1363,338.826,us,earthquake,0,298
us7000tbrs,2026-08-19 21:08:37.386000+00:00,"42 km NNW of Ruteng, Indonesia",4.3,mb,120.2832,-8.2742,9.78,us,earthquake,0,284
us6000tm08,2026-08-19 21:06:48.697000+00:00,"29 km WNW of Ørnes, Norway",4.5,mb,13.0558,66.9521,10.0,us,earthquake,0,316
us6000tlzp,2026-08-19 20:06:29.427000+00:00,"28 km NE of Niños Héroes, Mexico",4.6,mb,-94.3016,17.6051,178.278,us,earthquake,0,326
nn00923526,2026-08-19 20:05:08.816000+00:00,"44 km NNW of Moapa Town, Nevada",2.59,ml,-114.788,37.0482,5.6797,nn,earthquake,0,103
aka2026qkiuau,2026-08-19 19:51:43.802000+00:00,"45 km W of Happy Valley, Alaska",3.7,ml,-152.531,60.029,108.0,ak,earthquake,0,214
us6000tlzv,2026-08-19 19:31:02.231000+00:00,"172 km WSW of Nikolski, Alaska",3.2,ml,-171.0894,52.1846,101.897,us,earthquake,0,158
us6000tlz8,2026-08-19 18:45:29.787000+00:00,"216 km E of Levuka, Fiji",5.4,mww,-178.664,-17.7629,557.465,us,earthquake,0,449
us6000tlzs,2026-08-19 18:39:31.187000+00:00,"207 km SSE of Attu Station, Alaska",3.4,ml,174.4931,51.1686,10.0,us,earthquake,0,178
aka2026qkggsv,2026-08-19 18:36:26.115000+00:00,"49 km NNW of Petersville, Alaska",2.6,ml,-151.05,62.918,113.8,ak,earthquake,0,104
us6000tlz6,2026-08-19 18:34:16.609000+00:00,"40 km NNE of Ruteng, Indonesia",4.4,mb,120.5649,-8.2605,10.0,us,earthquake,0,298
us6000tlzn,2026-08-19 18:33:11.982000+00:00,"71 km ENE of Atka, Alaska",2.7,ml,-173.2542,52.4707,10.195,us,earthquake,0,112
aka2026qkfxfr,2026-08-19 18:25:24.917000+00:00,"48 km ESE of Port Alsworth, Alaska",3.3,ml,-153.469,60.096,163.8,ak,earthquake,0,168
us6000tlyx,2026-08-19 18:12:15.364000+00:00,"Rat Islands, Aleutian Islands, Alaska",2.9,ml,178.3813,51.5345,56.244,us,earthquake,0,129
us6000tlyv,2026-08-19 18:07:17.251000+00:00,"134 km S of Severo-Kuril’sk, Russia",5.4,mww,155.8633,49.4799,41.176,us,earthquake,0,449
us6000tlym,2026-08-19 17:36:14.158000+00:00,"50 km SE of Sarpol-e Z̄ahāb, Iran",4.4,mb,46.3162,34.2005,10.0,us,earthquake,0,298
us6000tlyi,2026-08-19 17:19:34.166000+00:00,"74 km SE of Pondaguitan, Philippines",4.8,mb,126.6639,5.8923,10.0,us,earthquake,0,354
aka2026qkdqtt,2026-08-19 17:18:04.362000+00:00,"49 km NW of Karluk, Alaska",2.7,ml,-154.991,57.906,87.9,ak,earthquake,0,112
aka2026qkcrxb,2026-08-19 16:49:43.559000+00:00,"Rat Islands, Aleutian Islands, Alaska",3.9,ml,178.919,51.726,119.9,ak,earthquake,0,234
us6000tlxq,2026-08-19 16:17:38.400000+00:00,"52 km NNE of Ruteng, Indonesia",5.5,mww,120.6643,-8.1769,10.0,us,earthquake,0,466
us6000tlvn,2026-08-19 14:32:22.495000+00:00,Banda Sea,4.9,mb,125.5363,-5.1696,538.071,us,earthquake,0,369
us6000tlvm,2026-08-19 14:16:25.739000+00:00,"54 km NNE of Ruteng, Indonesia",4.6,mb,120.6178,-8.1452,10.0,us,earthquake,0,326
pr71529018,2026-08-19 14:04:37.890000+00:00,"42 km NNE of Cruz Bay, U.S. Virgin Islands",3.24,md,-64.6676666666667,18.6988333333333,53.78,pr,earthquake,0,162
aka2026qjxeat,2026-08-19 14:03:27.758000+00:00,"57 km WNW of Skwentna, Alaska",2.8,ml,-152.37,62.238,10.0,ak,earthquake,0,121
us6000tlv5,2026-08-19 13:04:42.926000+00:00,"73 km NNE of Labuan Bajo, Indonesia",4.3,mb,120.223,-7.9247,10.0,us,earthquake,0,284
us6000tlv2,2026-08-19 12:19:02.358000+00:00,"21 km N of Kresek, Indonesia",4.4,mb,106.3523,-5.9396,194.344,us,earthquake,0,298
pr71529003,2026-08-19 12:13:55.730000+00:00,"3 km NE of Charlotte Amalie, U.S. Virgin Islands",2.95,md,-64.9135,18.3661666666667,33.77,pr,earthquake,0,134
aka2026qjtlsw,2026-08-19 12:12:41.182000+00:00,"Rat Islands, Aleutian Islands, Alaska",3.7,ml,177.968,51.393,28.2,ak,earthquake,0,211
us6000tluu,2026-08-19 11:43:27.209000+00:00,"151 km NW of Uken, Japan",4.4,mb,127.9755,29.0998,227.931,us,earthquake,0,298
pr71528978,2026-08-19 11:16:28.470000+00:00,"7 km NNE of Brenas, Puerto Rico",2.92,md,-66.3171666666667,18.5313333333333,75.13,pr,earthquake,0,131
aka2026qjrjwb,2026-08-19 11:10:11.661000+00:00,"199 km E of Atka, Alaska",2.9,ml,-171.337,51.881,5.6,ak,earthquake,0,129
us6000tlun,2026-08-19 11:01:37.358000+00:00,"18 km SSW of Balangonan, Philippines",4.8,mb,125.2714,5.4275,84.483,us,earthquake,0,356
us6000tlum,2026-08-19 10:44:59.407000+00:00,"80 km N of Ruteng, Indonesia",4.7,mb,120.4442,-7.8858,10.179,us,earthquake,0,340
us6000tly9,2026-08-19 10:44:48.220000+00:00,"102 km WSW of Adak, Alaska",2.5,ml,-177.9603,51.4557,61.289,us,earthquake,0,96
aka2026qjqeaw,2026-08-19 10:33:32.297000+00:00,"59 km SSE of Atka, Alaska",2.9,ml,-173.972,51.679,20.0,ak,earthquake,0,129
us6000tluz,2026-08-19 10:28:05.035000+00:00,"20 km WNW of San Bartolo, Peru",4.4,mb,-76.9552,-12.3156,54.038,us,earthquake,0,304
us6000tluk,2026-08-19 10:07:18.554000+00:00,"17 km SSW of Bahía Solano, Colombia",4.4,mb,-77.4357,6.0705,10.0,us,earthquake,0,298
us6000tluh,2026-08-19 09:07:19.758000+00:00,"114 km E of Hihifo, Tonga",4.7,mb,-172.7309,-15.9165,10.0,us,earthquake,0,340
us6000tlud,2026-08-19 08:34:13.350000+00:00,"97 km ENE of Khorugh, Tajikistan",4.1,mb,72.4938,37.9494,121.958,us,earthquake,0,259
us6000tlxm,2026-08-19 08:22:38+00:00,"134 km WSW of Adak, Alaska",3.7,mb,-178.2891,51.2451,45.41,us,earthquake,0,211
us6000tly2,2026-08-19 07:44:19.673000+00:00,"262 km ESE of Attu Station, Alaska",2.6,ml,176.8311,52.0677,9.618,us,earthquake,0,104
ci41529896,2026-08-19 07:31:35.950000+00:00,"14 km N of Warner Springs, CA",3.64,ml,-116.652,33.4063333333333,4.73,ci,earthquake,0,260
us6000tlxz,2026-08-19 07:27:39.195000+00:00,"260 km ESE of Attu Station, Alaska",2.9,ml,176.8034,52.0694,5.658,us,earthquake,0,129
us6000tlxy,2026-08-19 07:25:52.452000+00:00,"274 km ESE of Attu Station, Alaska",3.7,ml,176.8807,51.8677,10.0,us,earthquake,0,211
us6000tlxr,2026-08-19 07:02:35.979000+00:00,"108 km S of Sand Point, Alaska",2.5,ml,-160.3046,54.3661,10.0,us,earthquake,0,96
aka2026qjicgs,2026-08-19 06:31:59.266000+00:00,"23 km NNW of Susitna, Alaska",2.7,ml,-150.751,61.72,51.9,ak,earthquake,0,112
us6000tltz,2026-08-19 06:17:46.804000+00:00,"18 km ENE of Okanagan Falls, Canada",2.9,ml,-119.342,49.4239,10.0,us,earthquake,0,140
us6000tltq,2026-08-19 05:22:24.762000+00:00,"265 km SSE of Dunhuang, China",4.7,mb,95.5097,37.8621,10.0,us,earthquake,0,340
us6000tltj,2026-08-19 04:57:07.036000+00:00,"42 km N of Ruteng, Indonesia",4.4,mb,120.4092,-8.235,10.0,us,earthquake,0,298
us6000tltg,2026-08-19 04:51:47.326000+00:00,"36 km WNW of Ollagüe, Chile",4.6,mb,-68.5483,-21.0451,124.813,us,earthquake,0,326
us6000tlta,2026-08-19 04:22:54.144000+00:00,"62 km NNE of Namuac, Philippines",4.8,mb,121.324,19.1513,10.0,us,earthquake,0,354
us6000tlt9,2026-08-19 03:13:29.805000+00:00,"66 km NNW of Ende, Indonesia",5.2,mb,121.4389,-8.2837,30.365,us,earthquake,0,416
us6000tlt2,2026-08-19 02:32:07.996000+00:00,"89 km S of Sand Point, Alaska",3.5,ml,-160.2378,54.5435,35.0,us,earthquake,0,188
aka2026qizwax,2026-08-19 02:24:33.068000+00:00,"38 km ESE of Nikolski, Alaska",2.5,ml,-168.343,52.784,45.2,ak,earthquake,0,96
us6000tlt1,2026-08-19 02:20:00.069000+00:00,"134 km WNW of Hihifo, Tonga",4.5,mb,-174.8659,-15.3235,236.641,us,earthquake,0,312
aka2026qizrrl,2026-08-19 02:19:22.078000+00:00,"113 km SSE of Sand Point, Alaska",2.5,ml,-159.705,54.43,20.4,ak,earthquake,0,96
nn00923484,2026-08-19 01:59:59.440000+00:00,"76 km ENE of Tonopah, Nevada",3.01,ml,-116.4914,38.432,11.6578,nn,earthquake,0,140
nn00923474,2026-08-19 01:59:46.596000+00:00,"75 km ENE of Tonopah, Nevada",2.85,ml,-116.4963,38.4312,11.4209,nn,earthquake,0,125
us6000tlss,2026-08-19 01:44:50.319000+00:00,"74 km NE of Ruteng, Indonesia",4.6,mb,121.0211,-8.2229,10.0,us,earthquake,0,326
aka2026qiyeoy,2026-08-19 01:34:56.974000+00:00,"46 km WSW of Cantwell, Alaska",2.6,ml,-149.784,63.203,10.0,ak,earthquake,0,104
us6000tltd,2026-08-19 01:27:17.869000+00:00,"118 km WSW of Adak, Alaska",2.9,ml,-178.1955,51.4415,11.532,us,earthquake,0,129
us7000tbqq,2026-08-19 00:56:23.003000+00:00,"96 km NNW of Kandrian, Papua New Guinea",4.5,mb,149.0668,-5.4802,7.472,us,earthquake,0,312
us6000tls7,2026-08-19 00:11:39.571000+00:00,"76 km NNW of Ende, Indonesia",4.8,mb,121.3989,-8.2072,35.0,us,earthquake,0,354
us6000tls8,2026-08-19 00:06:38.546000+00:00,"81 km E of Petropavlovsk-Kamchatsky, Russia",4.4,mb,159.8373,53.1738,66.555,us,earthquake,0,298
us6000tls5,2026-08-18 23:59:16.821000+00:00,"75 km NW of Ende, Indonesia",4.6,mb,121.2068,-8.3338,35.0,us,earthquake,0,326
aka2026qiuzyy,2026-08-18 23:59:09.590000+00:00,"52 km S of Cantwell, Alaska",2.7,ml,-148.851,62.926,64.7,ak,earthquake,0,112
us6000tls4,2026-08-18 23:53:51.403000+00:00,"282 km WNW of Houma, Tonga",4.2,mb,-177.7738,-20.1316,504.905,us,earthquake,0,271
us6000tn6h,2026-08-18 23:39:23.356000+00:00,"63 km ENE of Ruteng, Indonesia",4.3,mb,121.0201,-8.4546,10.0,us,earthquake,0,284
us6000tlu5,2026-08-18 22:54:27.485000+00:00,"194 km SSE of Atka, Alaska",2.8,ml,-172.7195,50.7105,10.0,us,earthquake,0,121
us6000tn4w,2026-08-18 22:32:49.427000+00:00,"17 km NE of Labuan Bajo, Indonesia",4.3,mb,119.9835,-8.3656,10.0,us,earthquake,0,284
us6000tn6p,2026-08-18 22:31:10.974000+00:00,Chagos Archipelago region,4.3,mb,68.5014,-5.0065,10.0,us,earthquake,0,284
us6000tlrt,2026-08-18 22:26:55.925000+00:00,"59 km N of Ruteng, Indonesia",4.5,mb,120.4279,-8.0711,35.0,us,earthquake,0,312
us6000tlrq,2026-08-18 21:59:55.492000+00:00,"274 km SSE of Dunhuang, China",4.4,mb,95.414,37.7577,10.0,us,earthquake,0,298
nc75420867,2026-08-18 21:54:59.340000+00:00,"11 km SW of Round Valley, CA",2.61,md,-118.691,37.3456666666667,14.35,nc,earthquake,0,105
us6000tlrj,2026-08-18 21:36:27.999000+00:00,"269 km SSE of Dunhuang, China",5.5,mwb,95.5438,37.8333,6.0,us,earthquake,0,650
us6000tlre,2026-08-18 21:11:40.682000+00:00,"78 km NNW of Ende, Indonesia",4.7,mb,121.3656,-8.1964,35.0,us,earthquake,0,340
us6000tlty,2026-08-18 21:06:17.322000+00:00,"112 km SSE of Atka, Alaska",2.7,ml,-173.3927,51.3164,3.304,us,earthquake,0,112
aka2026qioxsy,2026-08-18 20:56:40.138000+00:00,"7 km WSW of Point MacKenzie, Alaska",2.9,ml,-150.11,61.332,38.1,ak,earthquake,0,132
us6000tlr9,2026-08-18 20:50:15.803000+00:00,"60 km NNW of Ende, Indonesia",4.7,mb,121.5131,-8.3121,10.0,us,earthquake,0,340
us6000tlu2,2026-08-18 20:46:23.392000+00:00,"150 km E of Atka, Alaska",2.6,ml,-172.0301,51.9931,10.0,us,earthquake,0,104
us6000tn6r,2026-08-18 20:31:40.053000+00:00,"5 km S of Ruteng, Indonesia",4.3,mb,120.4553,-8.6641,10.0,us,earthquake,0,284
us6000tlr0,2026-08-18 20:28:55.753000+00:00,"77 km NW of Ende, Indonesia",4.7,mb,121.1792,-8.3363,10.0,us,earthquake,0,340
us6000tn6e,2026-08-18 20:19:42.939000+00:00,"43 km N of Ruteng, Indonesia",4.4,mb,120.4537,-8.2163,10.0,us,earthquake,0,298
us6000tlqv,2026-08-18 20:15:41.238000+00:00,"77 km NW of Ende, Indonesia",4.9,mb,121.2517,-8.2731,10.0,us,earthquake,0,369
us6000tn6d,2026-08-18 20:08:02.775000+00:00,"93 km N of Ruteng, Indonesia",4.6,mb,120.4967,-7.764,10.0,us,earthquake,0,326
us6000tn6c,2026-08-18 20:07:15.475000+00:00,"104 km WNW of Panguna, Papua New Guinea",4.2,mb,154.6792,-5.8189,297.055,us,earthquake,0,271
us6000tn6q,2026-08-18 19:59:08.089000+00:00,"143 km NW of Saga, China",4.3,mb,84.2762,30.3201,10.0,us,earthquake,0,284
us6000tlqq,2026-08-18 19:51:10.750000+00:00,"52 km SSW of Jurm, Afghanistan",5.2,mww,70.6871,36.4032,215.01,us,earthquake,0,416
us6000tn6a,2026-08-18 19:37:32.630000+00:00,"46 km NE of Ruteng, Indonesia",4.3,mb,120.7301,-8.2855,10.0,us,earthquake,0,284
aka2026qildly,2026-08-18 19:03:12.652000+00:00,"33 km ESE of Point Possession, Alaska",2.9,ml,-150.174,60.762,49.3,ak,earthquake,0,129
us6000tlqk,2026-08-18 19:03:07.384000+00:00,"72 km NW of Ende, Indonesia",4.9,mww,121.2251,-8.349,10.0,us,earthquake,0,369
us6000tlqf,2026-08-18 18:51:08.916000+00:00,"24 km NNW of Herāt, Afghanistan",4.3,mb,62.0831,34.5476,10.0,us,earthquake,0,284
us6000tn65,2026-08-18 18:29:47.455000+00:00,"45 km ENE of Ruteng, Indonesia",4.4,mb,120.8504,-8.4566,10.0,us,earthquake,0,298
us6000tn61,2026-08-18 18:15:53.458000+00:00,"51 km NNW of Ruteng, Indonesia",4.1,mb,120.2543,-8.1915,10.0,us,earthquake,0,259
us6000tn63,2026-08-18 18:12:52.512000+00:00,"12 km E of Ruteng, Indonesia",4.1,mb,120.5816,-8.5977,10.0,us,earthquake,0,259
us6000tn60,2026-08-18 18:03:56.304000+00:00,south of Tonga,4.6,mb,-175.0821,-24.7454,10.0,us,earthquake,0,326
us6000tn62,2026-08-18 18:01:08.074000+00:00,"62 km ENE of Colonia, Micronesia",4.5,mb,138.6099,9.8147,10.0,us,earthquake,0,312
nn00923448,2026-08-18 18:00:14.145000+00:00,"20 km ESE of Silver Springs, Nevada",2.54,ml,-119.013,39.3336,7.097,nn,earthquake,0,99
us6000tltv,2026-08-18 17:59:02.282000+00:00,"226 km WSW of Adak, Alaska",2.5,ml,-179.6501,51.0951,14.959,us,earthquake,0,96
pr71528918,2026-08-18 16:33:26.390000+00:00,"82 km N of Charlotte Amalie, U.S. Virgin Islands",3.42,md,-64.8475,19.0803333333333,33.93,pr,earthquake,0,180
nc75420662,2026-08-18 15:59:17.450000+00:00,"28 km NW of Weaverville, CA",2.55,md,-123.218166666667,40.8708333333333,30.78,nc,earthquake,0,100
nn00923438,2026-08-18 15:12:03.666000+00:00,"75 km ENE of Tonopah, Nevada",2.77,ml,-116.5121,38.4421,6.125,nn,earthquake,0,118
nc75420632,2026-08-18 14:59:49.810000+00:00,"50 km W of Petrolia, CA",2.72,md,-124.8765,40.354,17.58,nc,earthquake,0,114
aka2026qicfyg,2026-08-18 14:36:16.787000+00:00,"87 km SSE of Atka, Alaska",2.6,ml,-173.727,51.468,20.0,ak,earthquake,0,104
hv75020262,2026-08-18 14:18:38.540000+00:00,"10 km NE of Pāhala, Hawaii",2.62,ml,-155.405,19.2703333333333,28.54,hv,earthquake,0,106
us6000tlnz,2026-08-18 14:10:03.059000+00:00,"39 km WSW of Kyelang, India",4.3,mb,76.6142,32.5029,45.866,us,earthquake,0,284
us6000tlq9,2026-08-18 13:40:35.124000+00:00,"275 km ESE of Attu Station, Alaska",3.2,ml,176.9364,51.9189,10.0,us,earthquake,0,158
ci41529160,2026-08-18 13:12:45.770000+00:00,"35 km NNW of Santa Barbara Is., CA",2.69,ml,-119.214,33.7623333333333,0.74,ci,earthquake,0,112
us6000tlq8,2026-08-18 13:05:16.900000+00:00,"87 km SSW of Unalaska, Alaska",3.4,ml,-166.8684,53.1173,25.542,us,earthquake,0,178
aka2026qhzdez,2026-08-18 13:03:13.944000+00:00,"244 km WSW of Adak, Alaska",2.6,ml,-179.857,50.986,10.3,ak,earthquake,0,104
aka2026qhylnk,2026-08-18 12:42:30.509000+00:00,"280 km ESE of Attu Station, Alaska",3.0,ml,176.925,51.788,1.0,ak,earthquake,0,138
aka2026qhydao,2026-08-18 12:32:58.857000+00:00,"264 km ESE of Attu Station, Alaska",2.7,ml,176.942,52.205,16.3,ak,earthquake,0,112
aka2026qhxvyy,2026-08-18 12:24:47.110000+00:00,"276 km ESE of Attu Station, Alaska",2.9,ml,176.947,51.899,5.0,ak,earthquake,0,129
us6000tlnv,2026-08-18 12:03:50.174000+00:00,"79 km N of Ruteng, Indonesia",4.9,mb,120.5751,-7.9051,36.253,us,earthquake,0,369
us6000tlmz,2026-08-18 12:00:13.955000+00:00,"72 km NNE of Ruteng, Indonesia",4.7,mb,120.6328,-7.9812,35.0,us,earthquake,0,340
us6000tme3,2026-08-18 11:55:27.398000+00:00,south of Tonga,4.8,mb,-175.2897,-24.8258,10.0,us,earthquake,0,354
aka2026qhwbjb,2026-08-18 11:31:05.474000+00:00,"83 km WSW of Elfin Cove, Alaska",2.5,ml,-137.676,57.942,11.6,ak,earthquake,0,96
us6000tlmt,2026-08-18 11:06:50.913000+00:00,"80 km N of Ruteng, Indonesia",4.7,mb,120.3661,-7.8898,10.259,us,earthquake,0,340
aka2026qhvavz,2026-08-18 11:00:30.426000+00:00,"102 km SW of Adak, Alaska",2.9,ml,-177.872,51.364,52.3,ak,earthquake,0,129
aka2026qhuzmh,2026-08-18 10:58:56.466000+00:00,"274 km ESE of Attu Station, Alaska",2.7,ml,176.925,51.913,4.6,ak,earthquake,0,112
aka2026qhutkf,2026-08-18 10:51:56.221000+00:00,"231 km ESE of Attu Station, Alaska",3.3,ml,176.286,51.986,5.0,ak,earthquake,0,168
us6000tlmq,2026-08-18 10:39:43.915000+00:00,"1 km WSW of Alhendín, Spain",4.7,mb,-3.6598,37.1061,10.0,us,earthquake,0,341
aka2026qhtyhk,2026-08-18 10:27:35.939000+00:00,"276 km ESE of Attu Station, Alaska",2.8,ml,176.944,51.898,2.6,ak,earthquake,0,121
aka2026qhtscl,2026-08-18 10:20:49.991000+00:00,"Rat Islands, Aleutian Islands, Alaska",2.7,ml,178.268,51.869,120.8,ak,earthquake,0,112
us6000tlmc,2026-08-18 09:34:37.659000+00:00,"5 km ENE of Escúzar, Spain",4.6,mb,-3.7084,37.0875,10.0,us,earthquake,0,326
us6000tlma,2026-08-18 09:04:45.332000+00:00,"89 km SE of King Cove, Alaska",3.3,ml,-161.5087,54.4067,35.0,us,earthquake,0,168
us6000tlm6,2026-08-18 09:02:35.424000+00:00,south of the Fiji Islands,4.5,mb,-177.1264,-24.7429,130.03,us,earthquake,0,312
us6000tlm3,2026-08-18 09:01:39.508000+00:00,"74 km N of Ruteng, Indonesia",4.8,mb,120.4656,-7.9353,33.11,us,earthquake,0,354
us6000tllu,2026-08-18 08:37:44.898000+00:00,"2 km WSW of Granada, Spain",4.9,mww,-3.6311,37.1786,10.0,us,earthquake,0,384
us6000tlm8,2026-08-18 08:31:45.441000+00:00,"275 km ESE of Attu Station, Alaska",3.4,ml,176.8919,51.8603,10.0,us,earthquake,0,178
pr71528888,2026-08-18 08:02:38.150000+00:00,"20 km SSW of Cruz Bay, U.S. Virgin Islands",2.53,md,-64.8353333333333,18.1481666666667,16.48,pr,earthquake,0,98
aka2026qhopyy,2026-08-18 07:48:02.428000+00:00,"41 km SSE of Akhiok, Alaska",2.9,ml,-153.987,56.585,34.1,ak,earthquake,0,129
us6000tll5,2026-08-18 07:39:14.876000+00:00,"7 km N of Bintuni, Indonesia",4.4,mb,133.5244,-2.0424,40.602,us,earthquake,0,298
nc75420487,2026-08-18 07:34:58.230000+00:00,"7 km NW of Avenal, CA",2.46,md,-120.175333333333,36.056,10.91,nc,earthquake,0,93
us6000tlm5,2026-08-18 07:16:49.170000+00:00,"78 km SW of Atka, Alaska",2.7,ml,-174.9696,51.671,26.104,us,earthquake,0,112
us6000tlva,2026-08-18 07:07:16.382000+00:00,"8 km NNE of Catia La Mar, Venezuela",3.8,mb,-67.0068,10.6791,17.389,us,earthquake,0,224
us6000tll0,2026-08-18 06:45:39.863000+00:00,"241 km S of Sanana, Indonesia",4.3,mb,125.9428,-4.243,381.022,us,earthquake,0,284
us6000tlm2,2026-08-18 06:12:12.320000+00:00,"229 km ESE of Attu Station, Alaska",3.2,ml,176.2914,52.0286,10.0,us,earthquake,0,158
us6000tlkr,2026-08-18 06:03:30.256000+00:00,"23 km W of Pueblitos, New Mexico",2.5,ml,-107.0349,34.5876,4.921,us,earthquake,0,96
us6000tlm1,2026-08-18 06:03:06.847000+00:00,"277 km ESE of Attu Station, Alaska",3.0,ml,176.9585,51.9024,10.0,us,earthquake,0,138
us6000tlkt,2026-08-18 06:02:20.229000+00:00,"154 km SSE of Teluk Dalam, Indonesia",5.6,mww,98.416,-0.6858,10.0,us,earthquake,0,482
us6000tlkq,2026-08-18 05:42:25.134000+00:00,"33 km S of Champerico, Guatemala",4.0,mb,-91.927,13.9935,35.138,us,earthquake,0,246
us6000tlkl,2026-08-18 05:02:32.244000+00:00,"95 km SW of Puerto Madero, Mexico",5.7,mww,-93.1475,14.2298,10.0,us,earthquake,0,500
pr71528893,2026-08-18 04:49:46.630000+00:00,"57 km NNE of Cruz Bay, U.S. Virgin Islands",2.98,md,-64.6568333333333,18.8298333333333,16.19,pr,earthquake,0,137
us6000tllz,2026-08-18 04:33:57.872000+00:00,"110 km S of Atka, Alaska",3.2,ml,-174.2081,51.2036,35.0,us,earthquake,0,158
aka2026qhibyg,2026-08-18 04:31:56.488000+00:00,"99 km SSW of Diomede, Alaska",2.7,ml,-169.554,64.899,5.0,ak,earthquake,0,112
aka2026qhhxol,2026-08-18 04:26:59.968000+00:00,"168 km S of Adak, Alaska",2.6,ml,-176.224,50.378,15.6,ak,earthquake,0,104
us6000tllw,2026-08-18 04:05:08.113000+00:00,"277 km ESE of Attu Station, Alaska",2.7,ml,176.9266,51.8572,4.814,us,earthquake,0,112
aka2026qhglnv,2026-08-18 03:42:58.516000+00:00,"92 km SE of Atka, Alaska",2.6,ml,-173.413,51.526,20.0,ak,earthquake,0,104
us6000tlkf,2026-08-18 03:40:13.636000+00:00,"15 km WSW of Pueblitos, New Mexico",3.1,ml,-106.9376,34.5679,5.0,us,earthquake,0,149
pr2026230000,2026-08-18 03:33:07.490000+00:00,"7 km SSE of La Romana, Dominican Republic",3.87,md,-68.9501,18.3641,103.0,pr,earthquake,0,230
us6000tllm,2026-08-18 02:48:32.748000+00:00,"101 km SSE of Sand Point, Alaska",3.1,ml,-160.188,54.4449,35.0,us,earthquake,0,148
us6000tlk5,2026-08-18 02:42:38.032000+00:00,"46 km NNW of Ruteng, Indonesia",4.8,mb,120.2573,-8.2434,34.063,us,earthquake,0,354
aka2026qhebzw,2026-08-18 02:31:40.814000+00:00,"98 km W of Anaktuvuk Pass, Alaska",2.9,ml,-154.087,68.025,3.3,ak,earthquake,0,129
aka2026qhdrkl,2026-08-18 02:19:38.227000+00:00,"86 km ESE of Atka, Alaska",2.5,ml,-173.039,51.887,61.2,ak,earthquake,0,96
aka2026qhcyts,2026-08-18 01:58:23.030000+00:00,"70 km NNW of Venetie, Alaska",3.0,ml,-146.865,67.624,10.0,ak,earthquake,0,138
pr71528848,2026-08-18 01:32:58.570000+00:00,"110 km N of Suárez, Puerto Rico",3.42,md,-65.7171666666667,19.417,45.06,pr,earthquake,0,180
us6000tljs,2026-08-18 01:10:03.872000+00:00,south of the Fiji Islands,4.8,mb,-179.0793,-22.0411,576.355,us,earthquake,0,354
us6000tn4y,2026-08-18 00:47:58.943000+00:00,"22 km NE of Port-Olry, Vanuatu",4.6,mb,167.2353,-14.9125,158.298,us,earthquake,0,326
us6000tll2,2026-08-18 00:47:19.007000+00:00,"288 km ESE of Attu Station, Alaska",2.9,ml,177.0749,51.8224,13.312,us,earthquake,0,129
us6000tll1,2026-08-18 00:31:05.456000+00:00,"108 km SSE of False Pass, Alaska",2.8,ml,-162.5526,54.0145,12.636,us,earthquake,0,121
us6000tn4v,2026-08-18 00:03:26.537000+00:00,"39 km NNW of Ruteng, Indonesia",4.3,mb,120.3453,-8.2749,10.0,us,earthquake,0,284
us6000tlgm,2026-08-17 22:53:11.231000+00:00,"23 km ENE of Colonia, Micronesia",5.3,mww,138.3124,9.6219,10.0,us,earthquake,0,433
us6000tml2,2026-08-17 22:48:40.391000+00:00,"32 km NNE of Labuan Bajo, Indonesia",4.4,mb,120.0514,-8.2519,10.0,us,earthquake,0,298
aka2026qgwiqw,2026-08-17 22:39:42.493000+00:00,"118 km SE of Akutan, Alaska",2.5,ml,-164.443,53.423,10.0,ak,earthquake,0,96
aka2026qgwerx,2026-08-17 22:35:16.843000+00:00,"11 km WSW of Venetie, Alaska",3.0,ml,-146.648,66.967,13.0,ak,earthquake,0,138
us6000tml1,2026-08-17 22:19:28.825000+00:00,"57 km NW of Ende, Indonesia",4.2,mb,121.3439,-8.433,10.0,us,earthquake,0,271
nc75420282,2026-08-17 22:13:09.770000+00:00,"51 km W of Petrolia, CA",3.0,ml,-124.886833333333,40.3405,14.89,nc,earthquake,0,138
us6000tlbz,2026-08-17 21:36:35.316000+00:00,Kuril Islands,5.1,mb,151.4834,46.4513,85.946,us,earthquake,0,400
us6000tml0,2026-08-17 21:04:57.844000+00:00,"62 km NNE of Labuan Bajo, Indonesia",4.5,mb,120.1069,-7.9741,10.0,us,earthquake,0,312
aka2026qgsene,2026-08-17 20:35:10.038000+00:00,"41 km SW of Karluk, Alaska",4.5,ml,-154.894,57.279,57.9,ak,earthquake,0,313
us6000tmkz,2026-08-17 20:20:26.140000+00:00,South Atlantic Ocean,4.6,mb,-20.2946,-22.5639,10.0,us,earthquake,0,326
usd0015efp,2026-08-17 19:51:23.051000+00:00,"214 km WSW of Longyearbyen, Svalbard and Jan Mayen",4.9,mww,7.0817,77.5472,10.0,us,earthquake,0,370
usd0015efl,2026-08-17 19:44:20.403000+00:00,"15 km W of Pueblitos, New Mexico",2.8,ml,-106.946,34.6299,5.0,us,earthquake,0,121
hv75019812,2026-08-17 19:24:08.290000+00:00,"16 km SSE of Honaunau-Napoopoo, Hawaii",4.06,ml,-155.827333333333,19.3153333333333,23.0,hv,earthquake,0,299
nc75420197,2026-08-17 18:52:05.110000+00:00,"28 km SE of Bodie, CA",2.49,md,-118.802166666667,38.0221666666667,12.85,nc,earthquake,0,95
usd0015efc,2026-08-17 18:51:11.017000+00:00,"30 km NE of Colonia, Micronesia",4.9,mww,138.3349,9.6967,10.0,us,earthquake,0,370
aka2026qgodma,2026-08-17 18:33:59.199000+00:00,"5 km NNW of Diamond Ridge, Alaska",2.8,ml,-151.609,59.716,59.3,ak,earthquake,0,121
us6000tmkp,2026-08-17 18:19:45.799000+00:00,"76 km W of Sinabang, Indonesia",4.3,mb,95.6928,2.5086,10.0,us,earthquake,0,284
usd0015ef3,2026-08-17 18:10:05.009000+00:00,"156 km NNW of Pototano, Indonesia",4.6,mb,117.182,-7.029,492.2,us,earthquake,0,326
pr71528818,2026-08-17 18:03:07.160000+00:00,"6 km WSW of Guánica, Puerto Rico",2.6,md,-66.9606666666667,17.9473333333333,12.82,pr,earthquake,0,104
us6000tmkn,2026-08-17 17:31:24.013000+00:00,east of Severnaya Zemlya,4.2,mb,121.2601,80.6261,10.0,us,earthquake,0,271
nc75420137,2026-08-17 17:11:58.210000+00:00,"18 km SW of Toms Place, CA",2.53,md,-118.832,37.4473333333333,3.68,nc,earthquake,0,98
us6000tmkj,2026-08-17 16:12:47.937000+00:00,"54 km NNE of Port-Olry, Vanuatu",4.4,mb,167.3399,-14.6214,194.053,us,earthquake,0,298
usd0015eeh,2026-08-17 16:08:45.962000+00:00,"42 km N of Labuan Bajo, Indonesia",4.4,mb,119.878,-8.1104,10.0,us,earthquake,0,298
us6000tmki,2026-08-17 15:16:47.720000+00:00,"70 km NNE of Labuan Bajo, Indonesia",4.2,mb,120.1199,-7.9049,10.0,us,earthquake,0,271
us6000tmkh,2026-08-17 14:22:08.182000+00:00,"96 km NNE of Ruteng, Indonesia",4.2,mb,120.7217,-7.7764,10.0,us,earthquake,0,271
usd0015ee6,2026-08-17 14:12:28.102000+00:00,"62 km NW of Ende, Indonesia",4.4,mb,121.334,-8.3779,10.0,us,earthquake,0,298
usd0015ee2,2026-08-17 13:58:34.247000+00:00,"45 km NNW of Ruteng, Indonesia",5.0,mb,120.345,-8.221,10.0,us,earthquake,0,385
usd0015edx,2026-08-17 13:26:34.652000+00:00,"94 km ESE of Sarangani, Philippines",4.4,mb,126.229,5.0231,114.355,us,earthquake,0,298
usd0015edt,2026-08-17 12:51:05.572000+00:00,"44 km NNE of Ruteng, Indonesia",4.9,mb,120.6721,-8.2712,30.025,us,earthquake,0,369
usd0015eds,2026-08-17 12:39:35.566000+00:00,"68 km N of Ruteng, Indonesia",4.9,mb,120.3701,-8.0024,10.0,us,earthquake,0,369
usd0015edq,2026-08-17 12:38:03.466000+00:00,"72 km E of Petropavlovsk-Kamchatsky, Russia",5.8,mww,159.7106,53.024,54.741,us,earthquake,0,518
aka2026qgbqir,2026-08-17 12:18:20.553000+00:00,"85 km SW of Kaktovik, Alaska",3.6,ml,-145.377,69.66,8.8,ak,earthquake,0,199
ci40674370,2026-08-17 12:08:23.600000+00:00,"12 km SSW of Lompoc, CA",2.54,ml,-120.487,34.5343333333333,6.8,ci,earthquake,0,99
usd0015edb,2026-08-17 11:00:23.022000+00:00,"28 km SW of Kandrian, Papua New Guinea",5.1,mb,149.3577,-6.3769,35.0,us,earthquake,0,400
usd0015ed8,2026-08-17 10:44:49.886000+00:00,"75 km N of Ruteng, Indonesia",5.4,mb,120.4324,-7.9289,10.0,us,earthquake,0,449
usd0015ed7,2026-08-17 10:42:41.971000+00:00,"81 km N of Ruteng, Indonesia",5.2,mb,120.5019,-7.8762,10.0,us,earthquake,0,416
ci40674314,2026-08-17 09:42:46.870000+00:00,"12 km S of Lompoc, CA",2.66,ml,-120.475666666667,34.5345,4.81,ci,earthquake,0,109
aka2026qfvunv,2026-08-17 09:23:55.901000+00:00,"55 km W of Anchor Point, Alaska",2.9,ml,-152.817,59.853,102.1,ak,earthquake,0,129
usd0015ed1,2026-08-17 09:16:05.268000+00:00,"52 km NNW of Ende, Indonesia",4.8,mb,121.5192,-8.3911,10.0,us,earthquake,0,354
usd0015ecv,2026-08-17 08:52:00.116000+00:00,"82 km ENE of Ruteng, Indonesia",4.5,mb,121.1463,-8.3011,23.728,us,earthquake,0,312
usd0015ecs,2026-08-17 08:38:58.769000+00:00,south of the Fiji Islands,4.4,mb,-179.6951,-23.9232,516.333,us,earthquake,0,298
nc75419932,2026-08-17 08:18:41.700000+00:00,"2 km SE of Concord, CA",2.55,md,-121.996333333333,37.9513333333333,16.13,nc,earthquake,0,104
pr2026229001,2026-08-17 08:02:56.680000+00:00,"76 km NNE of Cruz Bay, U.S. Virgin Islands",3.76,md,-64.4056,18.9161,14.0,pr,earthquake,0,218
usd0015ecm,2026-08-17 07:59:11.959000+00:00,"105 km SW of Atocha, Bolivia",4.3,mb,-67.05,-21.4941,239.64,us,earthquake,0,284
usd0015ecj,2026-08-17 07:36:19.104000+00:00,"3 km NNE of Takatsuki, Japan",4.6,mb,135.6311,34.8761,370.457,us,earthquake,0,326
usd0015ech,2026-08-17 07:20:32.272000+00:00,"61 km NW of Ende, Indonesia",4.9,mb,121.2007,-8.5254,28.252,us,earthquake,0,369
aka2026qfrosr,2026-08-17 07:17:16.716000+00:00,"51 km NNE of Chase, Alaska",3.0,ml,-149.615,62.852,89.6,ak,earthquake,0,138
usd0015ecf,2026-08-17 06:55:11.062000+00:00,"159 km ESE of Saipan, Northern Mariana Islands",4.8,mb,147.0932,14.5955,10.0,us,earthquake,0,354
aka2026qfqrdq,2026-08-17 06:50:05.442000+00:00,"13 km NNE of Fox River, Alaska",2.5,ml,-150.871,59.967,15.5,ak,earthquake,0,96
usd0015ebp,2026-08-17 05:18:41.824000+00:00,"43 km WNW of Turangi, New Zealand",4.6,mb,175.3138,-38.907,177.408,us,earthquake,0,326
usd0015ebn,2026-08-17 05:09:28.329000+00:00,"95 km S of Ende, Indonesia",4.4,mb,121.7425,-9.7042,35.0,us,earthquake,0,298
aka2026qfngls,2026-08-17 05:07:49.191000+00:00,"32 km E of Halibut Cove, Alaska",3.8,ml,-150.655,59.604,34.9,ak,earthquake,0,240
usd0015ebk,2026-08-17 04:54:44.948000+00:00,"78 km S of Miyakojima, Japan",4.7,mb,125.3812,24.0829,10.0,us,earthquake,0,340
usd0015ebj,2026-08-17 03:48:04.873000+00:00,"70 km NNW of Ende, Indonesia",5.2,mb,121.327,-8.2999,16.335,us,earthquake,0,416
usd0015ebi,2026-08-17 03:36:39.370000+00:00,"68 km NNW of Ende, Indonesia",5.3,mb,121.407,-8.278,10.0,us,earthquake,0,432
usd0015ebh,2026-08-17 03:33:53.507000+00:00,"90 km NE of Ruteng, Indonesia",4.9,mb,121.0947,-8.0913,10.0,us,earthquake,0,369
aka2026qfjamr,2026-08-17 03:00:58.287000+00:00,"64 km SE of Denali National Park, Alaska",3.1,ml,-150.679,63.2,133.9,ak,earthquake,0,148
usd0015ebf,2026-08-17 02:58:28.488000+00:00,"43 km NNW of Ende, Indonesia",4.2,mb,121.5676,-8.4617,10.0,us,earthquake,0,271
usd0015ebc,2026-08-17 02:39:20.044000+00:00,"84 km NNE of Labuan Bajo, Indonesia",4.8,mb,120.2556,-7.8295,29.528,us,earthquake,0,354
aka2026qfihcb,2026-08-17 02:38:34.907000+00:00,"21 km SSW of Tyonek, Alaska",2.7,ml,-151.332,60.901,94.3,ak,earthquake,0,112
aka2026qfhjhd,2026-08-17 02:11:06.505000+00:00,"141 km ESE of Cordova, Alaska",3.5,ml,-143.311,60.171,1.1,ak,earthquake,0,188
pr71528753,2026-08-17 02:10:15.730000+00:00,"40 km N of Charlotte Amalie, U.S. Virgin Islands",3.14,md,-64.9165,18.709,36.12,pr,earthquake,0,152
usd0015eb3,2026-08-17 01:42:12.533000+00:00,"99 km N of Ruteng, Indonesia",4.6,mb,120.4085,-7.7118,10.0,us,earthquake,0,326
pr2026229000,2026-08-17 01:40:21.380000+00:00,"46 km N of Charlotte Amalie, U.S. Virgin Islands",3.55,md,-64.9306,18.7603,18.0,pr,earthquake,0,194
usd0015eb2,2026-08-17 01:31:01.388000+00:00,"83 km N of Ruteng, Indonesia",4.5,mb,120.4398,-7.8539,10.0,us,earthquake,0,312
usd0015eaz,2026-08-17 01:01:31.312000+00:00,"24 km ESE of Norak, Tajikistan",4.2,mb,69.5974,38.3307,10.0,us,earthquake,0,271
usd0015eb0,2026-08-17 01:01:29.183000+00:00,"35 km E of Poso, Indonesia",4.5,mb,121.0709,-1.3664,10.0,us,earthquake,0,312
us6000tmje,2026-08-17 00:59:20.421000+00:00,"17 km NNE of Ruteng, Indonesia",4.6,mb,120.5271,-8.469,12.234,us,earthquake,0,326
us6000tmjb,2026-08-17 00:56:34.082000+00:00,"90 km N of Ruteng, Indonesia",4.5,mb,120.4738,-7.7905,10.872,us,earthquake,0,312
us6000tmja,2026-08-17 00:53:02.293000+00:00,"87 km N of Ruteng, Indonesia",4.7,mb,120.3418,-7.8322,19.57,us,earthquake,0,340
usd0015eay,2026-08-17 00:46:39.473000+00:00,"73 km NNW of Ende, Indonesia",5.5,mww,121.441,-8.22,5.134,us,earthquake,0,465
usd0015eav,2026-08-17 00:27:36.445000+00:00,"59 km NNE of Labuan Bajo, Indonesia",4.5,mb,120.1614,-8.0332,35.0,us,earthquake,0,312
us6000tmj8,2026-08-17 00:25:55.708000+00:00,"226 km SSE of ‘Ohonua, Tonga",4.6,mb,-174.2748,-23.2848,10.0,us,earthquake,0,326
us6000tmj9,2026-08-17 00:21:57.091000+00:00,"78 km NE of Ruteng, Indonesia",4.3,mb,121.007,-8.1574,39.376,us,earthquake,0,284
aka2026qfdpnd,2026-08-17 00:18:22.355000+00:00,"44 km W of Tyonek, Alaska",2.5,ml,-151.962,61.119,114.6,ak,earthquake,0,96
usd0015eas,2026-08-17 00:08:07.246000+00:00,"213 km E of Levuka, Fiji",4.9,mb,-178.7056,-17.7068,562.262,us,earthquake,0,369
us6000tmi4,2026-08-16 23:29:07.056000+00:00,"28 km E of Ruteng, Indonesia",4.2,mb,120.7191,-8.607,10.0,us,earthquake,0,271
us6000tmi3,2026-08-16 22:44:21.877000+00:00,"51 km E of Ruteng, Indonesia",4.3,mb,120.9333,-8.6366,10.192,us,earthquake,0,284
us6000tmi2,2026-08-16 22:22:35.770000+00:00,"141 km S of Baubau, Indonesia",4.2,mb,122.4149,-6.7252,10.0,us,earthquake,0,271
usd0015eaf,2026-08-16 22:02:28.493000+00:00,"183 km W of Abepura, Indonesia",4.4,mb,138.9837,-2.6124,36.565,us,earthquake,0,298
us6000tmhn,2026-08-16 21:53:05.766000+00:00,"135 km SSE of Baubau, Indonesia",4.5,mb,122.8775,-6.6575,9.898,us,earthquake,0,312
usd0015eae,2026-08-16 21:48:45.991000+00:00,"49 km N of Ruteng, Indonesia",4.4,mb,120.506,-8.1657,31.441,us,earthquake,0,298
usd0015eab,2026-08-16 21:37:16.420000+00:00,"14 km S of Maebaru-chūō, Japan",4.4,mb,130.1863,33.4318,10.0,us,earthquake,0,298
usd0015ea9,2026-08-16 21:28:19.132000+00:00,"Kepulauan Babar, Indonesia",4.4,mb,129.5388,-7.0957,166.68,us,earthquake,0,298
usd0015ea6,2026-08-16 21:06:07.026000+00:00,"99 km W of San Antonio de los Cobres, Argentina",4.5,mb,-67.284,-24.352,174.627,us,earthquake,0,312
ci40674002,2026-08-16 20:35:29.250000+00:00,"6 km SE of Ontario, CA",2.78,ml,-117.589,34.0115,5.59,ci,earthquake,0,168
pr71528708,2026-08-16 20:32:09.060000+00:00,"9 km W of Rincón, Puerto Rico",2.65,md,-67.3435,18.3508333333333,23.74,pr,earthquake,0,108
nc75419622,2026-08-16 20:21:46.860000+00:00,"48 km W of Ferndale, CA",2.53,md,-124.817166666667,40.4941666666667,21.7,nc,earthquake,0,98
us6000tmhx,2026-08-16 19:51:25.957000+00:00,South Atlantic Ocean,4.5,mb,-20.2172,-22.5694,10.0,us,earthquake,0,312
usd0015e9l,2026-08-16 19:06:04.786000+00:00,"53 km N of Ruteng, Indonesia",4.6,mb,120.5257,-8.1314,10.0,us,earthquake,0,326
pr71528693,2026-08-16 18:18:55.410000+00:00,"27 km ESE of Cruz Bay, U.S. Virgin Islands",3.2,md,-64.5618333333333,18.2135,29.89,pr,earthquake,0,158
nc75419517,2026-08-16 17:36:06.920000+00:00,"70 km W of Petrolia, CA",2.65,md,-125.106333333333,40.405,10.0,nc,earthquake,0,108
usd0015e9a,2026-08-16 17:26:14.895000+00:00,"76 km N of Ruteng, Indonesia",4.9,mb,120.4492,-7.9178,10.237,us,earthquake,0,369
usd0015e96,2026-08-16 17:11:07.552000+00:00,South Atlantic Ocean,4.9,mb,-20.2621,-22.5225,10.0,us,earthquake,0,369
usd0015e92,2026-08-16 17:10:56.368000+00:00,"78 km WSW of Puerto Madero, Mexico",4.2,mb,-93.0636,14.3786,35.0,us,earthquake,0,271
usd0015e8n,2026-08-16 15:52:53.557000+00:00,"67 km WSW of Puerto Madero, Mexico",5.2,mww,-92.969,14.4177,35.0,us,earthquake,0,416
hv75019517,2026-08-16 15:25:30.450000+00:00,"11 km E of Hala‘ula, Hawaii",3.03,ml,-155.675,20.2526666666667,41.14,hv,earthquake,0,141
pr71528688,2026-08-16 15:06:23.190000+00:00,"16 km WNW of Puerto Real, Puerto Rico",3.05,md,-67.3213333333333,18.1488333333333,6.96,pr,earthquake,0,143
pr71528673,2026-08-16 15:04:51.100000+00:00,"57 km N of Hatillo, Puerto Rico",3.14,md,-66.7815,19.002,24.45,pr,earthquake,0,152
pr71528658,2026-08-16 14:59:17.730000+00:00,"16 km WNW of Puerto Real, Puerto Rico",3.16,md,-67.3278333333333,18.147,7.4,pr,earthquake,0,154
aka2026qeknuv,2026-08-16 14:46:40.819000+00:00,"188 km N of Yakutat, Alaska",2.5,ml,-139.091,61.205,5.0,ak,earthquake,0,96
usd0015e86,2026-08-16 13:38:39.283000+00:00,"87 km NNE of Ruteng, Indonesia",5.0,mb,120.7797,-7.8874,10.0,us,earthquake,0,385
us6000tmha,2026-08-16 13:36:01.386000+00:00,"11 km NNW of Labuan Bajo, Indonesia",4.2,mb,119.8489,-8.4004,10.0,us,earthquake,0,271
us6000tmh9,2026-08-16 13:26:49.771000+00:00,Kermadec Islands region,4.5,mb,-176.1623,-27.7603,10.0,us,earthquake,0,312
aka2026qeguys,2026-08-16 12:54:58.365000+00:00,"4 km WSW of Point Possession, Alaska",3.1,ml,-150.766,60.908,5.8,ak,earthquake,0,148
usd0015e7x,2026-08-16 12:37:51.682000+00:00,"119 km N of Ruteng, Indonesia",4.5,mb,120.5903,-7.5415,10.0,us,earthquake,0,312
aka2026qefkgq,2026-08-16 12:12:38.878000+00:00,"66 km SE of Denali National Park, Alaska",2.8,ml,-150.646,63.199,132.1,ak,earthquake,0,121
usd0015e7s,2026-08-16 11:21:11.806000+00:00,"83 km NNE of Labuan Bajo, Indonesia",4.7,mb,120.2356,-7.8283,10.0,us,earthquake,0,340
usd0015e7q,2026-08-16 11:11:46.392000+00:00,"112 km NNE of Ruteng, Indonesia",4.9,mb,120.8509,-7.6716,10.0,us,earthquake,0,369
usd0015e7p,2026-08-16 10:59:11.283000+00:00,"116 km ESE of Madang, Papua New Guinea",5.5,mww,146.7882,-5.5432,147.71,us,earthquake,0,466
aka2026qectoa,2026-08-16 10:56:06.045000+00:00,"46 km SSW of Hughes, Alaska",3.3,ml,-154.795,65.691,2.4,ak,earthquake,0,168
usd0015e7k,2026-08-16 10:31:34.822000+00:00,"81 km N of Ruteng, Indonesia",5.1,mb,120.5504,-7.8791,10.0,us,earthquake,0,400
usd0015e7j,2026-08-16 10:14:36.343000+00:00,"75 km NNE of Ruteng, Indonesia",5.3,mww,120.5995,-7.9399,10.0,us,earthquake,0,432
usd0015e7e,2026-08-16 09:57:38.788000+00:00,"30 km ESE of Agua Prieta, Mexico",4.0,mb,-109.2716,31.2009,16.424,us,earthquake,0,246
aka2026qdxqmy,2026-08-16 08:19:43.656000+00:00,"76 km WSW of Karluk, Alaska",3.1,ml,-155.568,57.238,73.2,ak,earthquake,0,148
usd0015e6s,2026-08-16 08:06:50.468000+00:00,"68 km ESE of Madang, Papua New Guinea",4.6,mb,146.3275,-5.5296,130.097,us,earthquake,0,326
av94387078,2026-08-16 08:06:30.730000+00:00,"165 km W of Adak, Alaska",2.47,ml,-179.017333333333,51.7335,8.79,av,earthquake,0,94
aka2026qdxfcm,2026-08-16 08:05:40.676000+00:00,"54 km SE of Perryville, Alaska",3.5,ml,-158.501,55.581,42.1,ak,earthquake,0,188
aka2026qdwywz,2026-08-16 07:59:39.395000+00:00,"64 km SE of Denali National Park, Alaska",2.7,ml,-150.858,63.109,130.0,ak,earthquake,0,112
us6000tmgq,2026-08-16 07:15:24.695000+00:00,"71 km NNW of Ruteng, Indonesia",4.1,mb,120.3125,-7.9792,16.548,us,earthquake,0,259
us6000tmgm,2026-08-16 06:59:54.211000+00:00,"42 km NNW of Ruteng, Indonesia",4.1,mb,120.286,-8.2729,10.0,us,earthquake,0,259
us6000tl6a,2026-08-16 06:51:47.123000+00:00,"79 km N of Ruteng, Indonesia",5.5,mww,120.5537,-7.8982,11.509,us,earthquake,0,465
ci40673610,2026-08-16 06:49:33.270000+00:00,"10 km ENE of Coso Junction, CA",2.75,ml,-117.841833333333,36.0678333333333,2.67,ci,earthquake,0,116
nc75419292,2026-08-16 06:41:37.550000+00:00,"7 km SW of Atascadero, CA",2.53,md,-120.721166666667,35.4388333333333,7.01,nc,earthquake,0,114
us6000tmgl,2026-08-16 06:35:20.965000+00:00,"83 km NNW of Ende, Indonesia",4.4,mb,121.284,-8.1905,13.787,us,earthquake,0,298
us6000tl61,2026-08-16 06:25:14.999000+00:00,"97 km NE of Ruteng, Indonesia",4.5,mb,120.9856,-7.8959,36.184,us,earthquake,0,312
aka2026qdtkba,2026-08-16 06:12:32.895000+00:00,"87 km S of Unalaska, Alaska",2.6,ml,-166.628,53.087,19.9,ak,earthquake,0,104
nc75419277,2026-08-16 06:01:27.090000+00:00,"19 km SW of Toms Place, CA",2.49,md,-118.841333333333,37.449,3.07,nc,earthquake,0,95
us6000tl5y,2026-08-16 05:59:03.538000+00:00,"54 km NW of Lae, Papua New Guinea",4.2,mb,146.7206,-6.313,96.598,us,earthquake,0,271
us6000tla9,2026-08-16 05:39:46.484000+00:00,"220 km SE of Chiniak, Alaska",2.8,ml,-149.7201,56.206,10.0,us,earthquake,0,121
aka2026qdrzfl,2026-08-16 05:30:06.220000+00:00,"3 km WNW of Point MacKenzie, Alaska",2.5,ml,-150.042,61.367,38.2,ak,earthquake,0,97
tx2026qbbjvl,2026-08-16 04:50:32.165000+00:00,"56 km S of Whites City, New Mexico",2.6,ml,-104.492,31.672,6.0999,tx,earthquake,0,104
us6000tl5f,2026-08-16 04:34:05.414000+00:00,"5 km N of Jackson, Wyoming",2.6,ml,-110.7645,43.5327,5.765,us,earthquake,0,123
us6000tl58,2026-08-16 03:49:25.874000+00:00,"1 km NE of Sarzana, Italy",4.1,mb,9.9725,44.1198,10.0,us,earthquake,0,268
us6000tl55,2026-08-16 03:42:59.885000+00:00,"45 km NNW of Ende, Indonesia",5.0,mb,121.5082,-8.4615,10.0,us,earthquake,0,385
us6000tl4w,2026-08-16 03:20:24.373000+00:00,"56 km NNE of Port-Olry, Vanuatu",6.1,mww,167.1934,-14.5474,188.148,us,earthquake,0,573
aka2026qdnkjd,2026-08-16 03:12:49.804000+00:00,"98 km SSE of King Cove, Alaska",2.6,ml,-161.483,54.316,7.7,ak,earthquake,0,104
aka2026qdnfmv,2026-08-16 03:07:23.582000+00:00,"95 km S of False Pass, Alaska",2.5,ml,-163.168,54.012,19.5,ak,earthquake,0,96
aka2026qdmxem,2026-08-16 02:57:47.518000+00:00,"46 km S of Atka, Alaska",3.0,ml,-174.148,51.782,93.0,ak,earthquake,0,138
pr71528643,2026-08-16 01:54:06.020000+00:00,"3 km SW of Fuig, Puerto Rico",2.68,md,-66.9438333333333,17.9698333333333,11.19,pr,earthquake,0,110
pr71528633,2026-08-16 01:38:45.770000+00:00,"4 km WSW of Guánica, Puerto Rico",2.85,md,-66.9413333333333,17.953,13.55,pr,earthquake,0,125
aka2026qdkaum,2026-08-16 01:32:01.068000+00:00,"57 km SSE of Adak, Alaska",3.4,ml,-176.42,51.372,18.4,ak,earthquake,0,178
nc75419132,2026-08-16 01:20:06.250000+00:00,"76 km W of Petrolia, CA",2.73,md,-125.174,40.405,10.0,nc,earthquake,0,115
hv75019372,2026-08-16 00:32:06.750000+00:00,"12 km W of Volcano, Hawaii",3.01,ml,-155.353166666667,19.4298333333333,7.98,hv,earthquake,0,142
aka2026qdhwxa,2026-08-16 00:27:33.136000+00:00,"139 km S of False Pass, Alaska",2.6,ml,-163.814,53.619,23.6,ak,earthquake,0,104
us6000tl4c,2026-08-16 00:18:16.411000+00:00,"11 km SSW of Piedecuesta, Colombia",4.2,mb,-73.0936,6.8902,146.651,us,earthquake,0,271
aka2026qdgwlf,2026-08-15 23:56:55.535000+00:00,"170 km S of Atka, Alaska",2.7,ml,-173.847,50.681,20.0,ak,earthquake,0,112
us6000tl44,2026-08-15 23:12:54.664000+00:00,"80 km N of Ruteng, Indonesia",5.0,mb,120.5156,-7.8894,10.0,us,earthquake,0,385
aka2026qdeubb,2026-08-15 22:54:20.424000+00:00,"239 km ESE of Attu Station, Alaska",3.4,ml,176.285,51.839,20.0,ak,earthquake,0,178
us6000tl43,2026-08-15 22:52:55.761000+00:00,"19 km NE of Colonia, Micronesia",5.4,mww,138.224,9.6571,10.0,us,earthquake,0,452
us6000tl40,2026-08-15 22:45:24.028000+00:00,"83 km SSW of Puerto San José, Guatemala",4.4,mb,-90.984,13.189,10.0,us,earthquake,0,298
aka2026qdeiyi,2026-08-15 22:41:30.803000+00:00,"23 km E of Point Possession, Alaska",3.4,ml,-150.272,60.964,49.0,ak,earthquake,0,179
hv75019342,2026-08-15 22:32:05.830000+00:00,"11 km SSW of Volcano, Hawaii",3.73,ml,-155.275,19.3421666666667,30.64,hv,earthquake,0,236
us6000tl3u,2026-08-15 22:10:03.063000+00:00,"74 km ESE of Sarangani, Philippines",4.4,mb,126.0929,5.173,93.165,us,earthquake,0,298
aka2026qdbuhc,2026-08-15 21:24:33.068000+00:00,"98 km SSW of Unalaska, Alaska",2.5,ml,-166.899,53.012,22.6,ak,earthquake,0,96
us6000tl3n,2026-08-15 21:08:32.582000+00:00,"86 km N of Ruteng, Indonesia",4.7,mb,120.5111,-7.8284,10.0,us,earthquake,0,340
us6000tl3k,2026-08-15 20:29:43.031000+00:00,"43 km NNE of Ruteng, Indonesia",4.4,mb,120.6117,-8.2435,10.0,us,earthquake,0,298
us6000tl3g,2026-08-15 20:14:27.503000+00:00,"32 km NNE of Ruteng, Indonesia",4.4,mb,120.6204,-8.3601,15.605,us,earthquake,0,298
us6000tm4b,2026-08-15 20:05:38.401000+00:00,"36 km SW of Sechura, Peru",4.3,mb,-81.0877,-5.7543,32.698,us,earthquake,0,284
us6000tl9k,2026-08-15 20:00:41.207000+00:00,"67 km W of Nikolski, Alaska",3.3,ml,-169.8699,52.9132,154.923,us,earthquake,0,168
us6000tl3c,2026-08-15 19:57:51.587000+00:00,"42 km NNW of Vallenar, Chile",4.3,mb,-70.8748,-28.2074,73.851,us,earthquake,0,285
us6000tl36,2026-08-15 19:32:31.970000+00:00,"Volcano Islands, Japan region",5.6,mww,142.8351,23.4611,54.893,us,earthquake,0,482
us6000tl35,2026-08-15 19:25:47.670000+00:00,"86 km NE of Ruteng, Indonesia",4.3,mb,121.0672,-8.117,10.0,us,earthquake,0,284
us6000tl32,2026-08-15 19:15:53.521000+00:00,"42 km NNW of Ruteng, Indonesia",4.1,mb,120.3302,-8.2481,10.0,us,earthquake,0,259
pr71528623,2026-08-15 19:04:57.720000+00:00,"97 km N of Culebra, Puerto Rico",3.43,md,-65.347,19.182,8.06,pr,earthquake,0,181
us6000tl30,2026-08-15 19:04:43.303000+00:00,"91 km SW of Puerto Madero, Mexico",4.2,mb,-92.9435,14.066,10.0,us,earthquake,0,271
us6000tl33,2026-08-15 18:43:05.067000+00:00,"48 km NNE of Ruteng, Indonesia",4.4,mb,120.5675,-8.1881,10.0,us,earthquake,0,298
us6000tl9g,2026-08-15 18:42:55.183000+00:00,"Rat Islands, Aleutian Islands, Alaska",2.6,ml,178.7957,51.4042,34.376,us,earthquake,0,104
us6000tl31,2026-08-15 18:40:21.009000+00:00,"41 km NE of Ruteng, Indonesia",4.5,mb,120.6811,-8.3082,10.0,us,earthquake,0,312
tx2026qagons,2026-08-15 18:19:49.601000+00:00,"37 km SSE of Midland, Texas",2.5,ml,-101.997,31.669,3.1982,tx,earthquake,0,96
us6000tm6b,2026-08-15 18:17:57.707000+00:00,"70 km N of Ruteng, Indonesia",4.3,mb,120.518,-7.9784,10.0,us,earthquake,0,284
us6000tl2u,2026-08-15 17:51:27.377000+00:00,"99 km NNE of Ruteng, Indonesia",4.7,mb,120.7193,-7.744,10.0,us,earthquake,0,340
us6000tl2t,2026-08-15 17:44:14.573000+00:00,"76 km N of Ruteng, Indonesia",4.7,mb,120.356,-7.9293,10.0,us,earthquake,0,340
us6000tl2s,2026-08-15 17:41:41.607000+00:00,"194 km SE of Vilyuchinsk, Russia",4.6,mb,160.018,51.4866,10.0,us,earthquake,0,326
us6000tl2p,2026-08-15 17:21:07.593000+00:00,"54 km NNW of Ende, Indonesia",4.5,mb,121.4515,-8.3971,10.0,us,earthquake,0,312
us6000tl97,2026-08-15 17:14:47.125000+00:00,"241 km ESE of Chiniak, Alaska",2.7,ml,-148.6888,56.669,10.0,us,earthquake,0,112
hv75019242,2026-08-15 17:09:29.280000+00:00,"44 km WSW of Kailua-Kona, Hawaii",3.42,ml,-156.402666666667,19.521,36.3,hv,earthquake,0,181
us6000tl96,2026-08-15 17:02:54.759000+00:00,"187 km SE of Akutan, Alaska",3.0,ml,-163.7693,52.9417,10.0,us,earthquake,0,138
us6000tl2c,2026-08-15 16:58:05.970000+00:00,"93 km NNE of Ruteng, Indonesia",4.5,mb,120.6878,-7.795,9.95,us,earthquake,0,312
us6000tl2a,2026-08-15 16:47:26.516000+00:00,"49 km N of Murghob, Tajikistan",4.1,mb,73.9208,38.6186,99.461,us,earthquake,0,259
us6000tl1s,2026-08-15 16:25:18.277000+00:00,"132 km NNE of Palu, Indonesia",5.7,mww,120.2965,0.2087,72.017,us,earthquake,0,501
aka2026qcrrax,2026-08-15 16:20:59.893000+00:00,"123 km NNE of Kobuk, Alaska",2.7,ml,-155.592,67.902,10.0,ak,earthquake,0,112
us6000tl9j,2026-08-15 16:17:42.994000+00:00,"128 km SSE of Sand Point, Alaska",3.3,ml,-159.671,54.2879,10.0,us,earthquake,0,168
us6000tl1p,2026-08-15 15:52:32.416000+00:00,"76 km NNW of Ende, Indonesia",4.9,mb,121.3861,-8.2101,10.0,us,earthquake,0,369
us6000tl9i,2026-08-15 15:49:31.788000+00:00,"91 km SW of Atka, Alaska",2.5,ml,-175.2039,51.6506,35.0,us,earthquake,0,96
us6000tl1m,2026-08-15 15:21:32.784000+00:00,Fiji region,4.4,mb,-179.6043,-21.8345,599.718,us,earthquake,0,298
us6000tl9d,2026-08-15 14:46:56.890000+00:00,"161 km SW of Nikolski, Alaska",2.9,ml,-170.7738,52.0788,35.0,us,earthquake,0,129
aka2026qcnwxu,2026-08-15 14:27:50.864000+00:00,"239 km WSW of Adak, Alaska",2.7,ml,-179.641,50.828,10.4,ak,earthquake,0,112
hv75019212,2026-08-15 14:24:19.780000+00:00,"7 km S of Pāhala, Hawaii",3.24,md,-155.488159179688,19.1389999389648,30.7299995422363,hv,earthquake,0,162
us6000tl9a,2026-08-15 14:20:11.156000+00:00,"236 km WSW of Adak, Alaska",2.8,ml,-179.6366,50.8713,23.036,us,earthquake,0,121
us6000tl99,2026-08-15 14:16:12.242000+00:00,"61 km SSW of Unalaska, Alaska",2.7,ml,-166.9377,53.3728,5.0,us,earthquake,0,112
us6000tl19,2026-08-15 13:56:26.203000+00:00,Banda Sea,4.5,mb,129.8692,-6.5656,171.398,us,earthquake,0,312
hv75019202,2026-08-15 13:44:57.430000+00:00,"10 km E of Pāhala, Hawaii",2.81,md,-155.381500244141,19.1975002288818,30.0,hv,earthquake,0,121
us6000tl94,2026-08-15 13:40:47.830000+00:00,"28 km SE of Unalaska, Alaska",2.6,ml,-166.1844,53.7273,74.266,us,earthquake,0,104
us6000tl15,2026-08-15 13:32:47.766000+00:00,"105 km SW of Puerto Madero, Mexico",4.2,mb,-93.0742,14.0047,10.0,us,earthquake,0,271
us6000tl0y,2026-08-15 12:46:10.629000+00:00,"68 km NW of Ende, Indonesia",4.0,mb,121.2985,-8.3434,39.838,us,earthquake,0,246
us6000tm61,2026-08-15 12:30:06.549000+00:00,"50 km E of Kimbe, Papua New Guinea",4.0,mb,150.5938,-5.5419,186.577,us,earthquake,0,246
us6000tl0v,2026-08-15 12:14:40.304000+00:00,"76 km NNW of Ende, Indonesia",5.1,mb,121.2937,-8.2578,16.658,us,earthquake,0,400
hv75019182,2026-08-15 12:08:52.440000+00:00,"5 km SW of Pāhala, Hawaii",2.8,ml,-155.513833333333,19.1675,31.4,hv,earthquake,0,121
us6000tm5y,2026-08-15 11:52:51.559000+00:00,"76 km N of Ende, Indonesia",4.3,mb,121.531,-8.1638,32.307,us,earthquake,0,284
us6000tl09,2026-08-15 11:33:41.312000+00:00,"55 km WSW of Ollagüe, Chile",4.3,mb,-68.7314,-21.4582,115.942,us,earthquake,0,284
us6000tl0a,2026-08-15 11:30:15.229000+00:00,"62 km ESE of Yilan, Taiwan",4.9,mb,122.2948,24.486,65.242,us,earthquake,0,370
us6000tm5w,2026-08-15 11:16:33.717000+00:00,Mariana Islands region,4.6,mb,147.6888,17.7294,10.0,us,earthquake,0,326
us6000tkyz,2026-08-15 11:10:24.186000+00:00,"47 km S of Angoram, Papua New Guinea",5.3,mb,144.0023,-4.4905,112.102,us,earthquake,0,432
us6000tkyk,2026-08-15 10:54:51.798000+00:00,"9 km WNW of Pematangsiantar, Indonesia",6.9,mww,98.9853,2.9863,175.0,us,earthquake,0,751
nc75418722,2026-08-15 10:53:21.300000+00:00,"156 km W of Petrolia, CA",2.82,md,-126.126166666667,40.4351666666667,10.0,nc,earthquake,0,122
us6000tm5v,2026-08-15 10:52:03.151000+00:00,"71 km NW of Ende, Indonesia",4.1,mb,121.2976,-8.3094,9.984,us,earthquake,0,259
us6000tm5u,2026-08-15 10:36:18.094000+00:00,"45 km NNW of Ruteng, Indonesia",4.5,mb,120.3163,-8.2301,25.42,us,earthquake,0,312
us6000tkyg,2026-08-15 10:31:33.854000+00:00,"40 km NNW of Ruteng, Indonesia",5.0,mb,120.3528,-8.2588,35.0,us,earthquake,0,385
pr2026227000,2026-08-15 10:16:57.590000+00:00,"136 km NNE of Cruz Bay, U.S. Virgin Islands",3.54,md,-64.3383,19.4871,10.0,pr,earthquake,0,193
us6000tkyc,2026-08-15 10:08:03.826000+00:00,"88 km NE of Ruteng, Indonesia",4.6,mb,121.0273,-8.044,35.0,us,earthquake,0,326
us6000tkya,2026-08-15 09:51:45.732000+00:00,"120 km NW of Luwuk, Indonesia",4.6,mb,122.0143,-0.1836,275.112,us,earthquake,0,326
us6000tm5t,2026-08-15 09:47:31.010000+00:00,"41 km NNE of Labuan Bajo, Indonesia",4.5,mb,120.0761,-8.1726,4.078,us,earthquake,0,312
us6000tky8,2026-08-15 09:32:57.221000+00:00,"64 km NNW of Ende, Indonesia",4.9,mb,121.5159,-8.2796,34.484,us,earthquake,0,369
us6000tky5,2026-08-15 09:08:24.547000+00:00,"56 km N of Ruteng, Indonesia",4.6,mb,120.5621,-8.1093,25.082,us,earthquake,0,326
us6000tl7g,2026-08-15 09:03:33.771000+00:00,"178 km E of Atka, Alaska",2.9,ml,-171.5913,52.235,10.0,us,earthquake,0,129
pr2026227002,2026-08-15 08:08:14.280000+00:00,"106 km N of Charlotte Amalie, U.S. Virgin Islands",3.52,md,-64.8128,19.3001,16.0,pr,earthquake,0,191
us6000tkxc,2026-08-15 08:02:28.350000+00:00,"42 km NNW of Ruteng, Indonesia",4.4,mb,120.2926,-8.2634,10.0,us,earthquake,0,298
pr71528558,2026-08-15 07:54:27.730000+00:00,"8 km SW of Stella, Puerto Rico",3.24,md,-67.2963333333333,18.2571666666667,103.27,pr,earthquake,0,162
us6000tkx5,2026-08-15 07:39:38.975000+00:00,"71 km NNE of Ruteng, Indonesia",5.1,mb,120.7765,-8.0446,10.0,us,earthquake,0,400
us6000tkwz,2026-08-15 07:16:07.016000+00:00,"67 km NNW of Ende, Indonesia",4.5,mb,121.4064,-8.2926,10.0,us,earthquake,0,312
pr2026227001,2026-08-15 07:14:45.260000+00:00,"55 km NNE of Cruz Bay, U.S. Virgin Islands",3.72,md,-64.5435,18.7686,55.0,pr,earthquake,0,213
us6000tkwt,2026-08-15 06:43:07.500000+00:00,"46 km NNE of Ruteng, Indonesia",4.7,mb,120.6523,-8.2384,10.0,us,earthquake,0,340
hv75019117,2026-08-15 06:38:23.830000+00:00,"20 km SSE of Pāhala, Hawaii",3.05,ml,-155.379,19.0461666666667,31.81,hv,earthquake,0,143
us6000tkwq,2026-08-15 06:28:51.109000+00:00,"71 km NNW of Ende, Indonesia",5.1,mb,121.3664,-8.2671,10.0,us,earthquake,0,400
hv75019107,2026-08-15 06:11:43.760000+00:00,"1 km NNW of Volcano, Hawaii",2.58,ml,-155.241,19.4531666666667,21.73,hv,earthquake,0,102
aka2026qbwzhu,2026-08-15 06:00:50.614000+00:00,"0 km WSW of Houston, Alaska",2.7,ml,-149.83,61.628,26.9,ak,earthquake,0,112
us6000tkxt,2026-08-15 05:54:31.347000+00:00,"243 km ESE of Atka, Alaska",2.9,ml,-171.2326,51.0209,10.0,us,earthquake,0,129
us6000tkwj,2026-08-15 05:45:08.046000+00:00,"62 km NNW of Ende, Indonesia",5.0,mb,121.3609,-8.3681,10.0,us,earthquake,0,385
us6000tkwe,2026-08-15 04:31:18.890000+00:00,"285 km WNW of Houma, Tonga",4.2,mb,-177.9262,-20.4191,544.691,us,earthquake,0,271
pr71528518,2026-08-15 04:27:59.380000+00:00,"17 km N of Cruz Bay, U.S. Virgin Islands",2.74,md,-64.7925,18.4913333333333,18.72,pr,earthquake,0,116
aka2026qbtske,2026-08-15 04:26:28.261000+00:00,"85 km SSW of Nikolski, Alaska",2.7,ml,-169.492,52.275,22.4,ak,earthquake,0,112
us6000tkwd,2026-08-15 04:23:07.762000+00:00,"64 km NW of Ende, Indonesia",4.6,mb,121.2851,-8.3988,10.0,us,earthquake,0,326
aka2026qbtfgi,2026-08-15 04:07:43.963000+00:00,"92 km SE of Atka, Alaska",2.6,ml,-173.412,51.522,20.0,ak,earthquake,0,104
aka2026qbswum,2026-08-15 03:57:58.203000+00:00,"Rat Islands, Aleutian Islands, Alaska",2.6,ml,178.794,51.259,40.9,ak,earthquake,0,104
us6000tkw9,2026-08-15 03:54:13.099000+00:00,"67 km NNW of Ende, Indonesia",5.0,mb,121.3458,-8.32,10.0,us,earthquake,0,385
us6000tkw2,2026-08-15 02:46:55.923000+00:00,"69 km NNW of Ende, Indonesia",4.9,mb,121.3427,-8.299,10.0,us,earthquake,0,369
us6000tkw0,2026-08-15 02:18:46.795000+00:00,"75 km NNW of Ende, Indonesia",4.5,mb,121.3629,-8.2289,10.0,us,earthquake,0,312
us6000tkvy,2026-08-15 02:03:45.840000+00:00,"85 km NNW of Ende, Indonesia",4.6,mb,121.2637,-8.1754,10.0,us,earthquake,0,326
us6000tkvt,2026-08-15 01:37:40.307000+00:00,"62 km N of Ruteng, Indonesia",4.9,mb,120.5052,-8.0505,10.0,us,earthquake,0,369
us6000tkvp,2026-08-15 01:17:20.014000+00:00,"71 km NNE of Ruteng, Indonesia",5.1,mb,120.6888,-8.0088,10.0,us,earthquake,0,400
us6000tkvn,2026-08-15 01:10:51.635000+00:00,"16 km SSE of Tomioka, Japan",4.7,mb,141.1138,37.2084,50.197,us,earthquake,0,340
ci40672930,2026-08-15 01:05:14.940000+00:00,"42 km SW of Maneadero, B.C., MX",3.25,ml,-116.933166666667,31.5035,14.11,ci,earthquake,0,162
us6000tkvj,2026-08-15 00:43:29.640000+00:00,"38 km SSE of Severo-Kuril’sk, Russia",5.4,mb,156.3863,50.3745,78.982,us,earthquake,0,449
us6000tkvh,2026-08-15 00:40:18.406000+00:00,"71 km NNW of Ende, Indonesia",5.1,mb,121.4162,-8.248,10.0,us,earthquake,0,400
us6000tkvi,2026-08-15 00:40:13.397000+00:00,Balleny Islands region,5.3,mb,165.89,-62.9125,10.0,us,earthquake,0,432
us6000tkvg,2026-08-15 00:20:27.120000+00:00,"49 km WNW of Ende, Indonesia",4.6,mb,121.2789,-8.6065,10.0,us,earthquake,0,326
aka2026qblgxp,2026-08-15 00:09:46.056000+00:00,"74 km SSE of Adak, Alaska",2.6,ml,-176.18,51.267,14.3,ak,earthquake,0,104
us6000tkvd,2026-08-15 00:03:22.963000+00:00,"78 km NNW of Ende, Indonesia",4.7,mb,121.3126,-8.2265,10.0,us,earthquake,0,340
us6000tkvc,2026-08-14 23:52:55.591000+00:00,"73 km NNW of Ende, Indonesia",4.8,mb,121.5158,-8.1975,10.0,us,earthquake,0,354
us6000tkvb,2026-08-14 23:49:58.157000+00:00,"76 km NNW of Ende, Indonesia",4.5,mb,121.3939,-8.2074,10.0,us,earthquake,0,312
tx2026pyvhfj,2026-08-14 23:34:50.217000+00:00,"22 km SE of Lindsay, Texas",2.8,ml,-103.388,31.213,5.5359,tx,earthquake,0,121
aka2026qbjngl,2026-08-14 23:17:11.657000+00:00,"4 km SE of Port Lions, Alaska",2.8,ml,-152.83,57.837,44.2,ak,earthquake,0,121
us6000tkv9,2026-08-14 23:17:05.284000+00:00,"65 km NNW of Ende, Indonesia",5.0,mb,121.359,-8.3348,10.0,us,earthquake,0,385
us6000tkv7,2026-08-14 23:12:31.091000+00:00,"49 km N of Ruteng, Indonesia",5.1,mb,120.4166,-8.1694,10.0,us,earthquake,0,400
us6000tkv2,2026-08-14 23:04:40.797000+00:00,"1 km SW of Otura, Spain",5.2,mb,-3.6486,37.0789,10.0,us,earthquake,0,734
us6000tl1g,2026-08-14 23:00:03.603000+00:00,"53 km NE of Ruteng, Indonesia",4.8,mb,120.829,-8.2899,11.296,us,earthquake,0,354
us6000tkv1,2026-08-14 22:59:12.662000+00:00,"55 km NE of Labuan Bajo, Indonesia",4.7,mb,120.2424,-8.146,10.0,us,earthquake,0,340
us6000tkuv,2026-08-14 22:54:54.655000+00:00,"69 km SSE of King Cove, Alaska",3.4,mb,-161.763,54.5268,35.0,us,earthquake,0,178
us6000tkx9,2026-08-14 22:53:16.070000+00:00,"222 km SE of Chiniak, Alaska",2.6,ml,-149.4328,56.3531,10.0,us,earthquake,0,104
us6000tkuw,2026-08-14 22:53:11.834000+00:00,"49 km NE of Labuan Bajo, Indonesia",5.3,mb,120.2253,-8.2053,10.0,us,earthquake,0,432
us6000tkuf,2026-08-14 22:37:17.172000+00:00,"49 km NE of Labuan Bajo, Indonesia",5.5,mb,120.1908,-8.1604,10.0,us,earthquake,0,465
aka2026qbiaba,2026-08-14 22:31:50.282000+00:00,"153 km S of Atka, Alaska",3.1,ml,-174.023,50.819,20.0,ak,earthquake,0,148
aka2026qbhztk,2026-08-14 22:31:34.219000+00:00,"29 km SW of Hope, Alaska",3.0,ml,-150.04,60.743,37.9,ak,earthquake,0,139
us6000tkuc,2026-08-14 22:28:37.550000+00:00,"58 km N of Ende, Indonesia",6.1,mb,121.5717,-8.3186,10.0,us,earthquake,0,573
us6000tku7,2026-08-14 22:18:06.706000+00:00,"61 km NNW of Ende, Indonesia",5.6,mb,121.4284,-8.3406,10.0,us,earthquake,0,482
us6000tkub,2026-08-14 22:17:00.060000+00:00,"61 km ENE of Ruteng, Indonesia",5.5,mb,121.0058,-8.4696,10.0,us,earthquake,0,465
us6000tkta,2026-08-14 22:13:50.869000+00:00,"36 km NE of Labuan Bajo, Indonesia",5.9,mb,120.1465,-8.2849,10.0,us,earthquake,0,536
us6000tkt2,2026-08-14 21:58:21.564000+00:00,"68 km NNW of Ende, Indonesia",7.7,mww,121.3517,-8.3101,10.0,us,earthquake,0,953
aka2026qbeojw,2026-08-14 20:48:29.543000+00:00,"88 km SSW of Nikolski, Alaska",2.9,ml,-169.478,52.239,20.6,ak,earthquake,0,129
aka2026qbekdq,2026-08-14 20:43:36.028000+00:00,"21 km ESE of Skwentna, Alaska",3.1,ml,-151.014,61.936,67.7,ak,earthquake,0,148
nc75418367,2026-08-14 20:38:32.160000+00:00,"19 km SW of Toms Place, CA",3.29,ml,-118.839666666667,37.4481666666667,2.44,nc,earthquake,0,168
us6000tksg,2026-08-14 20:23:53.872000+00:00,"15 km WNW of Kirakira, Solomon Islands",4.8,mb,161.7858,-10.4124,69.797,us,earthquake,0,355
aka2026qbclbk,2026-08-14 19:44:39.522000+00:00,"171 km SE of Nikolski, Alaska",3.1,ml,-167.243,51.764,13.9,ak,earthquake,0,148
aka2026qbbemu,2026-08-14 19:07:13.221000+00:00,"277 km ESE of Chiniak, Alaska",2.9,ml,-148.064,56.641,20.0,ak,earthquake,0,129
aka2026qbavul,2026-08-14 18:57:08.809000+00:00,"26 km SW of Anchor Point, Alaska",2.6,ml,-152.181,59.619,71.7,ak,earthquake,0,104
us6000tlwc,2026-08-14 18:51:56.407000+00:00,South Sandwich Islands region,4.3,mb,-22.8917,-58.4124,10.0,us,earthquake,0,284
us6000tkrw,2026-08-14 18:33:23.091000+00:00,"181 km N of Sola, Vanuatu",4.5,mb,167.4585,-12.2372,339.954,us,earthquake,0,312
aka2026qazpzy,2026-08-14 18:20:25.569000+00:00,"57 km WNW of Skwentna, Alaska",2.6,ml,-152.333,62.261,5.0,ak,earthquake,0,104
us6000tkrs,2026-08-14 18:03:53.939000+00:00,"275 km N of Tobelo, Indonesia",4.7,mb,127.9636,4.2157,10.0,us,earthquake,0,340
pr71528493,2026-08-14 17:51:00.190000+00:00,"74 km E of Cruz Bay, U.S. Virgin Islands",3.03,md,-64.1005,18.4435,73.97,pr,earthquake,0,141
us6000tlwb,2026-08-14 17:49:27.040000+00:00,"91 km SW of Puerto Madero, Mexico",4.3,mb,-93.0804,14.1987,10.0,us,earthquake,0,284
us6000tkrq,2026-08-14 17:47:41.800000+00:00,"174 km E of Ozernovskiy, Russia",4.4,mb,158.9924,51.3245,35.0,us,earthquake,0,298
us6000tku6,2026-08-14 17:10:20.527000+00:00,"196 km SE of Chiniak, Alaska",2.7,ml,-150.3029,56.2171,10.0,us,earthquake,0,112
us6000tkrg,2026-08-14 16:56:14.765000+00:00,"20 km WSW of Divichibazar, Azerbaijan",4.9,mb,48.7607,41.1261,10.0,us,earthquake,0,370
us6000tlw7,2026-08-14 16:54:19.023000+00:00,"234 km SSE of Shimoda, Japan",4.3,mb,140.0711,32.7831,118.541,us,earthquake,0,284
aka2026qawjgu,2026-08-14 16:42:41.177000+00:00,"23 km SE of Kasilof, Alaska",2.5,ml,-150.924,60.217,67.1,ak,earthquake,0,96
us6000tkr4,2026-08-14 16:14:39.657000+00:00,"14 km SSW of Rodotópi, Greece",4.1,mb,20.6464,39.5927,10.0,us,earthquake,0,259
us6000tktp,2026-08-14 16:14:08.382000+00:00,"87 km SSE of Sand Point, Alaska",2.9,ml,-160.1802,54.5728,10.0,us,earthquake,0,129
us6000tl6e,2026-08-14 15:06:59.600000+00:00,"78 km SE of Atka, Alaska",2.8,ml,-173.514,51.6271,10.0,us,earthquake,0,121
aka2026qasret,2026-08-14 14:51:56.941000+00:00,"68 km ESE of Sand Point, Alaska",2.5,ml,-159.484,55.146,26.6,ak,earthquake,0,96
us6000tl6c,2026-08-14 14:36:05.494000+00:00,"32 km S of Adak, Alaska",2.6,ml,-176.5555,51.5837,61.29,us,earthquake,0,104
us6000tl5q,2026-08-14 13:54:15.511000+00:00,"80 km ESE of Adak, Alaska",2.6,ml,-175.5416,51.6315,184.16,us,earthquake,0,104
us6000tkpq,2026-08-14 13:42:56.610000+00:00,"87 km E of Noda, Japan",4.4,mb,142.826,40.257,35.0,us,earthquake,0,298
us6000tktg,2026-08-14 13:33:27.645000+00:00,"200 km W of Adak, Alaska",3.2,ml,-179.5273,51.7282,96.399,us,earthquake,0,158
ci40672458,2026-08-14 12:31:45.680000+00:00,"12 km SSW of Lompoc, CA",2.53,ml,-120.5,34.5378333333333,6.19,ci,earthquake,0,102
pr2026226000,2026-08-14 12:28:54.370000+00:00,"110 km SW of Pole Ojea, Puerto Rico",3.74,md,-68.0401,17.4113,5.0,pr,earthquake,0,215
nc75418182,2026-08-14 12:11:42.460000+00:00,"5 km S of Petrolia, CA",2.57,md,-124.283166666667,40.2815,10.63,nc,earthquake,0,102
hv75018627,2026-08-14 11:09:14.330000+00:00,"7 km NE of Puako, Hawaii",2.5,md,-155.795166015625,20.0201663970947,31.4200000762939,hv,earthquake,0,96
us6000tkmy,2026-08-14 09:58:43.693000+00:00,"207 km SE of Katsuura, Japan",4.8,mb,141.619,33.615,10.0,us,earthquake,0,354
aka2026qainsg,2026-08-14 09:48:00.694000+00:00,"91 km ESE of Akutan, Alaska",2.9,ml,-164.566,53.724,29.2,ak,earthquake,0,129
hv75018602,2026-08-14 09:46:24.090000+00:00,"13 km ESE of Pāhala, Hawaii",2.51,ml,-155.354339599609,19.1665000915527,28.0100002288818,hv,earthquake,0,97
us6000tkml,2026-08-14 08:29:05.268000+00:00,"42 km WSW of Neyshābūr, Iran",4.2,mb,58.3779,36.0425,10.0,us,earthquake,0,271
aka2026qafrlh,2026-08-14 08:22:17.251000+00:00,"7 km ENE of Nikiski, Alaska",2.6,ml,-151.15,60.708,70.7,ak,earthquake,0,104
pr71528453,2026-08-14 08:12:10.030000+00:00,"5 km W of Mayagüez, Puerto Rico",3.14,md,-67.1953333333333,18.2088333333333,109.73,pr,earthquake,0,152
us6000tlw0,2026-08-14 07:26:56.527000+00:00,"151 km SE of Sfântu Gheorghe, Romania",4.2,mb,30.9373,43.926,10.996,us,earthquake,0,271
aka2026qaddaa,2026-08-14 07:05:42.341000+00:00,"197 km WSW of Adak, Alaska",2.7,ml,-179.26,51.197,16.3,ak,earthquake,0,112
aka2026qabaix,2026-08-14 06:02:40.605000+00:00,"176 km WSW of Adak, Alaska",2.8,ml,-178.848,51.092,20.5,ak,earthquake,0,121
aka2026qaaaug,2026-08-14 05:33:13.500000+00:00,"45 km ESE of Nikolski, Alaska",2.6,ml,-168.257,52.761,33.3,ak,earthquake,0,104
ci40672266,2026-08-14 04:58:48.780000+00:00,"6 km WSW of Malibu, CA",2.49,ml,-118.871666666667,33.9925,14.92,ci,earthquake,0,113
us6000tklc,2026-08-14 04:53:15.378000+00:00,"Bonin Islands, Japan region",4.8,mb,139.5875,27.6391,516.445,us,earthquake,0,354
aka2026pzwhgg,2026-08-14 03:40:25.888000+00:00,"170 km SW of Nikolski, Alaska",2.9,ml,-170.302,51.685,20.0,ak,earthquake,0,129
aka2026pzvhjk,2026-08-14 03:10:52.682000+00:00,"60 km SSW of Unalaska, Alaska",4.0,ml,-167.018,53.418,10.0,ak,earthquake,0,248
ci40672226,2026-08-14 02:57:58.190000+00:00,"90 km S of Alberto Oviedo Mota, B.C., MX",2.73,ml,-115.3415,31.435,3.85,ci,earthquake,0,115
aka2026pzswoc,2026-08-14 01:58:14.647000+00:00,"232 km ESE of Attu Station, Alaska",3.3,ml,176.313,52.001,3.8,ak,earthquake,0,168
us6000tkkw,2026-08-14 01:14:53.627000+00:00,"29 km SW of Balangonan, Philippines",4.9,mb,125.1585,5.3865,92.559,us,earthquake,0,370
us6000tkmr,2026-08-13 23:48:43.558000+00:00,"92 km E of Nikolski, Alaska",3.2,mb,-167.484,52.8774,35.0,us,earthquake,0,158
us6000tkkg,2026-08-13 23:42:48.903000+00:00,"2 km SE of Amidon, North Dakota",2.6,mb_lg,-103.303,46.4677,5.0,us,earthquake,0,104
tx2026pwzswu,2026-08-13 23:40:03.775000+00:00,"13 km SE of Pearsall, Texas",2.5,ml,-98.987,28.815,7.4418,tx,earthquake,0,96
ok2026pvbc,2026-08-13 23:26:17.980000+00:00,"5 km NE of Wardville, Oklahoma",2.67,ml,-95.984,34.6805,7.0,ok,earthquake,0,110
us6000tkkb,2026-08-13 23:11:57.926000+00:00,"24 km ENE of Jurm, Afghanistan",4.3,mb,71.068,36.9775,109.162,us,earthquake,0,284
aka2026pzkiqi,2026-08-13 21:43:11.975000+00:00,"90 km SW of Atka, Alaska",2.5,ml,-175.286,51.728,113.5,ak,earthquake,0,96
us6000tkju,2026-08-13 21:23:48.876000+00:00,"40 km NW of Shahrak-e Kūlūrī, Iran",4.5,mb,48.1175,32.5666,10.0,us,earthquake,0,312
us6000tkjc,2026-08-13 20:29:31.171000+00:00,"74 km SE of King Cove, Alaska",2.6,ml,-161.6191,54.5256,31.945,us,earthquake,0,104
aka2026pzhtah,2026-08-13 20:24:36.504000+00:00,"44 km WSW of Lorino, Russia",3.6,ml,-172.639,65.428,10.9,ak,earthquake,0,199
hv75018112,2026-08-13 20:05:09.830000+00:00,"6 km SSW of Pāhala, Hawaii",3.1,ml,-155.499166666667,19.1478333333333,31.79,hv,earthquake,0,148
us6000tkil,2026-08-13 19:21:36.616000+00:00,"11 km E of Seto, Japan",4.4,mb,137.2223,35.2261,285.87,us,earthquake,0,298
pr2026225000,2026-08-13 19:16:43.780000+00:00,"45 km WSW of Stella, Puerto Rico",3.56,md,-67.6655,18.2241,104.0,pr,earthquake,0,195
aka2026pzfgfd,2026-08-13 19:09:50.313000+00:00,"239 km WSW of Adak, Alaska",2.5,ml,-179.76,50.977,11.2,ak,earthquake,0,96
us6000tklb,2026-08-13 18:53:23.004000+00:00,"3 km NE of Zurgena, Spain",3.0,mb_lg,-2.0107,37.3638,10.0,us,earthquake,0,139
us6000tkig,2026-08-13 18:39:30.077000+00:00,"12 km SSW of Sarangani, Philippines",5.3,mww,125.4298,5.2976,55.266,us,earthquake,0,433
us6000tkic,2026-08-13 18:03:19.016000+00:00,"232 km E of Levuka, Fiji",4.3,mb,-178.4925,-17.9047,595.797,us,earthquake,0,284
us6000tlnr,2026-08-13 17:59:24.113000+00:00,"148 km SE of Petropavlovsk-Kamchatsky, Russia",4.1,mb,160.3897,52.2737,37.39,us,earthquake,0,259
us6000tlnq,2026-08-13 17:55:42.837000+00:00,"154 km SE of Petropavlovsk-Kamchatsky, Russia",4.2,mb,160.3453,52.1487,10.0,us,earthquake,0,271
us6000tki8,2026-08-13 17:39:28.662000+00:00,west of Macquarie Island,5.1,mww,147.3485,-56.926,10.0,us,earthquake,0,400
pr71528393,2026-08-13 17:19:25.330000+00:00,"4 km N of San Germán, Puerto Rico",2.81,md,-67.0443333333333,18.1223333333333,20.12,pr,earthquake,0,121
us6000tkmi,2026-08-13 16:46:25.568000+00:00,"37 km SSW of Atka, Alaska",2.9,ml,-174.4147,51.8842,192.471,us,earthquake,0,129
us6000tlnm,2026-08-13 16:28:04.579000+00:00,Kermadec Islands region,4.6,mb,-176.5606,-28.4874,10.0,us,earthquake,0,326
us6000tkhm,2026-08-13 16:11:45.730000+00:00,Kermadec Islands region,5.6,mww,-176.3328,-28.7929,10.0,us,earthquake,0,482
nc75417582,2026-08-13 16:07:22.530000+00:00,"4 km N of San Leandro, CA",2.83,md,-122.149,37.7568333333333,5.5,nc,earthquake,0,145
aka2026pyzbyz,2026-08-13 16:04:56.421000+00:00,"109 km S of Nikolski, Alaska",2.5,ml,-169.133,51.97,7.8,ak,earthquake,0,96
nc75417557,2026-08-13 15:30:04.700000+00:00,"3 km N of San Leandro, CA",3.84,mw,-122.150166666667,37.7551666666667,5.55,nc,earthquake,0,607
us6000tkmd,2026-08-13 15:28:16.341000+00:00,"91 km SE of Atka, Alaska",3.7,mb,-173.3013,51.5849,35.467,us,earthquake,0,211
aka2026pyxrmo,2026-08-13 15:22:54.022000+00:00,"186 km WSW of Adak, Alaska",2.5,ml,-178.981,51.062,22.5,ak,earthquake,0,96
us6000tkha,2026-08-13 14:42:32.286000+00:00,"1 km E of San José del Palmar, Colombia",4.3,mb,-76.2213,4.8948,103.362,us,earthquake,0,285
us6000tkhc,2026-08-13 14:39:38.397000+00:00,"212 km ENE of Levuka, Fiji",4.2,mb,-178.7251,-17.6351,562.507,us,earthquake,0,271
us6000tkh9,2026-08-13 14:22:53.149000+00:00,"93 km WSW of Gunungsitoli, Indonesia",4.3,mb,96.9132,0.8256,10.0,us,earthquake,0,284
hv75017772,2026-08-13 13:16:49.690000+00:00,"57 km WNW of Puako, Hawaii",2.85,ml,-156.371,20.1066666666667,30.27,hv,earthquake,0,125
us6000tlnk,2026-08-13 13:13:48.206000+00:00,"9 km ENE of Sulat, Philippines",4.5,mb,125.5375,11.8273,49.335,us,earthquake,0,312
us6000tlnj,2026-08-13 13:12:19.170000+00:00,"197 km W of Abepura, Indonesia",4.5,mb,138.8726,-2.8617,33.938,us,earthquake,0,312
us6000tkgn,2026-08-13 12:44:59.102000+00:00,"45 km SSW of Angoram, Papua New Guinea",5.0,mb,143.8885,-4.4318,134.025,us,earthquake,0,385
us6000tkm6,2026-08-13 11:09:14.021000+00:00,"184 km W of Adak, Alaska",2.9,ml,-179.3197,51.8674,186.898,us,earthquake,0,129
uu80148601,2026-08-13 10:57:26.460000+00:00,"16 km NE of Milford, Utah",2.56,ml,-112.885666666667,38.5138333333333,3.71,uu,earthquake,0,101
us6000tkg4,2026-08-13 10:23:19.536000+00:00,"3 km ESE of Gambiran Satu, Indonesia",4.6,mb,114.1762,-8.4115,145.679,us,earthquake,0,326
aka2026pynipu,2026-08-13 10:12:50.685000+00:00,"Rat Islands, Aleutian Islands, Alaska",2.8,ml,178.021,50.95,12.6,ak,earthquake,0,121
us6000tkjg,2026-08-13 10:05:32.080000+00:00,"92 km SSE of King Cove, Alaska",2.6,ml,-161.6461,54.3291,10.0,us,earthquake,0,104
aka2026pylytt,2026-08-13 09:31:25.774000+00:00,"91 km SW of Nikolski, Alaska",2.6,ml,-169.823,52.358,11.3,ak,earthquake,0,104
ci40671666,2026-08-13 09:31:18.030000+00:00,"28 km SSW of Ocotillo Wells, CA",2.63,ml,-116.249666666667,32.913,7.82,ci,earthquake,0,107
us6000tkfh,2026-08-13 09:22:58.999000+00:00,"22 km ENE of Lapuan, Philippines",5.1,mww,125.8789,6.2479,91.206,us,earthquake,0,405
pr71528353,2026-08-13 08:40:25.300000+00:00,"19 km WSW of Stella, Puerto Rico",2.48,md,-67.4248333333333,18.2861666666667,14.39,pr,earthquake,0,95
us6000tkj5,2026-08-13 08:22:32.743000+00:00,"Rat Islands, Aleutian Islands, Alaska",2.9,ml,178.2753,51.7632,102.79,us,earthquake,0,129
tx2026pvveaq,2026-08-13 08:17:42.250000+00:00,"36 km WSW of Mentone, Texas",2.9,ml,-103.967,31.614,8.8043,tx,earthquake,0,129
us6000tkj4,2026-08-13 07:59:45.291000+00:00,"77 km SSW of Nikolski, Alaska",2.7,ml,-169.4925,52.355,35.0,us,earthquake,0,112
us6000tkj3,2026-08-13 07:31:07.910000+00:00,"215 km WSW of Adak, Alaska",3.4,ml,-179.6982,51.5042,79.028,us,earthquake,0,178
aka2026pyhpqg,2026-08-13 07:20:56.933000+00:00,"132 km SW of Yakutat, Alaska",2.8,ml,-141.523,58.801,36.4,ak,earthquake,0,121
us6000tkeb,2026-08-13 07:09:25.511000+00:00,"215 km SSW of Severo-Kuril’sk, Russia",4.5,mb,155.449,48.7896,39.155,us,earthquake,0,312
tx2026pvrppd,2026-08-13 06:30:25.846000+00:00,"21 km W of Garden City, Texas",2.6,ml,-101.71,31.845,8.374,tx,earthquake,0,104
us6000tlnc,2026-08-13 05:14:11.920000+00:00,South Sandwich Islands region,4.3,mb,-26.9773,-55.8521,44.252,us,earthquake,0,284
us6000tkdq,2026-08-13 05:02:07.923000+00:00,"16 km SSE of Cuyutlán, Mexico",4.4,mb,-103.9941,18.7881,55.826,us,earthquake,0,299
us6000tkdf,2026-08-13 04:24:13.980000+00:00,"70 km NNW of Barishal, Pakistan",4.3,mb,74.2629,36.8572,57.968,us,earthquake,0,284
pr71528348,2026-08-13 03:41:30.760000+00:00,"35 km SSE of Punta Cana, Dominican Republic",3.38,md,-68.2221666666667,18.3075,110.18,pr,earthquake,0,176
us6000tke7,2026-08-13 01:46:44.527000+00:00,"240 km ESE of Attu Station, Alaska",3.4,ml,176.3382,51.8674,10.0,us,earthquake,0,178
pr71528338,2026-08-13 01:31:51.020000+00:00,"2 km WSW of Fuig, Puerto Rico",2.56,md,-66.9413333333333,17.9826666666667,10.73,pr,earthquake,0,101
us6000tke6,2026-08-13 01:22:14.495000+00:00,"95 km S of King Cove, Alaska",2.5,ml,-162.394,54.2063,9.749,us,earthquake,0,96
us6000tkci,2026-08-13 00:35:18.815000+00:00,"59 km NNW of Barishal, Pakistan",5.1,mww,74.3579,36.7849,58.893,us,earthquake,0,400
us6000tkcj,2026-08-13 00:33:27.168000+00:00,Greenland Sea,4.7,mww,7.8276,73.4757,10.0,us,earthquake,0,340
us6000tkcb,2026-08-13 00:30:04.840000+00:00,"69 km SSW of Chirilagua, El Salvador",5.5,mww,-88.2864,12.6084,56.794,us,earthquake,0,470
nc75417167,2026-08-12 23:27:29.260000+00:00,"32 km NNW of Covelo, CA",2.72,md,-123.455333333333,40.0303333333333,8.4,nc,earthquake,0,114
us6000tl73,2026-08-12 22:22:47.252000+00:00,south of Tonga,4.5,mb,-174.811,-25.5297,10.0,us,earthquake,0,312
us6000tkba,2026-08-12 22:13:34.815000+00:00,"226 km E of Levuka, Fiji",5.1,mb,-178.5634,-17.8169,583.718,us,earthquake,0,400
aka2026pxocue,2026-08-12 21:36:20.973000+00:00,"18 km WNW of Ivanof Bay, Alaska",2.7,ml,-159.756,55.96,9.4,ak,earthquake,0,112
us6000tl71,2026-08-12 21:28:32.225000+00:00,"198 km NW of Oula Xiuma, China",4.0,mb,99.3974,35.3321,10.0,us,earthquake,0,246
us6000tl72,2026-08-12 21:26:50.628000+00:00,north of Ascension Island,4.4,mb,-17.8704,-0.1138,10.0,us,earthquake,0,298
us6000tkax,2026-08-12 21:25:20.175000+00:00,"31 km E of Basco, Philippines",4.7,mb,122.2673,20.4747,10.0,us,earthquake,0,340
us6000tkaw,2026-08-12 21:21:28.869000+00:00,"16 km WSW of Honmachi, Japan",4.4,mwr,130.4346,32.4475,10.0,us,earthquake,0,298
us6000tkcg,2026-08-12 21:16:13.453000+00:00,"263 km ENE of Attu Station, Alaska",3.3,ml,177.0039,53.4293,164.349,us,earthquake,0,168
ci40671466,2026-08-12 20:56:29.310000+00:00,"9 km SW of Valencia, CA",2.63,ml,-118.628666666667,34.3845,4.22,ci,earthquake,0,147
us6000tkc9,2026-08-12 20:03:54.806000+00:00,"99 km SSE of Sand Point, Alaska",3.6,mb,-159.9532,54.501,35.0,us,earthquake,0,199
us6000tka7,2026-08-12 19:54:21.437000+00:00,"11 km SW of Hengchun, Taiwan",4.4,mb,120.6514,21.9386,15.766,us,earthquake,0,298
us6000tk9q,2026-08-12 18:58:25.658000+00:00,Banda Sea,4.5,mb,129.516,-6.5002,178.38,us,earthquake,0,312
us6000tkam,2026-08-12 18:34:07.074000+00:00,"75 km SE of Atka, Alaska",2.8,ml,-173.5279,51.6639,31.847,us,earthquake,0,121
us6000tk9l,2026-08-12 18:28:30.735000+00:00,"27 km E of Chuquitira, Peru",4.2,mb,-69.7862,-17.3277,158.608,us,earthquake,0,271
us6000tkak,2026-08-12 17:27:35.797000+00:00,"118 km S of Sand Point, Alaska",3.1,ml,-160.5607,54.276,35.0,us,earthquake,0,148
us6000tl70,2026-08-12 16:32:41.359000+00:00,Fiji region,4.0,mb,-178.4803,-20.9354,558.591,us,earthquake,0,246
us6000tkai,2026-08-12 15:15:33.821000+00:00,"97 km SSW of Unalaska, Alaska",2.8,ml,-166.836,53.0134,35.0,us,earthquake,0,121
pr71528298,2026-08-12 15:11:37.860000+00:00,"52 km N of Hatillo, Puerto Rico",3.04,md,-66.8641666666667,18.9548333333333,35.12,pr,earthquake,0,142
aka2026pxbhdx,2026-08-12 15:11:36.546000+00:00,"8 km NNE of Kodiak Station, Alaska",3.0,ml,-152.539,57.839,5.0,ak,earthquake,0,167
hv75018581,2026-08-12 14:45:16.750000+00:00,"48 km SE of Pāhala, Hawaii",3.22,ml,-155.154333333333,18.8871666666667,10.89,hv,earthquake,0,160
us6000tl9x,2026-08-12 13:01:35.315000+00:00,"179 km E of Tadine, New Caledonia",4.2,mb,169.5841,-21.828,10.0,us,earthquake,0,271
pr71528278,2026-08-12 12:59:36.650000+00:00,"17 km NW of San Antonio, Puerto Rico",2.82,md,-67.2101666666667,18.614,82.29,pr,earthquake,0,122
pr71528273,2026-08-12 12:44:33.400000+00:00,"2 km NE of Magas Arriba, Puerto Rico",2.46,md,-66.7521666666667,18.0298333333333,11.77,pr,earthquake,0,93
us6000tk7a,2026-08-12 12:42:26.674000+00:00,south of the Fiji Islands,4.3,mb,-179.7774,-23.4416,526.828,us,earthquake,0,284
us6000tk75,2026-08-12 11:56:29.774000+00:00,"55 km SW of Champerico, Guatemala",4.6,mb,-92.3028,13.9641,35.0,us,earthquake,0,326
pr71528248,2026-08-12 11:50:31.190000+00:00,"23 km S of Cruz Bay, U.S. Virgin Islands",3.04,md,-64.752,18.119,12.26,pr,earthquake,0,142
us6000tk74,2026-08-12 11:47:12.117000+00:00,South Sandwich Islands region,6.0,mww,-28.9899,-60.2445,10.0,us,earthquake,0,554
us6000tk6z,2026-08-12 11:29:01.367000+00:00,"53 km S of Jurm, Afghanistan",4.2,mb,70.9096,36.3843,143.607,us,earthquake,0,271
us6000tk6w,2026-08-12 10:47:49.157000+00:00,"180 km ENE of Kuril’sk, Russia",4.4,mb,149.8439,46.0764,159.257,us,earthquake,0,298
nc75416682,2026-08-12 10:30:10.120000+00:00,"6 km NW of The Geysers, CA",3.22,ml,-122.808166503906,38.8121681213379,2.89000010490417,nc,earthquake,0,165
nc75416672,2026-08-12 10:28:21.440000+00:00,"6 km NW of The Geysers, CA",3.2,ml,-122.806335449219,38.813835144043,2.78999996185303,nc,earthquake,0,160
us6000tk6n,2026-08-12 10:15:28.554000+00:00,"125 km NNW of Ambon, Indonesia",4.5,mb,127.7768,-2.6342,10.0,us,earthquake,0,312
us6000tk6k,2026-08-12 09:55:52.082000+00:00,"20 km S of Jurm, Afghanistan",4.0,mb,70.8776,36.6841,236.122,us,earthquake,0,246
nc75416622,2026-08-12 08:44:24.220000+00:00,"48 km W of Petrolia, CA",2.54,md,-124.850166666667,40.354,15.02,nc,earthquake,0,99
pr71528233,2026-08-12 08:39:22.130000+00:00,"14 km SSE of Cruz Bay, U.S. Virgin Islands",2.61,md,-64.765,18.204,13.99,pr,earthquake,0,105
hv75018421,2026-08-12 07:29:49.730000+00:00,"48 km ESE of Naalehu, Hawaii",2.79,ml,-155.160333333333,18.879,10.08,hv,earthquake,0,120
us6000tk5x,2026-08-12 07:14:52.581000+00:00,"66 km E of Chayek, Kyrgyzstan",5.0,mb,75.3037,42.0411,10.0,us,earthquake,0,385
ci40670922,2026-08-12 06:17:06.400000+00:00,"10 km WSW of Corona, CA",3.04,ml,-117.661833333333,33.8333333333333,2.8,ci,earthquake,0,279
mb90205033,2026-08-12 06:11:48.460000+00:00,"18 km WNW of Stanley, Idaho",2.97,ml,-115.156833333333,44.2671666666667,12.68,mb,earthquake,0,136
pr71528243,2026-08-12 05:16:10.420000+00:00,"65 km E of Cruz Bay, U.S. Virgin Islands",3.43,md,-64.1811666666667,18.2653333333333,25.9,pr,earthquake,0,181
us6000tk5j,2026-08-12 05:11:27.487000+00:00,Pacific-Antarctic Ridge,5.1,mb,-143.4933,-55.9202,10.0,us,earthquake,0,400
pr71528198,2026-08-12 04:40:18.130000+00:00,"31 km N of Charlotte Amalie, U.S. Virgin Islands",3.36,md,-64.9201666666667,18.6291666666667,41.64,pr,earthquake,0,174
nn00923208,2026-08-12 04:10:31.556000+00:00,"30 km SSE of Mina, Nevada",2.62,ml,-117.977,38.1362,10.9858,nn,earthquake,0,106
us6000tk5c,2026-08-12 04:05:51.903000+00:00,"14 km WSW of Honmachi, Japan",4.9,mww,130.4504,32.4564,10.0,us,earthquake,0,370
hv75018296,2026-08-12 03:48:33.980000+00:00,"42 km ESE of Naalehu, Hawaii",5.2,ml,-155.233333333333,18.879,10.73,hv,earthquake,0,441
us6000tk55,2026-08-12 03:45:16.110000+00:00,"4 km WNW of Radwanice, Poland",4.2,mb,15.8885,51.5853,10.0,us,earthquake,0,271
us6000tk52,2026-08-12 03:38:13.678000+00:00,"31 km SSW of Pondaguitan, Philippines",4.4,mb,126.105,6.0864,146.743,us,earthquake,0,298
hv75018276,2026-08-12 03:16:55.850000+00:00,"40 km ESE of Naalehu, Hawaii",3.25,ml,-155.2425,18.8843333333333,13.09,hv,earthquake,0,162
us6000tk9v,2026-08-12 03:03:03.528000+00:00,"233 km ESE of Attu Station, Alaska",3.2,ml,176.3419,52.0147,12.121,us,earthquake,0,158
us6000tk6r,2026-08-12 02:02:27.922000+00:00,"51 km ESE of Atka, Alaska",2.9,ml,-173.5203,51.9991,87.681,us,earthquake,0,129
pr2026224000,2026-08-12 01:51:24.670000+00:00,"63 km NNE of Cruz Bay, U.S. Virgin Islands",3.65,md,-64.542,18.8553,8.0,pr,earthquake,0,205
pr71528153,2026-08-12 01:42:34.480000+00:00,"66 km NNE of Cruz Bay, U.S. Virgin Islands",3.28,md,-64.5163333333333,18.872,9.45,pr,earthquake,0,166
pr71528143,2026-08-12 01:24:05.290000+00:00,"63 km N of San Juan, Puerto Rico",3.11,md,-66.1133333333333,19.044,7.1,pr,earthquake,0,149
us6000tk4d,2026-08-12 00:26:52.528000+00:00,"29 km SSE of Jurm, Afghanistan",4.1,mb,71.0071,36.6432,205.984,us,earthquake,0,259
us6000tk46,2026-08-11 23:34:35.106000+00:00,"81 km S of Corinto, Nicaragua",4.4,mb,-87.2721,11.7562,40.272,us,earthquake,0,298
us6000tk41,2026-08-11 23:33:13.327000+00:00,"170 km SSW of Abepura, Indonesia",4.7,mb,139.8821,-3.9425,22.114,us,earthquake,0,340
us6000tkqn,2026-08-11 23:14:42.698000+00:00,"96 km E of Santiago, Philippines",4.3,mb,127.4354,7.1554,10.0,us,earthquake,0,284
us6000tkqp,2026-08-11 23:12:43.264000+00:00,"249 km SSE of Vilyuchinsk, Russia",4.2,mb,160.2186,50.9846,10.0,us,earthquake,0,271
us6000tkql,2026-08-11 22:29:34.063000+00:00,"12 km ENE of Landázuri, Colombia",4.5,mb,-73.7019,6.2416,116.733,us,earthquake,0,312
us6000tkqk,2026-08-11 22:28:54.450000+00:00,"Izu Islands, Japan region",4.1,mb,141.7176,29.109,10.0,us,earthquake,0,259
aka2026pvtuaw,2026-08-11 22:26:55.321000+00:00,"59 km NE of Pedro Bay, Alaska",3.9,ml,-153.257,60.105,147.2,ak,earthquake,0,235
us6000tk3b,2026-08-11 21:45:54.898000+00:00,"81 km SW of Urakawa, Japan",4.8,mww,142.1225,41.6137,68.868,us,earthquake,0,354
us6000tk33,2026-08-11 21:37:04.540000+00:00,"21 km NE of Wana, Pakistan",4.6,mb,69.7503,32.4227,44.491,us,earthquake,0,326
nc75416222,2026-08-11 21:35:14.730000+00:00,"7 km NW of The Geysers, CA",2.76,md,-122.803337097168,38.8261680603027,2.45000004768372,nc,earthquake,0,117
nc75416217,2026-08-11 21:34:57.190000+00:00,"7 km NW of The Geysers, CA",2.99,ml,-122.804832458496,38.8261680603027,2.75999999046326,nc,earthquake,0,140
us6000tk3r,2026-08-11 21:23:01.183000+00:00,"155 km SW of Nikolski, Alaska",3.0,ml,-170.5175,51.9789,35.0,us,earthquake,0,138
us6000tkqj,2026-08-11 21:08:28.280000+00:00,"22 km SSW of León, Nicaragua",4.2,mb,-86.9652,12.2562,10.0,us,earthquake,0,271
us6000tk3n,2026-08-11 20:57:32.282000+00:00,"157 km SW of Nikolski, Alaska",3.3,ml,-170.4565,51.9186,10.0,us,earthquake,0,168
us6000tk2n,2026-08-11 20:55:27.983000+00:00,"200 km WNW of Tobelo, Indonesia",4.5,mb,126.4972,2.717,53.612,us,earthquake,0,312
us6000tk2d,2026-08-11 20:42:58.478000+00:00,"162 km SW of Nikolski, Alaska",4.2,mb,-170.4011,51.8195,40.686,us,earthquake,0,271
ci40670714,2026-08-11 20:34:02.480000+00:00,"11 km SW of Niland, CA",2.92,ml,-115.610666666667,33.185,2.18,ci,earthquake,0,132
us6000tk29,2026-08-11 20:31:29.038000+00:00,"79 km ESE of Kokopo, Papua New Guinea",5.0,mww,152.9244,-4.6393,71.07,us,earthquake,0,385
us6000tk1y,2026-08-11 20:14:18.524000+00:00,"41 km E of Tobelo, Indonesia",5.0,mb,128.3815,1.67,10.0,us,earthquake,0,385
us6000tk1m,2026-08-11 19:55:41.169000+00:00,"150 km SE of Port Blair, India",4.8,mb,93.5204,10.5368,110.71,us,earthquake,0,354
us6000tk1j,2026-08-11 19:37:24.911000+00:00,"120 km SW of Atocha, Bolivia",4.3,mb,-67.0402,-21.707,237.377,us,earthquake,0,284
us6000tkqg,2026-08-11 19:09:11.730000+00:00,"65 km NNE of Port-Olry, Vanuatu",4.3,mb,167.2379,-14.4729,198.445,us,earthquake,0,284
us6000tk14,2026-08-11 18:45:23.331000+00:00,"103 km ESE of Neiafu, Tonga",4.5,mb,-173.0442,-18.9346,30.309,us,earthquake,0,312
us6000tk0u,2026-08-11 18:10:25.519000+00:00,Western Australia,4.6,mb,126.5777,-31.5493,10.0,us,earthquake,0,326
us6000tk0q,2026-08-11 18:05:33.734000+00:00,"19 km W of Manta, Ecuador",4.0,mb,-80.8897,-0.981,10.0,us,earthquake,0,246
us6000tk0c,2026-08-11 17:21:16.151000+00:00,"9 km ESE of Vama Buzăului, Romania",4.6,mb,26.1037,45.5724,139.851,us,earthquake,0,326
us6000tk4g,2026-08-11 17:15:43.790000+00:00,"85 km SE of Akutan, Alaska",2.5,ml,-164.7696,53.6494,35.0,us,earthquake,0,96
us6000tk0a,2026-08-11 17:06:18.407000+00:00,"103 km WNW of Kerema, Papua New Guinea",5.0,mb,144.9098,-7.5839,10.0,us,earthquake,0,385
uw714075502,2026-08-11 16:23:52.580000+00:00,"5 km WSW of Harrah, Washington",3.09,ml,-120.609,46.3901666666667,11.81,uw,earthquake,0,165
aka2026pvgipq,2026-08-11 15:43:57.428000+00:00,"30 km SW of Trapper Creek, Alaska",2.5,ml,-150.626,62.109,10.0,ak,earthquake,0,96
us6000tjzx,2026-08-11 15:43:41.099000+00:00,"11 km WNW of San José del Palmar, Colombia",4.2,mb,-76.3385,4.9201,100.605,us,earthquake,0,271
aka2026pvduzh,2026-08-11 14:28:14.360000+00:00,"39 km SSW of Karluk, Alaska",3.2,ml,-154.773,57.256,43.6,ak,earthquake,0,158
hv75017881,2026-08-11 14:15:22.230000+00:00,"46 km ESE of Naalehu, Hawaii",3.13,ml,-155.205833333333,18.837,15.0,hv,earthquake,0,151
hv75017861,2026-08-11 13:55:55.630000+00:00,"44 km ESE of Naalehu, Hawaii",3.32,ml,-155.217833333333,18.8653333333333,11.66,hv,earthquake,0,170
hv75017846,2026-08-11 13:31:00.720000+00:00,"44 km ESE of Naalehu, Hawaii",3.29,ml,-155.2155,18.8668333333333,11.69,hv,earthquake,0,167
us6000tjxa,2026-08-11 12:45:12.884000+00:00,"Pulau Pulau Tanimbar, Indonesia",4.8,mb,130.3922,-7.397,30.609,us,earthquake,0,354
aka2026pvailr,2026-08-11 12:43:56.091000+00:00,"140 km S of Unalaska, Alaska",3.1,ml,-166.596,52.61,20.6,ak,earthquake,0,148
us6000tjx7,2026-08-11 12:13:41.963000+00:00,"264 km SW of Severo-Kuril’sk, Russia",4.5,mb,153.1425,49.2842,174.304,us,earthquake,0,312
nc75415817,2026-08-11 12:09:29.580000+00:00,"5 km NW of Pinnacles, CA",2.66,md,-121.175003051758,36.5691680908203,0.509999990463257,nc,earthquake,0,109
us6000tjx1,2026-08-11 10:49:52.149000+00:00,Banda Sea,4.6,mb,129.7317,-6.7252,170.699,us,earthquake,0,326
nc75415712,2026-08-11 10:20:40.960000+00:00,"6 km NW of Pinnacles, CA",2.57,md,-121.193833333333,36.5701666666667,2.82,nc,earthquake,0,102
nc75415717,2026-08-11 10:19:08.180000+00:00,"6 km NW of Pinnacles, CA",3.94,mw,-121.182333333333,36.5778333333333,4.62,nc,earthquake,0,253
aka2026puuuog,2026-08-11 09:57:35.452000+00:00,"232 km ESE of Attu Station, Alaska",2.9,ml,176.332,52.025,20.0,ak,earthquake,0,129
us6000tjwm,2026-08-11 09:36:41.508000+00:00,"98 km SSE of Sand Point, Alaska",4.4,mb,-159.9604,54.5029,34.39,us,earthquake,0,298
us6000tjyx,2026-08-11 09:26:14.382000+00:00,"41 km SW of Attu Station, Alaska",3.9,mb,172.7049,52.6078,35.0,us,earthquake,0,234
aka2026putcih,2026-08-11 09:06:51.920000+00:00,"92 km SSE of Sand Point, Alaska",2.6,ml,-160.139,54.535,6.1,ak,earthquake,0,104
us6000tjwh,2026-08-11 08:49:24.635000+00:00,"99 km SSE of Sand Point, Alaska",4.6,mb,-159.9971,54.4899,36.925,us,earthquake,0,326
us6000tjwd,2026-08-11 08:00:34.362000+00:00,"40 km SSW of Sechura, Peru",4.6,mb,-81.0116,-5.8682,39.674,us,earthquake,0,326
uu80148271,2026-08-11 08:00:28.270000+00:00,"2 km NW of Little America, Wyoming",3.29,ml,-109.886,41.56,-1.73,uu,earthquake,0,167
us6000tk27,2026-08-11 07:23:05.733000+00:00,"76 km ENE of Adak, Alaska",3.3,ml,-175.6331,52.1857,151.83,us,earthquake,0,168
us6000tjw4,2026-08-11 07:08:17.079000+00:00,"Rat Islands, Aleutian Islands, Alaska",3.0,ml,176.7078,50.376,10.0,us,earthquake,0,138
aka2026puobyu,2026-08-11 06:36:22.425000+00:00,"233 km ESE of Attu Station, Alaska",2.7,ml,176.31,51.969,8.2,ak,earthquake,0,112
pr71528083,2026-08-11 06:00:06.340000+00:00,"14 km NNE of Cruz Bay, U.S. Virgin Islands",3.07,md,-64.7508333333333,18.456,35.72,pr,earthquake,0,145
aka2026pumqju,2026-08-11 05:53:19.109000+00:00,"66 km SSE of Atka, Alaska",3.8,ml,-173.733,51.678,58.7,ak,earthquake,0,222
nc75415627,2026-08-11 04:57:20.840000+00:00,"9 km E of Rancho Tehama Reserve, CA",2.54,md,-122.291666666667,39.9998333333333,37.2,nc,earthquake,0,99
aka2026pujftg,2026-08-11 04:10:57.098000+00:00,"58 km N of Petersville, Alaska",2.5,ml,-150.87,63.023,127.2,ak,earthquake,0,96
pr2026223000,2026-08-11 03:38:48.250000+00:00,"1 km SSE of La Romana, Dominican Republic",3.86,md,-68.9661,18.413,100.0,pr,earthquake,0,229
us6000tjvb,2026-08-11 03:11:19.919000+00:00,south of the Fiji Islands,4.5,mb,-179.7759,-23.5978,548.449,us,earthquake,0,312
us6000tkfr,2026-08-11 02:46:07.844000+00:00,Pacific-Antarctic Ridge,4.6,mb,-135.8731,-54.0512,10.0,us,earthquake,0,326
us6000tk1x,2026-08-11 02:45:40.879000+00:00,"233 km ESE of Attu Station, Alaska",2.5,ml,176.4079,52.1218,10.537,us,earthquake,0,96
us6000tjuw,2026-08-11 02:11:15.032000+00:00,"83 km SE of Atka, Alaska",3.6,mb,-173.399,51.6378,46.5,us,earthquake,0,199
us6000tjv5,2026-08-11 01:18:02.181000+00:00,"232 km ESE of Attu Station, Alaska",3.4,ml,176.3308,52.0186,10.0,us,earthquake,0,178
us6000tjug,2026-08-11 01:12:46.205000+00:00,"81 km SSE of Bengkulu, Indonesia",4.7,mb,102.5519,-4.4801,61.94,us,earthquake,0,340
us6000tkp2,2026-08-10 23:15:29.388000+00:00,"50 km W of Tobelo, Indonesia",4.7,mb,127.5606,1.8096,10.0,us,earthquake,0,340
us6000tkp1,2026-08-10 23:14:52.371000+00:00,"105 km N of Finschhafen, Papua New Guinea",4.2,mb,147.9611,-5.6086,143.411,us,earthquake,0,271
us6000tkav,2026-08-10 23:04:28.638000+00:00,"238 km ESE of Attu Station, Alaska",3.1,ml,176.2677,51.8394,73.203,us,earthquake,0,148
us6000tjtz,2026-08-10 22:59:54.432000+00:00,"55 km SSE of Kushima, Japan",4.3,mb,131.4736,31.027,35.0,us,earthquake,0,284
us6000tkat,2026-08-10 22:57:47.430000+00:00,"132 km ESE of Nikolski, Alaska",2.6,ml,-167.0205,52.5331,36.51,us,earthquake,0,104
us6000tju1,2026-08-10 22:41:55.692000+00:00,"90 km SW of Puerto Madero, Mexico",4.1,mb,-92.9593,14.094,54.72,us,earthquake,0,259
us6000tjt8,2026-08-10 21:31:43.296000+00:00,"13 km SSE of Yibin, China",4.5,mb,104.6812,28.6412,45.44,us,earthquake,0,312
us6000tknz,2026-08-10 21:10:49.115000+00:00,"91 km ENE of Hachinohe, Japan",4.2,mb,142.4644,40.8795,49.521,us,earthquake,0,271
us6000tjsr,2026-08-10 20:54:58.695000+00:00,"163 km S of Sámara, Costa Rica",4.9,mwr,-85.5543,8.4074,10.0,us,earthquake,0,369
us6000tkny,2026-08-10 20:54:22.669000+00:00,"147 km SE of Kuril’sk, Russia",4.1,mb,149.1419,44.2476,35.0,us,earthquake,0,259
aka2026pttrrx,2026-08-10 20:24:56.109000+00:00,"16 km SE of Lowell Point, Alaska",2.5,ml,-149.232,59.962,5.2,ak,earthquake,0,97
us6000tjri,2026-08-10 18:40:24.937000+00:00,"11 km NNW of Xunchang, China",4.6,mb,104.6536,28.5462,10.0,us,earthquake,0,326
nc75415272,2026-08-10 18:26:02.830000+00:00,"32 km NW of Covelo, CA",2.62,md,-123.456166666667,40.029,7.83,nc,earthquake,0,106
us6000tjt1,2026-08-10 18:09:26.978000+00:00,"Rat Islands, Aleutian Islands, Alaska",3.6,mb,177.4818,50.1582,10.0,us,earthquake,0,199
us6000tjsy,2026-08-10 18:08:51.125000+00:00,"136 km ESE of Atka, Alaska",3.3,ml,-172.2828,51.87,35.0,us,earthquake,0,168
us6000tk57,2026-08-10 18:00:18.630000+00:00,"149 km W of Nikolski, Alaska",2.9,ml,-171.0535,53.1798,196.995,us,earthquake,0,129
us6000tjr6,2026-08-10 17:47:16.984000+00:00,"16 km E of Amakusa, Japan",4.1,mb,130.3691,32.4311,10.222,us,earthquake,0,259
aka2026ptnonn,2026-08-10 17:21:22.566000+00:00,"87 km SE of Ugashik, Alaska",2.5,ml,-156.379,56.954,71.3,ak,earthquake,0,96
us6000tk51,2026-08-10 17:20:17.145000+00:00,"240 km ESE of Attu Station, Alaska",2.8,ml,176.2724,51.8009,10.0,us,earthquake,0,121
us6000tjqj,2026-08-10 17:08:06.212000+00:00,"234 km SSW of Pagar Alam, Indonesia",5.0,mb,102.3524,-5.9436,18.046,us,earthquake,0,385
us6000tknp,2026-08-10 16:50:09.877000+00:00,"178 km NE of Sola, Vanuatu",4.0,mb,168.8726,-12.9179,665.326,us,earthquake,0,246
pr71528048,2026-08-10 16:48:28.820000+00:00,"0 km E of Parcelas Peñuelas, Puerto Rico",2.89,md,-66.3338333333333,17.9998333333333,9.22,pr,earthquake,0,128
pr71528033,2026-08-10 16:33:09.920000+00:00,"53 km NNW of Charlotte Amalie, U.S. Virgin Islands",3.17,md,-65.1375,18.7815,34.83,pr,earthquake,0,155
us6000tknn,2026-08-10 16:21:30.959000+00:00,Pacific-Antarctic Ridge,4.6,mb,-179.1716,-65.6012,10.0,us,earthquake,0,326
aka2026ptjfuv,2026-08-10 15:11:30.650000+00:00,"89 km E of Nikolski, Alaska",2.5,ml,-167.554,52.817,37.4,ak,earthquake,0,96
us6000tjms,2026-08-10 15:01:31.472000+00:00,"18 km NW of San José del Palmar, Colombia",4.3,mb,-76.3671,4.9924,97.87,us,earthquake,0,284
us6000tjmt,2026-08-10 15:01:09.491000+00:00,"46 km NNW of Shūsh, Iran",4.7,mb,48.0286,32.5687,10.0,us,earthquake,0,340
us6000tk4s,2026-08-10 14:50:04.333000+00:00,"103 km S of Sand Point, Alaska",2.9,ml,-160.393,54.4065,35.0,us,earthquake,0,129
us6000tknm,2026-08-10 14:31:32.530000+00:00,"203 km E of Levuka, Fiji",4.0,mb,-178.7924,-17.7433,546.821,us,earthquake,0,246
aka2026pthmbu,2026-08-10 14:18:20.945000+00:00,"233 km ESE of Attu Station, Alaska",2.5,ml,176.26,51.915,20.0,ak,earthquake,0,96
us6000tjm4,2026-08-10 13:18:09.581000+00:00,"10 km WSW of San José del Palmar, Colombia",5.0,mb,-76.3246,4.877,91.129,us,earthquake,0,387
us6000tjls,2026-08-10 12:46:10.915000+00:00,"173 km ENE of Sola, Vanuatu",4.8,mb,168.8919,-13.0188,655.67,us,earthquake,0,354
us6000tjl2,2026-08-10 12:34:28.125000+00:00,"5 km S of San José del Palmar, Colombia",7.4,mww,-76.2422,4.8436,110.285,us,earthquake,0,2790
aka2026ptdfxc,2026-08-10 12:12:31.569000+00:00,"56 km NNW of Petersville, Alaska",2.5,ml,-151.189,62.964,123.5,ak,earthquake,0,96
us6000tjl0,2026-08-10 12:12:22.220000+00:00,northern Mid-Atlantic Ridge,5.0,mww,-45.8376,17.5068,10.0,us,earthquake,0,385
us6000tjku,2026-08-10 11:50:25.901000+00:00,"180 km NE of Sola, Vanuatu",4.7,mb,168.882,-12.8915,640.51,us,earthquake,0,340
aka2026ptcacu,2026-08-10 11:34:53.399000+00:00,"184 km NNW of Diomede, Alaska",2.6,ml,-170.394,67.311,4.1,ak,earthquake,0,104
aka2026ptbkif,2026-08-10 11:16:36.887000+00:00,"233 km ESE of Attu Station, Alaska",2.8,ml,176.373,52.068,3.8,ak,earthquake,0,121
us6000tjkl,2026-08-10 10:36:42.622000+00:00,"66 km ENE of Shikotan, Russia",4.7,mb,147.4942,44.0156,66.149,us,earthquake,0,340
us6000tjnf,2026-08-10 10:32:31.646000+00:00,"233 km ESE of Attu Station, Alaska",2.6,ml,176.2173,51.8721,10.0,us,earthquake,0,104
us6000tjne,2026-08-10 10:12:14.635000+00:00,"238 km ESE of Attu Station, Alaska",3.2,ml,176.2833,51.8473,10.0,us,earthquake,0,158
ci40669778,2026-08-10 09:56:19.460000+00:00,"113 km SE of Estacion Coahuila, B.C., MX",3.48,ml,-114.276,31.3866666666667,7.16,ci,earthquake,0,186
pr71527983,2026-08-10 08:47:07.160000+00:00,"42 km NW of San Antonio, Puerto Rico",2.78,md,-67.3598333333333,18.7828333333333,10.7,pr,earthquake,0,119
us6000tjk6,2026-08-10 08:34:28.098000+00:00,"80 km ESE of Isangel, Vanuatu",4.8,mb,170.0,-19.7958,10.0,us,earthquake,0,354
us6000tjjz,2026-08-10 07:17:28.964000+00:00,"46 km WNW of Hicks Bay, New Zealand",4.8,mb,177.8305,-37.4038,71.243,us,earthquake,0,355
aka2026pssyoy,2026-08-10 07:03:13.764000+00:00,"17 km ENE of Healy, Alaska",2.6,ml,-148.642,63.924,118.3,ak,earthquake,0,104
aka2026psrvmz,2026-08-10 06:29:34.865000+00:00,"153 km SW of Nikolski, Alaska",2.5,ml,-170.338,51.897,10.1,ak,earthquake,0,96
us6000tjjs,2026-08-10 06:22:25.919000+00:00,"43 km ESE of Naalehu, Hawaii",3.4,ml,-155.2318,18.8608,35.0,us,earthquake,0,178
hv75017036,2026-08-10 06:21:43.780000+00:00,"17 km SE of Pāhala, Hawaii",2.79,ml,-155.378666666667,19.0778333333333,32.94,hv,earthquake,0,120
hv75017031,2026-08-10 06:16:02.830000+00:00,"45 km ESE of Naalehu, Hawaii",2.76,ml,-155.202,18.871,10.64,hv,earthquake,0,117
aka2026psrixg,2026-08-10 06:14:53.243000+00:00,"233 km ESE of Attu Station, Alaska",2.8,ml,176.297,51.966,23.2,ak,earthquake,0,121
nc75415107,2026-08-10 06:05:30.760000+00:00,"2 km W of The Geysers, CA",2.57,md,-122.780833333333,38.78,3.21,nc,earthquake,0,102
aka2026psqzkr,2026-08-10 06:04:10.685000+00:00,"237 km ESE of Attu Station, Alaska",2.5,ml,176.25,51.822,20.0,ak,earthquake,0,96
us6000tjji,2026-08-10 05:46:08.563000+00:00,"86 km NE of Samaná, Dominican Republic",3.0,ml,-68.7476,19.7493,10.0,us,earthquake,0,138
us6000tjjj,2026-08-10 05:41:44.224000+00:00,east central Pacific Ocean,5.5,mb,-114.648,0.3112,10.0,us,earthquake,0,465
us6000tjjh,2026-08-10 05:35:51.062000+00:00,"13 km ESE of San Miguel, Philippines",4.6,mb,126.0577,8.9207,103.062,us,earthquake,0,326
aka2026pspjwf,2026-08-10 05:16:13.582000+00:00,"78 km NNE of White Mountain, Alaska",3.3,ml,-162.632,65.309,0.4,ak,earthquake,0,168
hv75017001,2026-08-10 05:13:06.240000+00:00,"43 km SE of Naalehu, Hawaii",3.07,ml,-155.270833333333,18.8011666666667,9.22,hv,earthquake,0,146
us6000tjjb,2026-08-10 04:49:07.850000+00:00,"172 km W of Langlois, Oregon",2.8,ml,-126.5441,43.1418,10.0,us,earthquake,0,121
us6000tjm0,2026-08-10 03:16:19.561000+00:00,"36 km WSW of Campo Acosta, Mexico",3.9,mb,-105.5861,19.6906,10.0,us,earthquake,0,236
us6000tk1d,2026-08-10 03:05:21.111000+00:00,"229 km ESE of Attu Station, Alaska",2.8,ml,176.2726,52.0034,16.506,us,earthquake,0,121
nc75414992,2026-08-10 02:39:55.190000+00:00,"5 km NW of Pinnacles, CA",2.88,md,-121.178333333333,36.5696666666667,4.0,nc,earthquake,0,128
nc75414997,2026-08-10 02:39:01.870000+00:00,"6 km NNW of Pinnacles, CA",2.92,md,-121.173,36.5821666666667,4.38,nc,earthquake,0,131
us6000tk1a,2026-08-10 02:32:55.244000+00:00,"17 km SSW of Atka, Alaska",2.7,ml,-174.3036,52.0539,10.0,us,earthquake,0,112
us6000tk13,2026-08-10 01:27:28.201000+00:00,"281 km WSW of Adak, Alaska",2.7,ml,179.6098,50.9224,35.0,us,earthquake,0,112
us6000tjiq,2026-08-10 01:20:10.296000+00:00,"93 km ENE of Hihifo, Tonga",4.9,mb,-173.0588,-15.5101,10.0,us,earthquake,0,369
us6000tjja,2026-08-10 01:14:05.139000+00:00,"232 km ESE of Attu Station, Alaska",2.6,ml,176.4492,52.2044,10.0,us,earthquake,0,104
us6000tkn7,2026-08-10 00:48:11.028000+00:00,"11 km SSW of Honmachi, Japan",4.2,mb,130.5394,32.4131,10.0,us,earthquake,0,271
us6000tjj9,2026-08-10 00:44:12.357000+00:00,"235 km ESE of Attu Station, Alaska",2.5,ml,176.1009,51.7137,35.0,us,earthquake,0,96
hv75016931,2026-08-10 00:37:56.810000+00:00,"42 km SE of Naalehu, Hawaii",3.89,ml,-155.270333333333,18.8196666666667,9.78,hv,earthquake,0,233
aka2026psfsdw,2026-08-10 00:26:02.833000+00:00,"82 km SW of Nikolski, Alaska",2.5,ml,-169.571,52.34,16.5,ak,earthquake,0,96
us6000tjif,2026-08-09 23:56:59.739000+00:00,"16 km N of Xylókastro, Greece",4.4,mb,22.6087,38.2289,10.0,us,earthquake,0,298
us6000tkf9,2026-08-09 23:51:03.148000+00:00,"171 km ESE of Modisi, Indonesia",4.4,mb,125.8224,-0.2351,56.956,us,earthquake,0,298
us6000tkfa,2026-08-09 23:40:14.470000+00:00,"8 km NNE of Palimbang, Philippines",4.3,mb,124.2262,6.2727,10.0,us,earthquake,0,284
hv75016896,2026-08-09 23:34:57.890000+00:00,"48 km ESE of Naalehu, Hawaii",2.56,ml,-155.186333333333,18.8468333333333,5.86,hv,earthquake,0,101
us6000tjj7,2026-08-09 23:25:52.329000+00:00,"236 km ESE of Attu Station, Alaska",2.5,ml,176.266,51.8704,21.4,us,earthquake,0,96
aka2026psctll,2026-08-09 22:57:31.432000+00:00,"14 km ESE of Elmendorf Air Force Base, Alaska",2.8,ml,-149.365,61.219,2.9,ak,earthquake,0,122
us6000tkf8,2026-08-09 22:44:34.589000+00:00,"207 km SE of Sarangani, Philippines",4.4,mb,126.8336,4.1276,32.885,us,earthquake,0,298
hv75015642,2026-08-09 22:35:32.510000+00:00,"31 km SE of Pāhala, Hawaii",2.72,ml,-155.260166666667,19.0033333333333,12.0,hv,earthquake,0,114
hv75015627,2026-08-09 22:21:54.030000+00:00,"44 km SE of Naalehu, Hawaii",2.64,ml,-155.2335,18.832,7.94,hv,earthquake,0,107
us6000tji3,2026-08-09 22:17:27.868000+00:00,"205 km SE of Sarangani, Philippines",5.0,mb,126.8313,4.1464,35.0,us,earthquake,0,385
pr71527958,2026-08-09 22:11:36.980000+00:00,"78 km NE of Punta Cana, Dominican Republic",3.23,md,-67.9821666666667,19.1643333333333,20.38,pr,earthquake,0,161
hv75015602,2026-08-09 21:57:21.980000+00:00,"44 km ESE of Naalehu, Hawaii",2.56,ml,-155.229166666667,18.8478333333333,5.35,hv,earthquake,0,101
us6000tjht,2026-08-09 21:52:02.229000+00:00,"33 km SE of Prudhoe Bay, Alaska",2.7,ml,-147.7605,70.0316,10.0,us,earthquake,0,112
us6000tjhn,2026-08-09 21:42:38.829000+00:00,"213 km SE of Sarangani, Philippines",4.9,mb,126.9437,4.1669,35.0,us,earthquake,0,369
hv75015567,2026-08-09 20:56:46.950000+00:00,"31 km E of Honaunau-Napoopoo, Hawaii",2.49,md,-155.567833333333,19.4723333333333,42.66,hv,earthquake,0,95
us6000tjj6,2026-08-09 20:41:07.241000+00:00,"234 km ESE of Attu Station, Alaska",2.7,ml,176.2826,51.9149,10.0,us,earthquake,0,112
ok2026pnnp,2026-08-09 20:40:55.170000+00:00,"4 km ENE of Wardville, Oklahoma",2.55,ml,-95.98283333,34.66716667,7.05,ok,earthquake,0,100
us6000tjhi,2026-08-09 20:36:43.066000+00:00,"39 km SW of Waisai, Indonesia",4.5,mb,130.3087,-0.5302,10.0,us,earthquake,0,312
aka2026prxtgl,2026-08-09 20:27:22.852000+00:00,"49 km E of Susitna North, Alaska",2.6,ml,-148.911,62.239,12.7,ak,earthquake,0,104
us6000tjw0,2026-08-09 19:56:57.498000+00:00,"95 km SSW of Atka, Alaska",2.7,ml,-174.8427,51.4389,35.0,us,earthquake,0,112
us6000tjh9,2026-08-09 19:51:32.899000+00:00,"13 km ENE of Barkot, India",4.3,mb,78.3266,30.8712,10.0,us,earthquake,0,285
us6000tkf7,2026-08-09 19:51:00.292000+00:00,Pacific-Antarctic Ridge,4.5,mb,-136.8285,-54.2755,10.0,us,earthquake,0,312
us6000tkf5,2026-08-09 18:37:10.869000+00:00,southern Mid-Atlantic Ridge,4.7,mb,-10.5421,-46.898,10.0,us,earthquake,0,340
us6000tjgp,2026-08-09 18:23:02.909000+00:00,south of the Fiji Islands,4.5,mb,-179.8567,-23.8137,528.903,us,earthquake,0,312
us6000tjgl,2026-08-09 18:11:30.977000+00:00,"131 km WNW of Panguna, Papua New Guinea",4.5,mb,154.4224,-5.7944,117.611,us,earthquake,0,312
us6000tjh1,2026-08-09 17:42:49.150000+00:00,"231 km ESE of Attu Station, Alaska",2.5,ml,176.3925,52.1289,9.844,us,earthquake,0,96
us6000tkf3,2026-08-09 17:22:58.319000+00:00,"90 km S of San Jose Village, Northern Mariana Islands",4.1,mb,145.5231,14.1548,69.742,us,earthquake,0,259
us6000tkf2,2026-08-09 17:13:51.628000+00:00,"111 km E of Miyako, Japan",4.2,mb,143.2335,39.7,34.978,us,earthquake,0,271
us6000tjgf,2026-08-09 17:11:43.006000+00:00,"13 km ENE of Metahāra, Ethiopia",4.6,mb,40.03,8.9506,10.0,us,earthquake,0,326
us6000tjvp,2026-08-09 17:07:23.958000+00:00,"232 km ESE of Attu Station, Alaska",2.8,ml,176.3688,52.08,10.0,us,earthquake,0,121
us6000tjgd,2026-08-09 17:05:40.991000+00:00,"15 km E of Mabini, Philippines",4.8,mb,125.312,11.4163,99.0,us,earthquake,0,355
us6000tkf1,2026-08-09 16:51:59.850000+00:00,Carlsberg Ridge,4.6,mb,66.8419,1.8449,10.0,us,earthquake,0,326
pr2026221002,2026-08-09 16:50:11.510000+00:00,"70 km NW of San Antonio, Puerto Rico",3.45,md,-67.5626,18.9505,8.0,pr,earthquake,0,183
us6000tjga,2026-08-09 16:45:00.995000+00:00,"128 km WNW of Manado, Indonesia",4.2,mb,123.8409,2.0417,349.645,us,earthquake,0,271
us6000tjvn,2026-08-09 16:25:48.581000+00:00,"236 km ESE of Attu Station, Alaska",3.3,ml,176.298,51.906,19.643,us,earthquake,0,168
us6000tjfv,2026-08-09 15:48:10.380000+00:00,"8 km ENE of Maibara, Japan",4.4,mb,136.3719,35.3471,10.0,us,earthquake,0,301
aka2026proixx,2026-08-09 15:45:36.151000+00:00,"85 km SW of Kaktovik, Alaska",2.6,ml,-145.353,69.642,4.4,ak,earthquake,0,104
us6000tjfr,2026-08-09 15:40:04.683000+00:00,"27 km NW of Puerto Ocopa, Peru",4.6,mb,-74.4934,-10.9784,87.264,us,earthquake,0,326
us6000tkf0,2026-08-09 15:35:20.853000+00:00,"202 km SSW of Pagar Alam, Indonesia",4.3,mb,102.8643,-5.8153,39.476,us,earthquake,0,284
us6000tjfj,2026-08-09 15:15:03.969000+00:00,"201 km SSW of Pagar Alam, Indonesia",5.2,mww,102.8509,-5.8046,35.0,us,earthquake,0,416
hv75015462,2026-08-09 14:30:22.310000+00:00,"1 km W of Pāhala, Hawaii",3.08,ml,-155.494333333333,19.2056666666667,30.76,hv,earthquake,0,146
us6000tkez,2026-08-09 14:15:42.735000+00:00,"37 km WSW of Sarangani, Philippines",4.2,mb,125.1737,5.2269,93.034,us,earthquake,0,271
aka2026prkwlx,2026-08-09 14:00:56.046000+00:00,"230 km ESE of Attu Station, Alaska",2.6,ml,176.238,51.946,20.0,ak,earthquake,0,104
us6000tjfb,2026-08-09 13:47:05.426000+00:00,"66 km SSE of Sarangani, Philippines",4.5,mb,125.6626,4.8378,155.081,us,earthquake,0,312
nn00923128,2026-08-09 13:39:47.747000+00:00,"34 km WNW of Indian Springs, Nevada",2.45,ml,-116.0146,36.7198,9.7475,nn,earthquake,0,92
aka2026prkaya,2026-08-09 13:36:18.886000+00:00,"236 km ESE of Attu Station, Alaska",2.5,ml,176.277,51.884,20.0,ak,earthquake,0,96
aka2026prjjpy,2026-08-09 13:16:38.709000+00:00,"Rat Islands, Aleutian Islands, Alaska",2.5,ml,178.806,50.94,14.4,ak,earthquake,0,96
us6000tkex,2026-08-09 13:02:17.228000+00:00,Kermadec Islands region,4.6,mb,-178.4124,-31.8385,30.273,us,earthquake,0,326
aka2026prinro,2026-08-09 12:51:10.154000+00:00,"232 km ESE of Attu Station, Alaska",3.0,ml,176.338,52.044,6.9,ak,earthquake,0,138
us6000tjen,2026-08-09 11:57:33.237000+00:00,Galapagos Triple Junction region,5.2,mww,-101.9125,2.2955,10.0,us,earthquake,0,416
ok2026pmwd,2026-08-09 11:50:50.280000+00:00,"4 km ENE of Wardville, Oklahoma",2.94,ml,-95.97866667,34.66366667,5.28,ok,earthquake,0,133
aka2026precdn,2026-08-09 10:37:44.989000+00:00,"62 km NNE of Kiana, Alaska",3.0,ml,-160.062,67.52,8.1,ak,earthquake,0,138
aka2026prdqwr,2026-08-09 10:24:56.596000+00:00,"Rat Islands, Aleutian Islands, Alaska",2.5,ml,178.62,51.674,73.5,ak,earthquake,0,96
us6000tje3,2026-08-09 10:04:31.077000+00:00,"96 km S of Sarangani, Philippines",4.6,mb,125.3517,4.5364,10.0,us,earthquake,0,326
aka2026prcpvq,2026-08-09 09:53:46.752000+00:00,"57 km NW of Skwentna, Alaska",3.1,ml,-152.295,62.286,5.0,ak,earthquake,0,148
nn00923117,2026-08-09 09:45:58.905000+00:00,"35 km WNW of Indian Springs, Nevada",3.0,ml,-116.0196,36.7165,9.3325,nn,earthquake,0,138
us6000tjgs,2026-08-09 09:44:53.506000+00:00,"241 km ESE of Attu Station, Alaska",2.8,ml,176.1988,51.7112,26.424,us,earthquake,0,121
aka2026prbaul,2026-08-09 09:06:06.332000+00:00,"235 km ESE of Attu Station, Alaska",3.1,ml,176.257,51.867,20.0,ak,earthquake,0,148
aka2026pralmq,2026-08-09 08:48:54.344000+00:00,"73 km SSW of Kaktovik, Alaska",2.8,ml,-144.535,69.552,8.3,ak,earthquake,0,121
us6000tjgr,2026-08-09 08:24:21.573000+00:00,"233 km ESE of Attu Station, Alaska",2.9,ml,176.2293,51.879,10.0,us,earthquake,0,129
us6000tjde,2026-08-09 07:05:28.513000+00:00,"71 km NNW of Sola, Vanuatu",4.4,mb,167.2606,-13.2978,200.931,us,earthquake,0,298
ci40669178,2026-08-09 06:37:39.650000+00:00,"12 km SSW of Lompoc, CA",2.82,ml,-120.4865,34.5335,5.3,ci,earthquake,0,137
pr2026221001,2026-08-09 06:35:33.090000+00:00,"132 km N of Charlotte Amalie, U.S. Virgin Islands",3.73,md,-64.829,19.5323,36.0,pr,earthquake,0,214
hv75015317,2026-08-09 06:09:58.070000+00:00,"8 km S of Kapaau, Hawaii",2.59,ml,-155.787833333333,20.1538333333333,23.05,hv,earthquake,0,103
us6000tjsv,2026-08-09 06:08:07.240000+00:00,"230 km ESE of Attu Station, Alaska",2.8,ml,176.3356,52.0736,14.659,us,earthquake,0,121
aka2026pquynx,2026-08-09 06:03:53.380000+00:00,"87 km SE of Ugashik, Alaska",2.8,ml,-156.208,57.067,0.9,ak,earthquake,0,121
pr2026221000,2026-08-09 05:38:33.730000+00:00,"61 km NE of Cruz Bay, U.S. Virgin Islands",3.79,md,-64.4181,18.755,48.0,pr,earthquake,0,221
us6000tjsu,2026-08-09 05:37:47.011000+00:00,"70 km SW of Atka, Alaska",2.6,ml,-174.8649,51.7174,64.268,us,earthquake,0,104
aka2026pqttyv,2026-08-09 05:28:37.339000+00:00,"99 km SW of Adak, Alaska",2.5,ml,-177.668,51.257,8.0,ak,earthquake,0,96
us6000tjgq,2026-08-09 05:22:06.907000+00:00,"233 km ESE of Attu Station, Alaska",3.0,ml,176.2272,51.8692,10.0,us,earthquake,0,138
ci40669138,2026-08-09 05:12:24.220000+00:00,"13 km SSW of Lompoc, CA",2.51,ml,-120.491833333333,34.5301666666667,5.94,ci,earthquake,0,108
us6000tjsm,2026-08-09 04:28:52.785000+00:00,"235 km ESE of Attu Station, Alaska",2.9,ml,176.2747,51.9001,10.0,us,earthquake,0,129
mb90204648,2026-08-09 04:27:03.190000+00:00,"10 km SE of Challis, Idaho",2.56,ml,-114.1365,44.4405,14.66,mb,earthquake,0,101
us6000tjsj,2026-08-09 04:24:24.326000+00:00,"98 km SSE of False Pass, Alaska",2.5,ml,-162.9116,54.0148,35.0,us,earthquake,0,96
us6000tjcr,2026-08-09 04:05:44.245000+00:00,"12 km W of Chambara, Peru",4.6,mb,-75.4906,-12.0506,10.0,us,earthquake,0,326
us6000tjcn,2026-08-09 03:36:17.166000+00:00,"68 km ESE of Atka, Alaska",4.9,mb,-173.261,51.987,60.301,us,earthquake,0,370
us6000tjcl,2026-08-09 03:02:07.086000+00:00,"180 km NW of Sabang, Indonesia",5.0,mb,94.1402,7.017,10.0,us,earthquake,0,385
aka2026pqonmt,2026-08-09 02:51:39.816000+00:00,"214 km ESE of Attu Station, Alaska",2.6,ml,176.048,52.028,20.0,ak,earthquake,0,104
nc75414402,2026-08-09 02:41:19.550000+00:00,"12 km SSW of Tres Pinos, CA",2.54,md,-121.363833333333,36.6916666666667,0.65,nc,earthquake,0,99
uw714074012,2026-08-09 02:20:38.160000+00:00,"11 km SSW of River Road, Washington",2.51,ml,-123.1735,47.9711666666667,46.4,uw,earthquake,0,97
aka2026pqmsof,2026-08-09 01:57:04.575000+00:00,"84 km ESE of Chignik, Alaska",3.9,ml,-157.142,56.018,12.7,ak,earthquake,0,234
us6000tjc4,2026-08-09 01:09:19.167000+00:00,"237 km E of Levuka, Fiji",4.9,mb,-178.453,-17.848,589.12,us,earthquake,0,369
us6000tjc0,2026-08-09 00:42:18.775000+00:00,"14 km E of Nurdağı, Turkey",4.4,mb,36.8996,37.1701,10.0,us,earthquake,0,299
us6000tjsb,2026-08-09 00:12:36.459000+00:00,"240 km ESE of Attu Station, Alaska",2.9,ml,176.3929,51.9411,10.0,us,earthquake,0,129
nc75414312,2026-08-08 23:58:47.090000+00:00,"5 km NW of Pinnacles, CA",2.77,md,-121.178001403809,36.5631675720215,2.35999989509583,nc,earthquake,0,118
us6000tjrp,2026-08-08 23:38:28.416000+00:00,"237 km ESE of Attu Station, Alaska",2.7,ml,176.4798,52.1175,10.0,us,earthquake,0,112
us6000tjbr,2026-08-08 23:38:27.446000+00:00,"34 km E of Masjed Soleymān, Iran",4.3,mb,49.6628,31.8861,10.0,us,earthquake,0,284
us6000tjbq,2026-08-08 23:12:18.371000+00:00,"29 km S of Sarangani, Philippines",4.5,mb,125.4756,5.138,10.0,us,earthquake,0,312
us6000tk0m,2026-08-08 23:07:40.679000+00:00,"235 km ESE of Attu Station, Alaska",2.5,ml,176.3447,51.981,10.0,us,earthquake,0,96
us6000tjbm,2026-08-08 23:02:06.641000+00:00,"18 km NNW of Tsunagi, Japan",4.4,mb,130.4179,32.3964,10.0,us,earthquake,0,298
us6000tk0l,2026-08-08 22:58:02.291000+00:00,"232 km ESE of Attu Station, Alaska",3.5,ml,176.3183,52.0182,10.0,us,earthquake,0,188
us6000tjbg,2026-08-08 22:09:05.175000+00:00,northern Mid-Atlantic Ridge,4.8,mww,-38.0208,33.7988,10.0,us,earthquake,0,354
us6000tk0n,2026-08-08 22:00:26.746000+00:00,"233 km ESE of Attu Station, Alaska",2.9,ml,176.2984,51.9536,10.0,us,earthquake,0,129
us6000tjch,2026-08-08 21:00:42.199000+00:00,"233 km ESE of Attu Station, Alaska",2.9,ml,176.216,51.872,10.0,us,earthquake,0,129
us6000tjcg,2026-08-08 20:58:51.069000+00:00,"233 km ESE of Attu Station, Alaska",2.5,ml,176.2006,51.844,10.0,us,earthquake,0,96
aka2026pqcqru,2026-08-08 20:54:47.330000+00:00,"237 km ESE of Attu Station, Alaska",2.5,ml,176.199,51.78,20.0,ak,earthquake,0,96
ok2026plrc,2026-08-08 20:10:15.400000+00:00,"4 km ENE of Wardville, Oklahoma",2.69,ml,-95.9815,34.667,5.31,ok,earthquake,0,112
us6000tk0p,2026-08-08 20:09:52.169000+00:00,"237 km ESE of Attu Station, Alaska",2.7,ml,176.2116,51.7926,10.0,us,earthquake,0,112
aka2026pqaapi,2026-08-08 19:36:30.468000+00:00,"235 km ESE of Attu Station, Alaska",2.5,ml,176.211,51.825,20.0,ak,earthquake,0,96
us6000tjas,2026-08-08 19:07:57.068000+00:00,Kermadec Islands region,4.7,mb,-176.5266,-28.5317,10.0,us,earthquake,0,340
us6000tk0h,2026-08-08 18:54:19.405000+00:00,"235 km ESE of Attu Station, Alaska",3.7,mb,176.3615,52.0029,10.0,us,earthquake,0,211
aka2026ppynvf,2026-08-08 18:51:49.847000+00:00,"58 km WNW of Skwentna, Alaska",2.6,ml,-152.384,62.248,5.0,ak,earthquake,0,104
us6000tk0e,2026-08-08 18:48:32.282000+00:00,"235 km ESE of Attu Station, Alaska",2.5,ml,176.2446,51.858,10.198,us,earthquake,0,96
us6000tjan,2026-08-08 18:28:27.317000+00:00,"43 km WNW of Lata, Solomon Islands",4.6,mb,165.4106,-10.6445,89.587,us,earthquake,0,326
us6000tjrl,2026-08-08 18:24:05.853000+00:00,"226 km ESE of Attu Station, Alaska",2.5,ml,176.3415,52.1752,10.0,us,earthquake,0,96
aka2026ppwwng,2026-08-08 18:01:53.273000+00:00,"42 km E of Pedro Bay, Alaska",3.7,ml,-153.353,59.74,130.7,ak,earthquake,0,211
us6000tjaj,2026-08-08 17:57:58.812000+00:00,"47 km ENE of Noda, Japan",5.5,mww,142.3591,40.1992,34.0,us,earthquake,0,466
us6000tk0s,2026-08-08 17:49:34.976000+00:00,"234 km ESE of Attu Station, Alaska",2.7,ml,176.2047,51.8343,10.0,us,earthquake,0,112
us6000tk99,2026-08-08 17:13:10.661000+00:00,northern Mid-Atlantic Ridge,4.2,mb,-45.2503,25.5934,10.0,us,earthquake,0,271
aka2026ppuhsz,2026-08-08 16:44:47.565000+00:00,"234 km ESE of Attu Station, Alaska",2.8,ml,176.141,51.774,20.0,ak,earthquake,0,121
aka2026ppubez,2026-08-08 16:37:04.450000+00:00,"233 km ESE of Attu Station, Alaska",2.5,ml,176.211,51.852,10.0,ak,earthquake,0,96
us6000tj9z,2026-08-08 16:34:53.190000+00:00,"64 km WNW of Ollagüe, Chile",4.2,mb,-68.8326,-21.0069,109.177,us,earthquake,0,271
us6000tjd3,2026-08-08 16:30:58.034000+00:00,"30 km NW of Nashik, India",3.8,mb,73.613,20.2183,10.0,us,earthquake,0,225
us6000tjaf,2026-08-08 16:09:27.856000+00:00,"238 km ESE of Attu Station, Alaska",3.1,ml,176.2747,51.8299,10.0,us,earthquake,0,148
us6000tjae,2026-08-08 16:05:09.105000+00:00,"228 km ESE of Attu Station, Alaska",2.7,ml,176.252,52.0012,10.0,us,earthquake,0,112
aka2026ppstsn,2026-08-08 15:58:42.135000+00:00,"116 km NE of Arctic Village, Alaska",2.5,ml,-143.648,68.911,10.0,ak,earthquake,0,96
aka2026ppssri,2026-08-08 15:57:12.390000+00:00,"234 km ESE of Attu Station, Alaska",2.6,ml,176.279,51.928,10.0,ak,earthquake,0,104
aka2026ppsolw,2026-08-08 15:52:38.597000+00:00,"86 km SSE of Akutan, Alaska",2.5,ml,-165.059,53.483,1.7,ak,earthquake,0,96
nc75414027,2026-08-08 15:33:22.230000+00:00,"31 km NNW of Covelo, CA",3.16,ml,-123.4455,40.0285,8.67,nc,earthquake,0,155
us6000tj9r,2026-08-08 15:33:08.369000+00:00,Kuril Islands,4.5,mb,153.0277,46.7745,34.915,us,earthquake,0,312
pr71527893,2026-08-08 15:26:15.410000+00:00,"25 km W of Puerto Real, Puerto Rico",2.62,md,-67.4288333333333,18.0918333333333,16.72,pr,earthquake,0,106
aka2026pprows,2026-08-08 15:23:05.875000+00:00,"232 km ESE of Attu Station, Alaska",3.3,ml,176.213,51.872,10.0,ak,earthquake,0,168
us6000tj9m,2026-08-08 15:15:27.722000+00:00,"49 km NNE of Camiña, Chile",4.4,mb,-69.2409,-18.9032,127.95,us,earthquake,0,298
aka2026pprezu,2026-08-08 15:11:42.968000+00:00,"232 km ESE of Attu Station, Alaska",2.6,ml,176.295,51.98,10.0,ak,earthquake,0,104
us6000tjad,2026-08-08 14:54:38.116000+00:00,"240 km SE of Attu Station, Alaska",2.5,ml,176.1516,51.6719,35.0,us,earthquake,0,96
aka2026pppqha,2026-08-08 14:24:33.644000+00:00,"234 km ESE of Attu Station, Alaska",2.5,ml,176.292,51.939,15.8,ak,earthquake,0,96
us6000tj9c,2026-08-08 14:20:51+00:00,"86 km NE of San Pedro de Atacama, Chile",4.3,mb,-67.5975,-22.3681,197.198,us,earthquake,0,284
us6000tjab,2026-08-08 14:07:51.604000+00:00,"231 km ESE of Attu Station, Alaska",2.6,ml,176.2682,51.9613,10.286,us,earthquake,0,104
us6000tja9,2026-08-08 14:05:23.594000+00:00,"236 km ESE of Attu Station, Alaska",2.7,ml,176.2246,51.8157,29.467,us,earthquake,0,112
aka2026ppovto,2026-08-08 14:00:54.929000+00:00,"235 km ESE of Attu Station, Alaska",3.1,ml,176.238,51.853,10.0,ak,earthquake,0,148
aka2026ppooib,2026-08-08 13:52:34.241000+00:00,"160 km SSE of Atka, Alaska",2.6,ml,-173.016,50.956,20.0,ak,earthquake,0,104
aka2026pponqh,2026-08-08 13:51:35.471000+00:00,"232 km ESE of Attu Station, Alaska",2.6,ml,176.255,51.931,10.0,ak,earthquake,0,104
us6000tjer,2026-08-08 13:49:30.268000+00:00,southeast of Easter Island,5.2,mww,-90.6282,-41.3363,10.0,us,earthquake,0,416
us6000tk94,2026-08-08 13:46:23.146000+00:00,south of the Fiji Islands,4.2,mb,-177.7675,-23.2805,444.093,us,earthquake,0,271
us6000tk93,2026-08-08 13:42:29.064000+00:00,"169 km ENE of Kuril’sk, Russia",4.4,mb,149.9156,45.7344,120.025,us,earthquake,0,298
us6000tlaz,2026-08-08 13:35:56.558000+00:00,"89 km SE of Atka, Alaska",2.5,ml,-173.4603,51.5298,35.0,us,earthquake,0,96
aka2026ppmvcv,2026-08-08 13:00:14.893000+00:00,"142 km SE of Perryville, Alaska",3.4,ml,-157.682,54.939,20.0,ak,earthquake,0,178
us6000tj96,2026-08-08 12:44:22.813000+00:00,"76 km W of San Antonio de los Cobres, Argentina",4.5,mb,-67.0608,-24.3442,165.5,us,earthquake,0,312
us6000tj8z,2026-08-08 12:30:42.526000+00:00,"16 km ESE of Magdalena, New Mexico",3.2,ml,-107.0853,34.0527,11.49,us,earthquake,0,158
aka2026pplvol,2026-08-08 12:30:37.971000+00:00,"232 km ESE of Attu Station, Alaska",3.0,ml,176.202,51.865,10.0,ak,earthquake,0,138
us6000tk91,2026-08-08 12:28:59.059000+00:00,"8 km SSE of Puerto Madero, Mexico",4.2,mb,-92.4058,14.649,75.606,us,earthquake,0,271
aka2026pplqzs,2026-08-08 12:25:25.781000+00:00,"233 km ESE of Attu Station, Alaska",2.7,ml,176.278,51.931,10.0,ak,earthquake,0,112
us6000tj8t,2026-08-08 11:41:27.790000+00:00,southeast of Easter Island,5.5,mww,-90.0948,-41.4078,10.0,us,earthquake,0,465
aka2026ppjjhd,2026-08-08 11:16:47.597000+00:00,"233 km ESE of Attu Station, Alaska",2.6,ml,176.256,51.914,10.0,ak,earthquake,0,104
nc75413967,2026-08-08 11:15:30.820000+00:00,"103 km WNW of Ferndale, CA",2.75,md,-125.44,40.842,10.0,nc,earthquake,0,116
us6000tk90,2026-08-08 11:08:18.730000+00:00,"243 km ESE of Severo-Kuril’sk, Russia",4.3,mb,159.4492,50.156,10.0,us,earthquake,0,284
aka2026ppjazs,2026-08-08 11:07:33.857000+00:00,"238 km SE of Attu Station, Alaska",2.5,ml,176.062,51.636,20.0,ak,earthquake,0,96
tx2026pmvwej,2026-08-08 10:58:28.434000+00:00,"55 km NW of Toyah, Texas",2.5,ml,-104.218,31.656,7.5867,tx,earthquake,0,96
us6000tj8n,2026-08-08 10:56:05.537000+00:00,Vanuatu region,4.6,mb,172.9342,-17.537,10.0,us,earthquake,0,326
aka2026ppikce,2026-08-08 10:47:29.804000+00:00,"231 km ESE of Attu Station, Alaska",3.8,ml,176.174,51.853,10.0,ak,earthquake,0,222
us6000tj8e,2026-08-08 10:20:47.001000+00:00,"56 km SW of Sarangani, Philippines",4.9,mb,125.0662,5.088,11.138,us,earthquake,0,369
us6000tk8y,2026-08-08 09:59:59.173000+00:00,"85 km SSW of Singaparna, Indonesia",4.1,mb,107.8449,-8.0781,54.247,us,earthquake,0,259
us6000tja7,2026-08-08 09:47:40.299000+00:00,"234 km ESE of Attu Station, Alaska",2.9,ml,176.2853,51.9252,10.0,us,earthquake,0,129
pr71527868,2026-08-08 09:45:12.610000+00:00,"11 km SSE of Punta Santiago, Puerto Rico",3.23,md,-65.7201666666667,18.0623333333333,10.28,pr,earthquake,0,161
us6000tj85,2026-08-08 09:43:10.417000+00:00,"131 km E of Chalkyitsik, Alaska",2.6,ml,-140.7532,66.6393,9.935,us,earthquake,0,104
us6000tk0w,2026-08-08 09:20:42.350000+00:00,"238 km ESE of Attu Station, Alaska",2.8,ml,176.2022,51.7645,10.0,us,earthquake,0,121
us6000tk8v,2026-08-08 09:18:29.241000+00:00,south of the Fiji Islands,4.2,mb,179.8285,-24.4943,513.792,us,earthquake,0,271
us6000tj80,2026-08-08 09:13:44.615000+00:00,"76 km SW of Puerto Madero, Mexico",4.2,mb,-92.9611,14.2775,48.048,us,earthquake,0,271
aka2026ppelkz,2026-08-08 08:49:18.679000+00:00,"236 km S of Sand Point, Alaska",3.0,ml,-160.148,53.224,20.0,ak,earthquake,0,138
aka2026ppekdh,2026-08-08 08:47:50.216000+00:00,"231 km ESE of Attu Station, Alaska",2.6,ml,176.241,51.933,10.0,ak,earthquake,0,104
aka2026ppejhf,2026-08-08 08:46:51.766000+00:00,"223 km ESE of Attu Station, Alaska",2.7,ml,176.187,52.021,80.9,ak,earthquake,0,112
aka2026ppedws,2026-08-08 08:40:39.690000+00:00,"229 km ESE of Attu Station, Alaska",2.6,ml,176.244,51.966,20.0,ak,earthquake,0,104
aka2026ppdtwl,2026-08-08 08:29:05.454000+00:00,"30 km ENE of Igiugig, Alaska",2.8,ml,-155.431,59.472,5.0,ak,earthquake,0,121
aka2026ppdspw,2026-08-08 08:27:34.245000+00:00,"53 km WNW of Anchor Point, Alaska",2.6,ml,-152.726,59.943,93.3,ak,earthquake,0,104
aka2026ppdqpd,2026-08-08 08:25:04.522000+00:00,"234 km ESE of Attu Station, Alaska",3.7,ml,176.306,51.958,10.0,ak,earthquake,0,211
us6000tj7q,2026-08-08 08:07:30.115000+00:00,"14 km SSW of Imabetsu, Japan",4.2,mb,140.3905,41.0624,137.959,us,earthquake,0,271
tx2026pmpsus,2026-08-08 07:53:32.208000+00:00,"59 km S of Whites City, New Mexico",2.6,ml,-104.383,31.641,6.4075,tx,earthquake,0,104
aka2026ppcmpm,2026-08-08 07:50:28.518000+00:00,"235 km ESE of Attu Station, Alaska",2.6,ml,176.302,51.929,10.0,ak,earthquake,0,104
aka2026ppbbat,2026-08-08 07:07:10.225000+00:00,"234 km ESE of Attu Station, Alaska",2.5,ml,176.268,51.914,10.0,ak,earthquake,0,96
aka2026ppawfh,2026-08-08 07:01:49.394000+00:00,"57 km WNW of Skwentna, Alaska",3.3,ml,-152.339,62.252,5.0,ak,earthquake,0,168
us6000tj7a,2026-08-08 06:59:50.876000+00:00,"1 km NNW of Gojōnome, Japan",4.3,mb,140.1099,39.9436,173.075,us,earthquake,0,284
aka2026ppagtx,2026-08-08 06:43:52.921000+00:00,"234 km ESE of Attu Station, Alaska",3.4,ml,176.147,51.778,20.0,ak,earthquake,0,178
aka2026pozgsw,2026-08-08 06:13:55.686000+00:00,"212 km SW of Nikolski, Alaska",3.6,ml,-171.203,51.676,7.2,ak,earthquake,0,199
us6000tj73,2026-08-08 06:06:41.571000+00:00,"108 km W of San Antonio de los Cobres, Argentina",4.4,mb,-67.3807,-24.3551,190.698,us,earthquake,0,298
aka2026poyjvy,2026-08-08 05:47:25.578000+00:00,"234 km ESE of Attu Station, Alaska",2.9,ml,176.247,51.883,20.0,ak,earthquake,0,129
us6000tj70,2026-08-08 05:39:39.927000+00:00,"95 km SSW of Severo-Kuril’sk, Russia",4.8,mb,155.753,49.8507,82.521,us,earthquake,0,354
aka2026poxsow,2026-08-08 05:27:21.926000+00:00,"231 km ESE of Attu Station, Alaska",3.0,ml,176.328,52.035,8.1,ak,earthquake,0,138
aka2026poxpkq,2026-08-08 05:23:41.668000+00:00,"231 km ESE of Attu Station, Alaska",2.8,ml,176.321,52.026,7.6,ak,earthquake,0,121
aka2026poxobc,2026-08-08 05:22:16.770000+00:00,"98 km SSE of Atka, Alaska",2.7,ml,-173.447,51.441,20.0,ak,earthquake,0,112
us6000tj6x,2026-08-08 05:16:44.594000+00:00,"93 km SSE of Atka, Alaska",3.4,mb,-173.4796,51.4851,35.0,us,earthquake,0,178
us6000tj6w,2026-08-08 05:02:11.279000+00:00,"240 km ESE of Attu Station, Alaska",3.1,ml,176.1978,51.724,10.0,us,earthquake,0,148
aka2026powwlk,2026-08-08 05:02:08.853000+00:00,"58 km WNW of Skwentna, Alaska",2.5,ml,-152.346,62.268,5.0,ak,earthquake,0,96
aka2026powtkx,2026-08-08 04:58:40.956000+00:00,"54 km WNW of Skwentna, Alaska",2.7,ml,-152.281,62.254,5.0,ak,earthquake,0,112
us6000tj6u,2026-08-08 04:57:58.682000+00:00,"227 km ESE of Attu Station, Alaska",2.9,ml,176.2594,52.0405,35.0,us,earthquake,0,129
aka2026powrpu,2026-08-08 04:56:35.171000+00:00,"51 km WNW of Skwentna, Alaska",3.2,ml,-152.234,62.239,0.4,ak,earthquake,0,158
aka2026powmkf,2026-08-08 04:50:34.985000+00:00,"57 km WNW of Skwentna, Alaska",5.6,ml,-152.314,62.269,10.0,ak,earthquake,0,1022
us6000tjsf,2026-08-08 04:45:33.978000+00:00,"231 km ESE of Attu Station, Alaska",2.8,ml,176.3151,52.0169,6.695,us,earthquake,0,121
us6000tjsc,2026-08-08 04:41:33.768000+00:00,"236 km ESE of Attu Station, Alaska",2.6,ml,176.3392,51.9603,10.0,us,earthquake,0,104
us6000tk8r,2026-08-08 04:10:16.678000+00:00,"84 km W of Attu Station, Alaska",3.2,ml,171.9449,52.9361,35.0,us,earthquake,0,158
us6000tj69,2026-08-08 03:59:31.810000+00:00,Kermadec Islands region,5.0,mb,-176.5487,-28.4766,10.0,us,earthquake,0,385
us6000tj6s,2026-08-08 03:50:03.928000+00:00,"234 km ESE of Attu Station, Alaska",3.1,ml,176.1621,51.7949,18.969,us,earthquake,0,148
us6000tj68,2026-08-08 03:45:26.267000+00:00,"158 km NNE of Darya Boyi, China",4.8,mb,82.875,39.6351,10.0,us,earthquake,0,354
us6000tj67,2026-08-08 03:30:04.685000+00:00,"2 km ESE of Mehmand Chak, Pakistan",4.5,mb,73.853,32.7786,10.0,us,earthquake,0,313
us6000tjnk,2026-08-08 02:54:05.972000+00:00,"233 km ESE of Attu Station, Alaska",2.8,ml,176.3207,51.9817,10.0,us,earthquake,0,121
us6000tj65,2026-08-08 02:44:59.172000+00:00,"33 km SSW of Sarangani, Philippines",4.6,mb,125.3651,5.1189,10.0,us,earthquake,0,326
us6000tj6r,2026-08-08 02:36:47.103000+00:00,"234 km ESE of Attu Station, Alaska",3.2,ml,176.2435,51.8687,17.485,us,earthquake,0,158
us6000tjnj,2026-08-08 02:26:34.710000+00:00,"229 km ESE of Attu Station, Alaska",2.8,ml,176.2397,51.9795,10.0,us,earthquake,0,121
us6000tjnh,2026-08-08 02:13:26.753000+00:00,"64 km SE of Unalaska, Alaska",3.1,ml,-165.7818,53.4999,35.0,us,earthquake,0,148
us6000tk3p,2026-08-08 02:10:02.086000+00:00,"228 km ESE of Attu Station, Alaska",2.5,ml,176.2762,52.0337,10.0,us,earthquake,0,96
us6000tjnc,2026-08-08 02:08:52.180000+00:00,"236 km ESE of Attu Station, Alaska",2.7,ml,176.3256,51.9389,4.641,us,earthquake,0,112
us6000tjna,2026-08-08 01:56:38.376000+00:00,"235 km ESE of Attu Station, Alaska",2.6,ml,176.3737,52.0158,10.0,us,earthquake,0,104
us6000tk8n,2026-08-08 01:53:28.080000+00:00,"138 km SSW of Merizo Village, Guam",4.4,mb,144.2925,12.0676,10.0,us,earthquake,0,298
us6000tjn7,2026-08-08 01:41:26.562000+00:00,"231 km ESE of Attu Station, Alaska",3.0,ml,176.3422,52.0573,12.45,us,earthquake,0,138
us6000tjn5,2026-08-08 01:34:45.540000+00:00,"238 km SE of Attu Station, Alaska",2.7,ml,176.115,51.679,10.0,us,earthquake,0,112
us6000tj5u,2026-08-08 01:32:33.870000+00:00,"69 km SSE of Kushiro, Japan",4.2,mb,144.5582,42.3596,35.0,us,earthquake,0,271
us6000tjn4,2026-08-08 00:54:16.075000+00:00,"234 km ESE of Attu Station, Alaska",2.8,ml,176.3959,52.0798,10.0,us,earthquake,0,121
us6000tj53,2026-08-08 00:01:39.643000+00:00,"118 km WSW of Port Orford, Oregon",3.0,ml,-125.8585,42.3977,10.0,us,earthquake,0,138
aka2026pomvef,2026-08-08 00:00:45.928000+00:00,"234 km ESE of Attu Station, Alaska",2.7,ml,176.272,51.914,4.0,ak,earthquake,0,112
uu80147521,2026-08-07 23:55:23.160000+00:00,"6 km NNW of Saratoga Springs, Utah",2.86,ml,-111.930833333333,40.4033333333333,6.66,uu,earthquake,0,358
us6000tj62,2026-08-07 23:38:21.295000+00:00,"232 km ESE of Attu Station, Alaska",2.5,ml,176.3321,52.0316,10.0,us,earthquake,0,96
us6000tj60,2026-08-07 23:36:56.992000+00:00,"239 km ESE of Attu Station, Alaska",2.7,ml,176.3388,51.8997,10.0,us,earthquake,0,112
us6000tj4x,2026-08-07 23:30:48.314000+00:00,"117 km WSW of Gorontalo, Indonesia",4.5,mb,122.0489,0.2431,197.172,us,earthquake,0,312
us6000tjel,2026-08-07 23:19:07.819000+00:00,central East Pacific Rise,5.1,mww,-112.1227,-13.7623,10.0,us,earthquake,0,400
us6000tj4s,2026-08-07 23:11:23.403000+00:00,"15 km WNW of Yanacancha, Peru",4.7,mb,-75.5073,-12.1228,10.0,us,earthquake,0,341
aka2026polazi,2026-08-07 23:07:31.247000+00:00,"67 km S of Adak, Alaska",2.6,ml,-176.591,51.27,10.9,ak,earthquake,0,104
us6000tj4i,2026-08-07 22:53:49.801000+00:00,"10 km SW of Caburan, Philippines",4.6,mb,125.5769,5.8462,142.96,us,earthquake,0,326
aka2026pokexh,2026-08-07 22:42:04.290000+00:00,"94 km SSW of Atka, Alaska",2.6,ml,-174.546,51.377,6.3,ak,earthquake,0,104
us6000tjqy,2026-08-07 22:20:10.505000+00:00,"234 km ESE of Attu Station, Alaska",3.1,ml,176.325,51.9711,10.0,us,earthquake,0,148
us6000tjzp,2026-08-07 22:19:42.895000+00:00,"141 km SE of Lata, Solomon Islands",4.3,mb,166.7065,-11.635,188.378,us,earthquake,0,284
us6000tj4f,2026-08-07 22:19:39.420000+00:00,southern East Pacific Rise,4.8,mb,-113.6527,-21.5716,10.0,us,earthquake,0,354
us6000tj42,2026-08-07 22:12:54.525000+00:00,"30 km N of Laikit, Laikit II (Dimembe), Indonesia",4.4,mb,124.9323,1.7584,174.368,us,earthquake,0,298
us6000tjzn,2026-08-07 21:29:07.341000+00:00,"31 km E of Hachinohe, Japan",4.0,mb,141.8669,40.4662,68.103,us,earthquake,0,246
us6000tjqv,2026-08-07 20:41:32.772000+00:00,"90 km SSE of Atka, Alaska",2.6,ml,-173.5625,51.4826,10.0,us,earthquake,0,104
us6000tjqs,2026-08-07 20:07:03.479000+00:00,"239 km WSW of Adak, Alaska",2.6,ml,-179.8848,51.1545,12.261,us,earthquake,0,104
us6000tjzm,2026-08-07 19:51:17.810000+00:00,"208 km SE of Sarangani, Philippines",4.4,mb,126.7837,4.0671,10.0,us,earthquake,0,298
us6000tj2p,2026-08-07 19:48:15.865000+00:00,"232 km ESE of Sarangani, Philippines",4.4,mb,127.3173,4.429,10.0,us,earthquake,0,298
us6000tjqq,2026-08-07 19:22:06.510000+00:00,"232 km ESE of Attu Station, Alaska",2.9,ml,176.2622,51.9474,12.477,us,earthquake,0,129
aka2026pocpyi,2026-08-07 18:54:55.218000+00:00,"8 km SSW of Solomon, Alaska",2.6,ml,-164.523,64.489,14.1,ak,earthquake,0,104
us6000tj22,2026-08-07 18:41:31.893000+00:00,"9 km WNW of Kitaibaraki, Japan",4.2,mb,140.6539,36.8197,10.0,us,earthquake,0,271
us6000tjqn,2026-08-07 18:34:01.202000+00:00,"122 km S of Atka, Alaska",3.1,ml,-174.5353,51.1109,10.0,us,earthquake,0,148
us6000tjqm,2026-08-07 18:29:49.119000+00:00,"233 km ESE of Attu Station, Alaska",3.1,ml,176.3336,52.0132,10.0,us,earthquake,0,148
us6000tj19,2026-08-07 17:31:28.006000+00:00,south of the Fiji Islands,4.3,mb,179.6104,-24.8904,503.946,us,earthquake,0,284
pr71527838,2026-08-07 17:29:08.730000+00:00,"5 km SW of Guaynabo, Puerto Rico",2.72,md,-66.1525,18.3235,57.68,pr,earthquake,0,114
aka2026pnypds,2026-08-07 16:54:06.671000+00:00,"97 km SE of Atka, Alaska",2.5,ml,-173.262,51.542,20.0,ak,earthquake,0,96
us6000tjzi,2026-08-07 16:53:39.216000+00:00,"264 km E of Levuka, Fiji",4.2,mb,-178.1905,-18.1642,583.998,us,earthquake,0,271
nc75413432,2026-08-07 15:46:44.810000+00:00,"6 km NNW of Pinnacles, CA",3.1,ml,-121.178666666667,36.5775,3.97,nc,earthquake,0,148
us6000tizf,2026-08-07 15:42:24.939000+00:00,"61 km NNW of Camiña, Chile",4.4,mb,-69.6921,-18.822,93.531,us,earthquake,0,298
us6000tjqe,2026-08-07 15:40:16.457000+00:00,"70 km ESE of Adak, Alaska",3.1,ml,-175.768,51.5336,35.0,us,earthquake,0,148
aka2026pnvzqk,2026-08-07 15:36:11.308000+00:00,"238 km E of Attu Station, Alaska",2.5,ml,176.713,52.753,100.8,ak,earthquake,0,96
us6000tizg,2026-08-07 15:35:48.734000+00:00,south of the Fiji Islands,4.1,mb,179.7242,-24.7733,507.46,us,earthquake,0,259
nc75413392,2026-08-07 15:16:51.890000+00:00,"6 km NW of Pinnacles, CA",2.81,md,-121.185166666667,36.5725,3.23,nc,earthquake,0,121
us6000tj0y,2026-08-07 15:09:47.537000+00:00,"233 km ESE of Attu Station, Alaska",2.7,ml,176.3386,52.0136,10.0,us,earthquake,0,112
us6000tiyy,2026-08-07 14:55:33.587000+00:00,"35 km ESE of Khandūd, Afghanistan",4.5,mb,72.6863,36.8327,10.0,us,earthquake,0,312
us6000tiyv,2026-08-07 14:47:15.372000+00:00,"17 km NNW of Tisco, Peru",4.1,mb,-71.5286,-15.204,139.781,us,earthquake,0,259
nc75413352,2026-08-07 14:27:56.370000+00:00,"6 km NNW of Pinnacles, CA",3.04,ml,-121.173,36.5756666666667,4.07,nc,earthquake,0,142
us6000tixr,2026-08-07 14:21:29.448000+00:00,"56 km SE of Severo-Kuril’sk, Russia",5.0,mb,156.7443,50.3577,77.647,us,earthquake,0,385
us6000tixn,2026-08-07 14:07:39.335000+00:00,"112 km NNW of Batang, Indonesia",4.8,mb,110.2073,-5.5972,534.988,us,earthquake,0,354
us6000tjzg,2026-08-07 13:13:03.228000+00:00,Kermadec Islands region,4.9,mb,-176.8325,-28.8208,35.0,us,earthquake,0,369
us6000tixe,2026-08-07 13:09:04.294000+00:00,"28 km NNW of Hihifo, Tonga",4.5,mb,-173.9043,-15.7191,161.069,us,earthquake,0,312
us6000tixb,2026-08-07 12:55:55.251000+00:00,north of Svalbard,4.4,mb,-4.6755,81.4623,10.0,us,earthquake,0,298
us6000tj0i,2026-08-07 11:55:17.163000+00:00,"227 km ESE of Attu Station, Alaska",2.6,ml,176.474,52.4343,126.078,us,earthquake,0,104
us6000tix7,2026-08-07 11:48:03.598000+00:00,"211 km SSW of Hydaburg, Alaska",4.1,mb,-133.5667,53.3564,10.0,us,earthquake,0,259
pr71527803,2026-08-07 10:46:48.730000+00:00,"34 km NE of Punta Cana, Dominican Republic",3.38,md,-68.2131666666667,18.8396666666667,78.65,pr,earthquake,0,176
nc75413212,2026-08-07 09:40:34.110000+00:00,"6 km NNW of Pinnacles, CA",2.56,md,-121.174333333333,36.5841666666667,4.16,nc,earthquake,0,101
nn00923036,2026-08-07 09:00:53.261000+00:00,"78 km S of Eureka, Nevada",2.79,ml,-116.0347,38.81,0.0,nn,earthquake,0,120
us6000tiwj,2026-08-07 08:43:38.581000+00:00,"47 km WSW of Sarangani, Philippines",4.7,mb,125.0898,5.189,12.314,us,earthquake,0,340
us6000tizi,2026-08-07 08:18:07.160000+00:00,"234 km ESE of Attu Station, Alaska",3.1,ml,176.2538,51.8889,10.0,us,earthquake,0,148
us6000tjz8,2026-08-07 08:02:13.202000+00:00,"7 km WNW of Xunchang, China",4.3,mb,104.6417,28.4697,10.0,us,earthquake,0,284
us6000tjz7,2026-08-07 07:40:47.752000+00:00,"5 km WNW of Ōami, Japan",4.3,mb,140.2645,35.5344,59.398,us,earthquake,0,284
us6000tiwd,2026-08-07 07:22:26.711000+00:00,"31 km NE of Calama, Chile",4.2,mb,-68.7465,-22.2255,108.951,us,earthquake,0,271
us6000tiwc,2026-08-07 07:10:56.611000+00:00,"4 km SSW of Lárdos, Greece",4.4,mb,27.9936,36.0545,10.0,us,earthquake,0,299
pr2026219001,2026-08-07 07:05:35.830000+00:00,"61 km ENE of Miches, Dominican Republic",3.68,md,-68.5036,19.196,32.0,pr,earthquake,0,208
us6000tiw5,2026-08-07 06:23:02.987000+00:00,"114 km SSE of Sarangani, Philippines",4.5,mb,125.941,4.4892,102.132,us,earthquake,0,312
aka2026pnbrha,2026-08-07 05:26:47.333000+00:00,"90 km SSE of Atka, Alaska",2.5,ml,-173.524,51.495,3.0,ak,earthquake,0,96
us6000tivz,2026-08-07 05:08:30.903000+00:00,"6 km NNE of Xunchang, China",5.1,mb,104.7523,28.505,10.0,us,earthquake,0,401
pr2026219000,2026-08-07 04:48:01.170000+00:00,"4 km WSW of Guánica, Puerto Rico",3.56,md,-66.9438,17.9575,10.0,pr,earthquake,0,200
pr71527753,2026-08-07 04:42:41.920000+00:00,"36 km W of Rincón, Puerto Rico",2.82,md,-67.5943333333333,18.3748333333333,9.75,pr,earthquake,0,122
tx2026pkkzio,2026-08-07 03:22:12.535000+00:00,"34 km SE of Malaga, New Mexico",2.9,ml,-103.818,32.005,7.6251,tx,earthquake,0,129
us6000tivb,2026-08-07 02:38:10.013000+00:00,"7 km NW of Cabacao, Philippines",5.0,mb,120.6108,13.3855,90.196,us,earthquake,0,393
pr71527738,2026-08-07 01:32:22.250000+00:00,"31 km NNE of Vieques, Puerto Rico",3.16,md,-65.7631666666667,18.6988333333333,26.96,pr,earthquake,0,154
us6000tjmu,2026-08-07 00:42:06.313000+00:00,"144 km SW of Adak, Alaska",2.6,ml,-178.0435,50.9259,5.361,us,earthquake,0,104
us6000tjyy,2026-08-07 00:06:15.228000+00:00,"38 km SSE of Crucecita, Mexico",4.1,mb,-96.0253,15.4358,10.0,us,earthquake,0,259
us6000tits,2026-08-07 00:00:38.691000+00:00,"28 km S of Mendoza, Argentina",4.5,mb,-68.8411,-33.1516,10.0,us,earthquake,0,314
us6000tjyt,2026-08-06 23:24:46.326000+00:00,"Kermadec Islands, New Zealand",4.6,mb,-177.0292,-29.7869,10.0,us,earthquake,0,326
us6000tj50,2026-08-06 22:39:51.906000+00:00,"55 km S of Adak, Alaska",2.8,ml,-176.4919,51.3857,35.0,us,earthquake,0,121
ci40667530,2026-08-06 22:38:38.940000+00:00,"78 km E of Maneadero, B.C., MX",3.01,ml,-115.760666666667,31.5821666666667,8.66,ci,earthquake,0,139
us6000tiqn,2026-08-06 21:46:15.810000+00:00,"107 km SSW of False Pass, Alaska",3.5,mb,-163.9996,53.9554,31.03,us,earthquake,0,188
us6000tiqe,2026-08-06 21:17:27.391000+00:00,"68 km NE of Mangapapa, New Zealand",4.8,mb,178.6074,-38.2413,16.578,us,earthquake,0,354
us6000tiq3,2026-08-06 20:32:48.726000+00:00,"32 km ENE of Shwebo, Burma (Myanmar)",4.1,mb,95.9676,22.7307,10.0,us,earthquake,0,259
us6000tj57,2026-08-06 20:22:13.105000+00:00,"51 km SE of Atka, Alaska",2.7,ml,-173.7415,51.832,97.263,us,earthquake,0,112
us6000tipv,2026-08-06 20:07:23.261000+00:00,"146 km SE of Petropavlovsk-Kamchatsky, Russia",4.7,mb,160.2065,52.17,25.847,us,earthquake,0,340
us6000tj4t,2026-08-06 19:36:12.820000+00:00,"113 km SE of Atka, Alaska",2.6,ml,-172.9653,51.5171,35.0,us,earthquake,0,104
aka2026pmhiwx,2026-08-06 19:17:24.320000+00:00,"199 km S of False Pass, Alaska",2.8,ml,-163.177,53.07,5.0,ak,earthquake,0,121
us6000tipc,2026-08-06 19:05:22.175000+00:00,"282 km SW of Banda Aceh, Indonesia",4.4,mb,93.2188,4.1207,10.0,us,earthquake,0,298
us6000tip9,2026-08-06 18:57:21.190000+00:00,"2 km WNW of Yanacancha, Peru",5.3,mww,-75.4066,-12.1916,10.0,us,earthquake,0,435
nn00922992,2026-08-06 18:49:30.281000+00:00,"23 km WSW of Gerlach, Nevada",2.62,ml,-119.6243,40.5944,3.32,nn,earthquake,0,106
pr71527718,2026-08-06 18:31:06.800000+00:00,"14 km W of Puerto Real, Puerto Rico",2.45,md,-67.3231666666667,18.0915,16.96,pr,earthquake,0,92
pr71527713,2026-08-06 18:06:30.860000+00:00,"60 km WSW of Stella, Puerto Rico",3.32,md,-67.8033333333333,18.209,136.47,pr,earthquake,0,170
us6000timi,2026-08-06 17:50:39.455000+00:00,"153 km E of Miyako, Japan",4.6,mb,143.7247,39.6286,10.0,us,earthquake,0,326
us6000timf,2026-08-06 17:43:36.948000+00:00,"151 km E of Miyako, Japan",5.3,mww,143.7015,39.6168,10.0,us,earthquake,0,432
us6000tj4m,2026-08-06 17:03:31.597000+00:00,"96 km S of Sand Point, Alaska",2.6,ml,-160.3091,54.4751,3.175,us,earthquake,0,104
aka2026pmclyr,2026-08-06 16:51:24.263000+00:00,"202 km SE of Perryville, Alaska",3.1,ml,-156.765,54.694,20.0,ak,earthquake,0,148
aka2026pmbled,2026-08-06 16:20:09.606000+00:00,"90 km SSE of Adak, Alaska",2.6,ml,-176.204,51.109,10.3,ak,earthquake,0,104
us6000tikr,2026-08-06 16:01:59.304000+00:00,"203 km SE of Lorengau, Papua New Guinea",4.9,mb,148.6223,-3.282,10.0,us,earthquake,0,369
us6000til7,2026-08-06 15:49:15.039000+00:00,"232 km ESE of Attu Station, Alaska",4.0,mb,176.259,51.925,10.0,us,earthquake,0,246
pr71527703,2026-08-06 15:23:30.120000+00:00,"42 km NW of Aguadilla, Puerto Rico",3.07,md,-67.4411666666667,18.6965,10.29,pr,earthquake,0,145
us6000tjyi,2026-08-06 14:22:00.969000+00:00,"49 km SE of Kīsh, Iran",4.3,mb,54.429,26.3115,10.0,us,earthquake,0,284
us6000tjyg,2026-08-06 13:52:18.395000+00:00,Kuril Islands,4.4,mb,152.4151,47.3959,123.852,us,earthquake,0,298
us6000tik6,2026-08-06 13:42:12.609000+00:00,"106 km W of Buala, Solomon Islands",5.1,mww,158.6274,-8.0479,67.212,us,earthquake,0,400
us6000tjyh,2026-08-06 13:40:50.376000+00:00,"224 km N of Tobelo, Indonesia",4.1,mb,127.9427,3.7551,78.63,us,earthquake,0,259
us6000tj4c,2026-08-06 13:35:13.499000+00:00,"62 km ESE of Adak, Alaska",3.1,ml,-175.8345,51.602,35.0,us,earthquake,0,148
us6000tj49,2026-08-06 13:06:34.579000+00:00,"Rat Islands, Aleutian Islands, Alaska",2.5,ml,178.6106,51.6932,89.332,us,earthquake,0,96
us6000tijg,2026-08-06 10:49:24.271000+00:00,"5 km ENE of Matsubase, Japan",4.6,mb,130.7231,32.6611,10.0,us,earthquake,0,327
aka2026plphnx,2026-08-06 10:16:13.129000+00:00,"119 km SE of Atka, Alaska",2.5,ml,-173.212,51.313,20.0,ak,earthquake,0,96
us6000tij5,2026-08-06 09:55:40.381000+00:00,"128 km WSW of Port Orford, Oregon",4.9,mww,-125.9976,42.4079,10.0,us,earthquake,0,370
aka2026plodlo,2026-08-06 09:41:25.617000+00:00,"36 km WSW of Skwentna, Alaska",3.1,ml,-152.08,61.91,122.0,ak,earthquake,0,148
aka2026plobir,2026-08-06 09:38:57.935000+00:00,"64 km ESE of Pedro Bay, Alaska",3.9,ml,-153.009,59.634,102.7,ak,earthquake,0,236
pr71527678,2026-08-06 09:13:03.220000+00:00,"122 km NNE of Cruz Bay, U.S. Virgin Islands",3.15,md,-64.4821666666667,19.4021666666667,20.02,pr,earthquake,0,153
aka2026plmtdl,2026-08-06 08:59:30.866000+00:00,"147 km SSE of Atka, Alaska",2.6,ml,-173.621,50.919,12.4,ak,earthquake,0,104
us6000tjya,2026-08-06 08:20:11.051000+00:00,"60 km ENE of Aras-asan, Philippines",4.4,mb,126.8414,9.0335,9.694,us,earthquake,0,298
pr71527698,2026-08-06 07:07:20.490000+00:00,"62 km NW of San Antonio, Puerto Rico",3.17,md,-67.5663333333333,18.839,7.15,pr,earthquake,0,155
us6000tiif,2026-08-06 06:52:59.774000+00:00,"18 km ENE of San Marcos, Colombia",4.3,mb,-74.9712,8.7076,51.714,us,earthquake,0,284
us6000tj3x,2026-08-06 06:52:14.476000+00:00,"141 km WSW of Adak, Alaska",3.1,ml,-178.4709,51.3235,48.185,us,earthquake,0,148
us6000tiie,2026-08-06 06:44:04.020000+00:00,"66 km NW of Houma, Tonga",4.5,mb,-175.8259,-20.8299,113.351,us,earthquake,0,312
us6000tjyv,2026-08-06 06:42:38.204000+00:00,"57 km SE of Kīsh, Iran",4.0,mb,54.3989,26.1651,10.0,us,earthquake,0,248
aka2026plhxxc,2026-08-06 06:35:06.894000+00:00,"28 km SSW of Dry Creek, Alaska",3.1,ml,-144.849,63.411,10.0,ak,earthquake,0,148
us6000tj3t,2026-08-06 06:15:33.287000+00:00,"231 km ESE of Attu Station, Alaska",3.2,ml,176.3379,52.0652,19.684,us,earthquake,0,158
aka2026plgdnb,2026-08-06 05:41:36.886000+00:00,"16 km SSW of Funny River, Alaska",3.1,ml,-150.834,60.357,45.9,ak,earthquake,0,148
us6000tikv,2026-08-06 05:26:56.271000+00:00,"229 km SSE of Old Harbor, Alaska",2.5,ml,-151.8574,55.3037,10.0,us,earthquake,0,96
aka2026pleizn,2026-08-06 04:47:59.363000+00:00,"234 km ESE of Attu Station, Alaska",3.2,ml,176.138,51.77,20.0,ak,earthquake,0,158
aka2026pldzej,2026-08-06 04:36:36.765000+00:00,"98 km SSE of Atka, Alaska",2.6,ml,-173.612,51.394,2.0,ak,earthquake,0,104
aka2026pldufy,2026-08-06 04:30:46.350000+00:00,"74 km SSE of Sand Point, Alaska",2.9,ml,-160.14,54.695,8.2,ak,earthquake,0,129
aka2026pldnws,2026-08-06 04:23:27.647000+00:00,"186 km SE of Perryville, Alaska",2.9,ml,-156.929,54.804,1.0,ak,earthquake,0,129
us6000tihn,2026-08-06 04:13:47.605000+00:00,"88 km SW of Corinto, Nicaragua",4.1,mb,-87.6264,11.8219,38.188,us,earthquake,0,259
aka2026pldfit,2026-08-06 04:13:14.196000+00:00,"193 km SE of Perryville, Alaska",3.6,ml,-156.828,54.775,20.0,ak,earthquake,0,199
aka2026plddkq,2026-08-06 04:11:48.903000+00:00,"197 km SE of Perryville, Alaska",3.9,ml,-156.815,54.738,36.2,ak,earthquake,0,234
aka2026plcowr,2026-08-06 03:54:58.703000+00:00,"284 km W of Adak, Alaska",2.9,ml,179.242,51.811,157.2,ak,earthquake,0,129
us6000tihf,2026-08-06 03:12:11.368000+00:00,"48 km WSW of Sarangani, Philippines",4.6,mb,125.0756,5.2096,35.0,us,earthquake,0,326
pr71527663,2026-08-06 02:26:49.820000+00:00,"14 km N of Carrizales, Puerto Rico",2.73,md,-66.7825,18.6166666666667,17.63,pr,earthquake,0,115
nc75412297,2026-08-06 02:24:11.240000+00:00,"4 km SSE of Anderson, CA",2.7,md,-122.280833333333,40.419,17.38,nc,earthquake,0,112
aka2026pkzibf,2026-08-06 02:16:55.572000+00:00,"30 km NW of Susitna, Alaska",2.5,ml,-150.855,61.759,67.7,ak,earthquake,0,96
us6000tihi,2026-08-06 02:00:01.457000+00:00,"239 km ESE of Attu Station, Alaska",3.1,ml,176.1588,51.7028,10.0,us,earthquake,0,148
us6000tigx,2026-08-06 01:29:02.347000+00:00,"182 km SW of Xihai, China",4.1,mb,99.4933,35.736,10.0,us,earthquake,0,259
us6000tj3e,2026-08-06 00:48:21.266000+00:00,"24 km S of Adak, Alaska",2.7,ml,-176.6386,51.6528,93.162,us,earthquake,0,112
us6000tigp,2026-08-06 00:34:53.300000+00:00,"203 km NW of Oula Xiuma, China",4.0,mb,99.4686,35.4698,10.0,us,earthquake,0,246
aka2026pkvjec,2026-08-06 00:18:13.321000+00:00,"91 km SSE of Atka, Alaska",2.5,ml,-173.465,51.51,20.0,ak,earthquake,0,96
us6000tigl,2026-08-06 00:15:17.634000+00:00,"62 km NNE of Shi Yomi, India",4.8,mb,94.6765,29.0283,10.0,us,earthquake,0,355
us6000tj3c,2026-08-06 00:11:08.993000+00:00,"90 km SSW of Sand Point, Alaska",2.6,ml,-160.7886,54.541,35.0,us,earthquake,0,104
pr71527658,2026-08-05 23:46:35.950000+00:00,"72 km NW of San Antonio, Puerto Rico",3.14,md,-67.6348333333333,18.9086666666667,17.07,pr,earthquake,0,152
us6000tjpt,2026-08-05 23:40:14.963000+00:00,southeast of the Loyalty Islands,4.5,mb,171.3751,-22.9687,10.0,us,earthquake,0,312
us6000tig8,2026-08-05 22:59:24.683000+00:00,"13 km W of Honmachi, Japan",4.9,mww,130.463,32.4822,10.0,us,earthquake,0,372
us6000tjpr,2026-08-05 22:50:24.172000+00:00,"35 km SE of Sarangani, Philippines",4.4,mb,125.6592,5.1501,10.0,us,earthquake,0,298
nc75412157,2026-08-05 22:21:57.390000+00:00,"31 km NNW of Covelo, CA",4.41,mw,-123.446166666667,40.0223333333333,7.28,nc,earthquake,0,346
nc75412167,2026-08-05 22:20:58.590000+00:00,"31 km NNW of Covelo, CA",3.88,mw,-123.446,40.0245,8.33,nc,earthquake,0,235
us6000tifh,2026-08-05 22:11:44.622000+00:00,"35 km SSW of Sarangani, Philippines",4.8,mb,125.3085,5.1248,10.0,us,earthquake,0,354
aka2026pkqwiq,2026-08-05 22:03:30.441000+00:00,"289 km WSW of Adak, Alaska",2.5,ml,179.44,50.999,26.0,ak,earthquake,0,96
us6000tifd,2026-08-05 21:57:33.302000+00:00,"33 km SW of Sarangani, Philippines",4.4,mb,125.2439,5.1965,10.0,us,earthquake,0,298
us6000tj5s,2026-08-05 21:50:35.738000+00:00,"87 km SE of False Pass, Alaska",2.5,ml,-162.6036,54.227,10.0,us,earthquake,0,96
us6000tif5,2026-08-05 21:41:27.701000+00:00,"41 km SW of Sarangani, Philippines",5.6,mww,125.2281,5.117,10.0,us,earthquake,0,490
us6000tjpq,2026-08-05 21:21:01.407000+00:00,"48 km SSE of Banda Aceh, Indonesia",4.3,mb,95.4888,5.1314,101.281,us,earthquake,0,284
us6000tj5r,2026-08-05 21:17:27.899000+00:00,"106 km SSE of King Cove, Alaska",2.9,ml,-161.527,54.2169,8.995,us,earthquake,0,129
us6000tiex,2026-08-05 20:59:40.042000+00:00,"97 km WSW of Houma, Tonga",4.6,mb,-176.1768,-21.4829,146.599,us,earthquake,0,326
aka2026pkokil,2026-08-05 20:49:37.444000+00:00,"199 km SE of Perryville, Alaska",2.8,ml,-156.804,54.714,20.0,ak,earthquake,0,121
aka2026pkntpl,2026-08-05 20:30:25.430000+00:00,"200 km SE of Perryville, Alaska",2.9,ml,-156.775,54.727,20.0,ak,earthquake,0,129
us6000tieq,2026-08-05 20:27:05.573000+00:00,"74 km NE of Petropavlovsk-Kamchatsky, Russia",4.1,mb,159.253,53.6142,96.989,us,earthquake,0,259
us6000tjpp,2026-08-05 20:24:07.192000+00:00,"51 km ESE of Koseda, Japan",4.1,mb,131.1681,30.2608,40.551,us,earthquake,0,259
us6000tjpm,2026-08-05 20:04:38.935000+00:00,"50 km SSE of Sarangani, Philippines",4.2,mb,125.5804,4.9644,9.862,us,earthquake,0,271
us6000tj5n,2026-08-05 19:51:39.050000+00:00,"56 km S of Atka, Alaska",2.8,ml,-174.1402,51.6935,35.0,us,earthquake,0,121
us6000tjpj,2026-08-05 19:51:05.826000+00:00,"13 km SE of Ialibu, Papua New Guinea",4.5,mb,144.0889,-6.3619,10.0,us,earthquake,0,312
us6000tie5,2026-08-05 19:46:27.554000+00:00,"29 km S of Ialibu, Papua New Guinea",5.2,mb,143.9624,-6.5471,16.281,us,earthquake,0,416
us6000tjpi,2026-08-05 19:33:25.760000+00:00,"89 km WSW of Labuha, Indonesia",4.6,mb,126.8068,-1.0769,41.962,us,earthquake,0,326
us6000tidz,2026-08-05 19:32:25.347000+00:00,"58 km SSW of Sarangani, Philippines",4.6,mb,125.2448,4.9252,10.07,us,earthquake,0,326
aka2026pkltdu,2026-08-05 19:29:56.730000+00:00,"88 km S of Unalaska, Alaska",2.5,ml,-166.76,53.088,29.0,ak,earthquake,0,96
us6000tjph,2026-08-05 19:22:18.543000+00:00,"19 km NE of Sarangani, Philippines",4.4,mb,125.5899,5.5198,7.181,us,earthquake,0,298
aka2026pkjzwf,2026-08-05 18:37:42.497000+00:00,"63 km SSE of Nikolski, Alaska",2.6,ml,-168.402,52.439,26.2,ak,earthquake,0,104
us6000tj5i,2026-08-05 18:15:35.801000+00:00,"93 km SSE of Atka, Alaska",3.0,ml,-173.6335,51.429,10.409,us,earthquake,0,138
us6000tiek,2026-08-05 18:06:42.972000+00:00,"Rat Islands, Aleutian Islands, Alaska",3.3,ml,178.5262,51.6194,70.499,us,earthquake,0,168
aka2026pkiwmc,2026-08-05 18:03:47.632000+00:00,"123 km SSW of False Pass, Alaska",2.5,ml,-163.873,53.779,19.3,ak,earthquake,0,96
us6000tj5c,2026-08-05 17:44:26.863000+00:00,"112 km SSW of False Pass, Alaska",2.7,ml,-163.9949,53.8982,16.8,us,earthquake,0,112
pr71527638,2026-08-05 17:25:23.010000+00:00,"63 km NW of San Antonio, Puerto Rico",3.09,md,-67.565,18.8531666666667,7.23,pr,earthquake,0,147
us6000tj59,2026-08-05 16:56:38.517000+00:00,"116 km ESE of Akutan, Alaska",2.7,ml,-164.1084,53.7827,35.0,us,earthquake,0,112
us6000tics,2026-08-05 16:50:18.982000+00:00,"64 km W of Tobelo, Indonesia",5.3,mww,127.4345,1.7883,123.797,us,earthquake,0,432
aka2026pkfvpf,2026-08-05 16:34:16.580000+00:00,"213 km SSE of Adak, Alaska",2.7,ml,-175.836,50.019,20.0,ak,earthquake,0,112
us6000ticn,2026-08-05 16:30:42.176000+00:00,"13 km SW of Sangay, Philippines",4.4,mb,123.9472,6.3784,10.0,us,earthquake,0,298
us6000tjpg,2026-08-05 16:12:52.514000+00:00,South Sandwich Islands region,4.3,mb,-26.8268,-59.7277,138.424,us,earthquake,0,284
nc75411812,2026-08-05 16:05:37.440000+00:00,"72 km W of Petrolia, CA",2.68,md,-125.132166666667,40.3725,4.28,nc,earthquake,0,111
us6000tj5a,2026-08-05 15:27:34.295000+00:00,"263 km W of Adak, Alaska",2.5,ml,179.5729,51.59,76.918,us,earthquake,0,96
us6000tib1,2026-08-05 15:17:36.367000+00:00,"124 km ESE of Sarangani, Philippines",4.3,mb,126.5277,5.0356,10.0,us,earthquake,0,284
us6000tic4,2026-08-05 15:12:00.404000+00:00,"230 km SE of Chiniak, Alaska",2.7,ml,-149.6281,56.1337,10.0,us,earthquake,0,112
us6000tiat,2026-08-05 14:55:41.965000+00:00,"90 km SSW of Singaparna, Indonesia",5.0,mb,107.8541,-8.1305,60.835,us,earthquake,0,385
us6000tj34,2026-08-05 14:54:53.543000+00:00,"232 km ESE of Attu Station, Alaska",3.3,ml,176.2056,51.8731,24.456,us,earthquake,0,168
us6000tiar,2026-08-05 14:43:43.247000+00:00,"127 km WNW of Ternate, Indonesia",4.7,mb,126.3397,1.2712,48.449,us,earthquake,0,340
us6000tian,2026-08-05 14:22:58.497000+00:00,"48 km SW of Sarangani, Philippines",4.5,mb,125.2188,5.0382,104.577,us,earthquake,0,312
hv75013362,2026-08-05 14:20:14.800000+00:00,"2 km WSW of Honoka‘a, Hawaii",2.82,ml,-155.490333333333,20.0681666666667,8.24,hv,earthquake,0,124
us6000tial,2026-08-05 14:16:49.721000+00:00,"110 km E of Bitung, Indonesia",4.5,mb,126.1174,1.3365,10.0,us,earthquake,0,312
us6000tj32,2026-08-05 13:57:58.651000+00:00,"61 km SE of Adak, Alaska",3.2,ml,-175.9603,51.5191,35.0,us,earthquake,0,158
us6000tjpc,2026-08-05 12:54:37.349000+00:00,"33 km S of Sarangani, Philippines",4.4,mb,125.4433,5.1031,10.0,us,earthquake,0,298
us6000tj2x,2026-08-05 12:38:06.716000+00:00,"80 km SE of Atka, Alaska",3.1,ml,-173.5417,51.5962,17.889,us,earthquake,0,148
us6000tiae,2026-08-05 12:29:45.300000+00:00,"11 km SSW of Sarangani, Philippines",4.5,mb,125.4228,5.3119,35.0,us,earthquake,0,312
us6000tjpb,2026-08-05 12:22:34.651000+00:00,"243 km N of Tobelo, Indonesia",4.2,mb,127.9288,3.9276,69.892,us,earthquake,0,271
us6000tjpa,2026-08-05 12:01:12.041000+00:00,"284 km SW of Yanglong, China",4.4,mb,96.2301,36.9363,10.0,us,earthquake,0,298
us6000tj2u,2026-08-05 11:57:46.105000+00:00,"Rat Islands, Aleutian Islands, Alaska",2.6,ml,178.5779,51.4994,61.263,us,earthquake,0,104
tx2026phkefu,2026-08-05 11:43:22.217000+00:00,"28 km SW of Jal, New Mexico",2.5,ml,-103.397,31.928,6.2408,tx,earthquake,0,96
us6000tjp9,2026-08-05 11:22:57.282000+00:00,"3 km S of Sarangani, Philippines",4.4,mb,125.4654,5.3735,10.0,us,earthquake,0,298
us6000tjp8,2026-08-05 10:52:09.720000+00:00,"58 km SW of Sarangani, Philippines",4.5,mb,125.0913,5.0233,40.55,us,earthquake,0,312
us6000tjp7,2026-08-05 10:48:18.694000+00:00,"48 km S of Panguna, Papua New Guinea",4.4,mb,155.5098,-6.7508,110.364,us,earthquake,0,298
us6000tib5,2026-08-05 10:37:40.350000+00:00,"228 km ESE of Attu Station, Alaska",2.9,ml,176.1856,51.9262,10.0,us,earthquake,0,129
us6000ti9w,2026-08-05 10:06:09.610000+00:00,"61 km NE of Shi Yomi, India",5.0,mb,94.7507,28.9711,10.0,us,earthquake,0,385
us6000ti9q,2026-08-05 09:38:19.421000+00:00,"42 km SSW of Sarangani, Philippines",4.5,mb,125.2813,5.0603,18.888,us,earthquake,0,312
pr71527613,2026-08-05 09:18:25.540000+00:00,"62 km NNW of Charlotte Amalie, U.S. Virgin Islands",3.34,md,-65.1036666666667,18.8836666666667,48.24,pr,earthquake,0,172
us6000ti9k,2026-08-05 09:17:07.639000+00:00,"42 km SW of Sarangani, Philippines",4.8,mb,125.2273,5.0988,35.0,us,earthquake,0,355
us6000tjp5,2026-08-05 09:14:11.226000+00:00,"72 km S of Lumatil, Philippines",4.3,mb,124.771,5.2303,18.929,us,earthquake,0,284
aka2026pjqoyy,2026-08-05 08:55:20.562000+00:00,"36 km W of Denali National Park, Alaska",3.4,ml,-152.45,63.553,10.4,ak,earthquake,0,178
aka2026pjqoqs,2026-08-05 08:55:00.746000+00:00,"Rat Islands, Aleutian Islands, Alaska",3.6,ml,178.38,50.243,20.0,ak,earthquake,0,199
us6000tib4,2026-08-05 08:54:59.685000+00:00,"Rat Islands, Aleutian Islands, Alaska",3.3,ml,178.4497,50.2398,10.0,us,earthquake,0,168
us6000tj2d,2026-08-05 08:47:12.277000+00:00,"110 km SSE of Sand Point, Alaska",2.7,ml,-159.7658,54.4416,35.0,us,earthquake,0,112
us6000tjp4,2026-08-05 08:29:41.924000+00:00,"46 km SSW of Sarangani, Philippines",4.4,mb,125.2765,5.026,10.0,us,earthquake,0,298
us6000tjp3,2026-08-05 08:24:10.279000+00:00,"40 km S of Sarangani, Philippines",4.4,mb,125.4357,5.0401,10.0,us,earthquake,0,298
us6000ti99,2026-08-05 08:11:43.595000+00:00,"11 km ENE of Tomas Oppus, Philippines",4.6,mb,125.0715,10.3055,10.0,us,earthquake,0,326
tx2026phcqoh,2026-08-05 07:56:31.605000+00:00,"58 km S of Whites City, New Mexico",2.6,ml,-104.408,31.648,7.2791,tx,earthquake,0,104
us6000ti8i,2026-08-05 07:43:26.215000+00:00,south of the Kermadec Islands,6.3,mww,179.4683,-33.6969,216.73,us,earthquake,0,615
us6000tjnz,2026-08-05 07:05:23.790000+00:00,Fiji region,4.4,mb,-177.8496,-17.6682,568.093,us,earthquake,0,298
us6000tjp0,2026-08-05 07:02:34.476000+00:00,"43 km SW of Sarangani, Philippines",4.4,mb,125.1558,5.1535,10.0,us,earthquake,0,298
us6000tjnv,2026-08-05 06:56:54.693000+00:00,"44 km S of Sarangani, Philippines",4.3,mb,125.4527,5.0037,10.162,us,earthquake,0,284
us6000ti85,2026-08-05 06:44:22.772000+00:00,"Auckland Islands, New Zealand region",5.0,mwr,164.0179,-49.5839,13.304,us,earthquake,0,385
us6000ti86,2026-08-05 06:41:47.420000+00:00,"42 km SW of Sarangani, Philippines",4.8,mb,125.216,5.1124,35.0,us,earthquake,0,354
us6000tjnx,2026-08-05 06:36:58.027000+00:00,"55 km SW of Sarangani, Philippines",4.4,mb,125.0982,5.0619,11.877,us,earthquake,0,298
us6000ti81,2026-08-05 06:13:43.173000+00:00,"84 km SW of Champerico, Guatemala",4.5,mb,-92.4623,13.7508,11.956,us,earthquake,0,312
us6000ti80,2026-08-05 05:59:18.173000+00:00,"37 km SW of Sarangani, Philippines",5.1,mb,125.2342,5.154,11.57,us,earthquake,0,400
us6000ti7z,2026-08-05 05:57:01.033000+00:00,"30 km SSE of Sarangani, Philippines",4.9,mb,125.5787,5.1559,35.0,us,earthquake,0,369
aka2026pjkpyh,2026-08-05 05:56:33.139000+00:00,"96 km SE of Atka, Alaska",2.6,ml,-173.395,51.485,20.0,ak,earthquake,0,104
aka2026pjkpju,2026-08-05 05:56:00.960000+00:00,"232 km ESE of Attu Station, Alaska",3.0,ml,176.537,52.409,26.1,ak,earthquake,0,138
us6000ti7y,2026-08-05 05:53:53.743000+00:00,"72 km SE of Sarangani, Philippines",4.6,mb,125.9769,4.9963,35.0,us,earthquake,0,326
us6000tjnu,2026-08-05 05:49:16.458000+00:00,"43 km WSW of Sarangani, Philippines",4.6,mb,125.1323,5.1916,10.0,us,earthquake,0,326
nn00922853,2026-08-05 05:48:07.224000+00:00,"20 km SSW of Silver Peak, Nevada",2.73,ml,-117.735,37.589,5.9729,nn,earthquake,0,115
us6000ti7x,2026-08-05 05:47:01.870000+00:00,Kermadec Islands region,4.3,mb,-179.5277,-30.6488,330.343,us,earthquake,0,284
us6000ti7t,2026-08-05 05:13:00.905000+00:00,"42 km SW of Sarangani, Philippines",4.9,mb,125.1531,5.1829,10.0,us,earthquake,0,370
us6000ti7p,2026-08-05 05:02:57.604000+00:00,"227 km SSW of Severo-Kuril’sk, Russia",4.5,mb,154.9474,48.7748,82.432,us,earthquake,0,312
us6000tjnr,2026-08-05 04:47:13+00:00,"40 km SW of Sarangani, Philippines",4.6,mb,125.2174,5.13,10.0,us,earthquake,0,326
us6000tjns,2026-08-05 04:43:32.173000+00:00,"117 km ESE of Sarangani, Philippines",4.6,mb,126.4236,4.9589,10.0,us,earthquake,0,326
us6000ti7f,2026-08-05 04:34:11.525000+00:00,"61 km SW of Sarangani, Philippines",4.9,mb,125.0373,5.043,35.0,us,earthquake,0,369
us6000tjpz,2026-08-05 04:29:05.889000+00:00,"61 km SSW of Sarangani, Philippines",4.5,mb,125.3444,4.857,35.0,us,earthquake,0,312
us6000tiax,2026-08-05 04:27:54.260000+00:00,"231 km ESE of Attu Station, Alaska",3.1,ml,176.3256,52.0462,20.025,us,earthquake,0,148
us6000ti71,2026-08-05 04:25:04.577000+00:00,"30 km S of Sarangani, Philippines",5.2,mb,125.4389,5.1323,35.0,us,earthquake,0,419
us6000ti6z,2026-08-05 04:19:21.840000+00:00,"240 km S of Burica, Panama",5.1,mww,-82.5326,5.8844,10.0,us,earthquake,0,400
tx2026pgvjqb,2026-08-05 04:17:04.073000+00:00,"58 km S of Whites City, New Mexico",2.5,ml,-104.379,31.644,6.0999,tx,earthquake,0,96
us6000tj1x,2026-08-05 04:15:02.348000+00:00,"225 km ESE of Attu Station, Alaska",3.3,ml,176.2355,52.0582,10.0,us,earthquake,0,168
us6000ti6x,2026-08-05 04:14:06.073000+00:00,"28 km SW of Sarangani, Philippines",6.3,mww,125.3134,5.1995,10.0,us,earthquake,0,660
us6000tjnp,2026-08-05 03:58:59.998000+00:00,"133 km SE of Pondaguitan, Philippines",4.5,mb,127.0631,5.5424,10.0,us,earthquake,0,312
us6000tj1w,2026-08-05 03:56:30.212000+00:00,"101 km S of Sand Point, Alaska",2.8,ml,-160.6698,54.4333,35.0,us,earthquake,0,121
us6000ti6l,2026-08-05 03:40:42.949000+00:00,"31 km W of San Jose De Sisa, Peru",4.2,mb,-76.9798,-6.6308,10.0,us,earthquake,0,271
us6000tjnn,2026-08-05 03:21:56.004000+00:00,Prince Edward Islands region,4.3,mb,35.9577,-44.5689,10.0,us,earthquake,0,284
uu80147111,2026-08-05 03:21:16.570000+00:00,"9 km N of New Harmony, Utah",2.78,ml,-113.324666666667,37.5683333333333,11.04,uu,earthquake,0,119
us6000ti6f,2026-08-05 03:16:06.895000+00:00,Banda Sea,4.8,mb,128.9069,-6.4486,232.256,us,earthquake,0,354
aka2026pjfejr,2026-08-05 03:13:20.428000+00:00,"86 km SSE of Atka, Alaska",2.6,ml,-173.601,51.51,11.7,ak,earthquake,0,104
us6000tj1r,2026-08-05 03:02:57.031000+00:00,"231 km ESE of Attu Station, Alaska",2.8,ml,176.3412,52.0741,10.0,us,earthquake,0,121
us6000tjpx,2026-08-05 02:47:15.715000+00:00,"49 km E of Severo-Kuril’sk, Russia",4.4,mb,156.8181,50.7609,99.043,us,earthquake,0,298
us6000ti6d,2026-08-05 02:46:57.390000+00:00,"36 km ESE of Severo-Kuril’sk, Russia",4.5,mb,156.6171,50.5665,87.625,us,earthquake,0,312
us6000tj1q,2026-08-05 02:23:29.043000+00:00,"233 km ESE of Attu Station, Alaska",2.9,ml,176.2572,51.9204,10.413,us,earthquake,0,129
us6000tj1n,2026-08-05 02:00:13.160000+00:00,"96 km SSE of Atka, Alaska",3.1,ml,-173.5082,51.4395,8.068,us,earthquake,0,148
nn00922819,2026-08-05 01:36:00.877000+00:00,"22 km NNE of Yerington, Nevada",3.29,mwr,-119.0366,39.1661,3.0,nn,earthquake,0,167
us6000ti66,2026-08-05 01:13:22.664000+00:00,Fiji region,4.3,mb,-178.6959,-20.7786,499.506,us,earthquake,0,284
pr2026217000,2026-08-05 01:03:55.990000+00:00,"135 km N of Charlotte Amalie, U.S. Virgin Islands",3.67,md,-64.7715,19.5603,30.0,pr,earthquake,0,207
nc75411492,2026-08-05 00:25:25.780000+00:00,"31 km NNW of Covelo, CA",3.99,mw,-123.4445,40.0265,7.87,nc,earthquake,0,247
us6000ti5w,2026-08-05 00:25:03.117000+00:00,"15 km NW of Gerāsh, Iran",4.2,mb,54.0386,27.784,10.0,us,earthquake,0,271
us6000ti5u,2026-08-05 00:11:57.923000+00:00,"56 km WSW of Monywa, Burma (Myanmar)",4.8,mb,94.6377,21.8899,104.923,us,earthquake,0,355
aka2026piyzhh,2026-08-05 00:05:51.112000+00:00,"45 km E of Savoonga, Alaska",3.3,ml,-169.571,63.745,10.0,ak,earthquake,0,168
us6000tj0l,2026-08-04 23:39:17.244000+00:00,"50 km ESE of Isangel, Vanuatu",4.0,mb,169.7205,-19.7211,316.254,us,earthquake,0,246
aka2026pixvhb,2026-08-04 23:32:54.332000+00:00,"61 km W of Nikolski, Alaska",2.5,ml,-169.76,52.841,13.8,ak,earthquake,0,96
us6000tj0k,2026-08-04 23:32:17.422000+00:00,"106 km NW of Bukittinggi, Indonesia",4.3,mb,99.8153,0.47,152.956,us,earthquake,0,284
us6000ti5m,2026-08-04 23:08:00.905000+00:00,South Sandwich Islands region,4.7,mb,-26.8178,-55.685,10.0,us,earthquake,0,340
aka2026piwirv,2026-08-04 22:48:50.550000+00:00,"66 km SSW of Pelican, Alaska",2.6,ml,-136.807,57.451,23.2,ak,earthquake,0,104
us6000tj25,2026-08-04 22:28:57.414000+00:00,"Rat Islands, Aleutian Islands, Alaska",2.8,ml,178.5637,51.3959,52.657,us,earthquake,0,121
us6000tj24,2026-08-04 22:18:54.129000+00:00,"31 km SW of Atka, Alaska",2.8,ml,-174.5821,52.0304,141.741,us,earthquake,0,121
us6000tj0f,2026-08-04 22:18:29.572000+00:00,Mariana Islands region,4.1,mb,142.9606,21.6371,376.74,us,earthquake,0,259
us6000tj0h,2026-08-04 22:06:31.753000+00:00,"111 km N of Isangel, Vanuatu",4.3,mb,169.391,-18.5386,246.573,us,earthquake,0,284
us6000tj0j,2026-08-04 22:03:30.876000+00:00,Mauritius - Reunion region,4.4,mb,66.6144,-19.9509,10.0,us,earthquake,0,298
us6000tj0g,2026-08-04 22:02:09.860000+00:00,"41 km ENE of Noda, Japan",4.1,mb,142.2336,40.2979,53.386,us,earthquake,0,259
us6000tj0e,2026-08-04 21:56:46.880000+00:00,"91 km SE of Gorontalo, Indonesia",4.1,mb,123.6924,0.003,121.073,us,earthquake,0,259
nc75411397,2026-08-04 21:17:33.490000+00:00,"7 km ESE of Cloverdale, CA",2.56,md,-122.938333333333,38.7915,5.06,nc,earthquake,0,103
us6000ti4s,2026-08-04 21:09:29.122000+00:00,south of Tonga,4.9,mb,-175.2568,-24.2993,10.0,us,earthquake,0,369
us6000ti4p,2026-08-04 21:08:55.329000+00:00,"64 km NE of Kuji, Japan",4.3,mb,142.3088,40.5954,50.358,us,earthquake,0,284
nc75411387,2026-08-04 20:54:10.760000+00:00,"15 km S of Hamilton City, CA",2.54,md,-122.019833333333,39.6053333333333,28.5,nc,earthquake,0,99
us6000tj20,2026-08-04 20:53:19.105000+00:00,"256 km W of Adak, Alaska",2.9,ml,179.6483,51.9888,197.876,us,earthquake,0,129
us6000ti4e,2026-08-04 20:30:05.505000+00:00,Fiji region,4.7,mb,-179.4278,-21.7618,613.004,us,earthquake,0,340
us6000tj1z,2026-08-04 20:22:04.843000+00:00,"90 km SSE of Atka, Alaska",2.7,ml,-173.5406,51.4886,10.0,us,earthquake,0,112
us6000ti49,2026-08-04 20:16:37.007000+00:00,"125 km NW of Ternate, Indonesia",5.7,mww,126.5024,1.5011,34.167,us,earthquake,0,501
us6000tj0d,2026-08-04 20:01:17.497000+00:00,"59 km SE of Koseda, Japan",4.5,mb,131.1461,30.0665,10.0,us,earthquake,0,312
us6000ti40,2026-08-04 19:56:56.247000+00:00,"62 km ESE of Koseda, Japan",4.8,mww,131.2023,30.0951,28.113,us,earthquake,0,355
nc75411307,2026-08-04 19:55:24.960000+00:00,"6 km NE of San Simeon, CA",2.8,md,-121.137333333333,35.6806666666667,7.22,nc,earthquake,0,122
us6000tj0a,2026-08-04 17:41:09.038000+00:00,"64 km ENE of Noda, Japan",4.2,mb,142.5015,40.3666,38.892,us,earthquake,0,271
us6000tj09,2026-08-04 17:30:53.354000+00:00,"228 km E of Levuka, Fiji",4.2,mb,-178.5351,-17.864,622.217,us,earthquake,0,271
us6000ti1d,2026-08-04 17:30:51.659000+00:00,"179 km NE of Lospalos, Timor Leste",4.0,mb,128.3192,-7.5758,186.616,us,earthquake,0,246
us6000tj08,2026-08-04 16:52:00.550000+00:00,"181 km SE of Vilyuchinsk, Russia",4.5,mb,160.2327,51.7499,10.0,us,earthquake,0,312
us6000tj1p,2026-08-04 16:45:37.723000+00:00,"176 km S of Adak, Alaska",3.2,ml,-176.7932,50.2931,10.0,us,earthquake,0,158
us6000tj1m,2026-08-04 16:16:02.153000+00:00,"232 km ESE of Attu Station, Alaska",3.1,ml,176.2974,51.9843,10.0,us,earthquake,0,148
us6000ti11,2026-08-04 16:11:37.807000+00:00,south of the Fiji Islands,4.1,mb,179.7347,-24.0982,504.004,us,earthquake,0,259
us6000tj1l,2026-08-04 16:00:01.949000+00:00,"256 km ESE of Chiniak, Alaska",3.0,ml,-148.5422,56.5303,19.621,us,earthquake,0,138
us6000ti0y,2026-08-04 15:58:34.532000+00:00,"9 km N of Xunchang, China",4.4,mb,104.7192,28.5423,10.0,us,earthquake,0,298
aka2026piikvw,2026-08-04 15:50:34.802000+00:00,"61 km NNW of Huslia, Alaska",2.7,ml,-156.816,66.225,1.3,ak,earthquake,0,112
pr71527538,2026-08-04 15:38:56.030000+00:00,"73 km NNE of Cruz Bay, U.S. Virgin Islands",3.41,md,-64.594,18.9686666666667,15.85,pr,earthquake,0,179
us6000tj06,2026-08-04 15:28:49.211000+00:00,south of Tonga,4.8,mb,-175.4107,-24.438,10.0,us,earthquake,0,354
us6000tj07,2026-08-04 15:27:29.755000+00:00,south of Tonga,4.5,mb,-175.0753,-24.2091,10.0,us,earthquake,0,312
aka2026pihhbt,2026-08-04 15:16:36.928000+00:00,"89 km SSE of Atka, Alaska",2.7,ml,-173.534,51.508,12.1,ak,earthquake,0,112
us6000tj1i,2026-08-04 15:07:37.574000+00:00,"85 km SE of Atka, Alaska",2.9,ml,-173.4582,51.5749,35.0,us,earthquake,0,129
us6000ti1a,2026-08-04 15:01:12.989000+00:00,"234 km ESE of Attu Station, Alaska",3.5,ml,176.2314,51.858,15.513,us,earthquake,0,188
us6000ti0n,2026-08-04 14:57:25.274000+00:00,"87 km SSE of Atka, Alaska",4.3,mb,-173.5125,51.5299,32.501,us,earthquake,0,284
us6000ti0r,2026-08-04 14:56:14.823000+00:00,south of Tonga,5.0,mb,-175.3958,-24.5549,10.0,us,earthquake,0,385
pr2026216003,2026-08-04 14:51:47.350000+00:00,"89 km NE of Cruz Bay, U.S. Virgin Islands",3.82,md,-64.1143,18.8206,108.0,pr,earthquake,0,225
pr71527503,2026-08-04 14:27:37.070000+00:00,"9 km WNW of Rincón, Puerto Rico",2.47,md,-67.3331666666667,18.3576666666667,11.39,pr,earthquake,0,94
pr2026216002,2026-08-04 14:24:42.950000+00:00,"69 km NW of San Antonio, Puerto Rico",3.49,md,-67.5828,18.9141,7.0,pr,earthquake,0,187
hv75012817,2026-08-04 14:21:39.650000+00:00,"45 km W of Kailua-Kona, Hawaii",2.5,ml,-156.429833333333,19.6006666666667,9.6,hv,earthquake,0,96
us6000tj1h,2026-08-04 14:16:44.641000+00:00,"99 km SE of Atka, Alaska",2.9,ml,-173.2285,51.5308,15.99,us,earthquake,0,129
us6000ti0a,2026-08-04 14:00:26.976000+00:00,"68 km ESE of Onagawa Chō, Japan",4.6,mb,142.2073,38.2901,46.057,us,earthquake,0,326
us6000tj05,2026-08-04 13:49:32.770000+00:00,"172 km SSE of Kokopo, Papua New Guinea",4.2,mb,153.0951,-5.6693,10.0,us,earthquake,0,271
nc75411122,2026-08-04 13:24:03.510000+00:00,"9 km NNE of Kettleman City, CA",2.45,md,-119.929,36.088,10.33,nc,earthquake,0,92
nc75411117,2026-08-04 13:21:09.230000+00:00,"10 km NNE of Kettleman City, CA",3.34,mw,-119.930666666667,36.0948333333333,9.78,nc,earthquake,0,172
us6000tj1g,2026-08-04 13:01:13.437000+00:00,"190 km W of Adak, Alaska",3.0,ml,-179.3819,51.7464,106.504,us,earthquake,0,138
aka2026picqfc,2026-08-04 12:57:18.363000+00:00,"60 km S of Atka, Alaska",2.6,ml,-174.101,51.657,20.0,ak,earthquake,0,104
us6000thzy,2026-08-04 12:40:12.643000+00:00,"120 km SSE of Mīnāb, Iran",4.4,mb,57.5377,26.1194,10.0,us,earthquake,0,298
nm60626196,2026-08-04 12:04:40.700000+00:00,"6 km ENE of Steele, Missouri",2.63,md,-89.7573333333333,36.1006666666667,9.86,nm,earthquake,0,108
us6000tj1e,2026-08-04 12:04:26.208000+00:00,"234 km ESE of Attu Station, Alaska",3.1,ml,176.3903,52.0587,10.0,us,earthquake,0,148
us6000thzg,2026-08-04 11:07:53.191000+00:00,"87 km SW of El Arenal, Mexico",4.2,mb,-93.2458,14.5819,35.0,us,earthquake,0,271
pr71527448,2026-08-04 10:19:26.850000+00:00,"84 km NNE of Vieques, Puerto Rico",3.07,md,-65.5076666666667,19.1236666666667,19.09,pr,earthquake,0,145
us6000tj02,2026-08-04 10:04:45.807000+00:00,Vanuatu region,4.4,mb,171.3024,-14.8158,626.943,us,earthquake,0,298
aka2026phwtod,2026-08-04 10:01:11.912000+00:00,"54 km NNW of Petersville, Alaska",2.7,ml,-151.005,62.971,127.1,ak,earthquake,0,112
aka2026phwetk,2026-08-04 09:45:40.158000+00:00,"48 km NE of Susitna North, Alaska",3.3,ml,-149.14,62.441,60.9,ak,earthquake,0,168
us6000thyw,2026-08-04 09:33:22.315000+00:00,"98 km NNE of Mīnāb, Iran",4.1,mb,57.3862,27.9774,35.0,us,earthquake,0,259
us6000tj01,2026-08-04 09:29:19.183000+00:00,"103 km S of Koshima, Japan",4.5,mb,130.6354,29.3081,35.0,us,earthquake,0,312
us6000tj18,2026-08-04 09:20:05.006000+00:00,"230 km ESE of Attu Station, Alaska",3.7,mb,176.3428,52.0878,10.0,us,earthquake,0,211
pr71527648,2026-08-04 08:44:30.520000+00:00,"43 km N of Charlotte Amalie, U.S. Virgin Islands",3.33,md,-64.9206666666667,18.7355,18.27,pr,earthquake,0,171
pr2026216000,2026-08-04 08:41:12.920000+00:00,"107 km NNE of Punta Cana, Dominican Republic",3.65,md,-68.2045,19.5315,77.0,pr,earthquake,0,205
us6000tj16,2026-08-04 08:07:44.544000+00:00,"85 km SSE of Akutan, Alaska",3.0,ml,-165.2358,53.4369,10.0,us,earthquake,0,138
us6000ti1e,2026-08-04 08:06:53.936000+00:00,"232 km ESE of Attu Station, Alaska",3.3,ml,176.2912,51.9645,10.0,us,earthquake,0,168
us6000thyr,2026-08-04 08:06:12.609000+00:00,"38 km ENE of Kuji, Japan",4.2,mb,142.1552,40.3694,54.834,us,earthquake,0,271
pr71527433,2026-08-04 08:02:09.250000+00:00,"44 km N of Charlotte Amalie, U.S. Virgin Islands",2.92,md,-64.9313333333333,18.7468333333333,19.96,pr,earthquake,0,131
pr71527418,2026-08-04 07:50:03.750000+00:00,"42 km N of Charlotte Amalie, U.S. Virgin Islands",3.1,md,-64.9256666666667,18.724,30.89,pr,earthquake,0,148
us6000tizz,2026-08-04 07:12:33.295000+00:00,Kermadec Islands region,4.6,mb,-176.5276,-28.5979,10.0,us,earthquake,0,326
us6000thym,2026-08-04 07:07:08.179000+00:00,"122 km WSW of Puerto Madero, Mexico",4.6,mb,-93.4564,14.2653,10.0,us,earthquake,0,326
us6000tirp,2026-08-04 07:04:45.175000+00:00,"107 km S of False Pass, Alaska",2.5,ml,-163.4945,53.8879,35.0,us,earthquake,0,96
us6000thyk,2026-08-04 07:01:39.230000+00:00,"104 km WSW of Puerto Madero, Mexico",4.0,mb,-93.279,14.2839,10.0,us,earthquake,0,246
us6000thyi,2026-08-04 06:52:27.797000+00:00,"93 km WSW of Puerto Madero, Mexico",4.2,mb,-93.2599,14.5041,35.0,us,earthquake,0,271
us6000tiri,2026-08-04 06:30:42.722000+00:00,"57 km SSE of Akutan, Alaska",2.6,ml,-165.3465,53.6882,35.0,us,earthquake,0,104
us6000tirh,2026-08-04 06:15:29.597000+00:00,"148 km S of False Pass, Alaska",2.9,ml,-163.4469,53.5204,21.536,us,earthquake,0,129
us6000thyc,2026-08-04 05:58:47.914000+00:00,"111 km WSW of Puerto Madero, Mexico",4.3,mb,-93.3413,14.268,10.0,us,earthquake,0,285
us6000tizx,2026-08-04 05:49:11.800000+00:00,"142 km SSE of Itoman, Japan",4.1,mb,128.0303,24.8852,10.0,us,earthquake,0,259
pr2026216001,2026-08-04 05:48:36.030000+00:00,"85 km N of Cruz Bay, U.S. Virgin Islands",3.5,md,-64.6625,19.097,68.0,pr,earthquake,0,188
us6000ti1f,2026-08-04 05:44:18.608000+00:00,"232 km ESE of Attu Station, Alaska",3.4,ml,176.4105,52.1564,11.627,us,earthquake,0,178
us6000tir8,2026-08-04 05:25:19.870000+00:00,"125 km SE of Akutan, Alaska",2.7,ml,-164.437,53.3298,23.971,us,earthquake,0,112
us6000thy1,2026-08-04 05:06:39.594000+00:00,"12 km W of Honmachi, Japan",4.5,mb,130.4722,32.5228,10.0,us,earthquake,0,312
us6000thxt,2026-08-04 04:46:29.475000+00:00,"241 km S of Tateyama, Japan",4.4,mb,140.3803,32.8475,109.577,us,earthquake,0,298
us6000ti1g,2026-08-04 04:33:23.646000+00:00,"229 km ESE of Attu Station, Alaska",4.0,mb,176.2201,51.9387,10.0,us,earthquake,0,246
us6000thxh,2026-08-04 04:28:03.246000+00:00,"83 km WSW of Puerto Madero, Mexico",4.1,mb,-93.1592,14.4992,35.0,us,earthquake,0,259
nc75410982,2026-08-04 04:12:38.020000+00:00,"12 km SE of Middletown, CA",2.61,md,-122.500333333333,38.6855,6.03,nc,earthquake,0,111
us6000tir2,2026-08-04 04:05:19.048000+00:00,"70 km SE of King Cove, Alaska",2.9,ml,-161.4759,54.6603,35.0,us,earthquake,0,129
us6000tir0,2026-08-04 03:21:47.923000+00:00,"231 km ESE of Attu Station, Alaska",3.4,ml,176.2851,51.9899,10.0,us,earthquake,0,178
us6000thx7,2026-08-04 03:20:31.937000+00:00,south of the Fiji Islands,4.4,mb,-179.9783,-24.1976,510.182,us,earthquake,0,298
us6000tiqz,2026-08-04 03:07:28.480000+00:00,"226 km ESE of Attu Station, Alaska",3.7,mb,176.3702,52.2461,10.0,us,earthquake,0,211
us6000thx2,2026-08-04 02:46:17.107000+00:00,off the coast of Oregon,4.0,mb,-128.3033,43.971,10.0,us,earthquake,0,246
us6000thwz,2026-08-04 02:28:42.201000+00:00,South Sandwich Islands region,4.5,mb,-25.596,-58.9198,35.0,us,earthquake,0,312
us6000tizu,2026-08-04 02:25:02.941000+00:00,"6 km NW of Xunchang, China",4.4,mb,104.6611,28.495,10.0,us,earthquake,0,298
us6000tiqx,2026-08-04 01:44:02.796000+00:00,"61 km E of Nikolski, Alaska",2.9,ml,-167.9557,52.9866,35.0,us,earthquake,0,129
us6000tiqw,2026-08-04 01:37:26.393000+00:00,"230 km ESE of Attu Station, Alaska",3.8,mb,176.28,51.9944,10.0,us,earthquake,0,222
aka2026phftwj,2026-08-04 01:32:35.589000+00:00,"63 km S of Shungnak, Alaska",2.9,ml,-157.232,66.319,4.6,ak,earthquake,0,129
us6000tiqu,2026-08-04 01:00:53.534000+00:00,"235 km ESE of Attu Station, Alaska",3.3,ml,176.2876,51.916,14.524,us,earthquake,0,168
us6000tiqt,2026-08-04 00:46:53.867000+00:00,"236 km ESE of Attu Station, Alaska",3.2,ml,176.295,51.9079,23.946,us,earthquake,0,158
aka2026phdscb,2026-08-04 00:29:52.314000+00:00,"119 km SW of Adak, Alaska",2.5,ml,-177.858,51.115,15.5,ak,earthquake,0,96
pr71527373,2026-08-04 00:17:55.050000+00:00,"0 km SSW of Guánica, Puerto Rico",2.9,md,-66.9105,17.966,12.5,pr,earthquake,0,129
us6000thy2,2026-08-03 23:55:45.934000+00:00,"210 km S of False Pass, Alaska",3.0,ml,-163.1203,52.9723,10.0,us,earthquake,0,138
us6000thy0,2026-08-03 23:51:25.361000+00:00,"228 km ESE of Attu Station, Alaska",3.2,ml,176.3323,52.1254,11.242,us,earthquake,0,158
aka2026phaxjo,2026-08-03 23:06:08.751000+00:00,"95 km SSW of Unalaska, Alaska",2.5,ml,-166.933,53.047,38.5,ak,earthquake,0,96
us6000thxy,2026-08-03 22:53:22.776000+00:00,"229 km ESE of Attu Station, Alaska",4.2,mb,176.3271,52.0891,29.027,us,earthquake,0,271
us6000thxw,2026-08-03 22:42:55.251000+00:00,"231 km ESE of Attu Station, Alaska",3.5,ml,176.2723,51.9633,3.008,us,earthquake,0,188
aka2026pgzpes,2026-08-03 22:26:35.219000+00:00,"18 km ESE of Port Graham, Alaska",2.8,ml,-151.537,59.289,38.2,ak,earthquake,0,121
us6000thvq,2026-08-03 22:15:24.741000+00:00,"41 km SSE of Ḩājjīābād, Iran",4.2,mb,56.0893,27.977,10.0,us,earthquake,0,271
us6000thxu,2026-08-03 21:47:43.977000+00:00,"226 km W of Adak, Alaska",2.5,ml,-179.8704,51.5331,77.822,us,earthquake,0,96
us6000thvj,2026-08-03 21:42:13.119000+00:00,"203 km SE of Severo-Kuril’sk, Russia",4.9,mb,157.9627,49.2754,10.0,us,earthquake,0,369
us6000tiyj,2026-08-03 21:33:24.766000+00:00,"166 km E of Ozernovskiy, Russia",4.4,mb,158.8853,51.3934,35.0,us,earthquake,0,298
us6000thva,2026-08-03 20:47:08.038000+00:00,"42 km ESE of Vallenar, Chile",4.4,mb,-70.3665,-28.7394,93.791,us,earthquake,0,298
us6000thxs,2026-08-03 20:32:46.331000+00:00,"118 km SSE of Sand Point, Alaska",3.4,ml,-159.6419,54.3889,35.0,us,earthquake,0,178
us6000thxr,2026-08-03 20:19:51.133000+00:00,"233 km ESE of Attu Station, Alaska",3.0,ml,176.3294,51.9988,10.0,us,earthquake,0,138
us6000thv7,2026-08-03 20:14:45.641000+00:00,"61 km SW of Midelt, Morocco",4.7,mww,-5.1362,32.2354,10.0,us,earthquake,0,340
tx2026pehrsv,2026-08-03 19:15:16.866000+00:00,"22 km SSE of Lindsay, Texas",2.5,ml,-103.482,31.17,3.1262,tx,earthquake,0,96
us6000thxq,2026-08-03 19:09:29.483000+00:00,"226 km ESE of Attu Station, Alaska",3.6,ml,176.2223,52.0022,10.0,us,earthquake,0,199
us6000thxn,2026-08-03 18:17:33.028000+00:00,"68 km SSW of Nikolski, Alaska",3.3,ml,-169.3657,52.4037,35.0,us,earthquake,0,168
us6000thxk,2026-08-03 17:43:01.603000+00:00,"36 km SE of False Pass, Alaska",2.7,ml,-162.9755,54.6503,6.895,us,earthquake,0,112
us6000tiyf,2026-08-03 17:37:35.100000+00:00,"14 km NW of Kirakira, Solomon Islands",4.2,mb,161.8315,-10.3591,65.728,us,earthquake,0,271
tx2026pedtmg,2026-08-03 17:16:24.305000+00:00,"13 km ESE of Pearsall, Texas",2.5,ml,-98.971,28.845,8.2857,tx,earthquake,0,96
us6000thxj,2026-08-03 16:57:45.671000+00:00,"231 km ESE of Attu Station, Alaska",3.4,ml,176.2728,51.9704,10.0,us,earthquake,0,178
us6000thsn,2026-08-03 16:36:47.304000+00:00,"245 km ESE of Attu Station, Alaska",3.3,ml,176.5045,51.9737,10.0,us,earthquake,0,168
us6000thxg,2026-08-03 16:07:41.573000+00:00,"36 km SSW of Ivanof Bay, Alaska",2.6,ml,-159.7533,55.6122,38.172,us,earthquake,0,104
us6000ths9,2026-08-03 15:54:05.807000+00:00,"122 km E of Miyako, Japan",4.5,mb,143.3705,39.7187,35.0,us,earthquake,0,312
us6000tiyd,2026-08-03 15:36:19.671000+00:00,"249 km E of Levuka, Fiji",4.3,mb,-178.324,-18.0281,556.14,us,earthquake,0,284
us6000tiye,2026-08-03 15:25:51.337000+00:00,"266 km S of Dunhuang, China",4.4,mb,95.2601,37.8125,10.0,us,earthquake,0,298
us6000thsp,2026-08-03 14:56:34.710000+00:00,"230 km ESE of Attu Station, Alaska",3.8,mb,176.2191,51.9247,10.774,us,earthquake,0,222
us6000ths2,2026-08-03 14:39:44.688000+00:00,"70 km SSE of Shikotan, Russia",4.7,mb,146.9239,43.1851,35.0,us,earthquake,0,340
us6000tiyc,2026-08-03 14:34:08.018000+00:00,"87 km W of Macabuboni, Philippines",4.1,mb,118.9775,16.3372,11.576,us,earthquake,0,259
aka2026pgjqhh,2026-08-03 14:27:43.214000+00:00,"74 km SSE of Yakutat, Alaska",3.2,ml,-139.425,58.897,8.1,ak,earthquake,0,158
aka2026pgjiiv,2026-08-03 14:18:59.842000+00:00,"95 km SSE of Akutan, Alaska",2.5,ml,-164.987,53.418,24.5,ak,earthquake,0,96
us6000thrs,2026-08-03 13:14:04.672000+00:00,"106 km NW of Gizo, Solomon Islands",4.8,mb,156.1457,-7.4377,60.338,us,earthquake,0,354
aka2026pggbab,2026-08-03 12:40:29.603000+00:00,"24 km SE of False Pass, Alaska",2.6,ml,-163.107,54.722,5.0,ak,earthquake,0,104
aka2026pgfxdj,2026-08-03 12:35:55.259000+00:00,"86 km SE of Unalaska, Alaska",2.5,ml,-165.579,53.347,20.2,ak,earthquake,0,96
us6000thrj,2026-08-03 12:30:59.146000+00:00,"74 km SE of Naalehu, Hawaii",2.9,ml,-155.0104,18.6654,10.0,us,earthquake,0,129
pr71527288,2026-08-03 12:24:20.890000+00:00,"20 km S of Cruz Bay, U.S. Virgin Islands",3.09,md,-64.7966666666667,18.1465,43.64,pr,earthquake,0,147
pr71527273,2026-08-03 12:18:38.320000+00:00,"44 km N of Charlotte Amalie, U.S. Virgin Islands",2.87,md,-64.932,18.7398333333333,22.91,pr,earthquake,0,127
pr71527283,2026-08-03 12:16:37.480000+00:00,"43 km N of Charlotte Amalie, U.S. Virgin Islands",2.92,md,-64.9378333333333,18.7386666666667,18.3,pr,earthquake,0,131
aka2026pgeytv,2026-08-03 12:07:54.836000+00:00,"109 km SW of Kaktovik, Alaska",2.5,ml,-145.366,69.36,5.0,ak,earthquake,0,96
us6000thre,2026-08-03 11:26:43.809000+00:00,"80 km S of Severo-Kuril’sk, Russia",4.9,mb,155.9708,49.9613,70.241,us,earthquake,0,369
us6000thrb,2026-08-03 10:55:35.633000+00:00,"88 km WSW of San Antonio de los Cobres, Argentina",4.6,mb,-67.1352,-24.4954,182.541,us,earthquake,0,326
us6000thra,2026-08-03 10:45:22.454000+00:00,Fiji region,4.9,mb,-176.5648,-17.2428,10.0,us,earthquake,0,369
pr71527238,2026-08-03 10:31:36.350000+00:00,"1 km ENE of Magas Arriba, Puerto Rico",2.84,md,-66.7546666666667,18.0238333333333,13.23,pr,earthquake,0,124
us6000thr7,2026-08-03 10:17:26.492000+00:00,"167 km ESE of Ozernovskiy, Russia",4.4,mb,158.846,51.1598,38.235,us,earthquake,0,298
us6000thr3,2026-08-03 09:50:34.561000+00:00,"210 km SSW of Severo-Kuril’sk, Russia",4.4,mb,154.9468,48.9434,78.458,us,earthquake,0,298
us6000thr2,2026-08-03 09:19:09.853000+00:00,"142 km WSW of Puerto Madero, Mexico",4.5,mb,-93.5342,14.0227,10.0,us,earthquake,0,312
aka2026pfzbrd,2026-08-03 09:11:11.928000+00:00,"85 km SW of Atka, Alaska",2.6,ml,-174.966,51.593,20.9,ak,earthquake,0,104
aka2026pfxhre,2026-08-03 08:18:15.658000+00:00,"59 km ENE of Pedro Bay, Alaska",3.6,ml,-153.136,59.998,128.1,ak,earthquake,0,199
us6000thqm,2026-08-03 06:56:35.537000+00:00,"59 km E of La Tirana, Chile",4.0,mb,-69.093,-20.2539,90.365,us,earthquake,0,246
us6000thsv,2026-08-03 06:11:11.809000+00:00,"229 km ESE of Attu Station, Alaska",3.8,mb,176.2088,51.9369,10.0,us,earthquake,0,222
us6000thqj,2026-08-03 05:30:17.694000+00:00,"26 km WSW of Urakawa, Japan",4.3,mb,142.5111,42.0238,71.54,us,earthquake,0,284
us6000thqe,2026-08-03 05:01:20.270000+00:00,"3 km S of Sánchez, Dominican Republic",4.5,mb,-69.6133,19.1944,10.0,us,earthquake,0,323
us6000thqf,2026-08-03 05:00:48.365000+00:00,"15 km SSE of Yibin, China",4.9,mb,104.7147,28.6312,10.0,us,earthquake,0,369
aka2026pfqgsd,2026-08-03 04:52:04.747000+00:00,"137 km SE of Akutan, Alaska",2.5,ml,-164.155,53.362,7.5,ak,earthquake,0,96
us6000tht0,2026-08-03 04:32:30.592000+00:00,"24 km NW of Atka, Alaska",3.8,mb,-174.4531,52.3557,179.188,us,earthquake,0,222
uu80146951,2026-08-03 04:29:50.120000+00:00,"2 km NNW of Little America, Wyoming",3.12,ml,-109.866666666667,41.5633333333333,0.47,uu,earthquake,0,150
aka2026pfpjlo,2026-08-03 04:20:26.707000+00:00,"64 km SSE of Denali National Park, Alaska",2.5,ml,-151.012,63.063,129.3,ak,earthquake,0,96
us6000thw2,2026-08-03 04:10:40.864000+00:00,"64 km SE of Akutan, Alaska",2.5,ml,-165.1051,53.7047,35.0,us,earthquake,0,96
ci40665434,2026-08-03 03:50:58.910000+00:00,"3 km N of Gardena, CA",2.52,ml,-118.314,33.918,11.15,ci,earthquake,0,184
aka2026pfoabo,2026-08-03 03:39:35.621000+00:00,"74 km SSW of Nikolski, Alaska",2.6,ml,-169.333,52.331,15.8,ak,earthquake,0,104
aka2026pfnykl,2026-08-03 03:37:14.407000+00:00,"151 km SE of Dawson City, Canada",2.7,ml,-137.173,63.144,5.0,ak,earthquake,0,112
nc75410402,2026-08-03 03:22:37.840000+00:00,"9 km WSW of Petrolia, CA",2.59,md,-124.378166666667,40.2948333333333,17.47,nc,earthquake,0,103
nc75410397,2026-08-03 03:13:58.410000+00:00,"14 km WNW of Templeton, CA",2.68,md,-120.86,35.5765,4.19,nc,earthquake,0,111
us6000tiy0,2026-08-03 03:11:59.221000+00:00,"5 km WNW of Xunchang, China",4.3,mb,104.6568,28.4656,10.0,us,earthquake,0,284
us6000thvx,2026-08-03 03:04:48.275000+00:00,"238 km ESE of Attu Station, Alaska",3.8,mb,176.1899,51.7563,53.826,us,earthquake,0,222
us6000tixy,2026-08-03 02:24:24.738000+00:00,"208 km W of Abepura, Indonesia",4.3,mb,138.7572,-2.6837,40.591,us,earthquake,0,284
us6000tixx,2026-08-03 02:11:43.713000+00:00,"128 km E of Sulangan, Philippines",4.3,mb,126.9878,10.7429,10.0,us,earthquake,0,284
us6000thpt,2026-08-03 01:42:24.824000+00:00,"71 km ESE of Uchiza, Peru",5.2,mww,-75.836,-8.6087,123.99,us,earthquake,0,418
us6000tht1,2026-08-03 01:41:57.922000+00:00,"264 km WSW of Adak, Alaska",3.7,mb,179.6902,51.231,30.783,us,earthquake,0,211
us6000thps,2026-08-03 01:35:36.242000+00:00,Fiji region,4.3,mb,-177.452,-19.2678,573.88,us,earthquake,0,284
pr71527188,2026-08-03 01:19:14.340000+00:00,"46 km N of Charlotte Amalie, U.S. Virgin Islands",3.23,md,-64.9345,18.76,18.42,pr,earthquake,0,161
us6000thpi,2026-08-03 00:33:17.167000+00:00,"3 km SSW of L'Ancienne-Lorette, Canada",2.7,mb_lg,-71.3733,46.7622,10.483,us,earthquake,0,117
pr71527173,2026-08-03 00:29:17.320000+00:00,"62 km NW of San Antonio, Puerto Rico",3.23,md,-67.5578333333333,18.8513333333333,8.36,pr,earthquake,0,161
pr71527163,2026-08-03 00:01:49.780000+00:00,"12 km NNE of Charlotte Amalie, U.S. Virgin Islands",3.11,md,-64.8813333333333,18.4491666666667,54.94,pr,earthquake,0,149
us6000thpb,2026-08-03 00:00:33.315000+00:00,"42 km NNE of Suez, Egypt",5.0,mww,32.6285,30.3456,10.0,us,earthquake,0,585
ci40665394,2026-08-02 23:44:31.970000+00:00,"24 km WSW of Westmorland, CA",2.95,ml,-115.860166666667,32.9625,11.09,ci,earthquake,0,134
us6000thp6,2026-08-02 23:35:57.347000+00:00,"212 km SSE of Vilyuchinsk, Russia",4.4,mb,159.9256,51.264,10.0,us,earthquake,0,298
hv75012027,2026-08-02 23:04:57.960000+00:00,"10 km WNW of Kukuihaele, Hawaii",2.49,ml,-155.665,20.1591666666667,12.56,hv,earthquake,0,96
us6000thp0,2026-08-02 22:48:37.577000+00:00,"11 km WSW of Sarangani, Philippines",4.5,mb,125.3647,5.37,67.847,us,earthquake,0,312
us6000tinq,2026-08-02 22:38:42.089000+00:00,"210 km SSE of Vilyuchinsk, Russia",4.2,mb,159.5128,51.1648,10.0,us,earthquake,0,271
us6000tinp,2026-08-02 22:23:54.459000+00:00,"217 km SSE of Vilyuchinsk, Russia",4.0,mb,159.76,51.1686,10.0,us,earthquake,0,246
us6000tinr,2026-08-02 22:22:08.633000+00:00,"13 km ESE of Hinundayan, Philippines",4.4,mb,125.3526,10.287,10.0,us,earthquake,0,298
us6000tinn,2026-08-02 22:14:33.788000+00:00,"134 km ESE of Teluk Dalam, Indonesia",4.4,mb,98.9508,0.2025,45.095,us,earthquake,0,298
aka2026pfcyfv,2026-08-02 22:07:40.468000+00:00,"52 km E of Red Dog Mine, Alaska",2.5,ml,-161.646,67.965,1.2,ak,earthquake,0,96
us6000thnw,2026-08-02 22:07:05.204000+00:00,"17 km E of Calingasta, Argentina",4.1,mb,-69.2412,-31.3576,116.929,us,earthquake,0,259
aka2026pfcuob,2026-08-02 22:03:26.332000+00:00,"86 km ENE of Chignik, Alaska",3.4,ml,-157.164,56.656,68.8,ak,earthquake,0,178
us6000tinm,2026-08-02 21:22:16.837000+00:00,"54 km NE of Tulsīpur, Nepal",4.0,mb,82.6058,28.5389,19.476,us,earthquake,0,246
us6000thng,2026-08-02 20:53:30.262000+00:00,"7 km SSW of Fiambalá, Argentina",4.3,mb,-67.6577,-27.7343,140.357,us,earthquake,0,284
us6000tivl,2026-08-02 20:08:50.380000+00:00,"38 km SE of Nikolski, Alaska",2.6,ml,-168.4025,52.7291,35.0,us,earthquake,0,104
us6000thna,2026-08-02 20:02:10.849000+00:00,"73 km SSE of Shikotan, Russia",4.5,mb,147.0047,43.1737,35.0,us,earthquake,0,312
us6000tinl,2026-08-02 19:54:02.212000+00:00,"14 km SE of Baixi, China",4.2,mb,104.644,28.5952,10.0,us,earthquake,0,271
us6000tivk,2026-08-02 19:49:58.943000+00:00,"167 km WSW of Adak, Alaska",2.8,ml,-178.8989,51.3381,28.86,us,earthquake,0,121
us6000tink,2026-08-02 19:29:23.669000+00:00,"2 km ENE of Qingfu, China",4.3,mb,104.5433,28.4435,10.0,us,earthquake,0,284
us6000tinj,2026-08-02 18:45:58.631000+00:00,Kermadec Islands region,4.5,mb,-176.4003,-28.4122,10.0,us,earthquake,0,312
us6000thn1,2026-08-02 18:31:33.364000+00:00,"220 km ESE of Attu Station, Alaska",4.3,mb,176.2624,52.2109,10.0,us,earthquake,0,284
us6000thn0,2026-08-02 18:21:45.760000+00:00,"8 km NNE of Xunchang, China",5.0,mww,104.7446,28.5301,10.0,us,earthquake,0,385
us6000thmv,2026-08-02 17:12:35.137000+00:00,"24 km NNW of Riosucio, Colombia",4.4,mb,-77.1911,7.6498,34.424,us,earthquake,0,298
us6000thmt,2026-08-02 17:09:44.170000+00:00,"85 km ENE of Alianza Cristiana, Peru",4.3,mb,-75.7595,-3.1069,140.288,us,earthquake,0,284
us6000thmq,2026-08-02 16:42:56.886000+00:00,"25 km ENE of King Cove, Alaska",3.6,mb,-161.9305,55.13,103.923,us,earthquake,0,199
us6000thmm,2026-08-02 16:27:50.154000+00:00,"225 km ESE of Attu Station, Alaska",4.1,mb,176.3961,52.3037,10.0,us,earthquake,0,259
us6000thmn,2026-08-02 16:26:58.814000+00:00,"147 km SSE of Sarangani, Philippines",4.7,mb,126.0831,4.226,10.575,us,earthquake,0,340
us6000thmh,2026-08-02 16:09:30.414000+00:00,"7 km NW of Belén, Nicaragua",4.6,mb,-85.9413,11.549,135.313,us,earthquake,0,326
us6000tivc,2026-08-02 16:08:59.800000+00:00,"78 km S of Atka, Alaska",2.8,ml,-174.1338,51.4876,10.0,us,earthquake,0,121
us6000thmd,2026-08-02 15:35:31.146000+00:00,south of Tonga,5.0,mb,-175.1319,-24.9401,10.0,us,earthquake,0,385
us6000thm9,2026-08-02 14:49:47.039000+00:00,"18 km NNE of Urakawa, Japan",4.8,mb,142.9048,42.299,58.692,us,earthquake,0,355
us6000tinc,2026-08-02 14:37:17.031000+00:00,"197 km SW of Xihai, China",4.4,mb,99.4762,35.563,10.0,us,earthquake,0,298
us6000thm7,2026-08-02 14:31:43.060000+00:00,"202 km NW of Oula Xiuma, China",4.9,mb,99.3961,35.3877,10.0,us,earthquake,0,369
us6000thm6,2026-08-02 14:17:36.726000+00:00,"72 km NW of Ende, Indonesia",4.6,mb,121.1954,-8.3793,10.0,us,earthquake,0,326
us6000thm3,2026-08-02 13:28:15.533000+00:00,"255 km ESE of Chiniak, Alaska",3.1,ml,-148.7275,56.3928,10.0,us,earthquake,0,148
us6000thm1,2026-08-02 13:10:46.579000+00:00,"79 km ENE of Mulegé, Mexico",5.1,mww,-111.2632,27.2104,10.0,us,earthquake,0,400
us6000tina,2026-08-02 13:06:19.694000+00:00,"11 km SE of Parapat, Indonesia",4.1,mb,98.9984,2.576,158.642,us,earthquake,0,259
nc75410062,2026-08-02 12:36:57.210000+00:00,"6 km NNW of Pinnacles, CA",3.36,ml,-121.181666666667,36.5786666666667,3.44,nc,earthquake,0,181
us6000tin9,2026-08-02 12:36:50.788000+00:00,south of Tonga,4.6,mb,-175.2185,-24.7508,10.0,us,earthquake,0,326
us6000thly,2026-08-02 11:52:32.671000+00:00,north of Ascension Island,5.3,mb,-12.2406,-3.2242,10.0,us,earthquake,0,432
us6000thlj,2026-08-02 10:34:14.336000+00:00,"251 km S of ‘Ohonua, Tonga",5.3,mb,-175.0368,-23.6117,10.0,us,earthquake,0,432
us6000tin5,2026-08-02 10:16:18.837000+00:00,south of Tonga,4.5,mb,-175.9373,-25.1457,10.0,us,earthquake,0,312
us6000tin4,2026-08-02 10:10:36.633000+00:00,"13 km NNW of China, Japan",4.3,mb,128.5322,27.4479,61.951,us,earthquake,0,284
us6000thlf,2026-08-02 10:00:08.813000+00:00,"14 km SE of Honmachi, Japan",4.6,mb,130.6919,32.3966,10.0,us,earthquake,0,326
us6000thlb,2026-08-02 09:17:11.170000+00:00,north of Ascension Island,5.0,mb,-12.1915,-3.3087,10.0,us,earthquake,0,385
us6000tirg,2026-08-02 09:12:05.555000+00:00,"148 km S of False Pass, Alaska",2.8,ml,-163.2611,53.5268,10.0,us,earthquake,0,121
aka2026pecwkt,2026-08-02 09:05:57.878000+00:00,"15 km NNW of Chignik Lagoon, Alaska",3.6,ml,-158.647,56.427,5.0,ak,earthquake,0,200
us6000thl6,2026-08-02 08:49:52.218000+00:00,"80 km W of San Antonio de los Cobres, Argentina",4.5,mb,-67.1048,-24.2872,167.674,us,earthquake,0,312
us6000thl3,2026-08-02 08:35:27.743000+00:00,"12 km W of Hicks Bay, New Zealand",5.6,mww,178.1622,-37.5922,53.374,us,earthquake,0,494
us6000thl2,2026-08-02 08:22:06.843000+00:00,"155 km S of Severo-Kuril’sk, Russia",4.9,mb,156.3251,49.2847,42.04,us,earthquake,0,369
us6000thl7,2026-08-02 08:19:10.499000+00:00,"229 km ESE of Attu Station, Alaska",3.9,mb,176.2896,52.0283,10.0,us,earthquake,0,234
us6000tin1,2026-08-02 08:04:52.927000+00:00,"83 km E of Hanga Roa, Chile",4.5,mb,-108.5917,-27.0583,10.0,us,earthquake,0,312
us6000tirf,2026-08-02 07:53:26.405000+00:00,"28 km NNW of Atka, Alaska",3.5,mb,-174.4178,52.4114,241.843,us,earthquake,0,188
aka2026peainn,2026-08-02 07:49:59.498000+00:00,"87 km SSW of Nikolski, Alaska",2.5,ml,-169.491,52.254,12.1,ak,earthquake,0,96
us6000tin0,2026-08-02 07:04:28.285000+00:00,"42 km ENE of Dennery, Saint Lucia",4.4,mb,-60.5302,14.0621,10.0,us,earthquake,0,298
aka2026pdypwo,2026-08-02 06:58:29.860000+00:00,"20 km W of Salamatof, Alaska",3.4,ml,-151.687,60.622,79.0,ak,earthquake,0,180
us6000timz,2026-08-02 06:53:45.773000+00:00,"18 km W of Sarangani, Philippines",4.3,mb,125.2948,5.4051,21.508,us,earthquake,0,284
us6000tirb,2026-08-02 06:42:49.689000+00:00,"Rat Islands, Aleutian Islands, Alaska",2.9,ml,178.1296,51.251,10.868,us,earthquake,0,129
hv75011712,2026-08-02 06:30:15.960000+00:00,"44 km SE of Naalehu, Hawaii",2.74,ml,-155.233,18.8355,8.24,hv,earthquake,0,116
us6000timv,2026-08-02 06:15:41.996000+00:00,"271 km SSW of ‘Ohonua, Tonga",4.5,mb,-176.3083,-23.4417,10.0,us,earthquake,0,312
us6000timw,2026-08-02 06:14:15.466000+00:00,"Kermadec Islands, New Zealand",4.4,mb,-177.6343,-29.6232,46.39,us,earthquake,0,298
pr71527088,2026-08-02 05:59:34.020000+00:00,"3 km SSW of La Playa, Puerto Rico",3.16,md,-67.2018333333333,18.2618333333333,99.81,pr,earthquake,0,154
us6000thki,2026-08-02 05:38:58.072000+00:00,"41 km S of Mendi, Papua New Guinea",4.8,mb,143.6372,-6.5232,10.0,us,earthquake,0,354
us6000thkg,2026-08-02 05:18:40.623000+00:00,"82 km SE of Atka, Alaska",4.8,mb,-173.4424,51.625,48.984,us,earthquake,0,354
us6000tinw,2026-08-02 05:13:08.518000+00:00,"159 km ESE of Saipan, Northern Mariana Islands",4.3,mb,147.1236,14.6668,10.0,us,earthquake,0,284
us6000timu,2026-08-02 05:10:48.935000+00:00,"185 km W of Abepura, Indonesia",4.4,mb,138.9669,-2.6255,36.446,us,earthquake,0,298
aka2026pdudch,2026-08-02 04:43:37.429000+00:00,"130 km SW of Inuvik, Canada",2.8,ml,-135.541,67.417,9.9,ak,earthquake,0,121
pr71527073,2026-08-02 04:18:41.270000+00:00,"42 km N of Charlotte Amalie, U.S. Virgin Islands",3.15,md,-64.9296666666667,18.7281666666667,34.22,pr,earthquake,0,153
us6000tipl,2026-08-02 03:24:24.563000+00:00,"101 km SE of Atka, Alaska",2.8,ml,-173.2618,51.4903,35.0,us,earthquake,0,121
us6000timq,2026-08-02 03:23:38.892000+00:00,"38 km SE of Masjed Soleymān, Iran",4.2,mb,49.5487,31.6629,10.0,us,earthquake,0,271
us6000thk4,2026-08-02 03:16:44.955000+00:00,"1 km SW of Yumare, Venezuela",4.5,mb,-68.6809,10.589,10.0,us,earthquake,0,320
pr71527063,2026-08-02 03:16:35.460000+00:00,"45 km N of Charlotte Amalie, U.S. Virgin Islands",2.57,md,-64.932,18.7536666666667,13.99,pr,earthquake,0,102
us6000thk5,2026-08-02 03:15:36.892000+00:00,"237 km NNW of Nagqu, China",4.3,mb,91.4797,33.5607,10.0,us,earthquake,0,284
us6000tipf,2026-08-02 02:22:42.652000+00:00,"149 km S of False Pass, Alaska",2.8,ml,-163.2638,53.5174,10.0,us,earthquake,0,121
pr71527053,2026-08-02 02:07:44.130000+00:00,"47 km N of Charlotte Amalie, U.S. Virgin Islands",2.94,md,-64.9268333333333,18.7695,17.55,pr,earthquake,0,133
aka2026pdoaig,2026-08-02 01:40:38.381000+00:00,"102 km SSW of Nikolski, Alaska",2.6,ml,-169.44,52.091,13.0,ak,earthquake,0,104
pr71527038,2026-08-02 01:38:59.160000+00:00,"91 km NNE of Cruz Bay, U.S. Virgin Islands",3.34,md,-64.3385,19.035,14.42,pr,earthquake,0,172
us6000timk,2026-08-02 01:38:45.243000+00:00,"33 km E of Minami-Sōma, Japan",4.2,mb,141.3539,37.6016,63.425,us,earthquake,0,271
us6000thjv,2026-08-02 01:37:05.718000+00:00,"60 km NE of Bandar Abbas, Iran",4.2,mb,56.6209,27.6358,10.0,us,earthquake,0,271
pr71527023,2026-08-02 01:34:19.500000+00:00,"41 km N of Charlotte Amalie, U.S. Virgin Islands",3.14,md,-64.9425,18.7155,20.65,pr,earthquake,0,152
us6000thjs,2026-08-02 01:21:38.828000+00:00,"36 km W of Cartagena, Chile",4.4,mwr,-71.9983,-33.5301,23.601,us,earthquake,0,298
us6000timl,2026-08-02 01:21:12.862000+00:00,Fiji region,4.0,mb,-178.2554,-20.8247,539.392,us,earthquake,0,246
us6000thjm,2026-08-02 00:45:38.699000+00:00,"68 km E of Noda, Japan",4.7,mww,142.6163,40.2093,46.52,us,earthquake,0,340
hv75011622,2026-08-02 00:43:59.550000+00:00,"33 km S of Naalehu, Hawaii",2.75,ml,-155.534,18.772,21.25,hv,earthquake,0,116
pr71527013,2026-08-02 00:41:58.800000+00:00,"48 km N of Charlotte Amalie, U.S. Virgin Islands",3.02,md,-64.9281666666667,18.7818333333333,17.54,pr,earthquake,0,140
pr71527003,2026-08-02 00:37:56.400000+00:00,"4 km ESE of Maricao, Puerto Rico",2.68,md,-66.9411666666667,18.166,17.27,pr,earthquake,0,110
us6000thj5,2026-08-02 00:13:39.721000+00:00,"122 km SSW of Severo-Kuril’sk, Russia",5.1,mww,155.2385,49.7284,92.38,us,earthquake,0,400
us6000tht2,2026-08-01 23:59:22.002000+00:00,"50 km SSE of Atka, Alaska",3.3,mb,-173.8329,51.8021,35.0,us,earthquake,0,168
us6000thj0,2026-08-01 23:39:57.284000+00:00,"7 km S of El Arenal, Mexico",4.2,mb,-92.6917,15.1075,80.749,us,earthquake,0,271
us6000thit,2026-08-01 23:35:26.453000+00:00,"109 km SW of El Arenal, Mexico",4.4,mb,-93.4256,14.4739,35.0,us,earthquake,0,298
us6000tim9,2026-08-01 23:23:19.218000+00:00,"220 km SE of Severo-Kuril’sk, Russia",4.3,mb,158.1963,49.2089,10.0,us,earthquake,0,284
us6000thin,2026-08-01 23:22:41.576000+00:00,"70 km WSW of Puerto Madero, Mexico",4.3,mb,-92.9863,14.4036,35.0,us,earthquake,0,284
pr71526998,2026-08-01 23:12:06.640000+00:00,"47 km N of Charlotte Amalie, U.S. Virgin Islands",2.51,md,-64.9056666666667,18.7733333333333,15.19,pr,earthquake,0,97
us6000thii,2026-08-01 23:07:03.593000+00:00,"86 km SSE of Atka, Alaska",4.9,mb,-173.5095,51.5522,35.0,us,earthquake,0,369
nc75409887,2026-08-01 22:58:29.510000+00:00,"9 km E of Wilkerson, CA",2.73,md,-118.289166666667,37.2676666666667,6.33,nc,earthquake,0,115
us6000tii1,2026-08-01 22:56:02.831000+00:00,"254 km WSW of Adak, Alaska",2.5,ml,179.8577,51.2029,10.0,us,earthquake,0,96
us6000tim8,2026-08-01 22:55:00.375000+00:00,south of Tonga,4.8,mb,-175.2289,-24.6267,10.0,us,earthquake,0,354
us6000thid,2026-08-01 22:29:40.161000+00:00,Fiji region,4.4,mb,-178.0831,-20.2858,531.582,us,earthquake,0,298
hv75011592,2026-08-01 21:40:37.500000+00:00,"25 km NE of Honomu, Hawaii",2.52,ml,-154.942833333333,20.0285,12.27,hv,earthquake,0,98
us6000thi4,2026-08-01 21:26:07.206000+00:00,"188 km W of Abepura, Indonesia",4.5,mb,138.9391,-2.6266,10.0,us,earthquake,0,312
aka2026pddzte,2026-08-01 20:40:05.983000+00:00,"38 km WNW of Ninilchik, Alaska",2.6,ml,-152.282,60.208,95.3,ak,earthquake,0,104
pr71526963,2026-08-01 20:37:47.680000+00:00,"48 km N of Charlotte Amalie, U.S. Virgin Islands",3.37,md,-64.937,18.7776666666667,7.0,pr,earthquake,0,175
us6000tima,2026-08-01 20:29:08.290000+00:00,"19 km SSE of Kirkuk, Iraq",4.1,mb,44.5123,35.3201,10.0,us,earthquake,0,259
us6000thht,2026-08-01 20:27:35.947000+00:00,"30 km SE of Kirkuk, Iraq",4.4,mb,44.5765,35.2431,10.0,us,earthquake,0,298
pr71526988,2026-08-01 20:08:28.050000+00:00,"44 km N of Charlotte Amalie, U.S. Virgin Islands",3.01,md,-64.9308333333333,18.747,17.25,pr,earthquake,0,139
us6000tihy,2026-08-01 20:08:21.188000+00:00,"242 km ESE of Attu Station, Alaska",3.3,ml,176.2268,51.7164,10.0,us,earthquake,0,168
us6000tim2,2026-08-01 20:08:08.844000+00:00,"208 km NW of Tobelo, Indonesia",4.1,mb,126.4682,2.804,56.089,us,earthquake,0,259
us6000thhr,2026-08-01 20:02:47.387000+00:00,"159 km SSW of Severo-Kuril’sk, Russia",5.2,mww,155.2981,49.3423,56.61,us,earthquake,0,416
us6000tihx,2026-08-01 20:01:02.630000+00:00,"233 km ESE of Attu Station, Alaska",3.7,mb,176.2309,51.8878,10.0,us,earthquake,0,211
pr2026213000,2026-08-01 20:00:41.590000+00:00,"49 km N of Charlotte Amalie, U.S. Virgin Islands",4.07,md,-64.9225,18.7861,19.0,pr,earthquake,0,258
us6000tihv,2026-08-01 19:31:56.941000+00:00,"67 km SSW of Adak, Alaska",3.2,ml,-176.8848,51.2835,35.0,us,earthquake,0,158
us6000thhk,2026-08-01 19:10:53.802000+00:00,"44 km SE of Tsunō, Japan",5.3,mww,131.9561,32.0214,35.0,us,earthquake,0,432
us6000thhj,2026-08-01 18:59:58.340000+00:00,"28 km S of Sulangan, Philippines",4.3,mb,125.8721,10.6831,41.096,us,earthquake,0,284
aka2026pczsck,2026-08-01 18:31:21.541000+00:00,"18 km SW of Point Possession, Alaska",2.6,ml,-150.906,60.792,60.1,ak,earthquake,0,104
us6000tim0,2026-08-01 18:25:01.262000+00:00,"119 km SW of Merizo Village, Guam",4.2,mb,143.8951,12.4943,37.109,us,earthquake,0,271
us6000thhe,2026-08-01 17:30:01.453000+00:00,"150 km ENE of Masohi, Indonesia",4.4,mb,130.2218,-2.7767,10.0,us,earthquake,0,298
ci40664738,2026-08-01 16:51:06.380000+00:00,"17 km E of Desert Hot Springs, CA",3.22,ml,-116.322,33.9781666666667,8.18,ci,earthquake,0,172
us6000tihd,2026-08-01 16:35:56.220000+00:00,"240 km SE of Attu Station, Alaska",3.8,mb,176.0285,51.5734,42.141,us,earthquake,0,222
us6000tih6,2026-08-01 16:08:07.344000+00:00,"113 km SSE of Sand Point, Alaska",2.7,ml,-160.1501,54.3331,35.0,us,earthquake,0,112
us6000thgz,2026-08-01 16:07:21.868000+00:00,"12 km WSW of Honmachi, Japan",4.6,mb,130.4701,32.4796,10.0,us,earthquake,0,326
us6000thgx,2026-08-01 15:51:12.182000+00:00,south of the Fiji Islands,5.1,mww,-176.9632,-24.3891,78.182,us,earthquake,0,400
aka2026pctvdm,2026-08-01 15:34:51.829000+00:00,"102 km SSE of Sand Point, Alaska",2.5,ml,-159.854,54.492,14.5,ak,earthquake,0,96
us6000tily,2026-08-01 15:13:47.467000+00:00,"25 km ESE of Bobon, Philippines",4.4,mb,126.554,6.8125,8.549,us,earthquake,0,298
us6000thgp,2026-08-01 14:35:12.461000+00:00,Banda Sea,4.1,mb,129.663,-6.8006,153.742,us,earthquake,0,259
us6000tilw,2026-08-01 14:30:13.142000+00:00,"89 km W of Labasa, Fiji",4.6,mb,178.5317,-16.3231,8.133,us,earthquake,0,326
us6000tilv,2026-08-01 14:14:48.877000+00:00,"83 km WSW of Pangai, Tonga",4.5,mb,-175.115,-20.0389,112.086,us,earthquake,0,312
us6000tigt,2026-08-01 14:13:59.568000+00:00,"95 km SE of Unalaska, Alaska",3.0,ml,-165.6261,53.2112,30.269,us,earthquake,0,138
us6000tigs,2026-08-01 14:12:25.446000+00:00,"18 km SSE of Sand Point, Alaska",2.7,ml,-160.3419,55.1916,21.953,us,earthquake,0,112
us6000tilu,2026-08-01 13:17:37.129000+00:00,"69 km SSW of Sarangani, Philippines",4.2,mb,125.1448,4.8637,10.0,us,earthquake,0,271
us6000thgi,2026-08-01 12:57:54.694000+00:00,"188 km SW of Port McNeill, Canada",4.1,mb,-129.2929,49.6572,10.0,us,earthquake,0,259
us6000thgg,2026-08-01 12:47:23.360000+00:00,"8 km W of Matsubase, Japan",4.9,mb,130.5789,32.654,10.0,us,earthquake,0,369
us6000thgf,2026-08-01 12:30:49.350000+00:00,"170 km WSW of Fakfak, Indonesia",4.5,mb,130.8088,-3.2875,10.0,us,earthquake,0,312
us6000thgc,2026-08-01 12:12:07.612000+00:00,"152 km ENE of Masohi, Indonesia",4.5,mb,130.2762,-2.8888,10.0,us,earthquake,0,312
nc75409602,2026-08-01 11:50:40.700000+00:00,"8 km ESE of Cloverdale, CA",2.68,md,-122.935501098633,38.7761650085449,4.09999990463257,nc,earthquake,0,112
aka2026pclxzr,2026-08-01 11:38:21.927000+00:00,"38 km SSW of Skwentna, Alaska",3.0,ml,-151.708,61.681,96.5,ak,earthquake,0,139
aka2026pclwxk,2026-08-01 11:37:04.742000+00:00,"77 km N of Chickaloon, Alaska",2.7,ml,-148.31,62.488,14.7,ak,earthquake,0,112
nc75409587,2026-08-01 11:35:26.220000+00:00,"7 km ESE of Cloverdale, CA",2.76,md,-122.947830200195,38.7716674804688,6.30000019073486,nc,earthquake,0,120
us6000tilt,2026-08-01 11:13:03.962000+00:00,Tristan da Cunha region,4.7,mb,-15.9417,-39.3144,10.0,us,earthquake,0,340
us6000thg5,2026-08-01 11:07:20.193000+00:00,Tristan da Cunha region,5.2,mb,-15.8701,-39.4578,10.0,us,earthquake,0,416
aka2026pcjfnm,2026-08-01 10:17:02.869000+00:00,"81 km SSW of Adak, Alaska",2.5,ml,-176.986,51.173,2.0,ak,earthquake,0,96
tx2026ozyipl,2026-08-01 10:16:13.074000+00:00,"23 km SW of Garden City, Texas",2.8,ml,-101.678,31.729,8.3252,tx,earthquake,0,121
tx2026ozygak,2026-08-01 10:12:19.688000+00:00,"24 km SW of Garden City, Texas",2.7,ml,-101.682,31.722,7.3486,tx,earthquake,0,112
us6000thfp,2026-08-01 09:50:33.882000+00:00,Tristan da Cunha region,5.1,mb,-15.9654,-39.7185,10.0,us,earthquake,0,400
us6000tils,2026-08-01 09:40:10.770000+00:00,Kermadec Islands region,4.5,mb,-176.6412,-27.9847,10.0,us,earthquake,0,312
us6000tig5,2026-08-01 08:34:22.283000+00:00,"193 km SSE of Unalaska, Alaska",3.1,ml,-165.9422,52.171,10.0,us,earthquake,0,148
us6000thfh,2026-08-01 08:21:49.778000+00:00,"98 km WSW of Puerto Madero, Mexico",4.6,mb,-93.2563,14.3653,26.688,us,earthquake,0,326
aka2026pcfeuy,2026-08-01 08:16:16.789000+00:00,"246 km WSW of Adak, Alaska",2.6,ml,-179.907,51.025,7.6,ak,earthquake,0,104
