cik_str,ticker,title,cik10
1045810,NVDA,NVIDIA CORP,0001045810
320193,AAPL,Apple Inc.,0000320193
1652044,GOOGL,Alphabet Inc.,0001652044
789019,MSFT,MICROSOFT CORP,0000789019
1018724,AMZN,AMAZON COM INC,0001018724
1730168,AVGO,Broadcom Inc.,0001730168
1326801,META,"Meta Platforms, Inc.",0001326801
1318605,TSLA,"Tesla, Inc.",0001318605
723125,MU,MICRON TECHNOLOGY INC,0000723125
1067983,BRK-B,BERKSHIRE HATHAWAY INC,0001067983
59478,LLY,ELI LILLY & Co,0000059478
19617,JPM,JPMORGAN CHASE & CO,0000019617
104169,WMT,Walmart Inc.,0000104169
2488,AMD,ADVANCED MICRO DEVICES INC,0000002488
937966,ASML,ASML HOLDING NV,0000937966
1403161,V,VISA INC.,0001403161
200406,JNJ,JOHNSON & JOHNSON,0000200406
2115436,XOM,ExxonMobil Holdings Corp,0002115436
50863,INTC,INTEL CORP,0000050863
1141391,MA,Mastercard Inc,0001141391
6951,AMAT,APPLIED MATERIALS INC /DE,0000006951
858877,CSCO,"CISCO SYSTEMS, INC.",0000858877
707549,LRCX,LAM RESEARCH CORP,0000707549
1551152,ABBV,AbbVie Inc.,0001551152
70858,BAC,BANK OF AMERICA CORP /DE/,0000070858
18230,CAT,CATERPILLAR INC,0000018230
909832,COST,COSTCO WHOLESALE CORP /NEW,0000909832
731766,UNH,UNITEDHEALTH GROUP INC,0000731766
1341439,ORCL,ORACLE CORP,0001341439
40545,GE,GENERAL ELECTRIC CO,0000040545
93410,CVX,CHEVRON CORP,0000093410
895421,MS,MORGAN STANLEY,0000895421
21344,KO,COCA COLA CO,0000021344
2070829,CYATY,"Contemporary Amperex Technology Co., Limited/ADR",0002070829
80424,PG,PROCTER & GAMBLE Co,0000080424
1089113,HSBC,HSBC HOLDINGS PLC,0001089113
354950,HD,"HOME DEPOT, INC.",0000354950
886982,GS,GOLDMAN SACHS GROUP INC,0000886982
1321655,PLTR,Palantir Technologies Inc.,0001321655
1065280,NFLX,NETFLIX INC,0001065280
1973239,ARM,ARM HOLDINGS PLC /UK,0001973239
319201,KLAC,KLA CORP,0000319201
310158,MRK,"Merck & Co., Inc.",0000310158
1000275,RY,ROYAL BANK OF CANADA,0001000275
1571996,DELL,Dell Technologies Inc.,0001571996
1114448,NVS,NOVARTIS AG,0001114448
1327567,PANW,Palo Alto Networks Inc,0001327567
1996810,GEV,GE Vernova Inc.,0001996810
97476,TXN,TEXAS INSTRUMENTS INC,0000097476
1413329,PM,Philip Morris International Inc.,0001413329
1577552,BABA,Alibaba Group Holding Ltd,0001577552
101829,RTX,RTX Corp,0000101829
2023554,SNDK,Sandisk Corp,0002023554
72971,WFC,WELLS FARGO & COMPANY/MN,0000072971
901832,AZN,ASTRAZENECA PLC,0000901832
67088,MUFG,MITSUBISHI UFJ FINANCIAL GROUP INC,0000067088
4962,AXP,AMERICAN EXPRESS CO,0000004962
1707925,LIN,LINDE PLC,0001707925
2053383,KXIAY,Kioxia Holdings Corporation/ADR,0002053383
1306965,SHEL,Shell plc,0001306965
1596532,ANET,"Arista Networks, Inc.",0001596532
831001,C,CITIGROUP INC,0000831001
353278,NVO,NOVO NORDISK A S,0000353278
811809,BHP,BHP Group Ltd,0000811809
1535527,CRWD,"CrowdStrike Holdings, Inc.",0001535527
1094517,TM,TOYOTA MOTOR CORP/,0001094517
51143,IBM,INTERNATIONAL BUSINESS MACHINES CORP,0000051143
1283699,TMUS,"T-Mobile US, Inc.",0001283699
947263,TD,TORONTO DOMINION BANK,0000947263
1835632,MRVL,"Marvell Technology, Inc.",0001835632
97745,TMO,THERMO FISHER SCIENTIFIC INC.,0000097745
1137789,STX,Seagate Technology Holdings plc,0001137789
891478,SAN,"Banco Santander, S.A.",0000891478
820313,APH,AMPHENOL CORP /DE/,0000820313
106040,WDC,WESTERN DIGITAL CORP,0000106040
318154,AMGN,AMGEN INC,0000318154
6281,ADI,ANALOG DEVICES INC,0000006281
63908,MCD,MCDONALDS CORP,0000063908
804328,QCOM,QUALCOMM INC/DE,0000804328
753308,NEE,NEXTERA ENERGY INC,0000753308
77476,PEP,PEPSICO INC,0000077476
1000184,SAP,SAP SE,0001000184
879764,TTE,TotalEnergies SE,0000879764
887028,RTNTF,RIO TINTO LTD,0000887028
732712,VZ,VERIZON COMMUNICATIONS INC,0000732712
316709,SCHW,SCHWAB CHARLES CORP,0000316709
1610520,UBS,UBS Group AG,0001610520
100885,UNP,UNION PACIFIC CORP,0000100885
12927,BA,BOEING CO,0000012927
1744489,DIS,Walt Disney Co,0001744489
2012383,BLK,"BlackRock, Inc.",0002012383
766704,WELL,WELLTOWER INC.,0000766704
1022837,SMFG,"SUMITOMO MITSUI FINANCIAL GROUP, INC.",0001022837
109198,TJX,TJX COMPANIES INC /DE/,0000109198
882095,GILD,"GILEAD SCIENCES, INC.",0000882095
1594805,SHOP,SHOPIFY INC.,0001594805
1381197,IBKR,"Interactive Brokers Group, Inc.",0001381197
24741,GLW,CORNING INC /NY,0000024741
1551182,ETN,Eaton Corp plc,0001551182
315189,DE,DEERE & CO,0000315189
1800,ABT,ABBOTT LABORATORIES,0000001800
1668717,BUD,Anheuser-Busch InBev SA/NV,0001668717
1393818,BX,Blackstone Inc.,0001393818
863064,RIO,RIO TINTO PLC,0000863064
1001838,SCCO,SOUTHERN COPPER CORP/,0001001838
1751008,APP,AppLovin Corp,0001751008
1830056,SMERY,Siemens Energy AG/ADR,0001830056
946770,DTEGY,DEUTSCHE TELEKOM AG,0000946770
732717,T,AT&T INC.,0000732717
1543151,UBER,"Uber Technologies, Inc",0001543151
842180,BBVA,"BANCO BILBAO VIZCAYA ARGENTARIA, S.A.",0000842180
313616,DHR,DANAHER CORP /DE/,0000313616
1108524,CRM,"Salesforce, Inc.",0001108524
78003,PFE,PFIZER INC,0000078003
1045609,PLD,"Prologis, Inc.",0001045609
1075531,BKNG,Booking Holdings Inc.,0001075531
1163165,COP,CONOCOPHILLIPS,0001163165
896159,CB,Chubb Ltd,0000896159
64803,CVS,CVS HEALTH Corp,0000064803
1035267,ISRG,INTUITIVE SURGICAL INC,0001035267
1158838,ATEYY,ADVANTEST CORP,0001158838
47710,HTHIY,HITACHI LTD,0000047710
1144967,HDB,HDFC BANK LTD,0001144967
80661,PGR,PROGRESSIVE CORP/OH/,0000080661
217410,UL,UNILEVER PLC,0000217410
64040,SPGI,S&P Global Inc.,0000064040
1335730,MFG,MIZUHO FINANCIAL GROUP INC,0001335730
927628,COF,CAPITAL ONE FINANCIAL CORP,0000927628
927971,BMO,BANK OF MONTREAL /CAN/,0000927971
1303523,BTI,British American Tobacco p.l.c.,0001303523
313838,SONY,Sony Group Corp,0000313838
895728,ENB,ENBRIDGE INC,0000895728
829224,SBUX,STARBUCKS CORP,0000829224
1262039,FTNT,"Fortinet, Inc.",0001262039
76334,PH,Parker-Hannifin Corp,0000076334
875320,VRTX,VERTEX PHARMACEUTICALS INC / MA,0000875320
310764,SYK,STRYKER CORP,0000310764
1737806,PDD,PDD Holdings Inc.,0001737806
936468,LMT,LOCKHEED MARTIN CORP,0000936468
14272,BMY,BRISTOL MYERS SQUIBB CO,0000014272
60667,LOW,LOWES COMPANIES INC,0000060667
764180,MO,"ALTRIA GROUP, INC.",0000764180
1674101,VRT,Vertiv Holdings Co,0001674101
1119639,PBR,PETROBRAS - PETROLEO BRASILEIRO SA,0001119639
4281,HWM,Howmet Aerospace Inc.,0000004281
1373715,NOW,"ServiceNow, Inc.",0001373715
9631,BNS,BANK OF NOVA SCOTIA,0000009631
92122,SO,SOUTHERN CO,0000092122
1045520,CM,CANADIAN IMPERIAL BANK OF COMMERCE /CAN/,0001045520
313807,BP,BP PLC,0000313807
1466258,TT,Trane Technologies plc,0001466258
1107457,IFNNY,INFINEON TECHNOLOGIES AG,0001107457
1390777,BNY,Bank of New York Mellon Corp,0001390777
813672,CDNS,CADENCE DESIGN SYSTEMS INC,0000813672
1103838,IBN,ICICI BANK LTD,0001103838
2098326,SNHIY,"Sany Heavy Industries Co., Ltd./ADR",0002098326
1121404,SNY,Sanofi,0001121404
1131399,GSK,GSK plc,0001131399
1613103,MDT,Medtronic plc,0001613103
1101239,EQIX,EQUINIX INC,0001101239
1164727,NEM,NEWMONT Corp /DE/,0001164727
1783879,HOOD,"Robinhood Markets, Inc.",0001783879
713676,PNC,"PNC FINANCIAL SERVICES GROUP, INC.",0000713676
40533,GD,GENERAL DYNAMICS CORP,0000040533
1639920,SPOT,Spotify Technology S.A.,0001639920
1050915,PWR,"QUANTA SERVICES, INC.",0001050915
1326160,DUK,Duke Energy CORP,0001326160
1477333,NET,"Cloudflare, Inc.",0001477333
8670,ADP,AUTOMATIC DATA PROCESSING INC,0000008670
1001085,BN,BROOKFIELD Corp /ON/,0001001085
36104,USB,US BANCORP DE,0000036104
1090727,UPS,UNITED PARCEL SERVICE INC,0001090727
1640147,SNOW,Snowflake Inc.,0001640147
1048286,MAR,MARRIOTT INTERNATIONAL INC /MD/,0001048286
865752,MNST,Monster Beverage Corp,0000865752
1561550,DDOG,"Datadog, Inc.",0001561550
1132597,ITUB,Itau Unibanco Holding S.A.,0001132597
823768,WM,WASTE MANAGEMENT INC,0000823768
927653,MCK,MCKESSON CORP,0000927653
1099590,MELI,MERCADOLIBRE INC,0001099590
1039765,ING,ING GROEP NV,0001039765
277948,CSX,CSX CORP,0000277948
107263,WMB,"WILLIAMS COMPANIES, INC.",0000107263
312069,BCS,BARCLAYS PLC,0000312069
26172,CMI,CUMMINS INC,0000026172
1156039,ELV,"Elevance Health, Inc.",0001156039
1868275,CEG,Constellation Energy Corp,0001868275
1404912,KKR,KKR & Co. Inc.,0001404912
1122411,ASX,"ASE Technology Holding Co., Ltd.",0001122411
1017413,CNQ,CANADIAN NATURAL RESOURCES Ltd,0001017413
831259,FCX,FREEPORT-MCMORAN INC,0000831259
1035002,VLO,VALERO ENERGY CORP/TX,0001035002
1156375,CME,CME GROUP INC.,0001156375
1510295,MPC,Marathon Petroleum Corp,0001510295
796343,ADBE,ADOBE INC.,0000796343
833444,JCI,Johnson Controls International plc,0000833444
2039784,MGCLY,"Midea Group Co., Ltd./ADR",0002039784
1559720,ABNB,"Airbnb, Inc.",0001559720
1059556,MCO,MOODYS CORP /DE/,0001059556
62709,MRSH,"MARSH & MCLENNAN COMPANIES, INC.",0000062709
1160106,LYG,Lloyds Banking Group plc,0001160106
1140625,EQNR,EQUINOR ASA,0001140625
1063761,SPG,SIMON PROPERTY GROUP INC.,0001063761
1166691,CMCSA,COMCAST CORP,0001166691
1004315,NGG,NATIONAL GRID PLC,0001004315
1467373,ACN,Accenture plc,0001467373
883241,SNPS,SYNOPSYS INC,0000883241
1792789,DASH,"DoorDash, Inc.",0001792789
1110646,NTES,"NetEase, Inc.",0001110646
1061219,EPD,ENTERPRISE PRODUCTS PARTNERS L.P.,0001061219
16875,CP,CANADIAN PACIFIC KANSAS CITY LTD/CN,0000016875
66740,MMM,3M CO,0000066740
89800,SHW,SHERWIN WILLIAMS CO,0000089800
1534701,PSX,Phillips 66,0001534701
860730,HCA,"HCA Healthcare, Inc.",0000860730
1739940,CI,Cigna Group,0001739940
1129137,AMX,AMERICA MOVIL SAB DE CV/,0001129137
49826,ITW,ILLINOIS TOOL WORKS INC,0000049826
1053507,AMT,AMERICAN TOWER CORP /MA/,0001053507
1571949,ICE,"Intercontinental Exchange, Inc.",0001571949
896878,INTU,INTUIT INC.,0000896878
315293,AON,Aon plc,0000315293
31462,ECL,ECOLAB INC.,0000031462
884887,RCL,ROYAL CARIBBEAN CRUISES LTD,0000884887
32604,EMR,EMERSON ELECTRIC CO,0000032604
1937926,BAM,Brookfield Asset Management Ltd.,0001937926
16868,CNI,CANADIAN NATIONAL RAILWAY CO,0000016868
1690820,CVNA,CARVANA CO.,0001690820
1103982,MDLZ,"Mondelez International, Inc.",0001103982
1133421,NOC,NORTHROP GRUMMAN CORP /DE/,0001133421
1048911,FDX,FEDEX CORP,0001048911
1585689,HLT,Hilton Worldwide Holdings Inc.,0001585689
702165,NSC,NORFOLK SOUTHERN CORP,0000702165
4904,AEP,AMERICAN ELECTRIC POWER CO INC,0000004904
821189,EOG,EOG RESOURCES INC,0000821189
21665,CL,COLGATE PALMOLIVE CO,0000021665
723254,CTAS,CINTAS CORP,0000723254
895564,BAESY,BAE SYSTEMS PLC /FI/,0000895564
311337,SU,SUNCOR ENERGY INC,0000311337
1413447,NXPI,NXP Semiconductors N.V.,0001413447
1506307,KMI,"KINDER MORGAN, INC.",0001506307
1002242,E,ENI SPA,0001002242
2809,AEM,AGNICO EAGLE MINES LTD,0000002809
1232384,TRP,TC ENERGY CORP,0001232384
86312,TRV,"TRAVELERS COMPANIES, INC.",0000086312
87347,SLB,SLB LIMITED/NV,0000087347
898173,ORLY,O REILLY AUTOMOTIVE INC,0000898173
773840,HON,HONEYWELL INTERNATIONAL INC,0000773840
745732,ROST,"ROSS STORES, INC.",0000745732
1086888,MFC,MANULIFE FINANCIAL CORP,0001086888
1858681,APO,"Apollo Global Management, Inc.",0001858681
2046386,MDLN,Medline Inc.,0002046386
872589,REGN,"REGENERON PHARMACEUTICALS, INC.",0000872589
1276187,ET,Energy Transfer LP,0001276187
849395,CRH,CRH PUBLIC LTD CO,0000849395
1467858,GM,General Motors Co,0001467858
68505,MSI,"Motorola Solutions, Inc.",0000068505
1437107,WBD,"Warner Bros. Discovery, Inc.",0001437107
844150,NWG,NatWest Group plc,0000844150
1260221,TDG,TransDigm Group INC,0001260221
1159508,DB,DEUTSCHE BANK AKTIENGESELLSCHAFT,0001159508
1280452,MPWR,MONOLITHIC POWER SYSTEMS INC,0001280452
1060391,RSG,"REPUBLIC SERVICES, INC.",0001060391
1664703,BE,Bloom Energy Corp,0001664703
2969,APD,"Air Products & Chemicals, Inc.",0000002969
1691493,NU,Nu Holdings Ltd.,0001691493
1067701,URI,"UNITED RENTALS, INC.",0001067701
1703399,SE,Sea Ltd,0001703399
2089271,HONA,Honeywell Aerospace Inc.,0002089271
1297996,DLR,"DIGITAL REALTY TRUST, INC.",0001297996
1645590,HPE,Hewlett Packard Enterprise Co,0001645590
354190,AJG,Arthur J. Gallagher & Co.,0000354190
75362,PCAR,PACCAR INC,0000075362
1648416,RACE,Ferrari N.V.,0001648416
899051,ALL,ALLSTATE CORP,0000899051
277135,GWW,"W.W. GRAINGER, INC.",0000277135
92230,TFC,TRUIST FINANCIAL CORP,0000092230
924613,NOK,NOKIA CORP,0000924613
320187,NKE,"NIKE, Inc.",0000320187
885725,BSX,BOSTON SCIENTIFIC CORP,0000885725
936395,CIEN,CIENA CORP,0000936395
1736297,ALAB,"Astera Labs, Inc.",0001736297
1633978,LITE,Lumentum Holdings Inc.,0001633978
715957,D,"DOMINION ENERGY, INC",0000715957
932787,STM,STMicroelectronics N.V.,0000932787
4977,AFL,AFLAC INC,0000004977
917851,VALE,Vale S.A.,0000917851
1035983,FIX,COMFORT SYSTEMS USA INC,0001035983
756894,B,BARRICK MINING CORP,0000756894
1032208,SRE,SEMPRA,0001032208
49938,IMO,IMPERIAL OIL LTD,0000049938
27419,TGT,TARGET CORP,0000027419
820318,COHR,COHERENT CORP.,0000820318
1389170,TRGP,Targa Resources Corp.,0001389170
1033767,UMC,UNITED MICROELECTRONICS CORP,0001033767
1099219,MET,METLIFE INC,0001099219
726728,O,REALTY INCOME CORP,0000726728
1140859,COR,"Cencora, Inc.",0001140859
1385157,TEL,TE Connectivity plc,0001385157
1842726,LSEGY,London Stock Exchange Group plc,0001842726
1783180,CARR,CARRIER GLOBAL Corp,0001783180
1136808,EONGY,E.ON SE,0001136808
1039684,OKE,ONEOK INC /NEW/,0001039684
850918,GWLIF,GREAT-WEST LIFECO INC.,0000850918
1552000,MPLX,MPLX LP,0001552000
929869,RELX,RELX PLC,0000929869
1701605,BKR,Baker Hughes Co,0001701605
1755672,CTVA,"Corteva, Inc.",0001755672
1393311,PSA,Public Storage,0001393311
27904,DAL,"DELTA AIR LINES, INC.",0000027904
97210,TER,"TERADYNE, INC",0000097210
1601046,KEYS,"Keysight Technologies, Inc.",0001601046
3570,LNG,"Cheniere Energy, Inc.",0000003570
37996,F,FORD MOTOR CO,0000037996
1697862,ARGX,ARGENX SE,0001697862
202058,LHX,"L3HARRIS TECHNOLOGIES, INC. /DE/",0000202058
797468,OXY,OCCIDENTAL PETROLEUM CORP /DE/,0000797468
65984,ETR,ENTERGY CORP /DE/,0000065984
721371,CAH,CARDINAL HEALTH INC,0000721371
1539838,FANG,"Diamondback Energy, Inc.",0001539838
1037868,AME,AMETEK INC/,0001037868
73309,NUE,NUCOR CORP,0000073309
1692819,VST,Vistra Corp.,0001692819
815556,FAST,FASTENAL CO,0000815556
1395064,TAK,TAKEDA PHARMACEUTICAL CO LTD,0001395064
1024478,ROK,"ROCKWELL AUTOMATION, INC",0001024478
35527,FITB,FIFTH THIRD BANCORP,0000035527
712515,EA,ELECTRONIC ARTS INC.,0000712515
1099800,EW,Edwards Lifesciences Corp,0001099800
1475260,CVE,CENOVUS ENERGY INC.,0001475260
1243429,MT,ArcelorMittal,0001243429
93751,STT,STATE STREET CORP,0000093751
72903,XEL,XCEL ENERGY INC,0000072903
1120193,NDAQ,"NASDAQ, INC.",0001120193
1065088,EBAY,EBAY INC,0001065088
1090012,DVN,DEVON ENERGY CORP/DE,0001090012
1513845,NBIS,Nebius Group N.V.,0001513845
1323404,WPM,Wheaton Precious Metals Corp.,0001323404
1819994,RKLB,Rocket Lab Corp,0001819994
866787,AZO,AUTOZONE INC,0000866787
2021390,GALDY,Galderma Group AG/ADR,0002021390
49071,HUM,HUMANA INC,0000049071
46619,HEI,HEICO CORP,0000046619
1109357,EXC,EXELON CORP,0001109357
1565025,ABEV,AMBEV S.A.,0001565025
866374,FLEX,FLEX LTD.,0000866374
1512673,XYZ,"Block, Inc.",0001512673
827054,MCHP,MICROCHIP TECHNOLOGY INC,0000827054
95227,SMTOY,SUMITOMO ELECTRIC INDUSTRIES LTD/ADR/,0000095227
878927,ODFL,"OLD DOMINION FREIGHT LINE, INC.",0000878927
1058090,CMG,CHIPOTLE MEXICAN GRILL INC,0001058090
1650107,CCEP,COCA-COLA EUROPACIFIC PARTNERS plc,0001650107
820027,AMP,AMERIPRISE FINANCIAL INC,0000820027
1121788,GRMN,GARMIN LTD,0001121788
1468522,FER,Ferrovial N.V.,0001468522
1109262,AGGI,"BILI Social International, Inc.",0001109262
2011641,FERG,Ferguson Enterprises Inc. /DE/,0002011641
1061736,FMX,MEXICAN ECONOMIC DEVELOPMENT INC,0001061736
2071868,JHPCY,"Jiangsu Hengrui Pharmaceuticals Co., Ltd./ADR",0002071868
835403,DEO,DIAGEO PLC,0000835403
1067491,INFY,Infosys Ltd,0001067491
740260,VTR,"Ventas, Inc.",0000740260
1807794,CRDO,Credo Technology Group Holding Ltd,0001807794
1069183,AXON,"AXON ENTERPRISE, INC.",0001069183
943452,WAB,WESTINGHOUSE AIR BRAKE TECHNOLOGIES CORP,0000943452
1408198,MSCI,MSCI Inc.,0001408198
946581,TTWO,TAKE TWO INTERACTIVE SOFTWARE INC,0000946581
1097362,SLF,SUN LIFE FINANCIAL INC,0001097362
1745201,VIK,Viking Holdings Ltd,0001745201
1070304,IX,ORIX CORP,0001070304
769397,ADSK,"Autodesk, Inc.",0000769397
2021728,CBRS,Cerebras Systems Inc.,0002021728
1041061,YUM,YUM BRANDS INC,0001041061
1769628,CRWV,"CoreWeave, Inc.",0001769628
1318220,WCN,"Waste Connections, Inc.",0001318220
1445930,KB,KB Financial Group Inc.,0001445930
1900304,HLN,Haleon plc,0001900304
874716,IDXX,IDEXX LABORATORIES INC /DE,0000874716
1679788,COIN,"Coinbase Global, Inc.",0001679788
882184,DHI,HORTON D R INC /DE/,0000882184
1335258,LYV,"Live Nation Entertainment, Inc.",0001335258
5272,AIG,"AMERICAN INTERNATIONAL GROUP, INC.",0000005272
10795,BDX,BECTON DICKINSON & CO,0000010795
1633917,PYPL,"PayPal Holdings, Inc.",0001633917
1418135,KDP,Keurig Dr Pepper Inc.,0001418135
1274152,CSLLY,CSL LTD,0001274152
1047862,ED,CONSOLIDATED EDISON INC,0001047862
1805284,RKT,"Rocket Companies, Inc.",0001805284
1075124,TRI,THOMSON REUTERS CORP /CAN/,0001075124
1069336,SCMWY,SWISSCOM AG,0001069336
1973832,AU,AngloGold Ashanti PLC,0001973832
788784,PEG,PUBLIC SERVICE ENTERPRISE GROUP INC,0000788784
844551,WDS,WOODSIDE ENERGY GROUP LTD,0000844551
1176948,ARES,Ares Management Corp,0001176948
1137774,PRU,PRUDENTIAL FINANCIAL INC,0001137774
1009001,CCJ,CAMECO CORP,0001009001
1138118,CBRE,"CBRE GROUP, INC.",0001138118
1446250,BMWKY,Bayerische Motoren Werke AG/ADR,0001446250
96021,SYY,SYSCO CORP,0000096021
1030894,CLS,CELESTICA INC,0001030894
7084,ADM,Archer-Daniels-Midland Co,0000007084
1628171,RVMD,"Revolution Medicines, Inc.",0001628171
1604821,NTRA,"Natera, Inc.",0001604821
1315098,RBLX,Roblox Corp,0001315098
100517,UAL,"United Airlines Holdings, Inc.",0000100517
1549802,JD,"JD.com, Inc.",0001549802
723531,PAYX,PAYCHEX INC,0000723531
1456346,FNV,FRANCO NEVADA Corp,0001456346
1791942,JBS,JBS N.V.,0001791942
1713445,RDDT,"Reddit, Inc.",0001713445
1890126,UNVGY,Universal Music Group N.V./ADR,0001890126
1160330,BBD,BANK BRADESCO,0001160330
1090872,A,"AGILENT TECHNOLOGIES, INC.",0001090872
1004980,PCG,PG&E Corp,0001004980
1396009,VMC,Vulcan Materials CO,0001396009
874766,HIG,"HARTFORD INSURANCE GROUP, INC.",0000874766
1178670,ALNY,"ALNYLAM PHARMACEUTICALS, INC.",0001178670
783325,WEC,"WEC ENERGY GROUP, INC.",0000783325
1329099,BIDU,"Baidu, Inc.",0001329099
818686,TEVA,TEVA PHARMACEUTICAL INDUSTRIES LTD,0000818686
1000697,WAT,WATERS CORP /DE/,0001000697
1097864,ON,ON SEMICONDUCTOR CORP,0001097864
715153,HMC,HONDA MOTOR CO LTD,0000715153
815097,CCL,Carnival Corp Ltd.,0000815097
1020569,IRM,IRON MOUNTAIN INC,0001020569
49196,HBAN,HUNTINGTON BANCSHARES INC /MD/,0000049196
1944048,KVUE,Kenvue Inc.,0001944048
56873,KR,KROGER CO,0000056873
839923,VOD,VODAFONE GROUP PUBLIC LTD CO,0000839923
1116578,PUK,PRUDENTIAL PLC,0001116578
55785,KMB,KIMBERLY CLARK CORP,0000055785
36270,MTB,M&T BANK CORP,0000036270
947484,ACGL,ARCH CAPITAL GROUP LTD.,0000947484
1050446,MSTR,Strategy Inc,0001050446
1973266,TKO,"TKO Group Holdings, Inc.",0001973266
882835,ROP,ROPER TECHNOLOGIES INC,0000882835
1709048,GFS,GLOBALFOUNDRIES Inc.,0001709048
47111,HSY,HERSHEY CO,0000047111
1027664,ESLT,ELBIT SYSTEMS LTD,0001027664
1478242,IQV,IQVIA HOLDINGS INC.,0001478242
916076,MLM,MARTIN MARIETTA MATERIALS INC,0000916076
1327811,WDAY,"Workday, Inc.",0001327811
73124,NTRS,NORTHERN TRUST CORP,0000073124
1051470,CCI,CROWN CASTLE INC.,0001051470
105634,EME,"EMCOR Group, Inc.",0000105634
1618756,QSR,Restaurant Brands International Inc.,0001618756
915191,FRFHF,FAIRFAX FINANCIAL HOLDINGS LTD/ CAN,0000915191
898293,JBL,JABIL INC,0000898293
1071739,CNC,CENTENE CORP,0001071739
1002047,NTAP,"NetApp, Inc.",0001002047
1263043,SHG,SHINHAN FINANCIAL GROUP CO LTD,0001263043
1022671,STLD,STEEL DYNAMICS INC,0001022671
717826,ERIC,ERICSSON LM TELEPHONE CO,0000717826
1038683,RYAAY,RYANAIR HOLDINGS PLC,0001038683
1511737,UI,Ubiquiti Inc.,0001511737
1447669,TWLO,TWILIO INC,0001447669
1725964,NTR,Nutrien Ltd.,0001725964
1447391,RSHGY,RESONA HOLDINGS INC,0001447391
2007855,VG,"Venture Global, Inc.",0002007855
1444406,EC,ECOPETROL S.A.,0001444406
720005,RJF,RAYMOND JAMES FINANCIAL INC,0000720005
1167379,ALC,ALCON INC,0001167379
1132924,CHT,CHUNGHWA TELECOM CO LTD,0001132924
1324424,EXPE,"Expedia Group, Inc.",0001324424
1289490,EXR,Extra Space Storage Inc.,0001289490
1802768,RPRX,Royalty Pharma plc,0001802768
2073893,DLMAY,Dollarama Inc./ADR,0002073893
1651308,ONC,BeOne Medicines Ltd.,0001651308
1834584,CPNG,"Coupang, Inc.",0001834584
726958,CASY,CASEYS GENERAL STORES INC,0000726958
1393052,VEEV,VEEVA SYSTEMS INC,0001393052
1383650,CQP,"Cheniere Energy Partners, L.P.",0001383650
1002910,AEE,AMEREN CORP,0001002910
936340,DTE,DTE ENERGY CO,0000936340
33213,EQT,EQT Corp,0000033213
1001290,BAP,CREDICORP LTD,0001001290
1555280,ZTS,Zoetis Inc.,0001555280
1699150,IR,Ingersoll Rand Inc.,0001699150
2083785,SUNB,"Sunbelt Rentals Holdings, Inc.",0002083785
2058873,Q,"Qnity Electronics, Inc.",0002058873
731802,ATO,ATMOS ENERGY CORP,0000731802
1637459,KHC,Kraft Heinz Co,0001637459
759944,CFG,CITIZENS FINANCIAL GROUP INC/RI,0000759944
1300514,LVS,LAS VEGAS SANDS CORP,0001300514
1681459,FTI,TechnipFMC plc,0001681459
1666175,FTS,Fortis Inc.,0001666175
1172724,GFI,GOLD FIELDS LTD,0001172724
886986,TECK,TECK RESOURCES LTD,0000886986
928876,TSEM,TOWER SEMICONDUCTOR LTD,0000928876
45012,HAL,HALLIBURTON CO,0000045012
1001250,EL,ESTEE LAUDER COMPANIES INC,0001001250
827052,EIX,EDISON INTERNATIONAL,0000827052
1110803,ILMN,"ILLUMINA, INC.",0001110803
1094285,TDY,TELEDYNE TECHNOLOGIES INC,0001094285
1546066,PBA,PEMBINA PIPELINE CORP,0001546066
1705696,VICI,VICI PROPERTIES INC.,0001705696
1013871,NRG,"NRG ENERGY, INC.",0001013871
1524472,XYL,Xylem Inc.,0001524472
875045,BIIB,BIOGEN INC.,0000875045
29905,DOV,DOVER Corp,0000029905
1130310,CNP,CENTERPOINT ENERGY INC,0001130310
1374310,CBOE,"Cboe Global Markets, Inc.",0001374310
15615,MTZ,MASTEC INC,0000015615
1093557,DXCM,DEXCOM INC,0001093557
1811074,TPL,Texas Pacific Land Corp,0001811074
17843,CRS,CARPENTER TECHNOLOGY CORP,0000017843
1163653,NMR,NOMURA HOLDINGS INC,0001163653
701818,KGC,KINROSS GOLD CORP,0000701818
1190723,TS,TENARIS SA,0001190723
814547,FICO,FAIR ISAAC CORP,0000814547
1820953,AFRM,"Affirm Holdings, Inc.",0001820953
72741,ES,EVERSOURCE ENERGY,0000072741
943819,RMD,RESMED INC,0000943819
1031296,FE,FIRSTENERGY CORP,0001031296
20286,CINF,CINCINNATI FINANCIAL CORP,0000020286
1781335,OTIS,Otis Worldwide Corp,0001781335
26324,CW,CURTISS WRIGHT CORP,0000026324
1932393,GEHC,GE HealthCare Technologies Inc.,0001932393
2035989,AMRZ,Amrize Ltd,0002035989
1415404,ECHO,EchoStar CORP,0001415404
1441816,MDB,"MongoDB, Inc.",0001441816
1116132,TPR,"TAPESTRY, INC.",0001116132
1140536,WTW,WILLIS TOWERS WATSON PLC,0001140536
915912,AVB,AVALONBAY COMMUNITIES INC,0000915912
922224,PPL,PPL Corp,0000922224
1780312,ASTS,"AST SpaceMobile, Inc.",0001780312
11544,WRB,BERKLEY W R CORP,0000011544
1660134,OKTA,"Okta, Inc.",0001660134
1269238,TCOM,Trip.com Group Ltd,0001269238
1682852,MRNA,"Moderna, Inc.",0001682852
906107,EQR,EQUITY RESIDENTIAL,0000906107
1885110,CHLSY,Chocoladefabriken Lindt & Spruengli AG/ADR,0001885110
798354,FISV,FISERV INC,0000798354
1585521,ZM,"Zoom Communications, Inc.",0001585521
29534,DG,DOLLAR GENERAL CORP,0000029534
904868,FSNUY,Fresenius SE & Co. KGaA,0000904868
900075,CPRT,COPART INC,0000900075
728535,JBHT,HUNT J B TRANSPORT SERVICES INC,0000728535
1037646,MTD,METTLER TOLEDO INTERNATIONAL INC/,0001037646
1281761,RF,REGIONS FINANCIAL CORP,0001281761
1837240,SYM,Symbotic Inc.,0001837240
1720635,NVT,nVent Electric plc,0001720635
719955,WSM,WILLIAMS SONOMA INC,0000719955
1410636,AWK,"American Water Works Company, Inc.",0001410636
1397911,LPLA,LPL Financial Holdings Inc.,0001397911
1474432,P,"Everpure, Inc.",0001474432
79879,PPG,PPG INDUSTRIES INC,0000079879
1018963,ATI,ATI INC,0001018963
1535759,KBGGY,Kongsberg Gruppen ASA/ADR,0001535759
105770,WST,WEST PHARMACEUTICAL SERVICES INC,0000105770
313216,PHG,KONINKLIJKE PHILIPS NV,0000313216
1474968,GELHY,Geely Automobile Holdings Limited/ADR,0001474968
48898,HUBB,HUBBELL INC,0000048898
91576,KEY,KEYCORP /NEW/,0000091576
1442145,VRSK,"Verisk Analytics, Inc.",0001442145
1635088,ROIV,Roivant Sciences Ltd.,0001635088
1874178,RIVN,"Rivian Automotive, Inc. / DE",0001874178
1113169,TROW,PRICE T ROWE GROUP INC,0001113169
1601712,SYF,Synchrony Financial,0001601712
1166003,XPO,"XPO, Inc.",0001166003
1713683,ZS,"Zscaler, Inc.",0001713683
1126328,PFG,PRINCIPAL FINANCIAL GROUP INC,0001126328
1096343,MKL,MARKEL GROUP INC.,0001096343
1049502,MKSI,MKS INC,0001049502
1014473,VRSN,VERISIGN INC/CA,0001014473
1048695,FFIV,"F5, INC.",0001048695
798941,FCNCA,FIRST CITIZENS BANCSHARES INC /DE/,0000798941
1274494,FSLR,"FIRST SOLAR, INC.",0001274494
1104506,INSM,INSMED Inc,0001104506
935703,DLTR,"DOLLAR TREE, INC.",0000935703
108312,WWD,"Woodward, Inc.",0000108312
1818874,SOFI,"SoFi Technologies, Inc.",0001818874
60086,L,LOEWS CORP,0000060086
822416,PHM,PULTEGROUP INC/MI/,0000822416
1175454,CPAY,"CORPAY, INC.",0001175454
2109150,INIO,INNIO N.V.,0002109150
1439124,AXIA,AXIA Energia S.A.,0001439124
858446,IHG,INTERCONTINENTAL HOTELS GROUP PLC /NEW/,0000858446
1043277,CHRW,"C. H. ROBINSON WORLDWIDE, INC.",0001043277
1560385,FWONA,Liberty Media Corp,0001560385
746515,EXPD,EXPEDITORS INTERNATIONAL OF WASHINGTON INC,0000746515
811156,CMS,CMS ENERGY CORP,0000811156
1378789,AER,AerCap Holdings N.V.,0001378789
92380,LUV,SOUTHWEST AIRLINES CO,0000092380
1754301,FOXA,Fox Corp,0001754301
1493594,MTSI,"MACOM Technology Solutions Holdings, Inc.",0001493594
79282,BRO,"BROWN & BROWN, INC.",0000079282
29989,OMC,OMNICOM GROUP INC.,0000029989
1776985,BNTX,BioNTech SE,0001776985
879169,INCY,INCYTE CORP,0000879169
1022079,DGX,QUEST DIAGNOSTICS INC,0001022079
1650372,TEAM,Atlassian Corp,0001650372
2005951,SW,Smurfit Westrock plc,0002005951
313927,CHD,CHURCH & DWIGHT CO INC /DE/,0000313927
920148,LH,LABCORP HOLDINGS INC.,0000920148
1967680,VLTO,Veralto Corp,0001967680
16918,STZ,"CONSTELLATION BRANDS, INC.",0000016918
940944,DRI,DARDEN RESTAURANTS INC,0000940944
1996862,BG,Bunge Global SA,0001996862
47217,HPQ,HP INC,0000047217
1066119,VIV,TELEFONICA BRASIL S.A.,0001066119
1111711,NI,NISOURCE INC.,0001111711
1082554,UTHR,UNITED THERAPEUTICS Corp,0001082554
1665918,USFD,US Foods Holding Corp.,0001665918
1533232,BEP,Brookfield Renewable Partners L.P.,0001533232
1037038,RL,RALPH LAUREN CORP,0001037038
1751788,DOW,DOW INC.,0001751788
2082247,FDXF,"FedEx Freight Holding Company, Inc.",0002082247
910631,KOF,COCA COLA FEMSA SAB DE CV,0000910631
1142231,HKHHY,HEINEKEN HOLDING N V,0001142231
1642896,IOT,Samsara Inc.,0001642896
1039610,EDPFY,EDP ENERGIAS DE PORTUGAL SA,0001039610
1758730,TW,Tradeweb Markets Inc.,0001758730
1101302,ENTG,ENTEGRIS INC,0001101302
84839,ROL,ROLLINS INC,0000084839
1576280,GH,"Guardant Health, Inc.",0001576280
1590364,FTAI,FTAI Aviation Ltd.,0001590364
1957132,SN,"SharkNinja, Inc.",0001957132
1428439,ROKU,"ROKU, INC",0001428439
1136893,FIS,"Fidelity National Information Services, Inc.",0001136893
895126,EXE,EXPAND ENERGY Corp,0000895126
1170858,SBS,COMPANHIA DE SANEAMENTO BASICO DO ESTADO DE SAO PAULO-SABESP,0001170858
91440,SNA,Snap-on Inc,0000091440
874238,STRL,"STERLING INFRASTRUCTURE, INC.",0000874238
2004711,BSP,Bending Spoons S.p.A.,0002004711
1123360,GPN,GLOBAL PAYMENTS INC,0001123360
1579298,BURL,"Burlington Stores, Inc.",0001579298
909037,SQM,CHEMICAL & MINING CO OF CHILE INC,0000909037
1161125,BCH,BANK OF CHILE,0001161125
920522,ESS,"ESSEX PROPERTY TRUST, INC.",0000920522
1058290,CTSH,COGNIZANT TECHNOLOGY SOLUTIONS CORP,0001058290
1046102,RBA,RB GLOBAL INC.,0001046102
1126113,TELNY,TELENOR ASA,0001126113
1757898,STE,STERIS plc,0001757898
33185,EFX,EQUIFAX INC,0000033185
100493,TSN,"TYSON FOODS, INC.",0000100493
1091667,CHTR,"CHARTER COMMUNICATIONS, INC. /MO/",0001091667
1471055,BSBR,Banco Santander (Brasil) S.A.,0001471055
75677,PKG,PACKAGING CORP OF AMERICA,0000075677
1177394,SNX,TD SYNNEX CORP,0001177394
920760,LEN,LENNAR CORP /NEW/,0000920760
1403568,ULTA,"Ulta Beauty, Inc.",0001403568
1988894,AS,"Amer Sports, Inc.",0001988894
1711269,EVRG,"Evergy, Inc.",0001711269
718940,BCE,BCE INC,0000718940
861884,RS,"RELIANCE, INC.",0000861884
1715801,SOAGY,Sartorius AG/ADR,0001715801
1034054,SBAC,SBA COMMUNICATIONS CORP,0001034054
1748790,AMCR,Amcor plc,0001748790
352541,LNT,ALLIANT ENERGY CORP,0000352541
1861737,HSAI,Hesai Group,0001861737
40704,GIS,GENERAL MILLS INC,0000040704
904851,YPF,YPF SOCIEDAD ANONIMA,0000904851
1069202,LII,LENNOX INTERNATIONAL INC,0001069202
51434,IP,INTERNATIONAL PAPER CO /NEW/,0000051434
2058897,CIB,Grupo Cibest S.A.,0002058897
51253,IFF,INTERNATIONAL FLAVORS & FRAGRANCES INC,0000051253
1423902,WES,"Western Midstream Partners, LP",0001423902
1089063,DKS,"DICK'S SPORTING GOODS, INC.",0001089063
1792044,VTRS,Viatris Inc,0001792044
1622536,TLN,Talen Energy Corp,0001622536
1489393,LYB,LyondellBasell Industries N.V.,0001489393
1635327,FLUT,Flutter Entertainment plc,0001635327
1324948,RBC,RBC Bearings INC,0001324948
1451809,SITM,SITIME Corp,0001451809
1659166,FTV,Fortive Corp,0001659166
855658,LSCC,LATTICE SEMICONDUCTOR CORP,0000855658
1324404,CF,"CF Industries Holdings, Inc.",0001324404
771992,PAAS,PAN AMERICAN SILVER CORP,0000771992
1123799,WIT,WIPRO LTD,0001123799
1076378,CX,CEMEX SAB DE CV,0001076378
1677250,ZTO,ZTO Express (Cayman) Inc.,0001677250
1943896,RBRK,"Rubrik, Inc.",0001943896
1666700,DD,"DuPont de Nemours, Inc.",0001666700
1086222,AKAM,AKAMAI TECHNOLOGIES INC,0001086222
1402057,CDW,CDW Corp,0001402057
1375365,SMCI,"Super Micro Computer, Inc.",0001375365
1069157,EWBC,EAST WEST BANCORP INC,0001069157
1809587,BEKE,KE Holdings Inc.,0001809587
1687229,INVH,Invitation Homes Inc.,0001687229
1796209,APG,APi Group Corp,0001796209
733099,RCI,ROGERS COMMUNICATIONS INC,0000733099
2098430,MAIR,Madison Air Solutions Corp,0002098430
1468174,H,Hyatt Hotels Corp,0001468174
1901440,ULS,UL Solutions Inc.,0001901440
2093536,ARXS,"Arxis, Inc.",0002093536
1618673,PFGC,Performance Food Group Co,0001618673
1434265,GMAB,GENMAB A/S,0001434265
1136869,ZBH,"ZIMMER BIOMET HOLDINGS, INC.",0001136869
216228,ITT,ITT INC.,0000216228
1612042,ASND,Ascendis Pharma A/S,0001612042
764478,BBY,BEST BUY CO INC,0000764478
749098,MGA,MAGNA INTERNATIONAL INC,0000749098
1408710,FN,Fabrinet,0001408710
1650164,TOST,"Toast, Inc.",0001650164
914475,NBIX,NEUROCRINE BIOSCIENCES INC,0000914475
906163,NVR,NVR INC,0000906163
1047127,AMKR,"AMKOR TECHNOLOGY, INC.",0001047127
2110105,QNT,Quantinuum Inc.,0002110105
38777,BEN,FRANKLIN RESOURCES INC,0000038777
106535,WY,WEYERHAEUSER CO,0000106535
879101,KIM,KIMCO REALTY CORP,0000879101
40987,GPC,GENUINE PARTS CO,0000040987
1985487,KSPI,Joint Stock Co Kaspi.kz,0001985487
1383312,BR,"BROADRIDGE FINANCIAL SOLUTIONS, INC.",0001383312
1043219,NLY,ANNALY CAPITAL MANAGEMENT INC,0001043219
1658566,PR,Permian Resources Corp,0001658566
1876042,CRCL,"Circle Internet Group, Inc.",0001876042
1070423,PAA,PLAINS ALL AMERICAN PIPELINE LP,0001070423
1880661,TPG,TPG Inc.,0001880661
1127248,EMA,EMERA INC,0001127248
912958,TIGO,MILLICOM INTERNATIONAL CELLULAR SA,0000912958
1605484,STLA,Stellantis N.V.,0001605484
929008,WCC,WESCO INTERNATIONAL INC,0000929008
85535,RGLD,ROYAL GOLD INC,0000085535
215466,CDE,"Coeur Mining, Inc.",0000215466
1486957,BWXT,"BWX Technologies, Inc.",0001486957
832101,IEX,IDEX CORP /DE/,0000832101
868675,TU,TELUS CORP,0000868675
1743881,BBIO,"BridgeBio Pharma, Inc.",0001743881
2071881,TRMOY,Tourmaline Oil Corp/ADR,0002071881
1527166,CG,Carlyle Group Inc.,0001527166
1764757,DIDIY,DiDi Global Inc.,0001764757
105016,WSO,WATSCO INC,0000105016
1968385,BAWAY,BAWAG Group AG/ADR,0001968385
1402436,SSNC,SS&C Technologies Holdings Inc,0001402436
1070750,HST,"HOST HOTELS & RESORTS, INC.",0001070750
1852131,NXT,Nextpower Inc.,0001852131
1719117,ARNNY,ASR Nederland N.V./ADR,0001719117
9389,BALL,BALL Corp,0000009389
822818,CLH,CLEAN HARBORS INC,0000822818
72331,NDSN,NORDSON CORP,0000072331
1025378,WPC,W. P. Carey Inc.,0001025378
1027552,BSAC,BANCO SANTANDER CHILE,0001027552
1090425,LAMR,LAMAR ADVERTISING CO/NEW,0001090425
1544379,SCRNY,"SCREEN Holdings Co., Ltd./ADR",0001544379
916365,TSCO,TRACTOR SUPPLY CO /DE/,0000916365
849399,GEN,Gen Digital Inc.,0000849399
704532,ONTO,ONTO INNOVATION INC.,0000704532
1792580,OVV,Ovintiv Inc.,0001792580
861967,WTKWY,WOLTERS KLUWER N V /FI,0000861967
70318,THC,TENET HEALTHCARE CORP,0000070318
1047716,LTM,LATAM AIRLINES GROUP S.A.,0001047716
62996,MAS,MASCO CORP /DE/,0000062996
1481045,DSEEY,Daiwa Securities Group Inc.,0001481045
1855612,GRAB,Grab Holdings Ltd,0001855612
889132,PKX,POSCO HOLDINGS INC.,0000889132
217346,TXT,TEXTRON INC,0000217346
2074176,VNOM,"Viper Energy, Inc.",0002074176
1668397,MEDP,"Medpace Holdings, Inc.",0001668397
898174,RGA,REINSURANCE GROUP OF AMERICA INC,0000898174
912593,SUI,SUN COMMUNITIES INC,0000912593
803016,CFNB,CALIFORNIA FIRST LEASING CORP,0000803016
1109345,NVMI,NOVA LTD.,0001109345
1584509,ARMK,Aramark,0001584509
1842022,DTM,"DT Midstream, Inc.",0001842022
1206264,SGI,SOMNIGROUP INTERNATIONAL INC.,0001206264
2082866,PNFP,"Pinnacle Financial Partners, Inc.",0002082866
52988,J,JACOBS SOLUTIONS INC.,0000052988
915913,ALB,ALBEMARLE CORP,0000915913
1264136,WF,WOORI FINANCIAL GROUP INC.,0001264136
888491,OHI,OMEGA HEALTHCARE INVESTORS INC,0000888491
1618732,NTNX,"Nutanix, Inc.",0001618732
1564708,NWSA,NEWS CORP,0001564708
910606,REG,REGENCY CENTERS CORP,0000910606
1159152,JHX,James Hardie Industries plc,0001159152
1236275,QXO,"QXO, Inc.",0001236275
1673358,YUMC,"Yum China Holdings, Inc.",0001673358
927066,DVA,DAVITA INC.,0000927066
930157,RTO,RENTOKIL INITIAL PLC /FI,0000930157
765880,DOC,"HEALTHPEAK PROPERTIES, INC.",0000765880
1915657,DINO,HF Sinclair Corp,0001915657
910521,DECK,DECKERS OUTDOOR CORP,0000910521
74208,UDR,"UDR, Inc.",0000074208
1232524,JAZZ,Jazz Pharmaceuticals plc,0001232524
2029472,PUGBY,Puig Brands S.A./ADR,0002029472
1037976,JLL,JONES LANG LASALLE INC,0001037976
1823945,OWL,BLUE OWL CAPITAL INC.,0001823945
887225,KEP,KOREA ELECTRIC POWER CORP,0000887225
1095073,EG,"EVEREST GROUP, LTD.",0001095073
1116942,TTMI,TTM TECHNOLOGIES INC,0001116942
1552033,TRU,TransUnion,0001552033
1824920,IONQ,"IonQ, Inc.",0001824920
1816319,LYTHF,Lytus Technologies Holdings PTV. Ltd.,0001816319
1477049,PHYS,Sprott Physical Gold Trust,0001477049
1032975,LOGI,LOGITECH INTERNATIONAL S.A.,0001032975
1319161,WMG,Warner Music Group Corp.,0001319161
2098381,LNTCY,"Lens Technology Co., Ltd./ADR",0002098381
63754,MKC,MCCORMICK & CO INC,0000063754
857005,PTC,PTC INC.,0000857005
1744676,TME,Tencent Music Entertainment Group,0001744676
2026053,PS,PERSHING SQUARE INC.,0002026053
1015922,CHKP,CHECK POINT SOFTWARE TECHNOLOGIES LTD,0001015922
5513,UNM,Unum Group,0000005513
794170,TOL,"Toll Brothers, Inc.",0000794170
1780232,GFL,GFL Environmental Inc.,0001780232
82811,RRX,REGAL REXNORD CORP,0000082811
939767,EXEL,"EXELIXIS, INC.",0000939767
1001807,TLK,PERUSAHAAN PERSEROAN PERSERO PT TELEKOMUNIKASI INDONESIA TBK,0001001807
40729,ALLY,Ally Financial Inc.,0000040729
320335,GL,GLOBE LIFE INC.,0000320335
1562401,AMH,American Homes 4 Rent,0001562401
1889539,CRBG,"Corebridge Financial, Inc.",0001889539
21175,CNA,CNA FINANCIAL CORP,0000021175
59527,LECO,LINCOLN ELECTRIC HOLDINGS INC,0000059527
1267238,AIZ,"ASSURANT, INC.",0001267238
1754581,FUTU,Futu Holdings Ltd,0001754581
1061574,GIB,CGI INC,0001061574
1878848,IREN,IREN Ltd,0001878848
1865782,BTSG,"BrightSpring Health Services, Inc.",0001865782
1552275,SUN,Sunoco LP,0001552275
93556,SWK,"STANLEY BLACK & DECKER, INC.",0000093556
913144,RNR,RENAISSANCERE HOLDINGS LTD,0000913144
1810806,U,Unity Software Inc.,0001810806
790051,CSL,CARLISLE COMPANIES INC,0000790051
48465,HRL,HORMEL FOODS CORP /DE/,0000048465
1287750,ARCC,ARES CAPITAL CORP,0001287750
1347557,PAC,Pacific Airport Group,0001347557
4457,UHAL,U-Haul Holding Co /NV/,0000004457
711404,COO,"COOPER COMPANIES, INC.",0000711404
1336920,LDOS,"Leidos Holdings, Inc.",0001336920
1331875,FNF,"Fidelity National Financial, Inc.",0001331875
1397187,LULU,lululemon athletica inc.,0001397187
1474735,GNRC,GENERAC HOLDINGS INC.,0001474735
1360901,EVR,Evercore Inc.,0001360901
1582961,DOCN,"DigitalOcean Holdings, Inc.",0001582961
764622,PNW,PINNACLE WEST CAPITAL CORP,0000764622
1964738,SOLV,Solventum Corp,0001964738
769218,AEG,AEGON LTD.,0000769218
88941,SMTC,SEMTECH CORP,0000088941
110621,RPM,RPM INTERNATIONAL INC/DE/,0000110621
1773383,DT,"Dynatrace, Inc.",0001773383
908255,BWA,BORGWARNER INC,0000908255
1579878,FIG,"Figma, Inc.",0001579878
1060955,ICLR,ICON PLC,0001060955
1333141,FMS,Fresenius Medical Care AG,0001333141
2072098,TMTNY,Toromont Industries Ltd./ADR,0002072098
1333986,EQH,"Equitable Holdings, Inc.",0001333986
1592386,VIRT,"Virtu Financial, Inc.",0001592386
895417,ELS,EQUITY LIFESTYLE PROPERTIES INC,0000895417
1423689,AGNC,AGNC Investment Corp.,0001423689
89439,MLI,MUELLER INDUSTRIES INC,0000089439
1675149,AA,Alcoa Corp,0001675149
1810997,XPEV,XPENG INC.,0001810997
1567094,CNH,CNH Industrial N.V.,0001567094
1575965,GLPI,"Gaming & Leisure Properties, Inc.",0001575965
1097149,ALGN,ALIGN TECHNOLOGY INC,0001097149
914208,IVZ,Invesco Ltd.,0000914208
1483994,HTHT,H World Group Ltd,0001483994
1019849,PAG,"PENSKE AUTOMOTIVE GROUP, INC.",0001019849
2109234,BLMOY,BELIMO Holding AG/ADR,0002109234
1858985,ONON,On Holding AG,0001858985
2080126,FPS,"Forgent Power Solutions, Inc.",0002080126
845982,SNN,SMITH & NEPHEW PLC,0000845982
1922641,ENLT,Enlight Renewable Energy Ltd.,0001922641
1049724,DLAKY,DEUTSCHE LUFTHANSA A G /FI,0001049724
1736541,NIO,NIO Inc.,0001736541
1506293,PINS,"PINTEREST, INC.",0001506293
922621,ERIE,ERIE INDEMNITY CO,0000922621
1739104,ELAN,Elanco Animal Health Inc,0001739104
1944013,CR,Crane Co,0001944013
1179929,MOH,"MOLINA HEALTHCARE, INC.",0001179929
67215,DY,DYCOM INDUSTRIES INC,0000067215
1883685,DKNG,DraftKings Inc.,0001883685
1321732,PEN,Penumbra Inc,0001321732
860731,TYL,TYLER TECHNOLOGIES INC,0000860731
1289460,TXRH,"Texas Roadhouse, Inc.",0001289460
2099039,WSE,Wise Group plc,0002099039
31791,RVTY,"REVVITY, INC.",0000031791
877212,ZBRA,ZEBRA TECHNOLOGIES CORP,0000877212
67887,MOG-A,MOOG INC.,0000067887
801337,WBS,WEBSTER FINANCIAL CORP,0000801337
1157601,MDGL,"MADRIGAL PHARMACEUTICALS, INC.",0001157601
1279956,YARIY,YARA INTERNATIONAL ASA,0001279956
1588823,TFII,TFI International Inc.,0001588823
1791706,LI,Li Auto Inc.,0001791706
1521332,APTV,Aptiv PLC,0001521332
1178819,AGI,ALAMOS GOLD INC,0001178819
42888,GGG,GRACO INC,0000042888
77360,PNR,PENTAIR plc,0000077360
67347,MOD,MODINE MANUFACTURING CO,0000067347
927003,AEIS,ADVANCED ENERGY INDUSTRIES INC,0000927003
1219601,CCK,"CROWN HOLDINGS, INC.",0001219601
1048268,IESC,"IES Holdings, Inc.",0001048268
36966,FHN,FIRST HORIZON CORP,0000036966
1492691,KNX,Knight-Swift Transportation Holdings Inc.,0001492691
109563,AIT,APPLIED INDUSTRIAL TECHNOLOGIES INC,0000109563
1609711,GDDY,GoDaddy Inc.,0001609711
1841666,APA,APA Corp,0001841666
1579428,AXSM,"Axsome Therapeutics, Inc.",0001579428
864749,TRMB,TRIMBLE INC.,0000864749
8818,AVY,Avery Dennison Corp,0000008818
1015650,SKM,SK TELECOM CO LTD,0001015650
1837429,BNT,Brookfield Wealth Solutions Ltd.,0001837429
1599298,SMMT,Summit Therapeutics Inc.,0001599298
1037540,BXP,"BXP, Inc.",0001037540
751978,VICR,VICOR CORP,0000751978
1494728,PSLV,Sprott Physical Silver Trust,0001494728
789570,MGM,MGM Resorts International,0000789570
1828108,AUR,"Aurora Innovation, Inc.",0001828108
1919275,VARRY,Var Energi ASA/ADR,0001919275
14693,BF-A,BROWN FORMAN CORP,0000014693
1833756,DRS,"Leonardo DRS, Inc.",0001833756
71691,NYT,NEW YORK TIMES CO,0000071691
1956827,ABVX,Abivax S.A.,0001956827
1616707,W,Wayfair Inc.,0001616707
317540,COKE,"Coca-Cola Consolidated, Inc.",0000317540
1042046,AFG,AMERICAN FINANCIAL GROUP INC,0001042046
91419,SJM,J M SMUCKER Co,0000091419
1072397,BZLFY,BUNZL PLC,0001072397
2103884,CONE,"Compass Sub North, Inc.",0002103884
1579241,ALLE,Allegion plc,0001579241
795403,WTS,WATTS WATER TECHNOLOGIES INC,0000795403
1528396,GWRE,"Guidewire Software, Inc.",0001528396
720672,SF,STIFEL FINANCIAL CORP,0000720672
1355444,EMBJ,EMBRAER S.A.,0001355444
2052568,LGN,Legence Corp.,0002052568
1604028,WMS,"ADVANCED DRAINAGE SYSTEMS, INC.",0001604028
350894,SEIC,SEI INVESTMENTS CO,0000350894
1177702,SAIA,SAIA INC,0001177702
1370946,OC,Owens Corning,0001370946
1531152,BJ,"BJ's Wholesale Club Holdings, Inc.",0001531152
917273,RMBS,RAMBUS INC,0000917273
21076,CLX,CLOROX CO /DE/,0000021076
1048477,BMRN,BIOMARIN PHARMACEUTICAL INC,0001048477
2071668,MICC,Magnum Ice Cream Co N.V.,0002071668
49600,EGP,EASTGROUP PROPERTIES INC,0000049600
1057352,CSGP,"COSTAR GROUP, INC.",0001057352
1866581,BROS,Dutch Bros Inc.,0001866581
1573516,MUSA,Murphy USA Inc.,0001573516
906345,CPT,CAMDEN PROPERTY TRUST,0000906345
1579091,CART,Maplebear Inc.,0001579091
2077146,OBICY,"OBIC Co., Ltd./ADR",0002077146
1632970,AHR,"American Healthcare REIT, Inc.",0001632970
3124,AKZOY,AKZO NOBEL NV,0000003124
1100682,CRL,"CHARLES RIVER LABORATORIES INTERNATIONAL, INC.",0001100682
10456,BAX,BAXTER INTERNATIONAL INC,0000010456
1501585,HII,"HUNTINGTON INGALLS INDUSTRIES, INC.",0001501585
842023,TECH,BIO-TECHNE Corp,0000842023
897723,SANM,SANMINA CORP,0000897723
1061983,CYTK,CYTOKINETICS INC,0001061983
46080,HAS,"HASBRO, INC.",0000046080
1800667,FROG,JFrog Ltd,0001800667
1145197,PODD,INSULET CORP,0001145197
1964789,HUT,Hut 8 Corp.,0001964789
1868159,LINE,"Lineage, Inc.",0001868159
78128,WTRG,"Essential Utilities, Inc.",0000078128
96223,JEF,Jefferies Financial Group Inc.,0000096223
1015328,WTFC,WINTRUST FINANCIAL CORP,0001015328
89089,SCI,SERVICE CORP INTERNATIONAL,0000089089
1034983,MINBY,MINEBEA MITSUMI Inc.,0001034983
88205,SPXC,"SPX Technologies, Inc.",0000088205
101382,UMBF,UMB FINANCIAL CORP,0000101382
763901,BPOP,"POPULAR, INC.",0000763901
1826168,TIMB,TIM S.A.,0001826168
1623925,AM,Antero Midstream Corp,0001623925
1849253,RYAN,"RYAN SPECIALTY HOLDINGS, INC.",0001849253
851205,CGNX,COGNEX CORP,0000851205
1404655,HUBS,HUBSPOT INC,0001404655
1135951,RDY,DR REDDYS LABORATORIES LTD,0001135951
785161,EHC,Encompass Health Corp,0000785161
34903,FRT,FEDERAL REALTY INVESTMENT TRUST,0000034903
1329394,SIMO,Silicon Motion Technology CORP,0001329394
1177609,FIVE,"FIVE BELOW, INC",0001177609
102729,VMI,VALMONT INDUSTRIES INC,0000102729
874761,AES,AES CORP,0000874761
1717115,TEM,"Tempus AI, Inc.",0001717115
1433270,AR,ANTERO RESOURCES Corp,0001433270
7536,ARW,"ARROW ELECTRONICS, INC.",0000007536
6201,AAL,American Airlines Group Inc.,0000006201
889331,LFUS,LITTELFUSE INC /DE,0000889331
2041610,PSKY,Paramount Skydance Corp,0002041610
719413,HL,HECLA MINING CO/DE/,0000719413
779152,JKHY,JACK HENRY & ASSOCIATES INC,0000779152
29644,DCI,DONALDSON Co INC,0000029644
85961,R,RYDER SYSTEM INC,0000085961
912093,VIAV,VIAVI SOLUTIONS INC.,0000912093
109380,ZION,"ZIONS BANCORPORATION, NATIONAL ASSOCIATION /UT/",0000109380
1366868,GSAT,"Globalstar, Inc.",0001366868
879407,ARWR,"ARROWHEAD PHARMACEUTICALS, INC.",0000879407
1286681,DPZ,DOMINOS PIZZA INC,0001286681
16058,CACI,CACI INTERNATIONAL INC /DE/,0000016058
1237831,GMED,GLOBUS MEDICAL INC,0001237831
1021635,OGE,OGE ENERGY CORP.,0001021635
908937,SIRI,SIRIUS XM HOLDINGS INC.,0000908937
707179,ONB,OLD NATIONAL BANCORP /IN/,0000707179
2080845,PAYP,PayPay Corp,0002080845
1711279,KRYS,"Krystal Biotech, Inc.",0001711279
909327,SUZ,Suzano S.A.,0000909327
74260,ORI,OLD REPUBLIC INTERNATIONAL CORP,0000074260
1974640,APGE,"Apogee Therapeutics, Inc.",0001974640
1326380,GME,GameStop Corp.,0001326380
892553,GTLS,CHART INDUSTRIES INC,0000892553
1158114,AAOI,"APPLIED OPTOELECTRONICS, INC.",0001158114
2064953,SOLS,Solstice Advanced Materials Inc.,0002064953
1322422,HBM,Hudbay Minerals Inc.,0001322422
938323,PSO,PEARSON PLC,0000938323
1174922,WYNN,WYNN RESORTS LTD,0001174922
39263,CFR,"CULLEN/FROST BANKERS, INC.",0000039263
1262823,WLK,WESTLAKE CORP,0001262823
1590714,ESI,Element Solutions Inc,0001590714
764038,SSB,SouthState Bank Corp,0000764038
1000228,HSIC,HENRY SCHEIN INC,0001000228
1861560,NUVL,"Nuvalent, Inc.",0001861560
916540,DAR,DARLING INGREDIENTS INC.,0000916540
1144215,AYI,ACUITY INC. (DE),0001144215
1125376,ENSG,"ENSIGN GROUP, INC",0001125376
1581068,BRX,Brixmor Property Group Inc.,0001581068
866291,ALGM,"ALLEGRO MICROSYSTEMS, INC.",0000866291
1088856,CORT,CORCEPT THERAPEUTICS INC,0001088856
98362,TKR,TIMKEN CO,0000098362
91388,SFD,SMITHFIELD FOODS INC,0000091388
1004434,AMG,"AFFILIATED MANAGERS GROUP, INC.",0001004434
1031308,BSY,BENTLEY SYSTEMS INC,0001031308
1475922,PRI,"Primerica, Inc.",0001475922
797721,VSAT,VIASAT INC,0000797721
1061894,GIL,Gildan Activewear Inc.,0001061894
1590717,CTRE,"CareTrust REIT, Inc.",0001590717
1083301,WULF,TERAWULF INC.,0001083301
1023514,HMY,HARMONY GOLD MINING CO LTD,0001023514
1859392,GLXY,Galaxy Digital Inc.,0001859392
924805,FRHC,Freedom Holding Corp.,0000924805
1411207,ALSN,Allison Transmission Holdings Inc,0001411207
1261333,DOCU,"DOCUSIGN, INC.",0001261333
917251,ADC,AGREE REALTY CORP,0000917251
1056696,MANH,MANHATTAN ASSOCIATES INC,0001056696
1302215,HLI,"HOULIHAN LOKEY, INC.",0001302215
1767582,LKNCY,Luckin Coffee Inc.,0001767582
1069258,KTOS,"KRATOS DEFENSE & SECURITY SOLUTIONS, INC.",0001069258
887343,COLB,"COLUMBIA BANKING SYSTEM, INC.",0000887343
1869198,LTH,"Life Time Group Holdings, Inc.",0001869198
824142,AAON,"AAON, INC.",0000824142
2062522,GWKSY,GAMES WORKSHOP GROUP PLC/ADR,0002062522
1815442,KYMR,"Kymera Therapeutics, Inc.",0001815442
1636519,MSGS,Madison Square Garden Sports Corp.,0001636519
1568651,OSCR,"Oscar Health, Inc.",0001568651
2078416,LLYVA,"Liberty Live Holdings, Inc.",0002078416
1298675,CUBE,CubeSmart,0001298675
2108185,AZBLY,Azbil Corporation/ADR,0002108185
2025410,SARO,"StandardAero, Inc.",0002025410
840489,FCFS,"FirstCash Holdings, Inc.",0000840489
1829311,BMNR,"BITMINE IMMERSION TECHNOLOGIES, INC.",0001829311
1836833,PL,Planet Labs PBC,0001836833
874015,IONS,IONIS PHARMACEUTICALS INC,0000874015
1801368,MP,MP Materials Corp. / DE,0001801368
913760,SNEX,StoneX Group Inc.,0000913760
94845,LEVI,LEVI STRAUSS & CO,0000094845
749251,IT,GARTNER INC,0000749251
1034670,ALV,AUTOLIV INC,0001034670
1838413,YMM,Full Truck Alliance Co. Ltd.,0001838413
1109354,BRKR,BRUKER CORP,0001109354
1039399,FORM,FORMFACTOR INC,0001039399
775158,OSK,OSHKOSH CORP,0000775158
1505880,PNDRY,Pandora A/S / ADR,0001505880
1073404,GGB,GERDAU S.A.,0001073404
751364,NNN,"NNN REIT, INC.",0000751364
1689548,PRAX,"Praxis Precision Medicines, Inc.",0001689548
1671933,TTD,"Trade Desk, Inc.",0001671933
2083221,SPIIY,SPIE SA/ADR,0002083221
1013237,FDS,FACTSET RESEARCH SYSTEMS INC,0001013237
1159036,HALO,"HALOZYME THERAPEUTICS, INC.",0001159036
1041792,ELPC,ENERGY CO OF PARANA,0001041792
1192448,GKOS,GLAUKOS Corp,0001192448
1535929,VOYA,"Voya Financial, Inc.",0001535929
891103,MTCH,"Match Group, Inc.",0000891103
1513761,NCLH,Norwegian Cruise Line Holdings Ltd.,0001513761
1658247,CRNX,"Crinetics Pharmaceuticals, Inc.",0001658247
30625,FLS,FLOWSERVE CORP,0000030625
921825,FR,FIRST INDUSTRIAL REALTY TRUST INC,0000921825
1342874,TX,Ternium S.A.,0001342874
352915,UHS,UNIVERSAL HEALTH SERVICES INC,0000352915
1212545,WAL,WESTERN ALLIANCE BANCORPORATION,0001212545
737758,TTC,TORO CO,0000737758
868857,ACM,AECOM,0000868857
1856525,CNM,"Core & Main, Inc.",0001856525
2042694,PRMB,Primo Brands Corp,0002042694
1636282,SYRE,"Spyre Therapeutics, Inc.",0001636282
1563190,COMP,"Compass, Inc.",0001563190
1068851,PB,PROSPERITY BANCSHARES INC,0001068851
1787425,XP,XP Inc.,0001787425
100591,AGX,ARGAN INC,0000100591
4127,SWKS,"SKYWORKS SOLUTIONS, INC.",0000004127
1584273,SNROY,"Sanrio Company, Ltd./ADR",0001584273
1114700,GGAL,GRUPO FINANCIERO GALICIA SA,0001114700
2030781,SAIL,"SailPoint, Inc.",0002030781
2107989,KERCY,Keisei Electric Railway Co. Ltd/ADR,0002107989
1203464,IAG,IAMGOLD CORP,0001203464
1015820,QGEN,QIAGEN N.V.,0001015820
2068440,LPGCY,Laopu Gold Co. Ltd./ADR,0002068440
315852,RRC,RANGE RESOURCES CORP,0000315852
80420,POWL,POWELL INDUSTRIES INC,0000080420
1520262,ALKS,Alkermes plc.,0001520262
913290,FRO,Frontline plc,0000913290
866706,ESE,ESCO TECHNOLOGIES INC,0000866706
22356,CBSH,COMMERCE BANCSHARES INC /MO/,0000022356
1692787,KNTK,Kinetik Holdings Inc.,0001692787
1001316,TGTX,"TG THERAPEUTICS, INC.",0001001316
1822993,JXN,Jackson Financial Inc.,0001822993
1057877,IDA,IDACORP INC,0001057877
875357,BOKF,BOK FINANCIAL CORP,0000875357
1377121,PTGX,"Protagonist Therapeutics, Inc",0001377121
1910139,MBLY,Mobileye Global Inc.,0001910139
1308648,AG,FIRST MAJESTIC SILVER CORP,0001308648
1123452,ASR,SOUTHEAST AIRPORT GROUP,0001123452
1766502,CHWY,"Chewy, Inc.",0001766502
892450,KT,KT CORP,0000892450
91142,AOS,SMITH A O CORP,0000091142
1214816,AXS,AXIS CAPITAL HOLDINGS LTD,0001214816
1326110,IBRX,"ImmunityBio, Inc.",0001326110
1372920,EDU,New Oriental Education & Technology Group Inc.,0001372920
1801729,NCLTY,"Nitori Holdings Co., Ltd.",0001801729
1288469,MXL,"MAXLINEAR, INC",0001288469
880266,AGCO,AGCO CORP /DE,0000880266
1035443,ARE,"ALEXANDRIA REAL ESTATE EQUITIES, INC.",0001035443
730272,RGEN,REPLIGEN CORP,0000730272
1789832,HESM,Hess Midstream LP,0001789832
1567683,CWEN,"Clearway Energy, Inc.",0001567683
896622,ATR,"APTARGROUP, INC.",0000896622
1571283,REXR,"Rexford Industrial Realty, Inc.",0001571283
28917,DDS,"DILLARD'S, INC.",0000028917
1977102,BIRK,Birkenstock Holding plc,0001977102
1639438,CAVA,"CAVA GROUP, INC.",0001639438
1649094,PCVX,"Vaxcyte, Inc.",0001649094
1144879,APLD,Applied Digital Corp.,0001144879
1795586,CHYM,"Chime Financial, Inc.",0001795586
1819989,CIFR,Cipher Digital Inc.,0001819989
714310,VLY,VALLEY NATIONAL BANCORP,0000714310
831641,TTEK,TETRA TECH INC,0000831641
1773751,HIMS,"Hims & Hers Health, Inc.",0001773751
1316835,BLDR,"Builders FirstSource, Inc.",0001316835
1173382,CAE,CAE INC,0001173382
1849056,OKLO,Oklo Inc.,0001849056
12208,BIO,"BIO-RAD LABORATORIES, INC.",0000012208
899689,VNO,VORNADO REALTY TRUST,0000899689
1764013,IMVT,"Immunovant, Inc.",0001764013
703351,EAT,"BRINKER INTERNATIONAL, INC",0000703351
1439288,ZWS,Zurn Elkay Water Solutions Corp,0001439288
1428336,HQY,"HEALTHEQUITY, INC.",0001428336
1040829,RHP,"Ryman Hospitality Properties, Inc.",0001040829
59558,LNC,LINCOLN NATIONAL CORP,0000059558
1131383,STN,STANTEC INC,0001131383
2019061,SOBO,South Bow Corp,0002019061
1793659,RSI,"Rush Street Interactive, Inc.",0001793659
1170010,KMX,CARMAX INC,0001170010
1669162,KNSL,"Kinsale Capital Group, Inc.",0001669162
1013131,BVN,BUENAVENTURA MINING CO INC,0001013131
1370637,ETSY,ETSY INC,0001370637
884614,UGI,UGI CORP /PA/,0000884614
1000377,VBREY,Vibra Energia S.A./ADR,0001000377
920371,SSD,"Simpson Manufacturing Co., Inc.",0000920371
912242,MAC,MACERICH CO,0000912242
1341766,CELH,"Celsius Holdings, Inc.",0001341766
1564408,SNAP,Snap Inc,0001564408
915389,EMN,EASTMAN CHEMICAL CO,0000915389
56047,KEX,KIRBY CORP,0000056047
1638826,TTAN,"ServiceTitan, Inc.",0001638826
1443646,BAH,Booz Allen Hamilton Holding Corp,0001443646
717605,HXL,HEXCEL CORP /DE/,0000717605
945841,POOL,POOL CORP,0000945841
1167419,RIOT,"Riot Platforms, Inc.",0001167419
1479094,STAG,"STAG Industrial, Inc.",0001479094
918608,EGO,ELDORADO GOLD CORP /FI,0000918608
1722482,AVTR,"Avantor, Inc.",0001722482
1878057,SGHC,Super Group (SGHC) Ltd,0001878057
1819848,JOBY,"Joby Aviation, Inc.",0001819848
70145,NFG,NATIONAL FUEL GAS CO,0000070145
1510599,PDI,PIMCO Dynamic Income Fund,0001510599
1756607,EQX,Equinox Gold Corp.,0001756607
2041385,RAL,Ralliant Corp,0002041385
944695,THG,"HANOVER INSURANCE GROUP, INC.",0000944695
1649904,RYTM,"RHYTHM PHARMACEUTICALS, INC.",0001649904
1853868,FRVO,Fervo Energy Co,0001853868
1476150,TRNO,Terreno Realty Corp,0001476150
1726122,CEF,Sprott Physical Gold & Silver Trust,0001726122
2065601,CBC,"Central Bancompany, Inc.",0002065601
97216,TEX,TEREX CORP,0000097216
1604778,QRVO,"Qorvo, Inc.",0001604778
1289308,ENS,EnerSys,0001289308
1617640,ZG,"ZILLOW GROUP, INC.",0001617640
2003292,KLAR,Klarna Group plc,0002003292
1759425,MIRM,"Mirum Pharmaceuticals, Inc.",0001759425
1285785,MOS,MOSAIC CO,0001285785
1360604,HR,Healthcare Realty Trust Inc,0001360604
1723690,BILI,Bilibili Inc.,0001723690
1913510,VFS,VinFast Auto Ltd.,0001913510
24545,TAP,MOLSON COORS BEVERAGE CO,0000024545
1368622,AVAV,AeroVironment Inc,0001368622
1023128,LAD,LITHIA MOTORS INC,0001023128
1762506,VIST,"Vista Energy, S.A.B. de C.V.",0001762506
22444,CMC,COMMERCIAL METALS Co,0000022444
1038074,SLAB,SILICON LABORATORIES INC.,0001038074
277509,FSS,FEDERAL SIGNAL CORP /DE/,0000277509
39911,GAP,GAP INC,0000039911
1534504,PBF,PBF Energy Inc.,0001534504
853816,LSTR,LANDSTAR SYSTEM INC,0000853816
1575515,SFM,"Sprouts Farmers Market, Inc.",0001575515
1433660,JBTM,JBT MAREL Corp,0001433660
1646972,ACI,"Albertsons Companies, Inc.",0001646972
1472787,FAF,First American Financial Corp,0001472787
1739445,ACA,"Arcosa, Inc.",0001739445
1839341,CORZ,"Core Scientific, Inc./tx",0001839341
1907982,QBTS,D-Wave Quantum Inc.,0001907982
1856314,YOU,"Clear Secure, Inc.",0001856314
893538,SM,SM Energy Co,0000893538
8858,AVT,AVNET INC,0000008858
2001184,PACS,"PACS Group, Inc.",0002001184
1124198,FLR,FLUOR CORP,0001124198
1164863,NPO,Enpro Inc.,0001164863
1467623,DBX,"DROPBOX, INC.",0001467623
785786,PLXS,PLEXUS CORP,0000785786
2015845,ECG,"Everus Construction Group, Inc.",0002015845
1405495,IDCC,"InterDigital, Inc.",0001405495
1584207,OMF,"OneMain Holdings, Inc.",0001584207
314590,SSL,SASOL LTD,0000314590
310522,FNMA,FEDERAL NATIONAL MORTGAGE ASSOCIATION FANNIE MAE,0000310522
1109138,CAMT,CAMTEK LTD,0001109138
1767042,KGS,"Kodiak Gas Services, Inc.",0001767042
1003078,MSM,MSC INDUSTRIAL DIRECT CO INC,0001003078
772406,CRUS,"CIRRUS LOGIC, INC.",0000772406
1486159,CHRD,Chord Energy Corp,0001486159
2041918,LOTMY,Lottomatica Group S.p.A./ADR,0002041918
1616862,AXTA,Axalta Coating Systems Ltd.,0001616862
1673743,HNGE,"Hinge Health, Inc.",0001673743
1021860,NOV,NOV Inc.,0001021860
1968378,BCHMY,Bachem Holding AG/ADR,0001968378
1971542,QMMM,QMMM Holdings Ltd,0001971542
1282637,NEU,NEWMARKET CORP,0001282637
23217,CAG,CONAGRA BRANDS INC.,0000023217
1470419,ESYJY,easyJet plc,0001470419
842162,LEA,LEAR CORP,0000842162
1680062,ACMR,"ACM Research, Inc.",0001680062
1819576,LQDA,Liquidia Corp,0001819576
1728951,EPRT,"ESSENTIAL PROPERTIES REALTY TRUST, INC.",0001728951
1583708,S,"SentinelOne, Inc.",0001583708
868671,GBCI,"GLACIER BANCORP, INC.",0000868671
1897762,INGM,Ingram Micro Holding Corp,0001897762
37808,FNB,FNB CORP/PA/,0000037808
2000178,LOAR,Loar Holdings Inc.,0002000178
1389050,AROC,"Archrock, Inc.",0001389050
1692115,SWX,"Southwest Gas Holdings, Inc.",0001692115
1637810,FSV,FirstService Corp,0001637810
1590955,PAYC,"Paycom Software, Inc.",0001590955
1296445,ORA,"ORMAT TECHNOLOGIES, INC.",0001296445
2107018,DPC,DPC Holdings Ltd,0002107018
1626115,PJT,PJT Partners Inc.,0001626115
1718512,GTES,Gates Industrial Corp plc,0001718512
1615903,IFS,Intercorp Financial Services Inc.,0001615903
802481,PPC,PILGRIMS PRIDE CORP,0000802481
1529192,VIPS,Vipshop Holdings Ltd,0001529192
7431,AWI,ARMSTRONG WORLD INDUSTRIES INC,0000007431
1639723,NAVN,"Navan, Inc.",0001639723
1562476,TMHC,Taylor Morrison Home Corp,0001562476
1969729,RCWLY,Rockwool A/S/ADR,0001969729
2064124,FIGR,"Figure Technology Solutions, Inc.",0002064124
1895262,NE,Noble Corp plc,0001895262
1591698,PCTY,Paylocity Holding Corp,0001591698
1521036,LNTH,"Lantheus Holdings, Inc.",0001521036
1618563,NSA,National Storage Affiliates Trust,0001618563
851968,MHK,MOHAWK INDUSTRIES INC,0000851968
700923,MYRG,MYR GROUP INC.,0000700923
16732,CPB,CAMPBELL'S Co,0000016732
18926,LUMN,"Lumen Technologies, Inc.",0000018926
1672013,GOLF,Acushnet Holdings Corp.,0001672013
52827,RYN,RAYONIER INC,0000052827
1611052,PCOR,"PROCORE TECHNOLOGIES, INC.",0001611052
350698,AN,"AUTONATION, INC.",0000350698
103379,VFC,V F CORP,0000103379
1582313,XENE,Xenon Pharmaceuticals Inc.,0001582313
1622229,COGT,"Cogent Biosciences, Inc.",0001622229
1697500,SEI,"Solaris Energy Infrastructure, Inc.",0001697500
1707753,ESTC,Elastic N.V.,0001707753
1070081,PTCT,"PTC THERAPEUTICS, INC.",0001070081
1520006,MTDR,Matador Resources Co,0001520006
66570,MSA,MSA Safety Inc,0000066570
19584,CHE,CHEMED CORP,0000019584
885550,CACC,CREDIT ACCEPTANCE CORP,0000885550
1653653,RRR,"Red Rock Resorts, Inc.",0001653653
1289419,MORN,"Morningstar, Inc.",0001289419
1835963,GLBE,Global-E Online Ltd.,0001835963
941221,ICL,ICL Group Ltd.,0000941221
1727196,SRRK,Scholar Rock Holding Corp,0001727196
1526125,GDS,GDS Holdings Ltd,0001526125
1679273,LW,"Lamb Weston Holdings, Inc.",0001679273
1477294,ST,Sensata Technologies Holding plc,0001477294
1070235,BB,BLACKBERRY Ltd,0001070235
1692063,SNDR,"Schneider National, Inc.",0001692063
1334036,CROX,"Crocs, Inc.",0001334036
1856437,VSXY,Victoria's Secret & Co.,0001856437
103730,VSH,VISHAY INTERTECHNOLOGY INC,0000103730
1648512,SHMXY,Shimadzu Corporation/ADR,0001648512
3453,MATX,"Matson, Inc.",0000003453
1823529,ACT,"Enact Holdings, Inc.",0001823529
906553,BYD,BOYD GAMING CORP,0000906553
1750264,MAAS,Maase Inc.,0001750264
1065696,LKQ,LKQ CORP,0001065696
40211,GATX,GATX CORP,0000040211
1654795,BBUC,Brookfield Business Corp,0001654795
729986,UBSI,UNITED BANKSHARES INC/WV,0000729986
2084022,SFGYY,Sony Financial Group Inc./ADR,0002084022
1842827,BZ,Kanzhun Ltd,0001842827
1108426,TXNM,TXNM ENERGY INC,0001108426
1465128,STWD,"STARWOOD PROPERTY TRUST, INC.",0001465128
918646,EXP,EAGLE MATERIALS INC,0000918646
1791863,BEPC,Brookfield Renewable Corp,0001791863
1094972,UGP,ULTRAPAR HOLDINGS INC,0001094972
2079706,MBSHY,"Mitsubishi Gas Chemical Company, Inc./ADR",0002079706
2100805,JAN,"Janus Living, Inc.",0002100805
1991792,CGON,"CG Oncology, Inc.",0001991792
910073,FLG,"FLAGSTAR BANK, NATIONAL ASSOCIATION",0000910073
1433195,APPF,APPFOLIO INC,0001433195
1734722,PATH,"UiPath, Inc.",0001734722
1786909,SBSW,Sibanye Stillwater Ltd,0001786909
1157557,CIG,ENERGY CO OF MINAS GERAIS,0001157557
1698535,NXE,NexGen Energy Ltd.,0001698535
1050140,DSGX,DESCARTES SYSTEMS GROUP INC,0001050140
1169561,CVLT,COMMVAULT SYSTEMS INC,0001169561
1046257,INGR,Ingredion Inc,0001046257
750577,HWC,HANCOCK WHITNEY CORP,0000750577
911177,CWST,CASELLA WASTE SYSTEMS INC,0000911177
784977,POR,PORTLAND GENERAL ELECTRIC CO /OR/,0000784977
1049521,MRCY,MERCURY SYSTEMS INC,0001049521
1570827,VCTR,"Victory Capital Holdings, Inc.",0001570827
2040127,KRMN,Karman Holdings Inc.,0002040127
1813814,DFTX,"Definium Therapeutics, Inc.",0001813814
1590895,CZR,"Caesars Entertainment, Inc.",0001590895
64996,MCY,MERCURY GENERAL CORP,0000064996
886163,LGND,LIGAND PHARMACEUTICALS INC,0000886163
1507079,FND,"Floor & Decor Holdings, Inc.",0001507079
1995807,LB,LandBridge Co LLC,0001995807
1454144,ERELY,Eregli Demir ve Celik Fabrikalari TAS/ADR,0001454144
876437,MTG,MGIC INVESTMENT CORP,0000876437
1580905,IBP,"Installed Building Products, Inc.",0001580905
769520,MIDD,MIDDLEBY Corp,0000769520
351569,ABCB,Ameris Bancorp,0000351569
1370418,SLFPY,STANDARD LIFE PLC,0001370418
2090312,MBGL,Mobility Global Inc.,0002090312
1761918,ERAS,"Erasca, Inc.",0001761918
2065636,MWH,"SOLV Energy, Inc.",0002065636
1448893,ESNT,Essent Group Ltd.,0001448893
1562088,DUOL,"Duolingo, Inc.",0001562088
1519751,FBIN,"Fortune Brands Innovations, Inc.",0001519751
1345105,CPA,"Copa Holdings, S.A.",0001345105
883948,AUB,Atlantic Union Bankshares Corp,0000883948
1659939,ENIC,Enel Chile S.A.,0001659939
1041803,PSMT,PRICESMART INC,0001041803
1286043,KRG,KITE REALTY GROUP TRUST,0001286043
794367,M,"Macy's, Inc.",0000794367
1003935,NICE,NICE Ltd.,0001003935
1662991,SEZL,Sezzle Inc.,0001662991
356309,NJR,NEW JERSEY RESOURCES CORP,0000356309
912615,URBN,URBAN OUTFITTERS INC,0000912615
932470,TEO,TELECOM ARGENTINA SA,0000932470
1735707,GTX,Garrett Motion Inc.,0001735707
1463101,ENPH,"Enphase Energy, Inc.",0001463101
1012019,RUSHA,RUSH ENTERPRISES INC \TX\,0001012019
1759509,LYFT,"Lyft, Inc.",0001759509
1581990,PAGP,PLAINS GP HOLDINGS LP,0001581990
1476204,PECO,"Phillips Edison & Company, Inc.",0001476204
102752,VSEC,VSE CORP,0000102752
1889109,BLTE,"BELITE BIO, INC",0001889109
1603923,WFRD,Weatherford International plc,0001603923
1347426,BMA,Macro Bank Inc.,0001347426
1331520,HOMB,HOME BANCSHARES INC,0001331520
1722684,WH,"WYNDHAM HOTELS & RESORTS, INC.",0001722684
1579877,OUT,OUTFRONT Media Inc.,0001579877
2044984,ARSTY,Ariston Holding N.V./ADR,0002044984
1451505,RIG,Transocean Ltd.,0001451505
1504764,AVAL,Grupo Aval Acciones Y Valores S.A.,0001504764
921638,SSRM,SSR MINING INC.,0000921638
275880,PSN,PARSONS CORP,0000275880
230557,SIGI,SELECTIVE INSURANCE GROUP INC,0000230557
20212,CHDN,Churchill Downs Inc,0000020212
7789,ASB,ASSOCIATED BANC-CORP,0000007789
1529864,ENVA,"Enova International, Inc.",0001529864
1829726,TFPM,Triple Flag Precious Metals Corp.,0001829726
56978,KLIC,KULICKE & SOFFA INDUSTRIES INC,0000056978
1130464,BKH,BLACK HILLS CORP /SD/,0001130464
1770787,TXG,"10x Genomics, Inc.",0001770787
1581280,TWST,Twist Bioscience Corp,0001581280
2063196,NTSK,Netskope Inc,0002063196
1499620,TAL,TAL Education Group,0001499620
96943,TFX,TELEFLEX INC,0000096943
1860742,BLCO,Bausch & Lomb Corp,0001860742
2070849,BLLN,"BillionToOne, Inc.",0002070849
1966041,DSC,DSC Holdings Ltd.,0001966041
1107843,QLYS,"QUALYS, INC.",0001107843
1852244,GXO,"GXO Logistics, Inc.",0001852244
1361113,VRNS,VARONIS SYSTEMS INC,0001361113
1811935,PTRN,Pattern Group Inc.,0001811935
935036,ACIW,"ACI WORLDWIDE, INC.",0000935036
1653482,GTLB,Gitlab Inc.,0001653482
723612,CAR,"AVIS BUDGET GROUP, INC.",0000723612
84246,RLI,RLI CORP,0000084246
1851003,ZETA,Zeta Global Holdings Corp.,0001851003
1740332,REZI,"RESIDEO TECHNOLOGIES, INC.",0001740332
1718227,ROAD,"Construction Partners, Inc.",0001718227
1402388,WFG,"WEST FRASER TIMBER CO., LTD",0001402388
764065,CLF,CLEVELAND-CLIFFS INC.,0000764065
1796022,STEP,StepStone Group Inc.,0001796022
1299709,AX,"Axos Financial, Inc.",0001299709
1690585,DNTH,"Dianthus Therapeutics, Inc. /DE/",0001690585
912766,LAUR,"LAUREATE EDUCATION, INC.",0000912766
1569650,OZK,Bank OZK,0001569650
1062579,DOX,AMDOCS LTD,0001062579
1786431,REYN,Reynolds Consumer Products Inc.,0001786431
1002638,OTEX,OPEN TEXT CORP,0001002638
1655888,OBDC,Blue Owl Capital Corp,0001655888
1736035,BXSL,Blackstone Secured Lending Fund,0001736035
314808,VAL,Valaris Ltd,0000314808
1849853,STVN,Stevanato Group S.p.A.,0001849853
1627272,OR,OR Royalties Inc.,0001627272
1657573,XMTR,"Xometry, Inc.",0001657573
1877322,ESAB,ESAB Corp,0001877322
1838359,RGTI,"Rigetti Computing, Inc.",0001838359
1691421,LMND,"Lemonade, Inc.",0001691421
1309108,WEX,WEX Inc.,0001309108
1880319,PRM,"Perimeter Solutions, Inc.",0001880319
1142417,NXST,"NEXSTAR MEDIA GROUP, INC.",0001142417
776867,WTM,WHITE MOUNTAINS INSURANCE GROUP LTD,0000776867
1723128,AMRX,"Amneal Pharmaceuticals, Inc.",0001723128
1495153,MMYT,MakeMyTrip Ltd,0001495153
1750,AIR,AAR CORP,0000001750
1487326,OGC,OceanaGold Corp,0001487326
861459,GVA,GRANITE CONSTRUCTION INC,0000861459
1438533,TVTX,"Travere Therapeutics, Inc.",0001438533
91767,SON,SONOCO PRODUCTS CO,0000091767
1076930,NOVT,NOVANTA INC,0001076930
1207179,GLNG,GOLAR LNG LTD,0001207179
1104657,MTRN,MATERION Corp,0001104657
1094831,BGC,"BGC Group, Inc.",0001094831
1306830,CE,Celanese Corp,0001306830
1835830,KVYO,"Klaviyo, Inc.",0001835830
60519,LPX,LOUISIANA-PACIFIC CORP,0000060519
1727263,FTDR,"Frontdoor, Inc.",0001727263
1378239,OMAB,Central North Airport Group,0001378239
907654,ORKA,"Oruka Therapeutics, Inc.",0000907654
812011,MTN,VAIL RESORTS INC,0000812011
1013857,PEGA,PEGASYSTEMS INC,0001013857
1418819,IRDM,Iridium Communications Inc.,0001418819
2044863,TKMTY,"Tokyo Metro Co., Ltd./ADR",0002044863
766421,ALK,"ALASKA AIR GROUP, INC.",0000766421
1841408,DAVE,Dave Inc./DE,0001841408
9326,BCPC,BALCHEM CORP,0000009326
12659,HRB,H&R BLOCK INC,0000012659
1516324,BTDPY,Barratt Developments PLC/ADR,0001516324
1556593,RITM,Rithm Capital Corp.,0001556593
1071321,TKC,TURKCELL ILETISIM HIZMETLERI A S,0001071321
1317685,ALH,Alliance Laundry Holdings Inc.,0001317685
1334933,UEC,URANIUM ENERGY CORP,0001334933
1822479,SHC,Sotera Health Co,0001822479
25232,CUZ,COUSINS PROPERTIES INC,0000025232
1698990,MGY,Magnolia Oil & Gas Corp,0001698990
104889,GHC,Graham Holdings Co,0000104889
890926,RDN,RADIAN GROUP INC,0000890926
1230245,PIPR,PIPER SANDLER COMPANIES,0001230245
355811,GNTX,GENTEX CORP,0000355811
1398659,G,Genpact LTD,0001398659
2011286,AMTM,"Amentum Holdings, Inc.",0002011286
1429937,BTG,B2GOLD CORP,0001429937
14930,BC,BRUNSWICK CORP,0000014930
813762,IEP,ICAHN ENTERPRISES L.P.,0000813762
1674416,CRSP,CRISPR Therapeutics AG,0001674416
717423,MUR,MURPHY OIL CORP,0000717423
790526,RDNT,"RadNet, Inc.",0000790526
1794669,FOUR,"Shift4 Payments, Inc.",0001794669
1603454,CELC,Celcuity Inc.,0001603454
717954,UNF,UNIFIRST CORP,0000717954
1587732,OGS,"ONE Gas, Inc.",0001587732
1492298,SBRA,"Sabra Health Care REIT, Inc.",0001492298
36029,FFIN,FIRST FINANCIAL BANKSHARES INC,0000036029
1596967,MC,Moelis & Co,0001596967
1381668,TFSL,TFS Financial CORP,0001381668
1801198,LEGN,Legend Biotech Corp,0001801198
1795250,SPHR,Sphere Entertainment Co.,0001795250
1703056,ADT,ADT Inc.,0001703056
1396440,MAIN,Main Street Capital CORP,0001396440
2067876,VSNT,"Versant Media Group, Inc.",0002067876
2093907,RKGRY,RENK Group AG/ADR,0002093907
1561894,HASI,"HA Sustainable Infrastructure Capital, Inc.",0001561894
1782170,RELY,"Remitly Global, Inc.",0001782170
913353,CIGI,Colliers International Group Inc.,0000913353
1820872,GBTG,"Global Business Travel Group, Inc.",0001820872
833079,MTH,Meritage Homes CORP,0000833079
1046311,CHH,CHOICE HOTELS INTERNATIONAL INC /DE,0001046311
1674910,VVV,VALVOLINE INC,0001674910
1788348,BIPC,Brookfield Infrastructure Corp,0001788348
1364479,HRI,HERC HOLDINGS INC,0001364479
310142,SXT,SENSIENT TECHNOLOGIES CORP,0000310142
2094691,OBOCY,Ottobock SE & Co. KGaA/ADR,0002094691
1978954,TBBB,BBB FOODS INC,0001978954
1224608,CNO,"CNO Financial Group, Inc.",0001224608
3197,CECO,CECO ENVIRONMENTAL CORP,0000003197
817720,SYNA,SYNAPTICS Inc,0000817720
1647088,WSC,WillScot Holdings Corp,0001647088
1810546,EBC,"Eastern Bankshares, Inc.",0001810546
1571123,SAIC,Science Applications International Corp,0001571123
887936,FCN,"FTI CONSULTING, INC",0000887936
2019410,CAI,"Caris Life Sciences, Inc.",0002019410
1126956,SR,SPIRE INC,0001126956
1730430,KNSA,"Kiniksa Pharmaceuticals International, plc",0001730430
1610250,BOOT,"Boot Barn Holdings, Inc.",0001610250
1361538,PRIM,Primoris Services Corp,0001361538
1468642,AUGO,Aura Minerals Inc.,0001468642
1438569,GRFS,Grifols SA,0001438569
1258602,NNI,NELNET INC,0001258602
899715,SKT,TANGER INC.,0000899715
1625297,INDV,"Indivior Pharmaceuticals, Inc.",0001625297
912767,UFPI,UFP INDUSTRIES INC,0000912767
1869666,HAPVY,Hapvida Participacoes e Investimentos S.A./ADR,0001869666
1032033,SLM,SLM Corp,0001032033
1819133,TNGX,"Tango Therapeutics, Inc.",0001819133
2065708,ANDG,Andersen Group Inc.,0002065708
1747777,OTF,Blue Owl Technology Finance Corp.,0001747777
1624794,CSW,"CSW INDUSTRIALS, INC.",0001624794
1069878,TREX,TREX CO INC,0001069878
1997464,MRX,Marex Group Ltd,0001997464
849869,SLGN,SILGAN HOLDINGS INC,0000849869
2017206,MRP,"Millrose Properties, Inc.",0002017206
1650729,SITE,"SiteOne Landscape Supply, Inc.",0001650729
1857047,MDA,MDA Space Ltd.,0001857047
315709,IBOC,INTERNATIONAL BANCSHARES CORP,0000315709
1430723,SFBS,"ServisFirst Bancshares, Inc.",0001430723
931427,TGS,GAS TRANSPORTER OF THE SOUTH INC,0000931427
1929561,RXO,"RXO, Inc.",0001929561
1275014,UCTT,"Ultra Clean Holdings, Inc.",0001275014
1609253,CRC,California Resources Corp,0001609253
1660280,TENB,"Tenable Holdings, Inc.",0001660280
1507605,MARA,"MARA Holdings, Inc.",0001507605
1308547,DLB,"Dolby Laboratories, Inc.",0001308547
1827635,MANE,"Veradermics, Inc",0001827635
1433642,HLNE,Hamilton Lane INC,0001433642
700564,FULT,FULTON FINANCIAL CORP,0000700564
38725,FELE,FRANKLIN ELECTRIC CO INC,0000038725
1760965,KTB,"Kontoor Brands, Inc.",0001760965
1830918,MAUTF,Montage Gold Corp.,0001830918
1025996,KRC,KILROY REALTY CORP,0001025996
1361658,TNL,Travel & Leisure Co.,0001361658
887153,SIM,"GRUPO SIMEC, S.A.B. de C.V.",0000887153
1045450,EPR,EPR PROPERTIES,0001045450
1070412,CNX,CNX Resources Corp,0001070412
1604481,CMBT,CMB.TECH NV,0001604481
1955520,KNF,Knife River Corp,0001955520
1111928,IPGP,IPG PHOTONICS CORP,0001111928
16040,CBT,CABOT CORP,0000016040
1455863,COLD,AMERICOLD REALTY TRUST,0001455863
949157,CENX,CENTURY ALUMINUM CO,0000949157
2083632,OCTV,Octave Intelligence plc,0002083632
1384101,VCYT,"VERACYTE, INC.",0001384101
1357615,KBR,"KBR, INC.",0001357615
1174169,AQN,ALGONQUIN POWER & UTILITIES CORP.,0001174169
90896,SKY,"Champion Homes, Inc.",0000090896
1993004,NWE,"NorthWestern Energy Group, Inc.",0001993004
78890,BCO,BRINKS CO,0000078890
730464,CVSA,Covista Inc.,0000730464
1469395,PAM,Pampa Energy Inc.,0001469395
1114995,PI,IMPINJ INC,0001114995
8947,AZZ,AZZ INC,0000008947
1077428,TCBI,TEXAS CAPITAL BANCSHARES INC/TX,0001077428
1056288,FHI,"FEDERATED HERMES, INC.",0001056288
1836470,SRAD,Sportradar Group AG,0001836470
1670061,ALM,Almonty Industries Inc.,0001670061
67716,MDU,MDU RESOURCES GROUP INC,0000067716
1607678,VKTX,"Viking Therapeutics, Inc.",0001607678
88121,SEB,SEABOARD CORP /DE/,0000088121
1352010,EPAM,"EPAM Systems, Inc.",0001352010
1888447,EE,"Excelerate Energy, Inc.",0001888447
1144800,TAC,TRANSALTA CORP,0001144800
1600928,HPHTY,Hamamatsu Photonics K.K./ADR,0001600928
1970622,USAR,"USA Rare Earth, Inc.",0001970622
2067129,NP,Neptune Insurance Holdings Inc.,0002067129
1846832,DLO,dLocal Ltd,0001846832
1424182,BNL,"Broadstone Net Lease, Inc.",0001424182
2088896,XE,"X-Energy, Inc.",0002088896
1449664,NWSGY,CTF Services Ltd,0001449664
1113232,ACLS,AXCELIS TECHNOLOGIES INC,0001113232
1691303,HCC,"WARRIOR MET COAL, INC.",0001691303
1801169,OPEN,Opendoor Technologies Inc.,0001801169
1070494,ACAD,ACADIA PHARMACEUTICALS INC,0001070494
1516536,RMVEY,Rightmove PLC/ADR,0001516536
1784570,BETA,"BETA Technologies, Inc.",0001784570
1639691,LIVN,LivaNova PLC,0001639691
29002,DIOD,DIODES INC /DEL/,0000029002
1832466,ALHC,"Alignment Healthcare, Inc.",0001832466
1710366,CNR,"Core Natural Resources, Inc.",0001710366
278166,CVCO,"CAVCO INDUSTRIES, INC.",0000278166
2098425,BJGPY,"Beijing Geekplus Technology Co., Ltd./ADR",0002098425
1611983,LBRDA,Liberty Broadband Corp,0001611983
1693736,EQPT,EquipmentShare.com Inc,0001693736
2071778,FRMI,Fermi Inc.,0002071778
1679049,INSW,"International Seaways, Inc.",0001679049
1981792,HHH,Howard Hughes Holdings Inc.,0001981792
1600033,ELF,"e.l.f. Beauty, Inc.",0001600033
1853717,ATAT,Atour Lifestyle Holdings Ltd,0001853717
1745916,PFSI,"PennyMac Financial Services, Inc.",0001745916
1496919,MBRFY,MARFRIG GLOBAL FOODS S.A.,0001496919
73756,OII,OCEANEERING INTERNATIONAL INC,0000073756
1748797,DOO,BRP Inc.,0001748797
1581760,LIF,"Life360, Inc.",0001581760
1078271,EXTR,EXTREME NETWORKS INC,0001078271
1710072,EWTX,"Edgewise Therapeutics, Inc.",0001710072
1395942,OPLN,"OPENLANE, Inc.",0001395942
856982,MMSI,MERIT MEDICAL SYSTEMS INC,0000856982
1757073,NVST,Envista Holdings Corp,0001757073
746598,BRC,BRADY CORP,0000746598
1311370,LAZ,"Lazard, Inc.",0001311370
857855,UCB,UNITED COMMUNITY BANKS INC,0000857855
860546,CDP,COPT DEFENSE PROPERTIES,0000860546
1990354,WAY,Waystar Holding Corp.,0001990354
1823144,GPGI,"GPGI, Inc.",0001823144
1482981,COCO,"Vita Coco Company, Inc.",0001482981
1840776,HGTY,"Hagerty, Inc.",0001840776
1646188,ONDS,Ondas Inc.,0001646188
1297989,EXLS,"ExlService Holdings, Inc.",0001297989
2062583,MMED,"MiniMed Group, Inc.",0002062583
1921963,ATMU,Atmus Filtration Technologies Inc.,0001921963
806628,DNP,DNP SELECT INCOME FUND INC,0000806628
78150,PHI,PLDT Inc.,0000078150
886977,MEOH,METHANEX CORP,0000886977
868780,DORM,"Dorman Products, Inc.",0000868780
50725,GFF,GRIFFON CORP,0000050725
1372612,BOX,BOX INC,0001372612
1057706,FBP,FIRST BANCORP /PR/,0001057706
2035057,IFHLY,Inficon Holding AG/ADR,0002035057
1786842,VNT,Vontier Corp,0001786842
1854587,CLBT,Cellebrite DI Ltd.,0001854587
861842,CATY,CATHAY GENERAL BANCORP,0000861842
1812364,RLAY,"Relay Therapeutics, Inc.",0001812364
9092,BMI,BADGER METER INC,0000009092
1786352,BILL,"BILL Holdings, Inc.",0001786352
1845257,LFST,"LifeStance Health Group, Inc.",0001845257
1018840,ANF,ABERCROMBIE & FITCH CO /DE/,0001018840
1278021,MKTX,MARKETAXESS HOLDINGS INC,0001278021
77543,TPC,TUTOR PERINI CORP,0000077543
1694028,LBRT,Liberty Energy Inc.,0001694028
913142,BDC,BELDEN INC.,0000913142
1717393,CAAP,CORPORACION AMERICA AIRPORTS S.A.,0001717393
776901,INDB,INDEPENDENT BANK CORP,0000776901
1637207,PLNT,"Planet Fitness, Inc.",0001637207
43920,GEF,"GREIF, INC",0000043920
828944,WSFS,WSFS FINANCIAL CORP,0000828944
913059,BBAR,Banco BBVA Argentina S.A.,0000913059
1850351,LFTO,"Liftoff Mobile, Inc.",0001850351
1636222,WING,Wingstop Inc.,0001636222
1934850,FG,"F&G Annuities & Life, Inc.",0001934850
2085236,AMVOY,AUMOVIO SE,0002085236
1466085,IRT,"INDEPENDENCE REALTY TRUST, INC.",0001466085
923796,GEO,GEO GROUP INC,0000923796
1866364,BULL,Webull Corp,0001866364
887596,CAKE,CHEESECAKE FACTORY INC,0000887596
701985,BBWI,"Bath & Body Works, Inc.",0000701985
1438472,MIAX,"MIAMI INTERNATIONAL HOLDINGS, INC.",0001438472
1337634,STUB,"StubHub Holdings, Inc.",0001337634
833640,POWI,POWER INTEGRATIONS INC,0000833640
1517175,CHEF,"Chefs' Warehouse, Inc.",0001517175
1516513,DOCS,"Doximity, Inc.",0001516513
1124796,LASR,"NLIGHT, INC.",0001124796
354647,CVBF,CVB FINANCIAL CORP,0000354647
1284812,CNS,"COHEN & STEERS, INC.",0001284812
1434588,LOPE,"Grand Canyon Education, Inc.",0001434588
1809987,MIR,"Mirion Technologies, Inc.",0001809987
1101215,BFH,"BREAD FINANCIAL HOLDINGS, INC.",0001101215
1818794,DYN,"Dyne Therapeutics, Inc.",0001818794
2014596,CON,"Concentra Group Holdings Parent, Inc.",0002014596
1563411,CSTM,CONSTELLIUM SE,0001563411
1639300,OLLI,"Ollie's Bargain Outlet Holdings, Inc.",0001639300
1522727,USAC,"USA Compression Partners, LP",0001522727
63276,MAT,MATTEL INC /DE/,0000063276
1144980,ABG,ASBURY AUTOMOTIVE GROUP INC,0001144980
806968,WPP,WPP plc,0000806968
1811414,QS,QuantumScape Corp,0001811414
1936258,NAMS,NewAmsterdam Pharma Co N.V.,0001936258
715072,RNST,RENASANT CORP,0000715072
16160,CALM,CAL-MAINE FOODS INC,0000016160
1418121,APLE,"Apple Hospitality REIT, Inc.",0001418121
2044153,NGXXF,NGEx Minerals Ltd.,0002044153
1674168,HGV,Hilton Grand Vacations Inc.,0001674168
1051512,TDS,TELEPHONE & DATA SYSTEMS INC /DE/,0001051512
1616533,PENG,"Penguin Solutions, Inc.",0001616533
1985406,NEXHY,"Nippon Express Holdings, Inc./ADR",0001985406
1350593,MWA,"Mueller Water Products, Inc.",0001350593
760498,BANF,BANCFIRST CORP /OK/,0000760498
793733,SKYW,SKYWEST INC,0000793733
2052959,LION,Lionsgate Studios Corp.,0002052959
1530950,POST,"Post Holdings, Inc.",0001530950
1369568,CPRX,"CATALYST PHARMACEUTICALS, INC.",0001369568
1437578,BFAM,BRIGHT HORIZONS FAMILY SOLUTIONS INC.,0001437578
1483934,STNG,Scorpio Tankers Inc.,0001483934
931015,PII,Polaris Inc.,0000931015
1549107,MANU,Manchester United plc,0001549107
883984,ICUI,ICU MEDICAL INC/DE,0000883984
23194,CRK,COMSTOCK RESOURCES INC,0000023194
1872195,BLSH,Bullish,0001872195
1040971,SLG,SL GREEN REALTY CORP,0001040971
799292,MHO,"M/I HOMES, INC.",0000799292
1051627,AXTI,AXT INC,0001051627
2089661,SUNC,SunocoCorp LLC,0002089661
860413,FIBK,FIRST INTERSTATE BANCSYSTEM INC,0000860413
203596,WSBC,WESBANCO INC,0000203596
1685040,BHF,"Brighthouse Financial, Inc.",0001685040
1466593,OTTR,Otter Tail Corp,0001466593
56679,KFY,KORN FERRY,0000056679
730263,THO,THOR INDUSTRIES INC,0000730263
310354,SXI,STANDEX INTERNATIONAL CORP/DE/,0000310354
1263994,UTG,REAVES UTILITY INCOME FUND,0001263994
822663,IPAR,INTERPARFUMS INC,0000822663
1815779,HAFN,Hafnia Ltd,0001815779
1690680,NMRK,"NEWMARK GROUP, INC.",0001690680
2007191,TLX,Telix Pharmaceuticals Ltd,0002007191
1276520,GNW,GENWORTH FINANCIAL INC,0001276520
889900,PTEN,PATTERSON UTI ENERGY INC,0000889900
1489079,ADOOY,Adaro Energy PT/ADR/,0001489079
825542,SMG,SCOTTS MIRACLE-GRO CO,0000825542
1694426,DK,"Delek US Holdings, Inc.",0001694426
780571,ITRI,"ITRON, INC.",0000780571
1657677,PBLS,"Parabilis Medicines, Inc.",0001657677
1672619,ELVN,"Enliven Therapeutics, Inc.",0001672619
1005284,OLED,UNIVERSAL DISPLAY CORP \PA\,0001005284
1468091,VEON,VEON Ltd.,0001468091
1714899,DNLI,Denali Therapeutics Inc.,0001714899
877860,NHI,NATIONAL HEALTH INVESTORS INC,0000877860
1388658,IRTC,"iRhythm Holdings, Inc.",0001388658
1273813,AGO,ASSURED GUARANTY LTD,0001273813
1958140,BATRA,"Atlanta Braves Holdings, Inc.",0001958140
821483,PARR,"PAR PACIFIC HOLDINGS, INC.",0000821483
98222,TDW,TIDEWATER INC,0000098222
1699136,WHD,"Cactus, Inc.",0001699136
1157408,LRN,"Stride, Inc.",0001157408
1888886,GPCR,Structure Therapeutics Inc.,0001888886
1570585,LBTYA,Liberty Global Ltd.,0001570585
1860160,FLY,Firefly Aerospace Inc.,0001860160
932696,NSIT,INSIGHT ENTERPRISES INC,0000932696
315213,RHI,ROBERT HALF INC.,0000315213
1761312,PLMR,"Palomar Holdings, Inc.",0001761312
1824502,ACHR,Archer Aviation Inc.,0001824502
1210677,FA,FIRST ADVANTAGE CORP,0001210677
1818201,CCC,CCC Intelligent Solutions Holdings Inc.,0001818201
8063,ATRO,ASTRONICS CORP,0000008063
1841156,PAY,"Paymentus Holdings, Inc.",0001841156
1670592,YETI,"YETI Holdings, Inc.",0001670592
921082,HIW,"HIGHWOODS PROPERTIES, INC.",0000921082
708955,FFBC,FIRST FINANCIAL BANCORP /OH/,0000708955
1518715,MCHB,Mechanics Bancorp,0001518715
925261,AKO-A,ANDINA BOTTLING CO INC,0000925261
1680056,ORLA,Orla Mining Ltd.,0001680056
1724521,RCUS,"Arcus Biosciences, Inc.",0001724521
723188,CBU,"COMMUNITY FINANCIAL SYSTEM, INC.",0000723188
78239,PVH,PVH CORP. /DE/,0000078239
103145,VECO,VEECO INSTRUMENTS INC,0000103145
1821825,OGN,Organon & Co.,0001821825
1026214,FMCC,FEDERAL HOME LOAN MORTGAGE CORP,0001026214
1031203,GPI,GROUP 1 AUTOMOTIVE INC,0001031203
886346,KAI,KADANT INC,0000886346
1759655,PRVA,"Privia Health Group, Inc.",0001759655
825313,AB,ALLIANCEBERNSTEIN HOLDING L.P.,0000825313
1845338,MNDY,monday.com Ltd.,0001845338
1676725,IDYA,"IDEAYA Biosciences, Inc.",0001676725
1039065,OSIS,OSI SYSTEMS INC,0001039065
1174850,NIC,NICOLET BANKSHARES INC,0001174850
1530238,JOYY,JOYY Inc.,0001530238
2124403,VCRE,Vicore Pharma Holding AB,0002124403
745308,JOE,ST JOE Co,0000745308
2062440,KYIV,Kyivstar Group Ltd.,0002062440
1952073,MSGE,Madison Square Garden Entertainment Corp.,0001952073
827876,CLSK,"CLEANSPARK, INC.",0000827876
1611005,KEN,Kenon Holdings Ltd.,0001611005
1877787,ZGN,Ermenegildo Zegna N.V.,0001877787
1195737,NEA,Nuveen AMT-Free Quality Municipal Income Fund,0001195737
1866226,EMAT,Evolution Metals & Technologies Corp.,0001866226
1504008,BKU,"BankUnited, Inc.",0001504008
1847367,ALMS,ALUMIS INC.,0001847367
1593275,HG,"Hamilton Insurance Group, Ltd.",0001593275
36377,FHB,"FIRST HAWAIIAN, INC.",0000036377
104918,AVA,AVISTA CORP,0000104918
1815846,MNSO,MINISO Group Holding Ltd,0001815846
1384905,RNG,"RingCentral, Inc.",0001384905
2027317,CURB,Curbline Properties Corp.,0002027317
2013745,CLMT,"Calumet, Inc. /DE",0002013745
1563577,GRTX,"Galera Therapeutics, Inc.",0001563577
1834622,HAYW,"Hayward Holdings, Inc.",0001834622
1385280,CNK,"Cinemark Holdings, Inc.",0001385280
1290109,LPL,"LG Display Co., Ltd.",0001290109
837465,CALY,Callaway Golf Co,0000837465
1476765,GBDC,"GOLUB CAPITAL BDC, Inc.",0001476765
1478320,ADPT,Adaptive Biotechnologies Corp,0001478320
795266,KBH,KB HOME,0000795266
1800227,PPLI,People Inc,0001800227
894405,ARCB,ARCBEST CORP /DE/,0000894405
1419612,SEDG,"SOLAREDGE TECHNOLOGIES, INC.",0001419612
1974138,NATL,NCR Atleos Corp,0001974138
1332349,BKD,Brookdale Senior Living Inc.,0001332349
1504776,WRBY,Warby Parker Inc.,0001504776
1787306,ARQT,"Arcutis Biotherapeutics, Inc.",0001787306
313143,HAE,HAEMONETICS CORP,0000313143
1376139,CVI,CVR ENERGY INC,0001376139
46765,HP,"Helmerich & Payne, Inc.",0000046765
105132,WDFC,WD 40 CO,0000105132
805676,PRK,PARK NATIONAL CORP /OH/,0000805676
1056903,AWR,AMERICAN STATES WATER CO,0001056903
1014739,OPCH,"Option Care Health, Inc.",0001014739
1524358,VAC,MARRIOTT VACATIONS WORLDWIDE Corp,0001524358
1652535,ICHR,"ICHOR HOLDINGS, LTD.",0001652535
90498,SFNC,SIMMONS FIRST NATIONAL CORP,0000090498
832988,SIG,SIGNET JEWELERS LTD,0000832988
1549084,CHRN,ChronoScale Holdings Corp,0001549084
1385849,UUUU,ENERGY FUELS INC,0001385849
1713748,SKE,Skeena Resources Ltd,0001713748
1158449,AAP,ADVANCE AUTO PARTS INC,0001158449
1783398,UWMC,UWM Holdings Corp,0001783398
1047335,NHC,NATIONAL HEALTHCARE CORP,0001047335
2097163,XNDU,Xanadu Quantum Technologies Ltd,0002097163
1275214,CSQ,CALAMOS STRATEGIC TOTAL RETURN FUND,0001275214
1866175,CRGY,Crescent Energy Co,0001866175
1122976,AVNT,AVIENT CORP,0001122976
2054696,NIQ,NIQ Global Intelligence plc,0002054696
910108,LXP,LXP Industrial Trust,0000910108
1410384,QTWO,"Q2 Holdings, Inc.",0001410384
46195,BOH,BANK OF HAWAII CORP,0000046195
1517413,FSLY,"Fastly, Inc.",0001517413
1532173,KOZAY,Turk Altin Isletmeleri A.S./ADR,0001532173
1280263,AMBA,AMBARELLA INC,0001280263
1086600,ARLP,ALLIANCE RESOURCE PARTNERS LP,0001086600
1528849,RH,RH,0001528849
1745999,BEAM,Beam Therapeutics Inc.,0001745999
2230,ADX,"ADAMS DIVERSIFIED EQUITY FUND, INC.",0000002230
730708,SBCF,SEACOAST BANKING CORP OF FLORIDA,0000730708
1821769,NVTS,Navitas Semiconductor Corp,0001821769
1050797,COLM,COLUMBIA SPORTSWEAR CO,0001050797
1969373,VTMX,"Vesta Real Estate Corporation, S.A.B. de C.V.",0001969373
874866,CRVL,CORVEL CORP,0000874866
1854640,CGAU,Centerra Gold Inc.,0001854640
1093691,PLUG,PLUG POWER INC,0001093691
1169770,BANC,"BANC OF CALIFORNIA, INC.",0001169770
1547903,NMIH,"NMI Holdings, Inc.",0001547903
1649313,BWLP,BW LPG Ltd,0001649313
19745,CPK,CHESAPEAKE UTILITIES CORP,0000019745
1515673,RARE,Ultragenyx Pharmaceutical Inc.,0001515673
2092258,AWATY,Air Water Inc./ADR,0002092258
2035304,TTAM,Titan America SA,0002035304
1114483,ITGR,Integer Holdings Corp,0001114483
1587523,KN,Knowles Corp,0001587523
1699031,GRAL,"GRAIL, Inc.",0001699031
1065059,LEU,CENTRUS ENERGY CORP,0001065059
899629,AKR,ACADIA REALTY TRUST,0000899629
1070985,CXW,"CoreCivic, Inc.",0001070985
1373670,GRBK,"Green Brick Partners, Inc.",0001373670
1275617,UTF,COHEN & STEERS INFRASTRUCTURE FUND INC,0001275617
913241,SHOO,"STEVEN MADDEN, LTD.",0000913241
1078075,NTCT,NETSCOUT SYSTEMS INC,0001078075
1831828,VERA,"Vera Therapeutics, Inc.",0001831828
1628369,CWK,Cushman & Wakefield Ltd.,0001628369
1494259,CARG,"CarGurus, Inc.",0001494259
1803696,ADEA,Adeia Inc.,0001803696
1161728,MGEE,MGE ENERGY INC,0001161728
1621434,BSM,"Black Stone Minerals, L.P.",0001621434
1493318,ETOR,eToro Group Ltd.,0001493318
1178970,PFS,PROVIDENT FINANCIAL SERVICES INC,0001178970
1674862,ASH,ASHLAND INC.,0001674862
1408075,GPK,GRAPHIC PACKAGING HOLDING CO,0001408075
744218,CLDX,"Celldex Therapeutics, Inc.",0000744218
1611547,UE,Urban Edge Properties,0001611547
1469367,RUN,Sunrun Inc.,0001469367
1032220,MMS,"MAXIMUS, INC.",0001032220
1899123,BTDR,Bitdeer Technologies Group,0001899123
851520,EXPO,EXPONENT INC,0000851520
1430162,CSAN,Cosan S.A.,0001430162
39368,FUL,FULLER H B CO,0000039368
1279495,BTE,BAYTEX ENERGY CORP.,0001279495
1422183,FSK,FS KKR Capital Corp,0001422183
1445305,WK,WORKIVA INC,0001445305
1649749,FBK,FB Financial Corp,0001649749
1035201,CWT,CALIFORNIA WATER SERVICE GROUP,0001035201
1969302,PONY,Pony AI Inc.,0001969302
1280784,HTGC,"Hercules Capital, Inc.",0001280784
1655891,TRMD,TORM plc,0001655891
1647639,UPST,"Upstart Holdings, Inc.",0001647639
82020,USLM,UNITED STATES LIME & MINERALS INC,0000082020
1964504,ARIS,Aris Mining Corp,0001964504
1379438,EXG,Eaton Vance Tax-Managed Global Diversified Equity Income Fund,0001379438
1020859,UNFI,UNITED NATURAL FOODS INC,0001020859
57515,MZTI,MARZETTI CO,0000057515
729580,BELFA,BEL FUSE INC /NJ,0000729580
1822966,SMR,NUSCALE POWER Corp,0001822966
880631,WT,"WisdomTree, Inc.",0000880631
1676238,BRZE,"Braze, Inc.",0001676238
1386716,SBLK,Star Bulk Carriers Corp.,0001386716
28823,DBD,"DIEBOLD NIXDORF, Inc",0000028823
78749,AGYS,AGILYSYS INC,0000078749
1216583,JPC,Nuveen Preferred & Income Opportunities Fund,0001216583
1840856,SOUN,"SOUNDHOUND AI, INC.",0001840856
1552797,DKL,"Delek Logistics Partners, LP",0001552797
863436,BHE,BENCHMARK ELECTRONICS INC,0000863436
1904856,EFXT,Enerflex Ltd.,0001904856
1029199,EEFT,"EURONET WORLDWIDE, INC.",0001029199
821130,AD,"ARRAY DIGITAL INFRASTRUCTURE, INC.",0000821130
1654126,ZIM,ZIM Integrated Shipping Services Ltd.,0001654126
1064728,BTU,PEABODY ENERGY CORP,0001064728
1795589,KC,Kingsoft Cloud Holdings Ltd,0001795589
1331284,DHT,"DHT Holdings, Inc.",0001331284
940942,HUBG,"Hub Group, Inc.",0000940942
878518,TGB,Trekor Metals Ltd,0000878518
1544522,FRSH,Freshworks Inc.,0001544522
1698514,NESR,National Energy Services Reunited Corp.,0001698514
25445,CXT,"Crane NXT, Co.",0000025445
26780,DAN,DANA Inc,0000026780
1679688,DBRG,"DigitalBridge Group, Inc.",0001679688
1576018,SPNT,SiriusPoint Ltd,0001576018
69891,FIZZ,NATIONAL BEVERAGE CORP,0000069891
816761,TDC,TERADATA CORP /DE/,0000816761
1043509,SAH,SONIC AUTOMOTIVE INC,0001043509
1061630,BXMT,"BLACKSTONE MORTGAGE TRUST, INC.",0001061630
1617406,PK,Park Hotels & Resorts Inc.,0001617406
1590560,QURE,uniQure N.V.,0001590560
1595974,MGNI,"MAGNITE, INC.",0001595974
48287,HNI,HNI CORP,0000048287
99780,TRN,TRINITY INDUSTRIES INC,0000099780
1968915,PHIN,PHINIA INC.,0001968915
1817358,ASO,"Academy Sports & Outdoors, Inc.",0001817358
1826836,AYA,Aya Gold & Silver Inc.,0001826836
826675,DX,DYNEX CAPITAL INC,0000826675
1748824,AAMI,Acadian Asset Management Inc.,0001748824
46250,HWKN,HAWKINS INC,0000046250
1486749,HYPMY,Hypermarcas S.A.,0001486749
98677,TR,TOOTSIE ROLL INDUSTRIES INC,0000098677
1816736,IRON,"Disc Medicine, Inc.",0001816736
752714,MGRC,MCGRATH RENTCORP,0000752714
1063259,DNN,DENISON MINES CORP.,0001063259
1520697,ACHC,"Acadia Healthcare Company, Inc.",0001520697
1868941,FLNC,"Fluence Energy, Inc.",0001868941
1993344,AAUC,Allied Gold Corp,0001993344
2078008,VGNT,Versigent PLC,0002078008
1816581,OUST,"Ouster, Inc.",0001816581
1627223,CC,Chemours Co,0001627223
1336917,UAA,"Under Armour, Inc.",0001336917
1693256,WTTR,"Select Water Solutions, Inc.",0001693256
1362468,ALGT,Allegiant Travel CO,0001362468
936528,WAFD,WAFD INC,0000936528
2035697,PLBL,Polibeli Group Ltd,0002035697
1083839,NAD,Nuveen Quality Municipal Income Fund,0001083839
1997350,ARX,Accelerant Holdings,0001997350
1820144,GRND,Grindr Inc.,0001820144
76605,PATK,PATRICK INDUSTRIES INC,0000076605
1876183,IHS,IHS Holding Ltd,0001876183
1838406,BKV,BKV Corp,0001838406
2086587,YSS,York Space Systems Inc.,0002086587
1231346,SA,SEABRIDGE GOLD INC,0001231346
1090116,NVG,Nuveen AMT-Free Municipal Credit Income Fund,0001090116
1650132,FCPT,"Four Corners Property Trust, Inc.",0001650132
1307748,IVT,InvenTrust Properties Corp.,0001307748
1111335,VC,VISTEON CORP,0001111335
1777921,AVPT,"AvePoint, Inc.",0001777921
1829667,RGC,Regencell Bioscience Holdings Ltd,0001829667
1812477,KEEL,Keel Infrastructure Corp.,0001812477
1295401,TBBK,"Bancorp, Inc.",0001295401
1671235,BMRRY,B&M European Value Retail S.A./ADR,0001671235
1512920,SII,SPROTT INC.,0001512920
1164009,FXCNY,FIH Mobile Ltd,0001164009
1356576,SUPN,"SUPERNUS PHARMACEUTICALS, INC.",0001356576
1580808,ATEN,"A10 Networks, Inc.",0001580808
874499,GPOR,GULFPORT ENERGY CORP,0000874499
712534,FRME,FIRST MERCHANTS CORP,0000712534
1517228,VISN,"Vistance Networks, Inc.",0001517228
1745431,STNE,StoneCo Ltd.,0001745431
1776111,MBX,"MBX Biosciences, Inc.",0001776111
36146,TRMK,TRUSTMARK CORP,0000036146
921738,PENN,"PENN Entertainment, Inc.",0000921738
1517302,APAM,Artisan Partners Asset Management Inc.,0001517302
2113060,IQMX,IQM Quantum Computers Oyj,0002113060
1468748,KOD,Kodiak Sciences Inc.,0001468748
108516,WOR,"WORTHINGTON ENTERPRISES, INC.",0000108516
919012,AEO,AMERICAN EAGLE OUTFITTERS INC,0000919012
1287865,MPT,MEDICAL PROPERTIES TRUST INC,0001287865
1853860,ERO,Ero Copper Corp.,0001853860
1758488,OSW,ONESPAWORLD HOLDINGS Ltd,0001758488
1024795,HLIO,"HELIOS TECHNOLOGIES, INC.",0001024795
793074,WERN,WERNER ENTERPRISES INC,0000793074
1737706,SDRL,SEADRILL Ltd,0001737706
1611647,FRPT,"Freshpet, Inc.",0001611647
2091467,BGSI,Boyd Group Services Inc.,0002091467
1533082,EBOSY,EBOS Group Limited/ADR,0001533082
771497,ABM,ABM INDUSTRIES INC /DE/,0000771497
811589,FBNC,FIRST BANCORP /NC/,0000811589
811596,KALU,KAISER ALUMINUM CORP,0000811596
1639825,PTON,"PELOTON INTERACTIVE, INC.",0001639825
1756770,CURLF,"Curaleaf Holdings, Inc.",0001756770
887733,CENT,CENTRAL GARDEN & PET CO,0000887733
2020795,UNIT,Uniti Group Inc.,0002020795
1390478,SLS,"SELLAS Life Sciences Group, Inc.",0001390478
793952,HOG,"HARLEY-DAVIDSON, INC.",0000793952
1394832,ATS,ATS Corp /ATS,0001394832
21535,COHU,COHU INC,0000021535
766829,HTO,H2O AMERICA,0000766829
790359,NBTB,NBT BANCORP INC,0000790359
1981599,CTRI,"Centuri Holdings, Inc.",0001981599
1260729,GDV,GABELLI DIVIDEND & INCOME TRUST,0001260729
1845097,AMBP,Ardagh Metal Packaging S.A.,0001845097
1173420,NG,NOVAGOLD RESOURCES INC,0001173420
81362,KWR,QUAKER CHEMICAL CORP,0000081362
1328581,BCC,BOISE CASCADE Co,0001328581
937098,TNET,"TRINET GROUP, INC.",0000937098
55242,KMT,KENNAMETAL INC,0000055242
1459200,ALRM,"Alarm.com Holdings, Inc.",0001459200
1781755,BWIN,"Baldwin Insurance Group, Inc.",0001781755
1488813,CUBI,"Customers Bancorp, Inc.",0001488813
1472012,IMNM,Immunome Inc.,0001472012
1261654,UTI,UNIVERSAL TECHNICAL INSTITUTE INC,0001261654
818479,XRAY,DENTSPLY SIRONA Inc.,0000818479
1341335,FSM,FORTUNA MINING CORP.,0001341335
1867072,KD,"Kyndryl Holdings, Inc.",0001867072
1712807,PAGS,PagSeguro Digital Ltd.,0001712807
1756262,TMDX,"TransMedics Group, Inc.",0001756262
1620533,SHAK,Shake Shack Inc.,0001620533
821026,ANDE,"Andersons, Inc.",0000821026
1020710,DXPE,DXP ENTERPRISES INC,0001020710
2096997,KLRA,"Kailera Therapeutics, Inc.",0002096997
1563880,TRVI,"Trevi Therapeutics, Inc.",0001563880
30305,DCO,DUCOMMUN INC /DE/,0000030305
1804745,DRVN,Driven Brands Holdings Inc.,0001804745
854775,DGII,DIGI INTERNATIONAL INC,0000854775
1551306,PGNY,"Progyny, Inc.",0001551306
1801170,CLOV,"CLOVER HEALTH INVESTMENTS, CORP. /DE",0001801170
1653477,NGVT,Ingevity Corp,0001653477
1688757,ESTA,ESTABLISHMENT LABS HOLDINGS INC.,0001688757
1849635,DJT,Trump Media & Technology Group Corp.,0001849635
107140,WLY,"JOHN WILEY & SONS, INC.",0000107140
2070534,SLBT,SL Science Holding Ltd,0002070534
1406666,CALX,"CALIX, INC",0001406666
1190935,PTY,PIMCO CORPORATE & INCOME OPPORTUNITY FUND,0001190935
1108134,BBT,Beacon Financial Corp,0001108134
1419945,TNK,TEEKAY TANKERS LTD.,0001419945
763744,LCII,LCI INDUSTRIES,0000763744
1802255,GRDN,"Guardian Pharmacy Services, Inc.",0001802255
1864163,INTR,"Inter & Co, Inc.",0001864163
1364250,DEI,Douglas Emmett Inc,0001364250
882796,BCRX,BIOCRYST PHARMACEUTICALS INC,0000882796
106640,WHR,WHIRLPOOL CORP /DE/,0000106640
314489,BUSE,FIRST BUSEY CORP /NV/,0000314489
1137887,NZF,Nuveen Municipal Credit Income Fund,0001137887
1666138,ATKR,Atkore Inc.,0001666138
84748,ROG,ROGERS CORP,0000084748
1298946,DRH,DiamondRock Hospitality Co,0001298946
74303,OLN,OLIN Corp,0000074303
1365135,WU,Western Union CO,0001365135
1545057,PTXKY,PT XLSMART Telecom Sejahtera Tbk/ADR,0001545057
1342338,HIMX,"Himax Technologies, Inc.",0001342338
1589526,BLBD,Blue Bird Corp,0001589526
1819790,TARS,"Tarsus Pharmaceuticals, Inc.",0001819790
1555815,TSCFY,Tisco Financial Group Public Co Limited/ADR,0001555815
1293613,KYN,"Kayne Anderson Energy Infrastructure Fund, Inc.",0001293613
1083446,ASTH,"Astrana Health, Inc.",0001083446
1823239,MRVI,"MARAVAI LIFESCIENCES HOLDINGS, INC.",0001823239
1828365,RLX,RLX Technology Inc.,0001828365
1933414,MLYS,"Mineralys Therapeutics, Inc.",0001933414
1309167,AEGXF,Aecon Group Inc.,0001309167
1560968,SMSGY,Samsonite International SA/ADR,0001560968
1514416,BAND,Bandwidth Inc.,0001514416
78814,PBI,PITNEY BOWES INC /DE/,0000078814
1527636,ATHM,Autohome Inc.,0001527636
1653242,NTB,Bank of N.T. Butterfield & Son Ltd,0001653242
1362988,AYR,Aircastle LTD,0001362988
1886428,SLDE,"Slide Insurance Holdings, Inc.",0001886428
1845815,PAYO,Payoneer Global Inc.,0001845815
1709682,CTOS,"Custom Truck One Source, Inc.",0001709682
1025835,EFSC,ENTERPRISE FINANCIAL SERVICES CORP,0001025835
1277866,EXK,ENDEAVOUR SILVER CORP,0001277866
1844452,LUNR,"Intuitive Machines, Inc.",0001844452
1599617,DNOW,DNOW Inc.,0001599617
1526243,PPTA,PERPETUA RESOURCES CORP.,0001526243
1262976,CMPR,CIMPRESS plc,0001262976
1549595,NRIX,"Nurix Therapeutics, Inc.",0001549595
1830487,PHVS,Pharvaris N.V.,0001830487
1519449,SKWD,"Skyward Specialty Insurance Group, Inc.",0001519449
1439222,AGIO,"AGIOS PHARMACEUTICALS, INC.",0001439222
1724965,TALO,TALOS ENERGY INC.,0001724965
1601548,VVX,"V2X, Inc.",0001601548
1369241,DAC,Danaos Corp,0001369241
1819810,RDW,Redwire Corp,0001819810
946673,BANR,BANNER CORP,0000946673
354707,HE,HAWAIIAN ELECTRIC INDUSTRIES INC,0000354707
1022408,PLUS,EPLUS INC,0001022408
1798562,TMC,TMC the metals Co Inc.,0001798562
1901279,NYAX,Nayax Ltd.,0001901279
1340736,ETY,Eaton Vance Tax-Managed Diversified Equity Income Fund,0001340736
1561861,AERO,"Grupo Aeromexico, S.A.B. de C.V.",0001561861
1380936,GOF,GUGGENHEIM STRATEGIC OPPORTUNITIES FUND,0001380936
733269,RAMP,"LiveRamp Holdings, Inc.",0000733269
1092699,SPSC,SPS COMMERCE INC,0001092699
1400810,HCI,"HCI Group, Inc.",0001400810
887359,VCEL,Vericel Corp,0000887359
1409970,HAPN,"Happen, Inc.",0001409970
906709,NKTR,NEKTAR THERAPEUTICS,0000906709
1120914,PDFS,PDF SOLUTIONS INC,0001120914
835324,SYBT,"Stock Yards Bancorp, Inc.",0000835324
814083,CLM,"Cornerstone Strategic Investment Fund, Inc.",0000814083
1848763,RNW,ReNew Energy Global plc,0001848763
1158895,LMAT,LEMAITRE VASCULAR INC,0001158895
1295947,PBH,Prestige Consumer Healthcare Inc.,0001295947
1040470,AEHR,AEHR TEST SYSTEMS,0001040470
1266585,NMZ,NUVEEN MUNICIPAL HIGH INCOME OPPORTUNITY FUND,0001266585
1884082,PSNY,Polestar Automotive Holding UK PLC,0001884082
1935979,BHVN,Biohaven Ltd.,0001935979
891014,MTX,MINERALS TECHNOLOGIES INC,0000891014
2007825,INFQ,"Infleqtion, Inc.",0002007825
1046568,PRDO,PERDOCEO EDUCATION Corp,0001046568
1978867,CDLR,Cadeler A/S,0001978867
1265131,HTH,Hilltop Holdings Inc.,0001265131
1123134,IMOS,CHIPMOS TECHNOLOGIES INC,0001123134
1717161,CEPU,CENTRAL PUERTO S.A.,0001717161
1723596,CLBK,"Columbia Financial, Inc.",0001723596
1564902,PRKS,United Parks & Resorts Inc.,0001564902
907242,MCRI,MONARCH CASINO & RESORT INC,0000907242
1629019,MBIN,Merchants Bancorp,0001629019
2068385,SHAZ,SharonAI Holdings Inc.,0002068385
1464521,HTFL,"Heartflow, Inc.",0001464521
804116,RVT,"ROYCE SMALL-CAP TRUST, INC.",0000804116
1471265,NWBI,"Northwest Bancshares, Inc.",0001471265
903651,INOD,INNODATA INC,0000903651
1964954,ECO,Okeanis Eco Tankers Corp.,0001964954
1508475,VNET,"VNET Group, Inc.",0001508475
944148,CBZ,"CBIZ, Inc.",0000944148
1704292,ZLAB,Zai Lab Ltd,0001704292
845877,AGM,FEDERAL AGRICULTURAL MORTGAGE CORP,0000845877
2035149,FLOC,Flowco Holdings Inc.,0002035149
1576789,WIX,Wix.com Ltd.,0001576789
1104485,NOG,"NORTHERN OIL & GAS, INC.",0001104485
885245,BKE,BUCKLE INC,0000885245
1580560,FLYW,Flywire Corp,0001580560
1565687,INTA,"Intapp, Inc.",0001565687
1980088,MNR,MACH NATURAL RESOURCES LP,0001980088
1636639,PLGO,Pelagos Insurance Capital Ltd,0001636639
1583648,PVLA,"PALVELLA THERAPEUTICS, INC.",0001583648
1612720,NEXT,NextDecade Corp,0001612720
2013649,CHA,Chagee Holdings Ltd.,0002013649
1345099,MESO,MESOBLAST LTD,0001345099
814453,NWL,NEWELL BRANDS INC.,0000814453
1428205,ARR,"Armour Residential REIT, Inc.",0001428205
1733998,NWN,Northwest Natural Holding Co,0001733998
890541,BLX,"FOREIGN TRADE BANK OF LATIN AMERICA, INC.",0000890541
921582,IMAX,IMAX CORP,0000921582
1075415,DHC,DIVERSIFIED HEALTHCARE TRUST,0001075415
1415921,NMM,Navios Maritime Partners L.P.,0001415921
1393434,OCUL,"OCULAR THERAPEUTIX, INC",0001393434
850141,HMN,HORACE MANN EDUCATORS CORP /DE/,0000850141
1295810,SHO,"Sunstone Hotel Investors, Inc.",0001295810
1030469,OFG,OFG BANCORP,0001030469
1395937,SNDX,Syndax Pharmaceuticals Inc,0001395937
1590750,VRDN,"Viridian Therapeutics, Inc.\DE",0001590750
1474098,PEB,Pebblebrook Hotel Trust,0001474098
42682,GRC,GORMAN RUPP CO,0000042682
94344,STC,STEWART INFORMATION SERVICES CORP,0000094344
2042556,SPGNY,Springer Nature AG & Co. KGaA/ADR,0002042556
1760854,NBTX,Nanobiotix S.A.,0001760854
711377,NEOG,NEOGEN CORP,0000711377
1052752,GTY,GETTY REALTY CORP /MD/,0001052752
1865631,NN,NEXTNAV INC.,0001865631
2081043,ATAI,AtaiBeckley Inc.,0002081043
1798100,NTST,NETSTREIT Corp.,0001798100
926326,OMCL,"OMNICELL, INC.",0000926326
2100161,BXDC,Blackstone Digital Infrastructure Trust Inc.,0002100161
805928,AXGN,"Axogen, Inc.",0000805928
819793,AIN,ALBANY INTERNATIONAL CORP /DE/,0000819793
712537,FCF,FIRST COMMONWEALTH FINANCIAL CORP /PA/,0000712537
1340677,SVM,SILVERCORP METALS INC,0001340677
1703057,ABCL,AbCellera Biologics Inc.,0001703057
1600620,AUPH,Aurinia Pharmaceuticals Inc.,0001600620
1307954,HUN,Huntsman CORP,0001307954
1811063,NUVB,Nuvation Bio Inc.,0001811063
888746,CCU,UNITED BREWERIES CO INC,0000888746
1368514,ADMA,"ADMA BIOLOGICS, INC.",0001368514
1253327,EVT,Eaton Vance Tax-Advantaged Dividend Income Fund,0001253327
1832511,PIII,P3 Health Partners Inc.,0001832511
1802665,HRMY,"Harmony Biosciences Holdings, Inc.",0001802665
887905,LTC,LTC PROPERTIES INC,0000887905
1832332,AVAH,"Aveanna Healthcare Holdings, Inc.",0001832332
2085187,BOBS,"Bob's Discount Furniture, Inc.",0002085187
1806837,VERX,"Vertex, Inc.",0001806837
1304492,ATEX,Anterix Inc.,0001304492
1500412,AMBQ,"Ambiq Micro, Inc.",0001500412
1768666,BSTZ,BlackRock Science & Technology Term Trust,0001768666
1468328,ADUS,Addus HomeCare Corp,0001468328
1831097,AGL,"agilon health, inc.",0001831097
1475841,NBHC,National Bank Holdings Corp,0001475841
1054905,IOSP,INNOSPEC INC.,0001054905
2123613,KARD,"Kardigan, Inc.",0002123613
893949,MD,"Pediatrix Medical Group, Inc.",0000893949
1658551,AMLX,"Amylyx Pharmaceuticals, Inc.",0001658551
1381640,MLCO,Melco Resorts & Entertainment LTD,0001381640
1867729,WRD,WeRide Inc.,0001867729
1951070,MH,"McGraw Hill, Inc.",0001951070
2036042,SION,"Sionna Therapeutics, Inc.",0002036042
1024305,COTY,COTY INC.,0001024305
876523,EZPW,EZCORP INC,0000876523
2012593,RAPP,"Rapport Therapeutics, Inc.",0002012593
1619762,BRSL,Brightstar Lottery PLC,0001619762
1158463,JBLU,JETBLUE AIRWAYS CORP,0001158463
1804176,BFLY,"Butterfly Network, Inc.",0001804176
1616000,XHR,"Xenia Hotels & Resorts, Inc.",0001616000
1845840,TSAT,Telesat Corp,0001845840
897077,ALG,ALAMO GROUP INC,0000897077
1826457,GLUE,"Monte Rosa Therapeutics, Inc.",0001826457
1718405,HYMC,HYCROFT MINING HOLDING CORP,0001718405
1050377,CNXN,PC CONNECTION INC,0001050377
34782,SRCE,1ST SOURCE CORP,0000034782
1967649,VSTS,Vestis Corp,0001967649
1704715,AMR,"Alpha Metallurgical Resources, Inc.",0001704715
1288847,FIVN,"Five9, Inc.",0001288847
1863127,TYRA,"Tyra Biosciences, Inc.",0001863127
2088281,MFP,"Midera Food Processing, Inc.",0002088281
1500217,AAT,"American Assets Trust, Inc.",0001500217
1999001,FUN,Six Flags Entertainment Corporation/NEW,0001999001
1534675,TGLS,Tecnoglass Inc.,0001534675
1504461,NGL,NGL Energy Partners LP,0001504461
1421876,LKFT,Lakefront Biotherapeutics NV,0001421876
1084961,ECPG,ENCORE CAPITAL GROUP INC,0001084961
1530721,CPRI,Capri Holdings Ltd,0001530721
109177,SPB,"Spectrum Brands Holdings, Inc.",0000109177
1638833,SGRY,"Surgery Partners, Inc.",0001638833
105418,WMK,WEIS MARKETS INC,0000105418
1648257,HCM,HUTCHMED (China) Ltd,0001648257
2114044,COAG,"Hemab Therapeutics Holdings, Inc.",0002114044
1750704,HAWK,"HawkEye 360, Inc.",0001750704
1853145,EVCM,EverCommerce Inc.,0001853145
1902733,NCNO,"nCino, Inc.",0001902733
1462120,LOB,"Live Oak Bancshares, Inc.",0001462120
1668243,URGN,UroGen Pharma Ltd.,0001668243
907471,CASH,"PATHWARD FINANCIAL, INC.",0000907471
1084048,ZD,"ZIFF DAVIS, INC.",0001084048
715787,TILE,INTERFACE INC,0000715787
2094433,RMIX,"Suncrete, Inc.",0002094433
873303,SRPT,"Sarepta Therapeutics, Inc.",0000873303
812801,NUV,NUVEEN MUNICIPAL VALUE FUND INC,0000812801
1992243,TE,T1 Energy Inc.,0001992243
1013934,STRA,"Strategic Education, Inc.",0001013934
1370053,ANAB,"ANAPTYSBIO, INC",0001370053
42582,GT,GOODYEAR TIRE & RUBBER CO /OH/,0000042582
2104204,ALMR,"Alamar Biosciences, Inc.",0002104204
876883,STGW,Stagwell Inc,0000876883
726854,CHCO,CITY HOLDING CO,0000726854
1074952,NAC,Nuveen California Quality Municipal Income Fund,0001074952
789460,WKC,WORLD KINECT CORP,0000789460
356171,TCBK,TRICO BANCSHARES /,0000356171
1595761,WB,WEIBO Corp,0001595761
2091017,SSMR,Sunshine Silver Mining & Refining Co,0002091017
1713930,NEXA,Nexa Resources S.A.,0001713930
1788451,LIFE,Ethos Technologies Inc.,0001788451
1043000,SNDA,"SONIDA SENIOR LIVING, INC.",0001043000
1652130,NTLA,"Intellia Therapeutics, Inc.",0001652130
1576940,CCS,"Century Communities, Inc.",0001576940
1758009,QUBT,Quantum Computing Inc.,0001758009
99614,TY,TRI-CONTINENTAL Corp,0000099614
1539638,TFIN,"Triumph Financial, Inc.",0001539638
2070457,XXI,"Twenty One Capital, Inc.",0002070457
1441683,APPN,APPIAN CORP,0001441683
2023658,BCAX,Bicara Therapeutics Inc.,0002023658
1526113,GNL,"Global Net Lease, Inc.",0001526113
1677576,IIPR,INNOVATIVE INDUSTRIAL PROPERTIES INC,0001677576
1798618,PDO,PIMCO Dynamic Income Opportunities Fund,0001798618
2126198,XPRO,Expro Ltd,0002126198
1529274,ALKT,"ALKAMI TECHNOLOGY, INC.",0001529274
1503584,CMRE,Costamare Inc.,0001503584
1585389,SMA,"SmartStop Self Storage REIT, Inc.",0001585389
1077183,NEO,NEOGENOMICS INC,0001077183
1800315,DMRA,"Damora Therapeutics, Inc.",0001800315
1023024,ANIP,ANI PHARMACEUTICALS INC,0001023024
1984060,AESI,Atlas Energy Solutions Inc.,0001984060
885639,KSS,KOHLS Corp,0000885639
2096861,SIND,Sinda Ltd.,0002096861
1855129,GHRS,GH Research PLC,0001855129
799195,USA,LIBERTY ALL STAR EQUITY FUND,0000799195
1623526,STOK,"Stoke Therapeutics, Inc.",0001623526
914156,UFPT,UFP TECHNOLOGIES INC,0000914156
1356090,PGEN,"PRECIGEN, INC.",0001356090
1937653,ZYME,Zymeworks Inc.,0001937653
871763,MAN,ManpowerGroup Inc.,0000871763
2100782,GENB,"Generate Biomedicines, Inc.",0002100782
1785680,BVC,BitVentures Ltd,0001785680
1645113,NVCR,NovoCure Ltd,0001645113
1314727,SONO,Sonos Inc,0001314727
1816590,CMPS,COMPASS Pathways plc,0001816590
1443669,PRLB,Proto Labs Inc,0001443669
1737450,OPRA,Opera Ltd,0001737450
1818331,WGS,GeneDx Holdings Corp.,0001818331
1808834,PRG,"PROG Holdings, Inc.",0001808834
1559865,EVTC,"EVERTEC, Inc.",0001559865
1023512,DRD,DRDGOLD LTD,0001023512
1726978,GSHD,"Goosehead Insurance, Inc.",0001726978
1022321,GEL,GENESIS ENERGY LP,0001022321
2073620,PAEXY,Parex Resources Inc./ADR,0002073620
1042893,INVX,"Innovex International, Inc.",0001042893
2023311,AAPG,ASCENTAGE PHARMA GROUP INTERNATIONAL,0002023311
895419,WOLF,"WOLFSPEED, INC.",0000895419
1811210,LCID,"Lucid Group, Inc.",0001811210
1819928,DV,"DoubleVerify Holdings, Inc.",0001819928
1000753,NSP,"INSPERITY, INC.",0001000753
1828102,KARO,Karooooo Ltd.,0001828102
1289848,HURN,Huron Consulting Group Inc.,0001289848
1270523,ETG,Eaton Vance Tax-Advantaged Global Dividend Income Fund,0001270523
1477720,ASAN,"Asana, Inc.",0001477720
714395,GABC,"GERMAN AMERICAN BANCORP, INC.",0000714395
1625101,PLSE,"PULSE BIOSCIENCES, INC.",0001625101
1601830,RXRX,"RECURSION PHARMACEUTICALS, INC.",0001601830
1788060,VOYG,"Voyager Technologies, Inc./TX",0001788060
1825570,PAX,Patria Investments Ltd,0001825570
6955,EPAC,ENERPAC TOOL GROUP CORP,0000006955
885590,BHC,Bausch Health Companies Inc.,0000885590
1831651,SHLS,"Shoals Technologies Group, Inc.",0001831651
1511337,RLJ,RLJ Lodging Trust,0001511337
1596993,LPG,DORIAN LPG LTD.,0001596993
1754195,TRLV,Trulieve Cannabis Corp.,0001754195
1322436,ETV,Eaton Vance Tax-Managed Buy-Write Opportunities Fund,0001322436
1128928,FLO,FLOWERS FOODS INC,0001128928
1512499,LIND,"LINDBLAD EXPEDITIONS HOLDINGS, INC.",0001512499
794685,GAB,GABELLI EQUITY TRUST INC,0000794685
719220,STBA,S&T BANCORP INC,0000719220
846617,DCOM,"Dime Commercial Bancshares, Inc. /NY/",0000846617
2095292,BVENY,Brava Energia S.A.,0002095292
102426,STEW,"SRH Total Return Fund, Inc.",0000102426
1411579,AMC,"AMC ENTERTAINMENT HOLDINGS, INC.",0001411579
1425205,IOVA,"IOVANCE BIOTHERAPEUTICS, INC.",0001425205
1746618,RVLV,"Revolve Group, Inc.",0001746618
949870,SAM,BOSTON BEER CO INC,0000949870
1411342,EFC,Ellington Financial Inc.,0001411342
1953926,ZBIO,"Zenas BioPharma, Inc.",0001953926
1712189,TH,Target Hospitality Corp.,0001712189
921557,RBCAA,REPUBLIC BANCORP INC /KY/,0000921557
1323885,ATRC,"AtriCure, Inc.",0001323885
1834489,GENI,Genius Sports Ltd,0001834489
886128,FCEL,FUELCELL ENERGY INC,0000886128
810136,PLAB,PHOTRONICS INC,0000810136
1526491,GUYGF,G2 Goldfields Inc.,0001526491
2094100,MDCOY,PT Medco Energi Internasional Tbk/ADR,0002094100
1018164,WLFC,WILLIS LEASE FINANCE CORP,0001018164
1508478,ARCO,Arcos Dorados Holdings Inc.,0001508478
1522540,MQ,"Marqeta, Inc.",0001522540
1666134,BL,"BLACKLINE, INC.",0001666134
1672688,ABSI,Absci Corp,0001672688
1332283,BDJ,BlackRock Enhanced Equity Dividend Trust,0001332283
1128361,HOPE,HOPE BANCORP INC,0001128361
880807,AMSC,AMERICAN SUPERCONDUCTOR CORP /DE/,0000880807
1671927,IMCR,Immunocore Holdings plc,0001671927
50493,IMKTA,INGLES MARKETS INC,0000050493
932695,CYD,CHINA YUCHAI INTERNATIONAL LTD,0000932695
1965040,FTRE,Fortrea Holdings Inc.,0001965040
1045986,FORTY,FORMULA SYSTEMS (1985) LTD,0001045986
1770069,MPLT,"MapLight Therapeutics, Inc.",0001770069
860748,KMPR,KEMPER Corp,0000860748
1541401,ESRT,"Empire State Realty Trust, Inc.",0001541401
1702750,BY,"BYLINE BANCORP, INC.",0001702750
26058,CTS,CTS CORP,0000026058
80035,PLPC,PREFORMED LINE PRODUCTS CO,0000080035
1497770,WD,"Walker & Dunlop, Inc.",0001497770
1968487,WS,"Worthington Steel, Inc.",0001968487
1781753,DAO,"Youdao, Inc.",0001781753
1286613,LINC,LINCOLN EDUCATIONAL SERVICES CORP,0001286613
1809541,BCAT,BlackRock Capital Allocation Term Trust,0001809541
1821586,MLTX,MoonLake Immunotherapeutics,0001821586
1323468,GLP,GLOBAL PARTNERS LP,0001323468
2064947,WBI,WaterBridge Infrastructure LLC,0002064947
1806310,TSHA,"Taysha Gene Therapies, Inc.",0001806310
1772253,FLNG,Flex LNG Ltd.,0001772253
1830081,RUM,RUM Group Inc.,0001830081
1477449,TDOC,"Teladoc Health, Inc.",0001477449
1004702,OCFC,OCEANFIRST FINANCIAL CORP,0001004702
1699963,LIME,"Neutron Holdings, Inc.",0001699963
1795139,GTBIF,Green Thumb Industries Inc.,0001795139
1616678,BST,BlackRock Science & Technology Trust,0001616678
1842295,MAZE,"Maze Therapeutics, Inc.",0001842295
1680247,PUMP,ProPetro Holding Corp.,0001680247
731012,HCSG,HEALTHCARE SERVICES GROUP INC,0000731012
1709442,FSUN,FIRSTSUN CAPITAL BANCORP,0001709442
2080921,APC,ARKO Petroleum Corp.,0002080921
1622629,SXGCF,Southern Cross Gold Consolidated Ltd.,0001622629
1508655,TSLX,"Sixth Street Specialty Lending, Inc.",0001508655
1746109,BFC,Bank First Corp,0001746109
1157842,RQI,COHEN & STEERS QUALITY INCOME REALTY FUND INC,0001157842
1651562,COUR,"Coursera, Inc.",0001651562
1630805,BW,"Babcock & Wilcox Enterprises, Inc.",0001630805
1846576,FIGS,"FIGS, Inc.",0001846576
712771,CNOB,"ConnectOne Bancorp, Inc.",0000712771
2090646,BRUN,Boost Run Inc.,0002090646
1526520,TRIP,"TripAdvisor, Inc.",0001526520
910612,CBL,CBL & ASSOCIATES PROPERTIES INC,0000910612
1080014,INVA,"Innoviva, Inc.",0001080014
2110117,ITG,"ITG, Inc./DE/",0002110117
1706431,VIR,"Vir Biotechnology, Inc.",0001706431
1651717,NOMD,Nomad Foods Ltd,0001651717
2082141,AVVSY,Avio S.p.A./ADR,0002082141
1786108,TRIN,Trinity Capital Inc.,0001786108
906465,QCRH,QCR HOLDINGS INC,0000906465
1603015,VIA,"Via Transportation, Inc.",0001603015
1710155,EYE,"National Vision Holdings, Inc.",0001710155
1432364,AZUL,AZUL SA,0001432364
2032966,TIC,"TIC Solutions, Inc.",0002032966
1657788,KRP,"Kimbell Royalty Partners, LP",0001657788
1834376,INNV,InnovAge Holding Corp.,0001834376
1864843,ECAT,BlackRock ESG Capital Allocation Term Trust,0001864843
1819974,SKYT,"SkyWater Technology, Inc",0001819974
1516912,OBK,"Origin Bancorp, Inc.",0001516912
1527753,PSNL,"Personalis, Inc.",0001527753
1899287,AMPX,"Amprius Technologies, Inc.",0001899287
18748,CET,CENTRAL SECURITIES CORP,0000018748
744187,REX,REX AMERICAN RESOURCES Corp,0000744187
1290677,TPB,"Turning Point Brands, Inc.",0001290677
1984086,SEPN,"Septerna, Inc.",0001984086
1805077,EOSE,"Eos Energy Enterprises, Inc.",0001805077
1005731,IDT,IDT CORP,0001005731
40417,GAM,GENERAL AMERICAN INVESTORS CO INC,0000040417
1406587,FOR,Forestar Group Inc.,0001406587
1360214,HROW,"HARROW, INC.",0001360214
1667011,AIP,"Arteris, Inc.",0001667011
57131,LZB,LA-Z-BOY INC,0000057131
876167,PRGS,PROGRESS SOFTWARE CORP /MA,0000876167
1822492,HLMN,Hillman Solutions Corp.,0001822492
1997859,WBTN,WEBTOON Entertainment Inc.,0001997859
1868279,AVBP,"ArriVent BioPharma, Inc.",0001868279
1873951,XZO,"Exzeo Group, Inc.",0001873951
1828016,PLTK,Playtika Holding Corp.,0001828016
1509991,KOS,Kosmos Energy Ltd.,0001509991
721994,LKFN,LAKELAND FINANCIAL CORP,0000721994
1883085,PGY,Pagaya Technologies Ltd.,0001883085
1764046,CLVT,CLARIVATE PLC,0001764046
1840502,TBLA,Taboola.com Ltd.,0001840502
1856485,SLVM,Sylvamo Corp,0001856485
46129,ALNT,ALLIENT INC,0000046129
1670541,ADNT,Adient plc,0001670541
1293135,VET,VERMILION ENERGY INC.,0001293135
1437424,POET,POET TECHNOLOGIES INC.,0001437424
1289877,SFL,SFL Corp Ltd.,0001289877
1688568,DXC,DXC Technology Co,0001688568
1741530,QFIN,"Qfin Holdings, Inc.",0001741530
1841644,PICS,PicS N.V.,0001841644
74046,ODC,Oil-Dri Corp of America,0000074046
1499505,AGRO,Adecoagro S.A.,0001499505
1836981,BBAI,"BigBear.ai Holdings, Inc.",0001836981
17313,CSWC,CAPITAL SOUTHWEST CORP,0000017313
1608741,QQQX,Nuveen NASDAQ 100 Dynamic Overwrite Fund,0001608741
1430725,GSL,"Global Ship Lease, Inc.",0001430725
1784535,PRCH,"Porch Group, Inc.",0001784535
1217234,CDNA,"CareDx, Inc.",0001217234
1464343,ATLC,Atlanticus Holdings Corp,0001464343
1553079,ESBA,"Empire State Realty OP, L.P.",0001553079
58492,LEG,LEGGETT & PLATT INC,0000058492
1670076,ULCC,"Frontier Group Holdings, Inc.",0001670076
1712184,LILA,Liberty Latin America Ltd.,0001712184
923120,GBX,GREENBRIER COMPANIES INC,0000923120
851310,HLIT,HARMONIC INC.,0000851310
1311307,LNXSY,LANXESS AG,0001311307
97134,TNC,TENNANT CO,0000097134
1883313,SVV,"Savers Value Village, Inc.",0001883313
1487952,VPG,"Vishay Precision Group, Inc.",0001487952
842633,TRS,TRIMAS CORP,0000842633
1777835,PWP,Perella Weinberg Partners,0001777835
2078856,PURR,Hyperliquid Strategies Inc,0002078856
1528437,BTT,BlackRock Municipal 2030 Target Term Trust,0001528437
1481582,RYZ,Ryerson Holding Corp,0001481582
821002,GIII,G III APPAREL GROUP LTD /DE/,0000821002
1879016,IE,Ivanhoe Electric Inc.,0001879016
1803599,CNXC,Concentrix Corp,0001803599
110471,WWW,WOLVERINE WORLD WIDE INC /DE/,0000110471
1825088,DFH,"Dream Finders Homes, Inc.",0001825088
884219,PRSU,"Pursuit Attractions & Hospitality, Inc.",0000884219
1867096,XERS,"Xeris Biopharma Holdings, Inc.",0001867096
1420800,ENOV,Enovis CORP,0001420800
1260563,NFJ,"Virtus Dividend, Interest & Premium Strategy Fund",0001260563
1772016,BRBR,"BELLRING BRANDS, INC.",0001772016
799167,MRTN,MARTEN TRANSPORT LTD,0000799167
912892,TV,"GRUPO TELEVISA, S.A.B.",0000912892
1736946,ARLO,"Arlo Technologies, Inc.",0001736946
2035832,AKTS,"Aktis Oncology, Inc.",0002035832
2074850,GFUZ,General Fusion Group Ltd.,0002074850
1345016,YELP,YELP INC,0001345016
66382,MLKN,"MILLERKNOLL, INC.",0000066382
1964333,BHRB,Burke & Herbert Financial Services Corp.,0001964333
1609550,INSP,"Inspire Medical Systems, Inc.",0001609550
1877184,KMTS,"KESTRA MEDICAL TECHNOLOGIES, LTD.",0001877184
785956,JJSF,J&J SNACK FOODS CORP,0000785956
30697,WEN,Wendy's Co,0000030697
1577526,AI,"C3.ai, Inc.",0001577526
917520,IART,INTEGRA LIFESCIENCES HOLDINGS CORP,0000917520
1620393,NXRT,"NexPoint Residential Trust, Inc.",0001620393
2079999,CDNL,Cardinal Infrastructure Group Inc.,0002079999
3499,ALX,ALEXANDERS INC,0000003499
1000694,NVAX,NOVAVAX INC,0001000694
1286973,USAS,Americas Gold & Silver Corp,0001286973
1632790,ENR,"ENERGIZER HOLDINGS, INC.",0001632790
866829,HLX,HELIX ENERGY SOLUTIONS GROUP INC,0000866829
844965,TTI,TETRA TECHNOLOGIES INC,0000844965
834365,BLFS,BIOLIFE SOLUTIONS INC,0000834365
1060822,CRI,CARTERS INC,0001060822
1222401,HYT,"BLACKROCK CORPORATE HIGH YIELD FUND, INC.",0001222401
1823608,AMAL,Amalgamated Financial Corp.,0001823608
1830033,PCT,"PureCycle Technologies, Inc.",0001830033
1467760,ARI,"Apollo Commercial Real Estate Finance, Inc.",0001467760
311094,WABC,WESTAMERICA BANCORPORATION,0000311094
1518621,ORC,"Orchid Island Capital, Inc.",0001518621
318300,PEBO,PEOPLES BANCORP INC,0000318300
1766400,PNTG,"Pennant Group, Inc.",0001766400
1280058,BLKB,BLACKBAUD INC,0001280058
1725255,AHCO,AdaptHealth Corp.,0001725255
1392326,CCEC,Capital Clean Energy Carriers Corp.,0001392326
1362004,ICFI,"ICF International, Inc.",0001362004
1350653,ATEC,"Alphatec Holdings, Inc.",0001350653
1611115,OMDA,"Omada Health, Inc.",0001611115
1524566,WLTH,WEALTHFRONT CORP,0001524566
1580670,LGIH,"LGI Homes, Inc.",0001580670
1493507,SFDMY,Shanghai Fudan Microelectronics Co Limited/ADR/,0001493507
1585364,PRGO,PERRIGO Co plc,0001585364
1368458,SBH,"Sally Beauty Holdings, Inc.",0001368458
718937,STAA,STAAR SURGICAL CO,0000718937
1049659,SID,NATIONAL STEEL CO,0001049659
1557860,GLOB,Globant S.A.,0001557860
908315,WINA,WINMARK CORP,0000908315
1715497,BORR,Borr Drilling Ltd,0001715497
1823306,LSPD,Lightspeed Commerce Inc.,0001823306
1756655,ARDT,"Ardent Health, Inc.",0001756655
2007919,INBX,"Inhibrx Biosciences, Inc.",0002007919
1789029,AEVA,"Aeva Technologies, Inc.",0001789029
37785,FMC,FMC CORP,0000037785
101199,UFCS,UNITED FIRE GROUP INC,0000101199
1047340,DMC,DEL MONTE CORP,0001047340
748268,RCAT,"Red Cat Holdings, Inc.",0000748268
1708035,ECVT,Ecovyst Inc.,0001708035
1857475,DOLE,Dole plc,0001857475
1848309,SGML,Sigma Lithium Corp,0001848309
1569345,CXM,"Sprinklr, Inc.",0001569345
1969796,EBCRY,Embracer Group AB/ADR,0001969796
1734713,BV,"BrightView Holdings, Inc.",0001734713
1005817,TMP,TOMPKINS FINANCIAL CORP,0001005817
1857816,GCT,GigaCloud Technology Inc,0001857816
1001385,NWPX,"NWPX Infrastructure, Inc.",0001001385
1818502,OPFI,OppFi Inc.,0001818502
1000177,NAT,NORDIC AMERICAN TANKERS Ltd,0001000177
1711375,LOMA,Loma Negra Compania Industrial Argentina Sociedad Anonima,0001711375
1782524,MSDL,Morgan Stanley Direct Lending Fund,0001782524
1702318,AHG,Akso Health Group,0001702318
1094366,RDWR,RADWARE LTD,0001094366
1069899,PAHC,PHIBRO ANIMAL HEALTH CORP,0001069899
350852,CTBI,COMMUNITY TRUST BANCORP INC /KY/,0000350852
752642,UMH,"UMH PROPERTIES, INC.",0000752642
1172358,DMLP,"DORCHESTER MINERALS, L.P.",0001172358
1171486,NRP,NATURAL RESOURCE PARTNERS LP,0001171486
1488139,AMRC,"Ameresco, Inc.",0001488139
2019103,SLSR,Solaris Resources Inc.,0002019103
933267,IRS,IRSA INVESTMENTS & REPRESENTATIONS INC,0000933267
1180262,HLF,HERBALIFE LTD.,0001180262
1581804,NVGS,Navigator Holdings Ltd.,0001581804
1286139,LZ,"LEGALZOOM.COM, INC.",0001286139
94049,SCL,STEPAN CO,0000094049
1798749,JBIO,"Jade Biosciences, Inc.",0001798749
1013488,BJRI,BJs RESTAURANTS INC,0001013488
1771007,AFYA,Afya Ltd,0001771007
1866692,AMPL,"Amplitude, Inc.",0001866692
792987,ASTE,ASTEC INDUSTRIES INC,0000792987
812074,OI,"O-I Glass, Inc. /DE/",0000812074
1573221,REAL,"TheRealReal, Inc.",0001573221
945114,GIC,GLOBAL INDUSTRIAL Co,0000945114
319654,PBT,PERMIAN BASIN ROYALTY TRUST,0000319654
742278,RES,RPC INC,0000742278
700565,FMBH,"FIRST MID BANCSHARES, INC.",0000700565
1525221,VTOL,Bristow Group Inc.,0001525221
703604,DSGR,"Distribution Solutions Group, Inc.",0000703604
69633,NSSC,"NAPCO SECURITY TECHNOLOGIES, INC",0000069633
1540171,AVLN,Avalyn Pharma Inc.,0001540171
1809196,IMTX,Immatics N.V.,0001809196
1437402,ARDX,"ARDELYX, INC.",0001437402
1465740,TWO,TWO HARBORS INVESTMENT CORP.,0001465740
1859836,YSWY,"Yesway, Inc.",0001859836
102037,UVV,UNIVERSAL CORP /VA/,0000102037
1096752,EPC,EDGEWELL PERSONAL CARE Co,0001096752
1577670,LADR,Ladder Capital Corp,0001577670
816956,CNMD,CONMED Corp,0000816956
716314,GHM,GRAHAM CORP,0000716314
1637873,ACVA,ACV Auctions Inc.,0001637873
1579684,TDAY,"USA TODAY Co., Inc.",0001579684
907254,BFS,"SAUL CENTERS, INC.",0000907254
1566388,DSL,DoubleLine Income Solutions Fund,0001566388
1142750,AMN,AMN HEALTHCARE SERVICES INC,0001142750
791963,OPY,OPPENHEIMER HOLDINGS INC,0000791963
1492165,PFBC,Preferred Bank,0001492165
1843181,NBXG,Neuberger Next Generation Connectivity Fund Inc.,0001843181
1425292,UAN,"CVR PARTNERS, LP",0001425292
1626971,CRVS,"Corvus Pharmaceuticals, Inc.",0001626971
1276533,JFR,NUVEEN FLOATING RATE INCOME FUND,0001276533
2054507,HBNB,Hotel101 Global Holdings Corp.,0002054507
1479681,NUTX,Nutex Health Inc.,0001479681
1227654,CMP,COMPASS MINERALS INTERNATIONAL INC,0001227654
1981535,SBET,"Sharplink, Inc.",0001981535
1163739,NBR,NABORS INDUSTRIES LTD,0001163739
899460,MNKD,MANNKIND CORP,0000899460
912562,ROCK,"GIBRALTAR INDUSTRIES, INC.",0000912562
1767258,XPEL,"XPEL, Inc.",0001767258
1062231,DCH,Dauch Corp,0001062231
71829,NPKI,NPK International Inc.,0000071829
1860543,CDRE,"Cadre Holdings, Inc.",0001860543
2042022,WYFI,"WhiteFiber, Inc.",0002042022
1046025,HFWA,HERITAGE FINANCIAL CORP /WA/,0001046025
1726173,BH-A,Biglari Holdings Inc.,0001726173
1810019,RXT,"Rackspace Technology, Inc.",0001810019
1334978,CCO,"Clear Channel Outdoor Holdings, Inc.",0001334978
1005210,SPH,SUBURBAN PROPANE PARTNERS LP,0001005210
2091349,TRAX,"First Tracks Biotherapeutics, Inc.",0002091349
933036,UPBD,"UPBOUND GROUP, INC.",0000933036
1235468,LQDT,LIQUIDITY SERVICES INC,0001235468
102212,UVSP,UNIVEST FINANCIAL Corp,0000102212
1490978,SDGR,"Schrodinger, Inc.",0001490978
1437958,CCB,COASTAL FINANCIAL CORP,0001437958
1600222,PXED,"Phoenix Education Partners, Inc.",0001600222
1584297,MNSKY,MoneySupermarket.com Group PLC/ADR,0001584297
1166663,TEN,TSAKOS ENERGY NAVIGATION LTD,0001166663
1133869,CAPR,"CAPRICOR THERAPEUTICS, INC.",0001133869
1476034,MCB,Metropolitan Bank Holding Corp.,0001476034
1309402,GPRE,Green Plains Inc.,0001309402
1173489,CEVA,CEVA INC,0001173489
805267,HQH,abrdn Healthcare Investors,0000805267
1042776,PDM,"Piedmont Realty Trust, Inc.",0001042776
1906324,QDEL,QuidelOrtho Corp,0001906324
1622194,DEA,"Easterly Government Properties, Inc.",0001622194
1953575,CNL,Collective Mining Ltd.,0001953575
2040491,ASIC,Ategrity Specialty Insurance Co Holdings,0002040491
1395213,EDN,EDENOR,0001395213
1802974,AVO,"Mission Produce, Inc.",0001802974
1308335,EOS,Eaton Vance Enhanced Equity Income Fund II,0001308335
2076975,BRAI,Braiin Ltd,0002076975
357173,OSBC,OLD SECOND BANCORP INC,0000357173
1794338,IGIC,International General Insurance Holdings Ltd.,0001794338
317788,APPS,"Digital Turbine, Inc.",0000317788
1691710,CPPKF,Faraday Copper Corp.,0001691710
1325618,IRMD,IRADIMED CORP,0001325618
1095651,SAFE,Safehold Inc.,0001095651
33934,CRF,CORNERSTONE TOTAL RETURN FUND INC,0000033934
836157,LNN,LINDSAY CORP,0000836157
1631574,WVE,Wave Life Sciences Ltd.,0001631574
2097725,AIIR,AIR Global PLC,0002097725
928658,CVLG,"COVENANT LOGISTICS GROUP, INC.",0000928658
1314102,EYPT,"EyePoint, Inc.",0001314102
1606498,AVNS,"AVANOS MEDICAL, INC.",0001606498
799233,HTLD,HEARTLAND EXPRESS INC,0000799233
88948,SENEA,Seneca Foods Corp,0000088948
891166,UVE,"UNIVERSAL INSURANCE HOLDINGS, INC.",0000891166
1160308,SVRA,Savara Inc,0001160308
2046042,JCAP,"Jefferson Capital, Inc. / DE",0002046042
1603145,XIFR,"XPLR Infrastructure, LP",0001603145
1440972,LAR,Lithium Argentina AG,0001440972
1735438,MGTX,MeiraGTx Holdings plc,0001735438
1853962,IAUX,i-80 Gold Corp.,0001853962
1067294,CBRL,"CRACKER BARREL OLD COUNTRY STORE, INC",0001067294
775215,HBT,"HBT Financial, Inc.",0000775215
2094496,SECZ,Securitize Corp.,0002094496
69488,MYE,MYERS INDUSTRIES INC,0000069488
1951089,CRML,Critical Metals Corp.,0001951089
1561032,NHP,"National Healthcare Properties, Inc.",0001561032
1578732,MMI,"Marcus & Millichap, Inc.",0001578732
933974,AZTA,"Azenta, Inc.",0000933974
1371285,TRUP,"TRUPANION, INC.",0001371285
1669811,DFIN,"Donnelley Financial Solutions, Inc.",0001669811
1287032,PSEC,PROSPECT CAPITAL CORP,0001287032
1689796,JBGS,JBG SMITH Properties,0001689796
1941365,MBC,"MasterBrand, Inc.",0001941365
1267565,COLL,"COLLEGIUM PHARMACEUTICAL, INC",0001267565
1576427,CRTO,Criteo S.A.,0001576427
1816007,LU,Lufax Holding Ltd,0001816007
1739016,ELVR,Elevra Lithium Ltd,0001739016
1591588,GOLD,"Gold.com, Inc.",0001591588
2081206,AGBK,AGI Inc,0002081206
27996,DLX,DELUXE CORP,0000027996
1627475,UPWK,"UPWORK, INC",0001627475
1871321,DRTS,Alpha Tau Medical Ltd.,0001871321
945394,SVC,Service Properties Trust,0000945394
784199,AORT,"ARTIVION, INC.",0000784199
1796073,VZLA,Vizsla Silver Corp.,0001796073
2039497,RHLD,"Resolute Holdings Management, Inc.",0002039497
1997652,TBN,Tamboran Resources Corp,0001997652
1789972,CGEM,"Cullinan Therapeutics, Inc.",0001789972
1875444,ARHS,"Arhaus, Inc.",0001875444
1722608,IQ,"iQIYI, Inc.",0001722608
1828318,ENVX,Enovix Corp,0001828318
1172052,SAFT,SAFETY INSURANCE GROUP INC,0001172052
1829118,TUYA,Tuya Inc.,0001829118
1268533,TYG,TORTOISE ENERGY INFRASTRUCTURE CORP,0001268533
1898416,ALVO,Alvotech,0001898416
903129,THRM,Gentherm Inc,0000903129
1966983,LAC,LITHIUM AMERICAS CORP.,0001966983
1379400,AOD,abrdn Total Dynamic Dividend Fund,0001379400
1326732,XNCR,Xencor Inc,0001326732
1567569,FPF,First Trust Intermediate Duration Preferred & Income Fund,0001567569
918965,SCSC,"SCANSOURCE, INC.",0000918965
1409493,CIM,CHIMERA INVESTMENT CORP,0001409493
1702744,SMPL,Simply Good Foods Co,0001702744
1370450,WLDN,"Willdan Group, Inc.",0001370450
70866,VYX,NCR Voyix Corp,0000070866
1222719,CHY,CALAMOS CONVERTIBLE & HIGH INCOME FUND,0001222719
1326200,GNK,GENCO SHIPPING & TRADING LTD,0001326200
901491,PZZA,PAPA JOHNS INTERNATIONAL INC,0000901491
1094324,SIFY,SIFY TECHNOLOGIES LTD,0001094324
1337117,ITRN,Ituran Location & Control Ltd.,0001337117
2026478,NMAX,Newsmax Inc.,0002026478
1691445,FINV,FinVolution Group,0001691445
1588978,PRCT,PROCEPT BioRobotics Corp,0001588978
710752,SBR,SABINE ROYALTY TRUST,0000710752
1222922,EVV,Eaton Vance Ltd Duration Income Fund,0001222922
883237,VRTS,"VIRTUS INVESTMENT PARTNERS, INC.",0000883237
1796280,ORIC,"Oric Pharmaceuticals, Inc.",0001796280
2033377,MGRT,Mega Fortune Co Ltd,0002033377
1805385,EVLV,"Evolv Technologies Holdings, Inc.",0001805385
1414932,OCSL,Oaktree Specialty Lending Corp,0001414932
2042347,SPTX,"Seaport Therapeutics, Inc.",0002042347
2088256,HQ,Horizon Quantum Holdings Ltd.,0002088256
1309251,MALG,MICROALLIANCE GROUP INC.,0001309251
2071288,LMRI,"Lumexa Imaging Holdings, Inc.",0002071288
1109116,EVC,ENTRAVISION COMMUNICATIONS CORP,0001109116
885978,USPH,U S PHYSICAL THERAPY INC /NV,0000885978
1831907,LUXE,LuxExperience B.V.,0001831907
314203,MUX,McEwen Inc.,0000314203
1814287,ABX,"Abacus Global Management, Inc.",0001814287
1438133,TNDM,TANDEM DIABETES CARE INC,0001438133
1053706,CRAI,"CRA INTERNATIONAL, INC.",0001053706
1171471,CHI,CALAMOS CONVERTIBLE OPPORTUNITIES & INCOME FUND,0001171471
1013605,PDS,PRECISION DRILLING Corp,0001013605
1375877,CSIQ,Canadian Solar Inc.,0001375877
1201792,APEI,AMERICAN PUBLIC EDUCATION INC,0001201792
1490906,CFFN,"Capitol Federal Financial, Inc.",0001490906
1793882,PTA,Cohen & Steers Tax-Advantaged Preferred Securities & Income Fund,0001793882
1278895,CII,"BlackRock Enhanced Large Cap Core Fund, Inc.",0001278895
1325964,LWLG,"Lightwave Logic, Inc.",0001325964
1850235,HEPS,D-MARKET Electronic Services & Trading,0001850235
1750284,OLMA,"Olema Pharmaceuticals, Inc.",0001750284
1253986,ABR,ARBOR REALTY TRUST INC,0001253986
1387467,AOSL,ALPHA & OMEGA SEMICONDUCTOR Ltd,0001387467
1322435,ETW,Eaton Vance Tax-Managed Global Buy-Write Opportunities Fund,0001322435
1517518,EMO,ClearBridge Energy Midstream Opportunity Fund Inc.,0001517518
66004,MSEX,MIDDLESEX WATER CO,0000066004
2080073,VMET,Versamet Royalties Corp,0002080073
1756594,IVA,Inventiva S.A.,0001756594
1920406,ASST,"Strive, Inc.",0001920406
1531031,ESQ,"Esquire Financial Holdings, Inc.",0001531031
316888,ASM,AVINO SILVER & GOLD MINES LTD,0000316888
1051004,MUC,"BLACKROCK MUNIHOLDINGS CALIFORNIA QUALITY FUND, INC.",0001051004
2086771,ELE,Elemental Royalty Corp,0002086771
2107946,YKCLY,Yamato Kogyo Co. Ltd/ADR,0002107946
2002473,BOW,Bowhead Specialty Holdings Inc.,0002002473
1743759,CRSR,"Corsair Gaming, Inc.",0001743759
1827090,CERT,"Certara, Inc.",0001827090
705432,SBSI,SOUTHSIDE BANCSHARES INC,0000705432
1710340,ETON,"Eton Pharmaceuticals, Inc.",0001710340
1656472,CRON,Cronos Group Inc.,0001656472
1743235,RIOFF,Rio2 Ltd,0001743235
1275168,FSBC,FIVE STAR BANCORP,0001275168
1747068,MCBS,"MetroCity Bankshares, Inc.",0001747068
1698991,ACEL,"Accel Entertainment, Inc.",0001698991
1809519,GDRX,"GoodRx Holdings, Inc.",0001809519
926282,ADTN,"ADTRAN Holdings, Inc.",0000926282
1117297,QNST,"QUINSTREET, INC",0001117297
1221029,CPAC,CEMENTOS PACASMAYO SAA,0001221029
1971213,SBGI,"Sinclair, Inc.",0001971213
1817229,VOR,Vor Biopharma Inc.,0001817229
1809104,ALIT,"Alight, Inc. / Delaware",0001809104
706129,HBNC,HORIZON BANCORP INC /IN/,0000706129
1227500,EQBK,EQUITY BANCSHARES INC,0001227500
1422143,KURA,"Kura Oncology, Inc.",0001422143
1572694,GSBD,"Goldman Sachs BDC, Inc.",0001572694
1287213,PLOW,"DOUGLAS DYNAMICS, INC",0001287213
1770121,SANA,"Sana Biotechnology, Inc.",0001770121
1498547,CMRF,"CIM GROUP, INC.",0001498547
1709941,BIOA,"BioAge Labs, Inc.",0001709941
1734342,AMTB,Amerant Bancorp Inc.,0001734342
1462056,BLZE,"Backblaze, Inc.",0001462056
1836057,BTX,BlackRock Technology & Private Equity Term Trust,0001836057
1920294,RZLV,REZOLVE AI PLC,0001920294
701347,CPF,CENTRAL PACIFIC FINANCIAL CORP,0000701347
736772,CCNE,CNB FINANCIAL CORP/PA,0000736772
880117,JBSS,SANFILIPPO JOHN B & SON INC,0000880117
1042729,MBWM,MERCANTILE BANK CORP,0001042729
1534120,AVTX,"Avalo Therapeutics, Inc.",0001534120
1840572,LUCK,Lucky Strike Entertainment Corp,0001840572
1788882,ROOT,"Root, Inc.",0001788882
1624322,BFST,"Business First Bancshares, Inc.",0001624322
1530804,TROX,Tronox Holdings plc,0001530804
1493683,BBN,BlackRock Taxable Municipal Bond Trust,0001493683
1224450,RNP,COHEN & STEERS REIT & PREFERRED & INCOME FUND INC,0001224450
1396814,PCRX,"Pacira BioSciences, Inc.",0001396814
798359,CSR,CENTERSPACE,0000798359
930420,KFRC,KFORCE INC,0000930420
1230869,ASA,ASA Gold & Precious Metals Ltd,0001230869
1568194,FSCO,FS Credit Opportunities Corp.,0001568194
1164771,NAK,NORTHERN DYNASTY MINERALS LTD,0001164771
1055160,MFA,"MFA FINANCIAL, INC.",0001055160
1771515,GO,Grocery Outlet Holding Corp.,0001771515
1848731,GLAS,Glass House Brands Inc.,0001848731
755001,UTL,UNITIL CORP,0000755001
1817713,JANX,"Janux Therapeutics, Inc.",0001817713
928054,FTK,FLOTEK INDUSTRIES INC/CN/,0000928054
1707502,SLDB,Solid Biosciences Inc.,0001707502
1820721,ARRY,"Array Technologies, Inc.",0001820721
1062822,LXRX,"LEXICON PHARMACEUTICALS, INC.",0001062822
357301,TRST,TRUSTCO BANK CORP N Y,0000357301
1881487,ACDC,ProFrac Holding Corp.,0001881487
1490281,GRPN,"Groupon, Inc.",0001490281
1720116,RDVT,"Red Violet, Inc.",0001720116
915779,DAKT,DAKTRONICS INC /SD/,0000915779
1379384,BTZ,BLACKROCK CREDIT ALLOCATION INCOME TRUST,0001379384
1109242,HAFC,HANMI FINANCIAL CORP,0001109242
1999480,ANRO,"Alto Neuroscience, Inc.",0001999480
1785971,BMEZ,BlackRock Health Sciences Term Trust,0001785971
1613780,DBVT,DBV Technologies S.A.,0001613780
1756908,PDX,PIMCO Dynamic Income Strategy Fund,0001756908
2096300,AVEX,AEVEX Corp.,0002096300
101538,UAMY,UNITED STATES ANTIMONY CORP,0000101538
911971,TK,TEEKAY CORP LTD,0000911971
1923891,NNE,Nano Nuclear Energy Inc.,0001923891
1846069,NXDR,"Nextdoor Holdings, Inc.",0001846069
1828962,CRCT,"Cricut, Inc.",0001828962
902791,BBSI,BARRETT BUSINESS SERVICES INC,0000902791
1828316,PHAR,Pharming Group N.V.,0001828316
1753539,BKSY,BlackSky Technology Inc.,0001753539
1195739,NRK,NUVEEN NEW YORK AMT-FREE QUALITY MUNICIPAL INCOME FUND,0001195739
2048519,AEBI,Aebi Schmidt Holding AG,0002048519
1792849,HPK,"HighPeak Energy, Inc.",0001792849
2087844,MSSHY,Mitsui-Soko Holdings Co Limited/ADR,0002087844
1315257,KOP,Koppers Holdings Inc.,0001315257
2013223,HSLV,Highlander Silver Corp.,0002013223
1922446,DEC,Diversified Energy Co,0001922446
1690511,GOOS,Canada Goose Holdings Inc.,0001690511
1691082,LBRX,LB PHARMACEUTICALS INC,0001691082
2004340,SYNSY,Syensqo SA/ADR,0002004340
1379041,EIG,"Employers Holdings, Inc.",0001379041
944809,OPK,"OPKO HEALTH, INC.",0000944809
1879248,ADSE,Ads-Tec Energy Public Ltd Co,0001879248
1528115,ANNX,"Annexon, Inc.",0001528115
1979330,NBBK,"NB Bancorp, Inc.",0001979330
1569963,LTGHY,Life Healthcare Group Holdings Limited/ADR,0001569963
1898601,IPX,IPERIONX Ltd,0001898601
1085913,FMCB,FARMERS & MERCHANTS BANCORP,0001085913
1260041,HTD,JOHN HANCOCK TAX-ADVANTAGED DIVIDEND INCOME FUND,0001260041
883618,NXP,NUVEEN SELECT TAX FREE INCOME PORTFOLIO,0000883618
1471420,STK,"Columbia Seligman Premium Technology Growth Fund, Inc.",0001471420
1747172,KBDC,"Kayne Anderson BDC, Inc.",0001747172
1517399,SUPV,Grupo Supervielle S.A.,0001517399
1778114,AIO,Virtus Artificial Intelligence & Technology Opportunities Fund,0001778114
1829802,FTH,"Faeth Therapeutics, Inc.",0001829802
108385,WRLD,WORLD ACCEPTANCE CORP,0000108385
750686,CAC,CAMDEN NATIONAL CORP,0000750686
1447028,ABUS,Arbutus Biopharma Corp,0001447028
1755101,ALDS,APPlife Digital Solutions Inc,0001755101
1640428,EVER,"EverQuote, Inc.",0001640428
1714174,BUR,Burford Capital Ltd,0001714174
897322,GILT,GILAT SATELLITE NETWORKS LTD,0000897322
1759774,PSTL,"Postal Realty Trust, Inc.",0001759774
1783183,PHAT,"Phathom Pharmaceuticals, Inc.",0001783183
714562,THFF,FIRST FINANCIAL CORP /IN/,0000714562
1520504,VLRS,"Controladora Vuela Compania de Aviacion, S.A.B. de C.V.",0001520504
1841925,INDI,"indie Semiconductor, Inc.",0001841925
1495222,OXLC,Oxford Lane Capital Corp.,0001495222
1453015,BLDP,Ballard Power Systems Inc.,0001453015
886744,GERN,GERON CORP,0000886744
1606163,LMB,"Limbach Holdings, Inc.",0001606163
1794515,GTM,ZoomInfo Technologies Inc.,0001794515
1506289,BCX,BlackRock Resources & Commodities Strategy Trust,0001506289
1464423,PMT,PennyMac Mortgage Investment Trust,0001464423
1610601,MOMO,Hello Group Inc.,0001610601
1841968,RPC,"Ridgepost Capital, Inc.",0001841968
1956955,UMAC,"Unusual Machines, Inc.",0001956955
1379785,BBDC,"Barings BDC, Inc.",0001379785
2074973,CCXI,Churchill Capital Corp XI,0002074973
915840,BZH,BEAZER HOMES USA INC,0000915840
807863,MITK,MITEK SYSTEMS INC,0000807863
1766368,MEC,"Mayville Engineering Company, Inc.",0001766368
2057463,GLIBA,Liberty Capital Corp/NV,0002057463
1583107,TBPH,"Theravance Biopharma, Inc.",0001583107
2011514,AVR,Anteris Technologies Global Corp.,0002011514
1419041,FBRX,"Forte Biosciences, Inc.",0001419041
2101833,NANO,ATII Holdings Inc.,0002101833
906013,AWF,ALLIANCEBERNSTEIN GLOBAL HIGH INCOME FUND INC,0000906013
1560327,RPD,"Rapid7, Inc.",0001560327
763532,LYTS,LSI INDUSTRIES INC,0000763532
1803901,TALK,"Talkspace, Inc.",0001803901
1477815,SG,"Sweetgreen, Inc.",0001477815
1282631,NLST,NETLIST INC,0001282631
1520358,MAMA,"Mama's Creations, Inc.",0001520358
1853138,KDK,"Kodiak AI, Inc.",0001853138
1160990,PCN,PIMCO CORPORATE & INCOME STRATEGY FUND,0001160990
1838957,RERE,ATRenew Inc.,0001838957
879635,MPB,MID PENN BANCORP INC,0000879635
1823794,ARKO,ARKO Corp.,0001823794
80172,NPK,NATIONAL PRESTO INDUSTRIES INC,0000080172
1219360,PHK,PIMCO HIGH INCOME FUND,0001219360
866729,SCHL,SCHOLASTIC CORP,0000866729
2081119,BOT,"RoboStrategy, Inc.",0002081119
1720424,HIVE,HIVE Digital Technologies Ltd.,0001720424
1538849,CAPL,CrossAmerica Partners LP,0001538849
1687187,METC,"Ramaco Resources, Inc.",0001687187
1807120,DSGN,"Design Therapeutics, Inc.",0001807120
2001201,TALMF,Fuerte Metals Corp,0002001201
1742692,INMD,InMode Ltd.,0001742692
1482512,HPP,"Hudson Pacific Properties, Inc.",0001482512
709337,FMNB,FARMERS NATIONAL BANC CORP /OH/,0000709337
1831481,SOC,Sable Offshore Corp.,0001831481
726601,CCBG,CAPITAL CITY BANK GROUP INC,0000726601
1756708,JMIA,Jumia Technologies AG,0001756708
1834488,NABL,"N-able, Inc.",0001834488
1598665,HRTG,"Heritage Insurance Holdings, Inc.",0001598665
1568100,PD,"PagerDuty, Inc.",0001568100
72573,MOV,MOVADO GROUP INC,0000072573
854560,GSBC,"GREAT SOUTHERN BANCORP, INC.",0000854560
1882782,ODTX,"Odyssey Therapeutics, Inc.",0001882782
810332,RJET,REPUBLIC AIRWAYS HOLDINGS INC.,0000810332
890196,MQY,"BLACKROCK MUNIYIELD QUALITY FUND, INC.",0000890196
99302,TRNS,TRANSCAT INC,0000099302
1655050,BCSF,"Bain Capital Specialty Finance, Inc.",0001655050
93389,SMP,"STANDARD MOTOR PRODUCTS, INC.",0000093389
1819796,GCMG,GCM Grosvenor Inc.,0001819796
63296,MATW,MATTHEWS INTERNATIONAL CORP,0000063296
916907,SMBC,"SOUTHERN MISSOURI BANCORP, INC.",0000916907
1756699,TIGR,UP Fintech Holding Ltd,0001756699
1095565,HSTM,HEALTHSTREAM INC,0001095565
1737953,REPL,"Replimune Group, Inc.",0001737953
1828791,DSP,Viant Technology Inc.,0001828791
1273685,ADAM,"ADAMAS TRUST, INC.",0001273685
2065812,FSSL,FS Specialty Lending Fund,0002065812
859070,FCBC,FIRST COMMUNITY BANKSHARES INC /VA/,0000859070
1297184,AMPH,"Amphastar Pharmaceuticals, Inc.",0001297184
1823652,EVEX,"Eve Holding, Inc.",0001823652
1050441,EGBN,EAGLE BANCORP INC,0001050441
2074220,CAZGF,Catapult Group International Ltd,0002074220
1300391,EOI,Eaton Vance Enhanced Equity Income Fund,0001300391
1538263,HTB,"HomeTrust Bancshares, Inc.",0001538263
107687,WGO,WINNEBAGO INDUSTRIES INC,0000107687
1481513,JKS,"JinkoSolar Holding Co., Ltd.",0001481513
1050743,PGC,PEAPACK GLADSTONE FINANCIAL CORP,0001050743
1794350,YALA,Yalla Group Ltd,0001794350
1501989,CTMX,"CytomX Therapeutics, Inc.",0001501989
1278752,MFIC,MidCap Financial Investment Corp,0001278752
1484778,TDUP,ThredUp Inc.,0001484778
1163668,SPFI,"SOUTH PLAINS FINANCIAL, INC.",0001163668
788965,HNRG,HALLADOR ENERGY CO,0000788965
1855066,MEGI,NYLI CBRE Global Infrastructure Megatrends Term Fund,0001855066
1145604,NIKA,"NIKA PHARMACEUTICALS, INC",0001145604
1598428,MTUS,Metallus Inc.,0001598428
1124524,CYRX,"Cryoport, Inc.",0001124524
1477641,DQ,DAQO NEW ENERGY CORP.,0001477641
1038773,SMBK,SMARTFINANCIAL INC.,0001038773
1437071,IVR,Invesco Mortgage Capital Inc.,0001437071
6845,APOG,"APOGEE ENTERPRISES, INC.",0000006845
826154,ORRF,ORRSTOWN FINANCIAL SERVICES INC,0000826154
60714,LXU,"LSB INDUSTRIES, INC.",0000060714
2018463,BRELY,Brazilian Rare Earths Limited/ADR,0002018463
1593538,NAVI,NAVIENT CORP,0001593538
1953530,OCS,Oculis Holding AG,0001953530
2085091,RVI,Robinhood Ventures Fund I,0002085091
2095096,ENRD,Einride AB,0002095096
1423221,NX,Quanex Building Products CORP,0001423221
783412,DJCO,DAILY JOURNAL CORP,0000783412
31235,KODK,EASTMAN KODAK CO,0000031235
903419,ALRS,ALERUS FINANCIAL CORP,0000903419
1174164,FFC,Flaherty & Crumrine PREFERRED & INCOME SECURITIES FUND INC,0001174164
925683,BTO,JOHN HANCOCK FINANCIAL OPPORTUNITIES FUND,0000925683
1843974,DXYZ,Destiny Tech100 Inc.,0001843974
1434647,ZVRA,"ZEVRA THERAPEUTICS, INC.",0001434647
1513363,FDUS,FIDUS INVESTMENT Corp,0001513363
1604665,WLKP,Westlake Chemical Partners LP,0001604665
1574197,FPH,"Five Point Holdings, LLC",0001574197
1665988,BVS,Bioventus Inc.,0001665988
1404644,NGNE,Neurogene Inc.,0001404644
1285819,OMER,OMEROS CORP,0001285819
1891027,MNTN,"MNTN, Inc.",0001891027
1768446,CLYM,"Climb Bio, Inc.",0001768446
1898718,GMRS,GMR Solutions Inc.,0001898718
1604522,THQ,abrdn Healthcare Opportunities Fund,0001604522
1865200,ANGX,"Angel Studios, Inc.",0001865200
862831,FISI,FINANCIAL INSTITUTIONS INC,0000862831
1034957,CRESY,CRESUD INC,0001034957
1313510,GGN,"GAMCO Global Gold, Natural Resources & Income Trust",0001313510
1557746,ACRS,"Aclaris Therapeutics, Inc.",0001557746
2128115,AAC,Ares Acquisition Corp III,0002128115
1035092,SHBI,SHORE BANCSHARES INC,0001035092
1966287,GFR,Greenfire Resources Ltd.,0001966287
1386278,GDOT,GREEN DOT CORP,0001386278
1818383,MAX,"MediaAlpha, Inc.",0001818383
1034842,RIGL,RIGEL PHARMACEUTICALS INC,0001034842
1412558,EVO,Evotec SE,0001412558
1676163,SSII,"SS Innovations International, Inc.",0001676163
912147,RMT,"ROYCE MICRO-CAP TRUST, INC.",0000912147
1793855,ASGI,abrdn Global Infrastructure Income Fund,0001793855
1828105,HIPO,Hippo Holdings Inc.,0001828105
1671858,SPRY,"ARS Pharmaceuticals, Inc.",0001671858
1057060,HZO,MARINEMAX INC,0001057060
1528988,BUI,"BlackRock Utilities, Infrastructure & Power Opportunities Trust",0001528988
1459839,SIBN,"SI-BONE, Inc.",0001459839
1907085,ODD,Oddity Tech Ltd,0001907085
1137091,PSIX,"POWER SOLUTIONS INTERNATIONAL, INC.",0001137091
1827401,DRUG,BRIGHT MINDS BIOSCIENCES INC.,0001827401
1873835,IMMX,"Immix Biopharma, Inc.",0001873835
357294,HOV,HOVNANIAN ENTERPRISES INC,0000357294
1345126,CODI,Compass Diversified Holdings,0001345126
1369085,NEWP,NEW PACIFIC METALS CORP,0001369085
1674632,BBNX,"Beta Bionics, Inc.",0001674632
1995306,HDL,SUPER HI INTERNATIONAL HOLDING LTD.,0001995306
1696556,OFRM,"Once Upon a Farm, PBC",0001696556
1257640,KRO,KRONOS WORLDWIDE INC,0001257640
1001614,REPX,"Riley Exploration Permian, Inc.",0001001614
1823587,SKYH,Sky Harbour Group Corp,0001823587
1789940,FWRG,"First Watch Restaurant Group, Inc.",0001789940
39311,IBCP,INDEPENDENT BANK CORP /MI/,0000039311
1547459,NGVC,"Natural Grocers by Vitamin Cottage, Inc.",0001547459
1643615,ONT,"Onterris, Inc.",0001643615
1959455,HSHP,Himalaya Shipping Ltd.,0001959455
1383441,NIE,Virtus Equity & Convertible Income Fund,0001383441
1127371,CWBC,Community West Bancshares,0001127371
883412,MYI,"BLACKROCK MUNIYIELD QUALITY FUND III, INC.",0000883412
1839839,JBI,"Janus International Group, Inc.",0001839839
1567900,ALOY,REALLOYS INC.,0001567900
1625791,KRNT,Kornit Digital Ltd.,0001625791
1841387,CADL,"Candel Therapeutics, Inc.",0001841387
23795,CTO,"CTO Realty Growth, Inc.",0000023795
1559432,TXO,"TXO Partners, L.P.",0001559432
1501796,AURA,"Aura Biosciences, Inc.",0001501796
1831631,LDI,"loanDepot, Inc.",0001831631
1602584,CCD,Calamos Dynamic Convertible & Income Fund,0001602584
1434754,SB,"SAFE BULKERS, INC.",0001434754
889971,LPTH,LIGHTPATH TECHNOLOGIES INC,0000889971
1514705,SXC,"SunCoke Energy, Inc.",0001514705
1431852,ODV,Osisko Development Corp.,0001431852
1424929,FOXF,FOX FACTORY HOLDING CORP,0001424929
1544206,CGBD,"Carlyle Secured Lending, Inc.",0001544206
1826470,WOOF,"Petco Health & Wellness Company, Inc.",0001826470
1495932,AGNT,"AGNT, Inc.",0001495932
1759631,HYLN,Hyliion Holdings Corp.,0001759631
1925283,LCLN,"Lincoln International, Inc.",0001925283
1861107,CBLL,"Ceribell, Inc.",0001861107
1124105,GYRE,"GYRE THERAPEUTICS, INC.",0001124105
1517396,SSYS,STRATASYS LTD.,0001517396
1504619,PFLT,PennantPark Floating Rate Capital Ltd.,0001504619
216851,PEO,"ADAMS NATURAL RESOURCES FUND, INC.",0000216851
2047190,TCGLF,TechCreate Group Ltd.,0002047190
1418076,SLRC,SLR Investment Corp.,0001418076
1497645,INN,"Summit Hotel Properties, Inc.",0001497645
1655099,RA,Brookfield Real Assets Income Fund Inc.,0001655099
1546417,BLMN,"Bloomin' Brands, Inc.",0001546417
1512228,NB,NIOCORP DEVELOPMENTS LTD,0001512228
1227476,JQC,Nuveen Credit Strategies Income Fund,0001227476
1562818,BIT,BlackRock Multi-Sector Income Trust,0001562818
1869105,BBOT,"BridgeBio Oncology Therapeutics, Inc.",0001869105
791908,XOMA,XOMA Royalty Corp,0000791908
76267,PKE,PARK AEROSPACE CORP,0000076267
1829576,CARE,"Carter Bankshares, Inc.",0001829576
1758021,KRT,Karat Packaging Inc.,0001758021
1971975,ABXXF,Abaxx Technologies Inc.,0001971975
1819559,WDI,Western Asset Diversified Income Fund (WDI),0001819559
1806347,WEST,Westrock Coffee Co,0001806347
1268884,IGR,CBRE GLOBAL REAL ESTATE INCOME FUND,0001268884
1866633,CCSI,"Consensus Cloud Solutions, Inc.",0001866633
1833197,SWIM,"Latham Group, Inc.",0001833197
890564,EFOR,Everforth Inc,0000890564
1820378,TBLD,Thornburg Income Builder Opportunities Trust,0001820378
1538379,IBTA,"Ibotta, Inc.",0001538379
800457,DGICA,DONEGAL GROUP INC,0000800457
1185348,PRAA,PRA GROUP INC,0001185348
1851112,RSKD,RISKIFIED LTD.,0001851112
1956744,TRON,Tron Inc.,0001956744
1717547,BRSP,"BrightSpire Capital, Inc.",0001717547
1296250,PFN,PIMCO Income Strategy Fund II,0001296250
1447362,CSTL,CASTLE BIOSCIENCES INC,0001447362
1793663,VTEX,VTEX,0001793663
771266,KOPN,KOPIN CORP,0000771266
1645469,MNPR,Monopar Therapeutics,0001645469
2019804,IMSR,Terrestrial Energy Inc. /DE/,0002019804
1594204,RBTK,ZHEN DING RESOURCES INC.,0001594204
1628908,EVH,"Evolent Health, Inc.",0001628908
708821,PAR,PAR TECHNOLOGY CORP,0000708821
1569187,AHRT,"AH Realty Trust, Inc.",0001569187
1690639,VBNK,VersaBank,0001690639
737468,WASH,WASHINGTON TRUST BANCORP INC,0000737468
1788399,DLY,DoubleLine Yield Opportunities Fund,0001788399
1692376,VEL,"Velocity Financial, Inc.",0001692376
354963,SHEN,SHENANDOAH TELECOMMUNICATIONS CO/VA/,0000354963
1957538,OIO,OIO Group,0001957538
1092796,SWBI,"SMITH & WESSON BRANDS, INC.",0001092796
1722606,MTA,Metalla Royalty & Streaming Ltd.,0001722606
1886878,PAXS,PIMCO Access Income Fund,0001886878
1597033,SABR,Sabre Corp,0001597033
62234,MCS,MARCUS CORP,0000062234
1932737,AIIO,ROBO.AI INC.,0001932737
1320375,BOE,BlackRock Enhanced Global Dividend Trust,0001320375
1962746,LOT,Lotus Technology Inc.,0001962746
1195738,NKX,NUVEEN CALIFORNIA AMT-FREE QUALITY MUNICIPAL INCOME FUND,0001195738
717538,AROW,ARROW FINANCIAL CORP,0000717538
1494191,KRNGY,Karoon Gas Australia Ltd /ADR/,0001494191
1824814,CGNT,Cognyte Software Ltd.,0001824814
1788257,BWMX,"BETTERWARE DE MEXICO, S.A.P.I. DE C.V",0001788257
2096362,AIAI,AIAI Holdings Corp,0002096362
1795815,BCAL,California BanCorp \ CA,0001795815
1682745,VRRM,VERRA MOBILITY Corp,0001682745
708781,CASS,CASS INFORMATION SYSTEMS INC,0000708781
1781730,TCBX,"Third Coast Bancshares, Inc.",0001781730
1393726,TIPT,TIPTREE INC.,0001393726
1824403,RSVR,"Reservoir Media, Inc.",0001824403
1056943,PFIS,PEOPLES FINANCIAL SERVICES CORP.,0001056943
1778922,SGP,"SpyGlass Pharma, Inc.",0001778922
1997377,ISOU,IsoEnergy Ltd.,0001997377
1553643,RLMD,"RELMADA THERAPEUTICS, INC.",0001553643
884152,VMO,Invesco Municipal Opportunity Trust,0000884152
1412408,PHR,"Phreesia, Inc.",0001412408
1464591,GPRK,GeoPark Ltd,0001464591
1732379,BMM,Blue Moon Metals Inc.,0001732379
1496099,NMFC,New Mountain Finance Corp,0001496099
1739566,UTZ,"Utz Brands, Inc.",0001739566
1630472,TRTX,"TPG RE Finance Trust, Inc.",0001630472
1681087,TECX,"Tectonic Therapeutic, Inc.",0001681087
1755953,ABTC,American Bitcoin Corp.,0001755953
1053988,MUJ,"BLACKROCK MUNIHOLDINGS NEW JERSEY QUALITY FUND, INC.",0001053988
1321741,GAIN,GLADSTONE INVESTMENT CORPORATION\DE,0001321741
1577437,ASC,Ardmore Shipping Corp,0001577437
1160864,BHK,BLACKROCK CORE BOND TRUST,0001160864
1944558,VTS,"Vitesse Energy, Inc.",0001944558
1823584,AENT,ALLIANCE ENTERTAINMENT HOLDING CORP,0001823584
1446847,IRWD,IRONWOOD PHARMACEUTICALS INC,0001446847
1747079,BALY,Bally's Corp,0001747079
1704720,CNNE,"Cannae Holdings, Inc.",0001704720
1503290,ACP,abrdn Income Credit Strategies Fund,0001503290
1410098,CRMD,CorMedix Inc.,0001410098
1336706,NPB,NORTHPOINTE BANCSHARES INC,0001336706
1476045,CLDT,Chatham Lodging Trust,0001476045
1784930,MAKO,Mako Mining Corp.,0001784930
1826286,VINP,Vinci Compass Investments Ltd.,0001826286
1018979,AMSF,AMERISAFE INC,0001018979
1874315,SATL,Satellogic Inc.,0001874315
1799191,TOI,"Oncology Institute, Inc.",0001799191
872716,ALPIB,ALPINE BANKS OF COLORADO,0000872716
103595,VLGEA,VILLAGE SUPER MARKET INC,0000103595
2040475,DMII,Drugs Made In America Acquisition II Corp.,0002040475
949858,ACHV,"ACHIEVE LIFE SCIENCES, INC.",0000949858
1639877,GSM,Ferroglobe PLC,0001639877
1995520,YB,Yuanbao Inc.,0001995520
1737287,ALLO,"Allogene Therapeutics, Inc.",0001737287
916789,HELE,HELEN OF TROY LTD,0000916789
855886,PDT,JOHN HANCOCK PREMIUM DIVIDEND FUND,0000855886
2049662,FAC,Factorial Energy Inc.,0002049662
1918102,FISN,"DEEP FISSION, INC.",0001918102
1641229,FFMGF,First Mining Gold Corp.,0001641229
930236,RWT,REDWOOD TRUST INC,0000930236
1590877,RGNX,REGENXBIO Inc.,0001590877
1422930,PUBM,"PubMatic, Inc.",0001422930
1071236,RRBI,RED RIVER BANCSHARES INC,0001071236
1434621,TREE,"LendingTree, Inc.",0001434621
1466026,MSBI,"Midland States Bancorp, Inc.",0001466026
2104052,NVRI,Enviri Corp,0002104052
1894562,PRME,"Prime Medicine, Inc.",0001894562
1737924,NCDL,Nuveen Churchill Direct Lending Corp.,0001737924
1785493,RHNO,RHINO BITCOIN INC.,0001785493
1683606,CARS,Cars.com Inc.,0001683606
1027838,TCMD,TACTILE SYSTEMS TECHNOLOGY INC,0001027838
1795851,SWRD,"Stewards, Inc.",0001795851
743367,BHB,BAR HARBOR BANKSHARES,0000743367
1793129,NDMO,Nuveen Dynamic Municipal Opportunities Fund,0001793129
1080720,GUT,GABELLI UTILITY TRUST,0001080720
1562528,FBRT,"Franklin BSP Realty Trust, Inc.",0001562528
1700844,EVOH,EvoAir Holdings Inc.,0001700844
1227862,EMD,WESTERN ASSET EMERGING MARKETS DEBT FUND INC.,0001227862
1625278,NRDS,"NERDWALLET, INC.",0001625278
1034665,MHD,"BLACKROCK MUNIHOLDINGS FUND, INC.",0001034665
1334388,OBE,OBSIDIAN ENERGY LTD.,0001334388
1376339,MDXG,"MIMEDX GROUP, INC.",0001376339
1959224,AXG,"Solowin Holdings, Ltd.",0001959224
1436208,LEGH,Legacy Housing Corp,0001436208
1122904,NTGR,"NETGEAR, INC.",0001122904
1234006,GOOD,GLADSTONE COMMERCIAL CORP,0001234006
1493225,NFBK,"Northfield Bancorp, Inc.",0001493225
1772177,KRUS,"KURA SUSHI USA, INC.",0001772177
1548717,LDP,"Cohen & Steers Ltd Duration Preferred & Income Fund, Inc.",0001548717
1680367,STTK,"Shattuck Labs, Inc.",0001680367
1016281,CSV,CARRIAGE SERVICES INC,0001016281
1650648,FDMT,"4D Molecular Therapeutics, Inc.",0001650648
1051003,DSU,"BLACKROCK DEBT STRATEGIES FUND, INC.",0001051003
1928446,GRNT,"Granite Ridge Resources, Inc.",0001928446
1828536,NRGV,"Energy Vault Holdings, Inc.",0001828536
715579,ACNB,ACNB CORP,0000715579
95029,RGR,STURM RUGER & CO INC,0000095029
885601,IIM,Invesco Value Municipal Income Trust,0000885601
65270,MEI,METHODE ELECTRONICS INC,0000065270
1163370,NRIM,NORTHRIM BANCORP INC,0001163370
1499543,NOAH,NOAH HOLDINGS LTD,0001499543
1774342,NMCO,Nuveen Municipal Credit Opportunities Fund,0001774342
884121,HQL,abrdn Life Sciences Investors,0000884121
1581091,RMAX,"RE/MAX Holdings, Inc.",0001581091
1951222,LAES,SEALSQ Corp,0001951222
1158324,CCOI,"COGENT COMMUNICATIONS HOLDINGS, INC.",0001158324
1548536,SCZM,Santacruz Silver Mining Ltd.,0001548536
1944552,ANL,Adlai Nortye Ltd.,0001944552
1831915,CTKB,"Cytek Biosciences, Inc.",0001831915
1921603,WHK,WhiteHawk Minerals Corp.,0001921603
1341317,BWB,Bridgewater Bancshares Inc,0001341317
1071438,BAK,BRASKEM SA,0001071438
790500,FAX,"ABRDN ASIA-PACIFIC INCOME FUND, INC.",0000790500
1740604,BTGO,"BITGO HOLDINGS, INC.",0001740604
1842731,SMWB,SIMILARWEB LTD.,0001842731
1921865,ASPI,ASP Isotopes Inc.,0001921865
1873529,KLC,"KinderCare Learning Companies, Inc.",0001873529
2042902,EVAC,EQV Ventures Acquisition Corp. II,0002042902
1606757,KE,"Kimball Electronics, Inc.",0001606757
2034267,CEPF,"Cantor Equity Partners IV, Inc.",0002034267
1562051,NML,Neuberger Energy Infrastructure & Income Fund Inc.,0001562051
1134115,THM,INTERNATIONAL TOWER HILL MINES LTD,0001134115
1830214,DNA,"Ginkgo Bioworks Holdings, Inc.",0001830214
2064355,BCSS,Bain Capital GSS Investment Corp.,0002064355
798783,UHT,UNIVERSAL HEALTH REALTY INCOME TRUST,0000798783
1617242,KRNY,Kearny Financial Corp.,0001617242
1717307,ILPT,Industrial Logistics Properties Trust,0001717307
1852353,DC,Dakota Gold Corp.,0001852353
1834026,GROY,Gold Royalty Corp.,0001834026
2114227,CXII,Churchill Capital Corp XII,0002114227
1712463,PACK,Ranpak Holdings Corp.,0001712463
1728688,IIIV,"i3 Verticals, Inc.",0001728688
1020214,CERS,CERUS CORP,0001020214
1653558,PRTH,"Priority Technology Holdings, Inc.",0001653558
2110029,EROC,"ERock, Inc.",0002110029
2079173,AEXA,American Exceptionalism Acquisition Corp. A,0002079173
1609151,WEAV,"Weave Communications, Inc.",0001609151
1401257,FET,"FORUM ENERGY TECHNOLOGIES, INC.",0001401257
1505065,BWAY,Brainsway Ltd.,0001505065
1710350,BTBT,"Bit Digital, Inc",0001710350
2020932,AGMB,Agomab Therapeutics NV,0002020932
1774170,AIOT,"Powerfleet, Inc.",0001774170
944745,CIVB,"CIVISTA BANCSHARES, INC.",0000944745
808439,TATT,TAT TECHNOLOGIES LTD,0000808439
39020,FEIM,FREQUENCY ELECTRONICS INC,0000039020
1090009,SFST,SOUTHERN FIRST BANCSHARES INC,0001090009
1326190,ALT,"Altimmune, Inc.",0001326190
894627,EGY,VAALCO ENERGY INC /DE/,0000894627
1857154,DNUT,"Krispy Kreme, Inc.",0001857154
1674930,FLGT,"Fulgent Genetics, Inc.",0001674930
1533615,XRN,Chiron Real Estate Inc.,0001533615
2087587,CSHR,CoinShares PLC,0002087587
701719,ELA,Envela Corp,0000701719
880892,VGM,Invesco Trust for Investment Grade Municipals,0000880892
1816017,SPIR,"Spire Global, Inc.",0001816017
1875558,NVCT,"Nuvectis Pharma, Inc.",0001875558
1173514,HY,"HYSTER-YALE, INC.",0001173514
1539190,SPPP,SPROTT PHYSICAL PLATINUM & PALLADIUM TRUST,0001539190
1419536,CBNK,Capital Bancorp Inc,0001419536
1657853,HTZ,"HERTZ GLOBAL HOLDINGS, INC",0001657853
1638290,MCFT,"MasterCraft Boat Holdings, Inc.",0001638290
899923,MYGN,MYRIAD GENETICS INC,0000899923
2052053,PWRL,Powerlaw Corp.,0002052053
764401,IIIN,INSTEEL INDUSTRIES INC,0000764401
1537137,SLI,STANDARD LITHIUM LTD.,0001537137
1044777,OSPN,OneSpan Inc.,0001044777
1219120,AVK,ADVENT CONVERTIBLE & INCOME FUND,0001219120
886043,MMU,WESTERN ASSET MANAGED MUNICIPALS FUND INC.,0000886043
1395325,ETJ,Eaton Vance Risk-Managed Diversified Equity Income Fund,0001395325
1400891,IHRT,"iHeartMedia, Inc.",0001400891
1863934,ADUR,ADURO CLEAN TECHNOLOGIES INC.,0001863934
1832803,THSGF,THESIS GOLD INC.,0001832803
1673985,ASIX,AdvanSix Inc.,0001673985
1327688,OOMA,OOMA INC,0001327688
1840616,NFGC,New Found Gold Corp.,0001840616
896156,ETD,ETHAN ALLEN INTERIORS INC,0000896156
1579733,VITL,"Vital Farms, Inc.",0001579733
1861123,EIKN,"Eikon Therapeutics, Inc.",0001861123
1799567,DDI,"DoubleDown Interactive Co., Ltd.",0001799567
1396277,CHW,Calamos Global Dynamic Income Fund,0001396277
1821159,EVGO,EVgo Inc.,0001821159
924822,MLR,MILLER INDUSTRIES INC /TN/,0000924822
2095161,DBCA,D. Boral Acquisition I Corp.,0002095161
1647822,SVMB,"Jingbo Technology, Inc.",0001647822
1728190,HUYA,HUYA Inc.,0001728190
1543418,TMQ,Trilogy Metals Inc.,0001543418
1070524,GCBC,GREENE COUNTY BANCORP INC,0001070524
1385613,GLRE,"GREENLIGHT CAPITAL RE, LTD.",0001385613
2055592,GEMI,"Gemini Space Station, Inc.",0002055592
1839886,MRRDF,Meridian Mining UK Societas,0001839886
877463,VKQ,Invesco Municipal Trust,0000877463
1473334,XMAX,XMax Inc.,0001473334
1502377,CTGO,Contango Silver & Gold Inc.,0001502377
1855175,CTNM,"Contineum Therapeutics, Inc.",0001855175
920427,UNTY,UNITY BANCORP INC /NJ/,0000920427
75288,OXM,OXFORD INDUSTRIES INC,0000075288
1614178,YEXT,"Yext, Inc.",0001614178
1314966,BME,BlackRock Health Sciences Trust,0001314966
1849396,NEXN,Nexxen International Ltd.,0001849396
901243,MUA,"BLACKROCK MUNIASSETS FUND, INC.",0000901243
1402829,ORN,Orion Group Holdings Inc,0001402829
879526,WNC,WABASH NATIONAL Corp,0000879526
2104882,EROK,"EagleRock Land, LLC",0002104882
1528287,NPCE,NeuroPace Inc,0001528287
885125,IQI,Invesco Quality Municipal Income Trust,0000885125
1731348,TLRY,"Tilray Brands, Inc.",0001731348
2035709,PHOE,Phoenix Asia Holdings Ltd,0002035709
25475,CRD-A,CRAWFORD & CO,0000025475
1945240,ROMA,Roma Green Finance Ltd,0001945240
1829864,TASK,"TaskUs, Inc.",0001829864
1130144,BSRR,SIERRA BANCORP,0001130144
2067627,NKLR,Terra Innovatum Global N.V.,0002067627
712770,OLP,ONE LIBERTY PROPERTIES INC,0000712770
1436425,HBCP,"HOME BANCORP, INC.",0001436425
1864208,GUG,Guggenheim Active Allocation Fund,0001864208
1275187,ANGO,ANGIODYNAMICS INC,0001275187
790816,BDN,BRANDYWINE REALTY TRUST,0000790816
1703956,BBCP,"Concrete Pumping Holdings, Inc.",0001703956
1515671,DPG,Duff & Phelps Utility & Infrastructure Fund Inc.,0001515671
1776661,ADV,Advantage Solutions Inc.,0001776661
876427,MNRO,"MONRO, INC.",0000876427
1521951,FBIZ,"FIRST BUSINESS FINANCIAL SERVICES, INC.",0001521951
1084991,NGS,NATURAL GAS SERVICES GROUP INC,0001084991
1913847,CNCK,Coincheck Group N.V.,0001913847
1937987,FBYD,"Falcon's Beyond Global, Inc.",0001937987
1426800,ASMB,"ASSEMBLY BIOSCIENCES, INC.",0001426800
33002,EBF,"ENNIS, INC.",0000033002
1655759,ARVN,"ARVINAS, INC.",0001655759
1401521,ACIC,AMERICAN COASTAL INSURANCE Corp,0001401521
895531,VCV,Invesco California Value Municipal Income Trust,0000895531
1635977,THW,abrdn World Healthcare Fund,0001635977
2076631,AMRQF,AMAROQ LTD.,0002076631
2106613,QNC,Quantum eMotion Corp,0002106613
1375205,URG,UR-ENERGY INC,0001375205
1288403,WTI,W&T OFFSHORE INC,0001288403
76282,PKOH,PARK OHIO HOLDINGS CORP,0000076282
720858,ITIC,INVESTORS TITLE CO,0000720858
804123,TWN,TAIWAN FUND INC,0000804123
1318484,CTRN,Citi Trends Inc,0001318484
1838615,ALTI,"AlTi Global, Inc.",0001838615
2048951,TMS,Teamshares Inc,0002048951
1844862,SLDP,"Solid Power, Inc.",0001844862
1899883,FIP,FTAI Infrastructure Inc.,0001899883
1836564,VALN,Valneva SE,0001836564
1958086,CLB,Core Laboratories Inc. /DE/,0001958086
1393299,BGY,BlackRock Enhanced International Dividend Trust,0001393299
1436126,MG,"Mistras Group, Inc.",0001436126
88000,HKHC,Horizon Kinetics Holding Corp,0000088000
1590976,MBUU,"MALIBU BOATS, INC.",0001590976
1535778,MSIF,"MSC INCOME FUND, INC.",0001535778
1131312,ZNOG,ZION OIL & GAS INC,0001131312
724004,MLAB,MESA LABORATORIES INC /CO/,0000724004
2108962,GCGR,General Catalyst Global Resilience Merger Corp.,0002108962
1649752,NMG,Nouveau Monde Graphite Inc.,0001649752
1267902,WIW,WESTERN ASSET INFLATION-LINKED OPPORTUNITIES & INCOME FUND,0001267902
1368265,CLNE,Clean Energy Fuels Corp.,0001368265
1526119,VSTM,"Verastem, Inc.",0001526119
1176984,EIM,Eaton Vance Municipal Bond Fund,0001176984
1398733,AQST,"Aquestive Therapeutics, Inc.",0001398733
1631569,CHCT,Community Healthcare Trust Inc,0001631569
1517375,SPT,"Sprout Social, Inc.",0001517375
108985,YORW,YORK WATER CO,0000108985
1281926,ETO,Eaton Vance Tax-Advantaged Global Dividend Opportunities Fund,0001281926
1606366,LOCO,"El Pollo Loco Holdings, Inc.",0001606366
1546429,BGB,Blackstone Strategic Credit 2027 Term Fund,0001546429
1349436,SD,SANDRIDGE ENERGY INC,0001349436
2074878,NWAX,New America Acquisition I Corp.,0002074878
2035992,MCTA,Charming Medical Ltd,0002035992
1821866,BTQ,BTQ Technologies Corp.,0001821866
1854545,DDL,Dingdong (Cayman) Ltd,0001854545
1121484,OIS,"OIL STATES INTERNATIONAL, INC",0001121484
1170299,PML,PIMCO MUNICIPAL INCOME FUND II,0001170299
1341170,ESEA,EUROSEAS LTD.,0001341170
1809691,HKD,AMTD Digital Inc.,0001809691
1810523,FTHY,FIRST TRUST HIGH YIELD OPPORTUNITIES 2027 TERM FUND,0001810523
70487,NRC,NRC HEALTH,0000070487
1364125,WRN,Western Copper & Gold Corp,0001364125
1988494,FVR,"FrontView REIT, Inc.",0001988494
1233681,BLW,BLACKROCK Ltd DURATION INCOME TRUST,0001233681
1604174,ECC,Eagle Point Credit Co,0001604174
2087361,MEVO,M Evo Global Acquisition Corp II,0002087361
803164,COFS,CHOICEONE FINANCIAL SERVICES INC,0000803164
1754226,OBT,"Orange County Bancorp, Inc. /DE/",0001754226
1285890,IGD,Voya GLOBAL EQUITY DIVIDEND & PREMIUM OPPORTUNITY FUND,0001285890
1832483,SERV,Serve Robotics Inc. /DE/,0001832483
2025416,OWLS,OBOOK HOLDINGS INC.,0002025416
1855644,ZURA,Zura Bio Ltd,0001855644
1771706,VREOF,Vireo Growth Inc.,0001771706
96869,TRC,TEJON RANCH CO,0000096869
1576942,SFIX,"Stitch Fix, Inc.",0001576942
1537054,GOGO,Gogo Inc.,0001537054
1130713,BBBY,"BED BATH & BEYOND, INC.",0001130713
784539,EACO,EACO CORP,0000784539
1131903,FCCN,SPECTRAL CAPITAL Corp,0001131903
910638,DDD,3D SYSTEMS CORP,0000910638
814586,LWAY,"Lifeway Foods, Inc.",0000814586
917100,IFN,"ABERDEEN INDIA FUND, INC.",0000917100
1425450,KIDS,ORTHOPEDIATRICS CORP,0001425450
2033535,CMDB,Costamare Bulkers Holdings Ltd,0002033535
1372299,OCGN,"Ocugen, Inc.",0001372299
1743725,GDYN,"GRID DYNAMICS HOLDINGS, INC.",0001743725
1597672,RYAM,RAYONIER ADVANCED MATERIALS INC.,0001597672
1320461,CPS,Cooper-Standard Holdings Inc.,0001320461
1554697,GHY,"PGIM Global High Yield Fund, Inc.",0001554697
1030192,IDR,"Idaho Strategic Resources, Inc.",0001030192
1746129,BSVN,Bank7 Corp.,0001746129
2074872,KRSP,Rice Acquisition Corp 3,0002074872
55135,KELYA,KELLY SERVICES INC,0000055135
1650664,EDIT,"Editas Medicine, Inc.",0001650664
1496443,PAYS,"Paysign, Inc.",0001496443
1847590,BWMN,Bowman Consulting Group Ltd.,0001847590
1631596,KREF,KKR Real Estate Finance Trust Inc.,0001631596
1285550,CLPT,"ClearPoint Neuro, Inc.",0001285550
899751,TWI,TITAN INTERNATIONAL INC,0000899751
1793229,CTEV,Claritev Corp,0001793229
1400118,SGMT,Sagimet Biosciences Inc.,0001400118
1994702,KYTX,"Kyverna Therapeutics, Inc.",0001994702
1874071,PDLB,"Ponce Financial Group, Inc.",0001874071
2081358,CRAN,Crane Harbor Acquisition Corp. II,0002081358
1421461,IPI,"Intrepid Potash, Inc.",0001421461
945983,CLMB,"Climb Global Solutions, Inc.",0000945983
2080019,GIW,GigCapital8 Corp.,0002080019
1850270,PROK,PROKIDNEY CORP.,0001850270
1854149,ANSC,Agriculture & Natural Solutions Acquisition Corp,0001854149
1840706,SOPH,SOPHiA GENETICS SA,0001840706
1861115,NMAI,Nuveen Multi-Asset Income Fund,0001861115
1861974,ECX,ECARX Holdings Inc.,0001861974
1986817,GTEN,"Gores Holdings X, Inc. / CI",0001986817
1829959,DCBO,Docebo Inc.,0001829959
1377757,GAU,Galiano Gold Inc.,0001377757
1768267,CRNC,Cerence Inc.,0001768267
1903145,GRRR,Gorilla Technology Group Inc.,0001903145
1505732,BWFG,"Bankwell Financial Group, Inc.",0001505732
1606909,PANL,Pangaea Logistics Solutions Ltd.,0001606909
1509261,RZLT,"Rezolute, Inc.",0001509261
788329,JOUT,JOHNSON OUTDOORS INC,0000788329
928340,CWCO,Consolidated Water Co. Ltd.,0000928340
1299130,PACB,"PACIFIC BIOSCIENCES OF CALIFORNIA, INC.",0001299130
1835856,BETR,Better Home & Finance Holding Co,0001835856
1215913,HPS,JOHN HANCOCK PREFERRED INCOME FUND III,0001215913
2079253,APXT,Apex Treasury Corp,0002079253
1515940,KIO,KKR Income Opportunities Fund,0001515940
1559053,PRTA,PROTHENA CORP PUBLIC LTD CO,0001559053
1096056,LXFR,LUXFER HOLDINGS PLC,0001096056
1729149,VMD,"VIEMED HEALTHCARE, INC.",0001729149
929351,STRZ,STARZ ENTERTAINMENT CORP /CN/,0000929351
1862044,ZKH,ZKH Group Ltd,0001862044
1403475,BMRC,Bank of Marin Bancorp,0001403475
1499422,RBB,RBB Bancorp,0001499422
1308927,ETB,Eaton Vance Tax-Managed Buy-Write Income Fund,0001308927
1059386,VVR,Invesco Senior Income Trust,0001059386
1108109,CYH,COMMUNITY HEALTH SYSTEMS INC,0001108109
1478888,NBB,Nuveen Taxable Municipal Income Fund,0001478888
844059,FRPH,"FRP HOLDINGS, INC.",0000844059
2075786,SEAH,"Seahawk Recycling Holdings, Inc.",0002075786
61986,MTW,MANITOWOC CO INC,0000061986
2092574,SWMR,"Swarmer, Inc",0002092574
1865389,NPFD,Nuveen Variable Rate Preferred & Income Fund,0001865389
1817241,ARTV,"Artiva Biotherapeutics, Inc.",0001817241
1291334,FFA,FIRST TRUST ENHANCED EQUITY INCOME FUND,0001291334
49754,DIN,"Dine Brands Global, Inc.",0000049754
1830043,BMBL,Bumble Inc.,0001830043
2059573,PINWF,Pinewood Technologies Group plc,0002059573
1720420,IBEX,IBEX Ltd,0001720420
1636651,OVID,Ovid Therapeutics Inc.,0001636651
1981546,CBK,"Commercial Bancgroup, Inc.",0001981546
1166928,WTBA,WEST BANCORPORATION INC,0001166928
872912,DCTH,"DELCATH SYSTEMS, INC.",0000872912
41719,MAGN,Magnera Corp,0000041719
1479615,SLN,Silence Therapeutics plc,0001479615
1808898,BNTC,Benitec Biopharma Inc.,0001808898
1862461,REAX,Real Brokerage Inc,0001862461
1143513,GLAD,GLADSTONE CAPITAL CORP,0001143513
1779128,SRTA,"Strata Critical Medical, Inc.",0001779128
796505,CLFD,"Clearfield, Inc.",0000796505
1421517,ERII,"Energy Recovery, Inc.",0001421517
2084396,IEAG,Infinite Eagle Acquisition Corp.,0002084396
2101698,ELMT,Elmet Group Co.,0002101698
1848416,VRNO,Verano Holdings Corp.,0001848416
1722387,ITRG,Integra Resources Corp.,0001722387
2088749,KBON,Karbon Capital Partners Corp.,0002088749
1074540,EVN,Eaton Vance Municipal Income Trust,0001074540
1940941,MFI,mF International Ltd,0001940941
1791145,GBFH,GBank Financial Holdings Inc.,0001791145
884624,OFIX,Orthofix Medical Inc.,0000884624
1699350,SI,"SHOULDER INNOVATIONS, INC.",0001699350
1681622,VREX,Varex Imaging Corp,0001681622
1866782,CDRO,"Codere Online Luxembourg, S.A.",0001866782
724910,NVEC,NVE CORP /NEW/,0000724910
1759138,CABA,"Cabaletta Bio, Inc.",0001759138
1409171,TITN,Titan Machinery Inc.,0001409171
1030997,WILC,G WILLI FOOD INTERNATIONAL LTD,0001030997
2100457,AIBZ,Bitzero Holdings Inc.,0002100457
2073928,MBVI,M3-Brigade Acquisition VI Corp.,0002073928
1171155,RLGT,"RADIANT LOGISTICS, INC",0001171155
1635282,RMNI,"Rimini Street, Inc.",0001635282
2073340,TLNC,Talon Capital Corp.,0002073340
1768259,GOTU,Gaotu Techedu Inc.,0001768259
1313310,GRVY,"GRAVITY Co., Ltd.",0001313310
1855747,BLND,"Blend Labs, Inc.",0001855747
1382101,STRO,"SUTRO BIOPHARMA, INC.",0001382101
1530979,HNST,"Honest Company, Inc.",0001530979
2091176,IACO,Idea Acquisition Corp.,0002091176
352825,FSTR,FOSTER L B CO,0000352825
1176199,HPI,JOHN HANCOCK PREFERRED INCOME FUND,0001176199
778164,ALTO,"Alto Ingredients, Inc.",0000778164
1301787,BXC,BlueLinx Holdings Inc.,0001301787
711669,CBAN,COLONY BANKCORP INC,0000711669
1514991,AMCX,AMC Global Media Inc.,0001514991
2044725,EVMN,"Evommune, Inc.",0002044725
1145986,ASPN,ASPEN AEROGELS INC,0001145986
2082119,KRAQ,KRAKacquisition Corp,0002082119
1868995,CINT,CI&T Inc,0001868995
2081468,MESH,Meshflow Acquisition Corp,0002081468
1559991,DFP,Flaherty & Crumrine Dynamic Preferred & Income Fund Inc,0001559991
1591670,FPI,Farmland Partners Inc.,0001591670
1481792,QUAD,"Quad/Graphics, Inc.",0001481792
1737927,CGC,Canopy Growth Corp,0001737927
1745059,FINS,Angel Oak Financial Strategies Income Term Trust,0001745059
1734750,MOVE,"Corvex, Inc.",0001734750
2065779,BCAR,D. Boral ARC Acquisition I Corp.,0002065779
1494582,BOC,BOSTON OMAHA Corp,0001494582
1587987,NEWT,"NewtekOne, Inc.",0001587987
1365767,ALLT,Allot Ltd.,0001365767
1000623,MATV,"Mativ Holdings, Inc.",0001000623
1141103,CCRN,CROSS COUNTRY HEALTHCARE INC,0001141103
934549,ACTG,ACACIA RESEARCH CORP,0000934549
1002590,SGU,"STAR GROUP, L.P.",0001002590
1253689,CBIO,"CRESCENT BIOPHARMA, INC.",0001253689
2028336,NUAI,"New ERA Energy & Digital, Inc.",0002028336
1634117,BNED,"Barnes & Noble Education, Inc.",0001634117
1534880,ISD,"PGIM High Yield Bond Fund, Inc.",0001534880
1401667,PBYI,"PUMA BIOTECHNOLOGY, INC.",0001401667
1944955,GSKRF,FIRST NORDIC METALS CORP.,0001944955
1570562,EOLS,"Evolus, Inc.",0001570562
1710680,HFRO,HIGHLAND OPPORTUNITIES & INCOME FUND,0001710680
2093912,PTOR,Praetorian Acquisition Corp.,0002093912
1965615,MGMNF,MAGNA MINING INC.,0001965615
1662579,CCCC,"C4 Therapeutics, Inc.",0001662579
1692705,HTT,High Templar Tech Ltd,0001692705
2024218,SMC,Summit Midstream Corp,0002024218
1567529,KMDA,KAMADA LTD,0001567529
1041514,LSAK,LESAKA TECHNOLOGIES INC,0001041514
1833141,HELP,CYBIN INC.,0001833141
1683695,IMXI,"International Money Express, Inc.",0001683695
908993,VKI,Invesco Advantage Municipal Income Trust II,0000908993
1811115,RNLXY,Renalytix plc,0001811115
1833835,PSFE,Paysafe Ltd,0001833835
922864,AIV,APARTMENT INVESTMENT & MANAGEMENT CO,0000922864
1823986,WDH,Waterdrop Inc.,0001823986
2029976,KFII,K&F GROWTH ACQUISITION CORP. II,0002029976
1423869,PCB,PCB BANCORP,0001423869
2039972,GMTL,Guardian Metal Resources PLC,0002039972
2044009,XRPN,Armada Acquisition Corp. II,0002044009
34956,TENX,"TENAX THERAPEUTICS, INC.",0000034956
792966,FMAO,FARMERS & MERCHANTS BANCORP INC,0000792966
810958,CZNC,CITIZENS & NORTHERN CORP,0000810958
69733,NATH,"NATHANS FAMOUS, INC.",0000069733
1759783,EH,EHang Holdings Ltd,0001759783
1581178,EPRX,EUPRAXIA PHARMACEUTICALS INC.,0001581178
2091024,CLBR,Colombier Acquisition Corp. III,0002091024
1064052,FGOVF,FREEGOLD VENTURES LTD,0001064052
1113809,BBW,BUILD-A-BEAR WORKSHOP INC,0001113809
1401040,DMAC,DiaMedica Therapeutics Inc.,0001401040
1633336,CCAP,"Crescent Capital BDC, Inc.",0001633336
1306550,BGR,BlackRock Energy & Resources Trust,0001306550
2064307,LOGC,ContextLogic Holdings Inc.,0002064307
1769663,PBFS,"Pioneer Bancorp, Inc./MD",0001769663
1438423,MRAM,EVERSPIN TECHNOLOGIES INC.,0001438423
1168455,PLBC,PLUMAS BANCORP,0001168455
318306,ABEO,ABEONA THERAPEUTICS INC.,0000318306
2035173,RTAC,Renatus Tactical Acquisition Corp I,0002035173
1602658,ISTR,Investar Holding Corp,0001602658
1711570,UROY,Uranium Royalty Corp.,0001711570
2058359,CRAQ,Cal Redwood Acquisition Corp.,0002058359
733590,TCI,TRANSCONTINENTAL REALTY INVESTORS INC,0000733590
2028707,MRLN,"Merlin, Inc.",0002028707
1053369,ELTP,ELITE PHARMACEUTICALS INC /NV/,0001053369
216085,HVT,HAVERTY FURNITURE COMPANIES INC,0000216085
1281895,RCKT,"ROCKET PHARMACEUTICALS, INC.",0001281895
1495651,UURAF,Ucore Rare Metals Inc.,0001495651
1519401,RM,Regional Management Corp.,0001519401
1708055,RBBN,Ribbon Communications Inc.,0001708055
1308208,ULH,"UNIVERSAL LOGISTICS HOLDINGS, INC.",0001308208
2006291,CCIX,Churchill Capital Corp IX/Cayman,0002006291
818972,LEO,"BNY MELLON STRATEGIC MUNICIPALS, INC.",0000818972
1762301,FVRR,Fiverr International Ltd.,0001762301
2048948,NPAC,New Providence Acquisition Corp. III/Cayman,0002048948
1702780,OPTU,"Optimum Communications, Inc.",0001702780
709283,QMCO,QUANTUM CORP /DE/,0000709283
1738021,CMPX,"Compass Therapeutics, Inc.",0001738021
43196,GTN,"GRAY MEDIA, INC",0000043196
2088295,BBCQ,Bleichroeder Acquisition Corp. II,0002088295
912728,FWRD,FORWARD AIR CORP,0000912728
1982708,NNNN,Anbio Biotechnology,0001982708
59255,VHI,VALHI INC /DE/,0000059255
896264,USNA,USANA HEALTH SCIENCES INC,0000896264
1834526,GPAT,GP-Act III Acquisition Corp.,0001834526
2091222,SAAQ,Space Asset Acquisition Corp.,0002091222
1091223,MTLS,MATERIALISE NV,0001091223
1456772,OPI,OFFICE PROPERTIES INCOME TRUST,0001456772
2033122,TACO,Berto Acquisition Corp.,0002033122
1812923,SDHY,PGIM Short Duration High Yield Opportunities Fund,0001812923
2010930,ALF,Centurion Acquisition Corp.,0002010930
1494904,GBLI,"Global Indemnity Group, LLC",0001494904
1850119,IPSC,"Century Therapeutics, Inc.",0001850119
2022626,UPB,"Upstream Bio, Inc.",0002022626
1495825,GBAB,Guggenheim Taxable Municipal Bond & Investment Grade Debt Trust,0001495825
2081515,GUAC,Berto Acquisition Corp. II,0002081515
1315399,PKBK,"PARKE BANCORP, INC.",0001315399
1325670,FRST,Primis Financial Corp.,0001325670
2056634,PCAP,ProCap Acquisition Corp,0002056634
2107724,MTAL,Metals Acquisition Corp. II,0002107724
2016072,MBAV,M3-Brigade Acquisition V Corp.,0002016072
1177648,ENTA,ENANTA PHARMACEUTICALS INC,0001177648
1374690,LRMR,"Larimar Therapeutics, Inc.",0001374690
1367644,EBS,Emergent BioSolutions Inc.,0001367644
1730463,AUTL,Autolus Therapeutics plc,0001730463
2087447,ZKP,Lafayette Digital Acquisition Corp. I,0002087447
732417,HBIA,HILLS BANCORPORATION,0000732417
882150,MYN,"BLACKROCK MUNIYIELD NEW YORK QUALITY FUND, INC.",0000882150
1277575,SCGX,SAXON CAPITAL GROUP INC,0001277575
895447,SHOE,SHOE STATION GROUP INC,0000895447
2055459,RDAG,Republic Digital Acquisition Co,0002055459
1178253,SCYX,SCYNEXIS INC,0001178253
1211583,FENC,FENNEC PHARMACEUTICALS INC.,0001211583
1244183,PFL,PIMCO INCOME STRATEGY FUND,0001244183
2057043,WENN,WEN Acquisition Corp,0002057043
1501697,XFOR,"X4 Pharmaceuticals, Inc",0001501697
1734107,SOHU,Sohu.com Ltd,0001734107
1338940,PERI,Perion Network Ltd.,0001338940
1259708,FRA,"BLACKROCK FLOATING RATE INCOME STRATEGIES FUND, INC.",0001259708
1074769,NAN,NUVEEN NEW YORK QUALITY MUNICIPAL INCOME FUND,0001074769
1528985,INRE,"Inland Real Estate Income Trust, Inc.",0001528985
1844450,ELVA,Electrovaya Inc.,0001844450
1860805,ASTL,Algoma Steel Group Inc.,0001860805
2122505,IACQ,Irenic Acquisition Corp.,0002122505
2001557,INV,"Innventure, Inc.",0002001557
1531193,FCBM,"First Carolina Financial Services, Inc.",0001531193
1669779,CWH,"Camping World Holdings, Inc.",0001669779
1842279,OPAL,OPAL Fuels Inc.,0001842279
1375340,FOF,"Cohen & Steers Closed-End Opportunity Fund, Inc.",0001375340
18498,GCO,GENESCO INC,0000018498
1786248,NREF,"NexPoint Real Estate Finance, Inc.",0001786248
14707,CAL,CALERES INC,0000014707
2058758,AVBC,"Avidia Bancorp, Inc.",0002058758
1699039,RNGR,"Ranger Energy Services, Inc.",0001699039
1799207,AUNA,AUNA S.A.,0001799207
765207,FNLC,"First Bancorp, Inc /ME/",0000765207
2083125,FTW,PRESIDIO PRODUCTION Co,0002083125
1210123,EAD,ALLSPRING INCOME OPPORTUNITIES FUND,0001210123
1729173,UXIN,Uxin Ltd,0001729173
1963685,RR,RICHTECH ROBOTICS INC.,0001963685
1517022,AKBA,"Akebia Therapeutics, Inc.",0001517022
1788999,XPER,Xperi Inc.,0001788999
1703157,SCTH,"Securetech Innovations, Inc.",0001703157
1214935,NCV,Virtus Convertible & Income Fund,0001214935
1005229,CMCO,COLUMBUS MCKINNON CORP,0001005229
91847,SOR,SOURCE CAPITAL /DE/,0000091847
1683825,TRVG,trivago N.V.,0001683825
1825079,VELO,"Velo3D, Inc.",0001825079
2089982,HACQ,HCM IV Acquisition Corp.,0002089982
1934114,SUJA,"SUJA LIFE, INC.",0001934114
1388141,EDD,"Morgan Stanley Emerging Markets Domestic Debt Fund, Inc.",0001388141
2097376,MZYX,MOZAYYX Acquisition Corp.,0002097376
717720,VALU,VALUE LINE INC,0000717720
1495240,LAND,GLADSTONE LAND Corp,0001495240
1564180,KNOP,KNOT Offshore Partners LP,0001564180
2083989,ALOV,"Aldabra 4 Liquidity Opportunity Vehicle, Inc.",0002083989
1009759,CEPL,"Capstone Energy Plus, Inc.",0001009759
1277902,MVBF,MVB FINANCIAL CORP,0001277902
1593899,AVIR,"Atea Pharmaceuticals, Inc.",0001593899
1806201,LPRO,Open Lending Corp,0001806201
1528356,GNE,Genie Energy Ltd.,0001528356
1390195,AWP,abrdn Global Premier Properties Fund,0001390195
320121,TLS,TELOS CORP,0000320121
1854368,DGXX,Digi Power X Inc.,0001854368
835011,MGPI,MGP INGREDIENTS INC,0000835011
879585,ATNI,"ATN International, Inc.",0000879585
1023459,SLP,"Simulations Plus, Inc.",0001023459
1510593,XNET,Xunlei Ltd,0001510593
1901637,USCB,"USCB FINANCIAL HOLDINGS, INC.",0001901637
1377630,NCMI,"National CineMedia, Inc.",0001377630
106532,WEYS,WEYCO GROUP INC,0000106532
1730984,BCML,BayCom Corp,0001730984
2074697,FCRS,FutureCrest Acquisition Corp.,0002074697
1786117,PINE,"Alpine Income Property Trust, Inc.",0001786117
275053,NATR,NATURES SUNSHINE PRODUCTS INC,0000275053
1907108,LXEO,"Lexeo Therapeutics, Inc.",0001907108
1499849,LND,BrasilAgro - Brazilian Agricultural Real Estate Co,0001499849
2007587,AII,"American Integrity Insurance Group, Inc.",0002007587
846676,AEF,"abrdn Emerging Markets ex-China Fund, Inc.",0000846676
2111762,GSRV,GSR V Acquisition Corp.,0002111762
2088325,OIM,OneIM Acquisition Corp.,0002088325
1850733,FVAV,Fortress Value Acquisition Corp. V,0001850733
1847398,NECB,"NorthEast Community Bancorp, Inc./MD/",0001847398
1368519,NOA,North American Construction Group Ltd.,0001368519
1820302,BKKT,"Bakkt, Inc.",0001820302
1488917,ELMD,"Electromed, Inc.",0001488917
2034037,SDHI,Siddhi Acquisition Corp (Cayman Islands),0002034037
2098712,GIX,GigCapital9 Corp.,0002098712
763563,CHMG,CHEMUNG FINANCIAL CORP,0000763563
2041493,ALUB,Alussa Energy Acquisition Corp. II,0002041493
1539337,JRI,Nuveen Real Asset Income & Growth Fund,0001539337
1489993,MOBI,"Mobia Medical, Inc.",0001489993
712034,ACCO,ACCO BRANDS Corp,0000712034
839533,KTF,DWS MUNICIPAL INCOME TRUST,0000839533
1876431,PRE,Prenetics Global Ltd,0001876431
2009183,TACH,Titan Acquisition Corp.,0002009183
2064683,CCII,Cohen Circle Acquisition Corp. II,0002064683
2087398,TMCR,Metals Royalty Co Inc.,0002087398
890393,MIY,"BLACKROCK MUNIYIELD MICHIGAN QUALITY FUND, INC.",0000890393
2077010,OTGA,OTG Acquisition Corp. I,0002077010
1902314,MPTI,"M-tron Industries, Inc.",0001902314
1506488,NXG,NXG NextGen Infrastructure Income Fund,0001506488
2012318,IPCX,Inflection Point Acquisition Corp. III,0002012318
1058239,HIX,WESTERN ASSET HIGH INCOME FUND II INC.,0001058239
2096900,ACAA,Averin Capital Acquisition Corp.,0002096900
1392380,GEVO,"Gevo, Inc.",0001392380
275694,MCI,BARINGS CORPORATE INVESTORS,0000275694
2053799,KCHV,Kochav Defense Acquisition Corp.,0002053799
789933,NC,NACCO INDUSTRIES INC,0000789933
863110,ARTNA,ARTESIAN RESOURCES CORP,0000863110
1569994,WSBF,"Waterstone Financial, Inc.",0001569994
1770450,XRX,Xerox Holdings Corp,0001770450
1368493,CAF,"Morgan Stanley China A Share Fund, Inc.",0001368493
1615905,JGH,Nuveen Global High Income Fund,0001615905
2099093,HCIC,Hennessy Capital Investment Corp. VIII,0002099093
2083910,ARCI,Archimedes Tech SPAC Partners III Co.,0002083910
1270131,SCD,LMP CAPITAL & INCOME FUND INC.,0001270131
1443575,AVBH,"Avidbank Holdings, Inc.",0001443575
1576873,ABAT,AMERICAN BATTERY TECHNOLOGY Co,0001576873
1347178,VNDA,Vanda Pharmaceuticals Inc.,0001347178
2069238,PAII,Pyrophyte Acquisition Corp. II,0002069238
2025608,SOUL,Soulpower Acquisition Corp.,0002025608
1644378,RMR,RMR GROUP INC.,0001644378
1434316,FATE,FATE THERAPEUTICS INC,0001434316
1515964,GGAZF,Goldgroup Mining Inc.,0001515964
2042292,BDCI,BTC Development Corp.,0002042292
1678660,PRLD,Prelude Therapeutics Inc,0001678660
2057030,AXIN,Axiom Intelligence Acquisition Corp 1,0002057030
2081909,SBXE,SilverBox Corp V,0002081909
1857044,INDP,"Indaptus Therapeutics, Inc.",0001857044
2075310,BLZR,Trailblazer Acquisition Corp.,0002075310
2042182,OYSE,Oyster Enterprises II Acquisition Corp,0002042182
2069856,HCMA,HCM III ACQUISITION CORP.,0002069856
2130386,YICC,Yorkville International Capital Corp.,0002130386
866273,MTRX,MATRIX SERVICE CO,0000866273
1720592,RPAY,Repay Holdings Corp,0001720592
910068,HIO,WESTERN ASSET HIGH INCOME OPPORTUNITY FUND INC.,0000910068
2086263,SORN,Soren Acquisition Corp.,0002086263
2082149,DSAC,Daedalus Special Acquisition Corp.,0002082149
1590584,CVEO,Civeo Corp,0001590584
2102041,IPFX,Inflection Point Acquisition Corp. VI,0002102041
1189740,HPF,JOHN HANCOCK PREFERRED INCOME FUND II,0001189740
1943289,SVCO,"Silvaco Group, Inc.",0001943289
2135163,ATAC,Albatross Acquisition Corp,0002135163
786035,ASG,LIBERTY ALL STAR GROWTH FUND INC.,0000786035
728387,CATX,"Perspective Therapeutics, Inc.",0000728387
799288,LE,"LANDS' END, INC.",0000799288
2060016,AGCC,Agencia Comercial Spirits Ltd.,0002060016
1013272,NWFL,NORWOOD FINANCIAL CORP,0001013272
1609804,OEC,Orion S.A.,0001609804
1133416,GALT,GALECTIN THERAPEUTICS INC,0001133416
832327,BKT,"BLACKROCK INCOME TRUST, INC.",0000832327
2102771,KEYY,Keystone Acquisition Corp.,0002102771
739421,CZFS,CITIZENS FINANCIAL SERVICES INC,0000739421
65172,MSB,MESABI TRUST,0000065172
2092897,AACI,Armada Acquisition Corp. III,0002092897
826020,BRW,Saba Capital Income & Opportunities Fund,0000826020
1802883,API,"Agora, Inc.",0001802883
1046050,TSBK,TIMBERLAND BANCORP INC,0001046050
1766600,SNDL,SNDL Inc.,0001766600
1956439,ENHA,Enhanced Group Inc.,0001956439
1765812,PHDWY,"PT Ace Hardware Indonesia, Tbk./ADR",0001765812
1819580,YSG,Yatsen Holding Ltd,0001819580
1394056,OSS,"ONE STOP SYSTEMS, INC.",0001394056
1713334,MSC,STUDIO CITY INTERNATIONAL HOLDINGS Ltd,0001713334
933034,STRT,STRATTEC SECURITY CORP,0000933034
1790340,IMRX,Immuneering Corp,0001790340
38264,FWDI,"Forward Industries, Inc.",0000038264
2115404,CAII,Collective Acquisition Corp. II,0002115404
1338561,SPXX,Nuveen S&P 500 Dynamic Overwrite Fund,0001338561
1760689,MVST,"Microvast Holdings, Inc.",0001760689
2007596,TWFG,"TWFG, Inc.",0002007596
1525769,PLAY,"Dave & Buster's Entertainment, Inc.",0001525769
1852207,BEAG,Bold Eagle Acquisition Corp.,0001852207
1162194,LAB,STANDARD BIOTOOLS INC.,0001162194
2009684,SEG,Seaport Entertainment Group Inc.,0002009684
2050501,BLUW,Blue Water Acquisition Corp. III,0002050501
1706946,SPCE,"Virgin Galactic Holdings, Inc",0001706946
727273,CDZI,CADIZ INC,0000727273
1357459,PALI,"PALISADE BIO, INC.",0001357459
2034266,CEPV,"Cantor Equity Partners V, Inc.",0002034266
1817159,RFMZ,"RiverNorth Flexible Municipal Income Fund II, Inc.",0001817159
1555279,MASS,908 Devices Inc.,0001555279
859796,JOF,JAPAN SMALLER CAPITALIZATION FUND INC,0000859796
809708,EMF,TEMPLETON EMERGING MARKETS FUND,0000809708
1871509,PTLO,Portillo's Inc.,0001871509
766011,CMCL,Caledonia Mining Corp Plc,0000766011
1725160,ZNTL,"Zentalis Pharmaceuticals, Inc.",0001725160
836690,ISSC,INNOVATIVE SOLUTIONS & SUPPORT INC,0000836690
873860,ONIT,ONITY GROUP INC.,0000873860
1862935,CURR,Currenc Group Inc.,0001862935
1682149,DVLT,Datavault AI Inc.,0001682149
100378,TWIN,TWIN DISC INC,0000100378
827773,PPT,PUTNAM PREMIER INCOME TRUST,0000827773
1328919,GASS,StealthGas Inc.,0001328919
63330,MLP,MAUI LAND & PINEAPPLE CO INC,0000063330
1120970,LODE,Comstock Inc.,0001120970
2025401,FERA,Fifth Era Acquisition Corp I,0002025401
1802156,XPOF,"Xponential Fitness, Inc.",0001802156
1327607,MYFW,First Western Financial Inc,0001327607
720500,ASYS,AMTECH SYSTEMS INC,0000720500
1049606,CIX,COMPX INTERNATIONAL INC,0001049606
1681206,NODK,"NI Holdings, Inc.",0001681206
1859690,ARQQ,Arqit Quantum Inc.,0001859690
2040381,PACH,Pioneer Acquisition I Corp,0002040381
1666291,CMTG,"Claros Mortgage Trust, Inc.",0001666291
2030663,SZZL,Sizzle Acquisition Corp. II,0002030663
1661998,QTTB,Q32 Bio Inc.,0001661998
2032528,DRDB,Roman DBDR Acquisition Corp. II,0002032528
2034313,OBA,Oxley Bridge Acquisition Ltd,0002034313
1297107,COSO,"CoastalSouth Bancshares, Inc.",0001297107
1854964,NLCP,"NewLake Capital Partners, Inc.",0001854964
1162027,AFB,ALLIANCEBERNSTEIN NATIONAL MUNICIPAL INCOME FUND,0001162027
1958217,LZM,Lifezone Metals Ltd,0001958217
1866816,OPTX,"SYNTEC OPTICS HOLDINGS, INC.",0001866816
1530249,FSBW,"FS Bancorp, Inc.",0001530249
2077954,EVOX,Evolution Global Acquisition Corp,0002077954
1487428,HRZN,Horizon Technology Finance Corp,0001487428
1287480,BGT,BLACKROCK FLOATING RATE INCOME TRUST,0001287480
1501072,RIV,"RIVERNORTH OPPORTUNITIES FUND, INC.",0001501072
1534254,CION,CION Investment Corp,0001534254
1957413,DCX,Digital Currency X Technology Inc.,0001957413
2087965,CAES,"Cantor Equity Partners VII, Inc.",0002087965
2061473,PMTR,Perimeter Acquisition Corp. I,0002061473
2068454,KOYN,"CSLM Digital Asset Acquisition Corp III, Ltd",0002068454
814585,MBI,MBIA INC,0000814585
2031561,ALDF,Aldel Financial II Inc.,0002031561
1617553,ZIP,"ZIPRECRUITER, INC.",0001617553
1655210,BYND,"BEYOND MEAT, INC.",0001655210
1806952,LYEL,"Lyell Immunopharma, Inc.",0001806952
909112,TEI,TEMPLETON EMERGING MARKETS INCOME FUND,0000909112
1378325,CV,"CapsoVision, Inc",0001378325
1448397,SHIP,Seanergy Maritime Holdings Corp.,0001448397
2028516,ATII,Archimedes Tech SPAC Partners II Co.,0002028516
1794776,PSBD,Palmer Square Capital BDC Inc.,0001794776
2025341,POLE,Andretti Acquisition Corp. II,0002025341
2039058,JACS,Jackson Acquisition Co II,0002039058
1930313,SBC,SBC Medical Group Holdings Inc,0001930313
2088805,CMII,Columbus Circle Capital Corp II,0002088805
2078653,RNGT,Range Capital Acquisition Corp II,0002078653
2033991,TVA,Texas Ventures Acquisition III Corp,0002033991
2082844,SAC,Safeguard Acquisition Corp.,0002082844
2053033,PLTS,Platinum Analytics Cayman Ltd,0002053033
1822928,HLLY,Holley Inc.,0001822928
1362481,AGD,abrdn Global Dynamic Dividend Fund,0001362481
1023731,EGHT,8X8 INC /DE/,0001023731
1258623,EFR,Eaton Vance Senior Floating-Rate Trust,0001258623
842717,BRBS,"BLUE RIDGE BANKSHARES, INC.",0000842717
1897087,SUPX,SuperX AI Technology Ltd,0001897087
1822462,FHTX,Foghorn Therapeutics Inc.,0001822462
1675644,FVCB,"FVCBankcorp, Inc.",0001675644
2067592,MKLY,McKinley Acquisition Corp,0002067592
2083689,AEAQ,Activate Energy Acquisition Corp.,0002083689
2047273,BUUU,BUUU Group Ltd,0002047273
1377936,SAR,SARATOGA INVESTMENT CORP.,0001377936
2098242,SVIV,Spring Valley Acquisition Corp. IV,0002098242
2099906,AACO,Abony Acquisition Corp. I,0002099906
1643303,NNDM,Nano Dimension Ltd.,0001643303
1447221,LGSXY,Light S.A./ADR,0001447221
2080023,VACI,Viking Acquisition Corp I,0002080023
2101135,ILLU,Illumination Acquisition Corp. I,0002101135
2015502,LPAA,Launch One Acquisition Corp.,0002015502
65433,MXF,MEXICO FUND INC,0000065433
2087450,LEGO,Legato Merger Corp. IV,0002087450
1828805,ALMU,"Aeluma, Inc.",0001828805
818851,NCA,NUVEEN CALIFORNIA MUNICIPAL VALUE FUND,0000818851
1704711,FNKO,"Funko, Inc.",0001704711
2125750,CLCHF,Clinch Resources Ltd.,0002125750
1907909,VOXR,VOX ROYALTY CORP.,0001907909
2023676,LPBB,Launch Two Acquisition Corp.,0002023676
1278027,BGS,"B&G Foods, Inc.",0001278027
2097364,TMTS,Spartacus Acquisition Corp. II,0002097364
1896084,IONR,ioneer Ltd,0001896084
2061379,LWAC,LightWave Acquisition Corp.,0002061379
2058601,BRBI,BRBI BR Partners S.A.,0002058601
1710482,JMSB,"John Marshall Bancorp, Inc.",0001710482
1178839,NBH,NEUBERGER MUNICIPAL FUND INC.,0001178839
1843586,OTLY,Oatly Group AB,0001843586
2047497,RAC,Rithm Acquisition Corp.,0002047497
3545,ALCO,"ALICO, INC.",0000003545
2086264,VHCP,Vine Hill Capital Investment Corp. II,0002086264
1102238,ARL,AMERICAN REALTY INVESTORS INC,0001102238
897448,AMRN,AMARIN CORP PLC\UK,0000897448
891532,PESI,PERMA FIX ENVIRONMENTAL SERVICES INC,0000891532
2080985,ITHA,ITHAX Acquisition Corp III,0002080985
932781,FCCO,FIRST COMMUNITY CORP /SC/,0000932781
2043766,GTERA,Globa Terra Acquisition Corp,0002043766
731122,CCFN,MUNCY COLUMBIA FINANCIAL Corp,0000731122
2186,BKTI,BK Technologies Corp,0000002186
1515324,ARDC,"Ares Dynamic Credit Allocation Fund, Inc.",0001515324
876343,LCTX,"Lineage Cell Therapeutics, Inc.",0000876343
1318008,ZUMZ,Zumiez Inc,0001318008
891290,RFI,COHEN & STEERS TOTAL RETURN REALTY FUND INC,0000891290
1320760,TSSI,"TSS, Inc.",0001320760
2060337,JENA,JENA ACQUISITION Corp II,0002060337
1509470,NSLR,Neostellar Capital Corp.,0001509470
1404281,ELDN,"Eledon Pharmaceuticals, Inc.",0001404281
2058349,EFTY,"ETOILES CAPITAL GROUP CO., LTD",0002058349
56868,PNRG,PRIMEENERGY RESOURCES CORP,0000056868
1747657,SITKF,Sitka Gold Corp.,0001747657
900422,PMO,PUTNAM MUNICIPAL OPPORTUNITIES TRUST,0000900422
895456,RCKY,"ROCKY BRANDS, INC.",0000895456
1175680,CYDY,CytoDyn Inc.,0001175680
2082542,BIXI,Bitcoin Infrastructure Acquisition Corp Ltd,0002082542
1098151,FDBC,FIDELITY D & D BANCORP INC,0001098151
855887,DSM,"BNY MELLON STRATEGIC MUNICIPAL BOND FUND, INC.",0000855887
15847,BUKS,BUTLER NATIONAL CORP,0000015847
1357971,ESOA,Energy Services of America CORP,0001357971
1384195,REI,"RING ENERGY, INC.",0001384195
2102155,QLEP,Quantum Leap Acquisition Corp,0002102155
1114927,FNRN,FIRST NORTHERN COMMUNITY BANCORP,0001114927
2070602,HVMC,Highview Merger Corp.,0002070602
2072404,GSRF,GSR IV Acquisition Corp.,0002072404
835333,OIA,Invesco Municipal Income Opportunities Trust,0000835333
1228627,IRD,"Opus Genetics, Inc.",0001228627
2059654,BACC,Blue Acquisition Corp/Cayman,0002059654
2043699,NHIC,NewHold Investment Corp. III,0002043699
1474627,NEGG,"Newegg Commerce, Inc.",0001474627
1317945,OFLX,"Omega Flex, Inc.",0001317945
2069785,GLOO,"Gloo Holdings, Inc.",0002069785
1661181,ORGO,Organogenesis Holdings Inc.,0001661181
1832928,CRLBF,Cresco Labs Inc.,0001832928
1356115,NXDT,NEXPOINT DIVERSIFIED REAL ESTATE TRUST,0001356115
1761612,BCYC,BICYCLE THERAPEUTICS PLC,0001761612
2085659,SVAQ,Silicon Valley Acquisition Corp.,0002085659
2079109,VRXA,Veraxa Biotech Holding AG,0002079109
1116463,OSUR,ORASURE TECHNOLOGIES INC,0001116463
2111542,ACGC,ACP Holdings Acquisition Corp.,0002111542
1987240,SHMD,SCHMID Group N.V.,0001987240
1570132,ANVI,"ANVI GLOBAL HOLDINGS, INC.",0001570132
1771226,RMM,"RiverNorth Managed Duration Municipal Income Fund, Inc.",0001771226
1885522,NMRA,"Neumora Therapeutics, Inc.",0001885522
1708688,IFRX,InflaRx N.V.,0001708688
2051985,IRHO,Iron Horse Acquisition II Corp.,0002051985
2044817,MTNE,CH4 Natural Solutions Corp,0002044817
2085408,GPAC,General Purpose Acquisition Corp.,0002085408
1627281,CLLS,Cellectis S.A.,0001627281
825202,FUND,SPROTT FOCUS TRUST INC.,0000825202
2079013,HCAC,Hall Chadwick Acquisition Corp,0002079013
1433551,SGLA,Sino Green Land Corp.,0001433551
72162,NL,NL INDUSTRIES INC,0000072162
1870940,AIRS,"Airsculpt Technologies, Inc.",0001870940
1709164,HBB,Hamilton Beach Brands Holding Co,0001709164
2034334,AACB,Artius II Acquisition Inc.,0002034334
2102123,AACP,Apogee Acquisition Corp,0002102123
763907,FUNC,FIRST UNITED CORP/MD/,0000763907
2083002,ADAC,American Drive Acquisition Co,0002083002
1855474,AIRJ,AirJoule Technologies Corp.,0001855474
37472,FLXS,FLEXSTEEL INDUSTRIES INC,0000037472
1227857,NCZ,Virtus Convertible & Income Fund II,0001227857
1636289,ACV,Virtus Diversified Income & Convertible Fund,0001636289
1477960,LMED,LataMed AI Corp.,0001477960
1903870,AFRI,Forafric Global PLC,0001903870
1850902,TKNO,"Alpha Teknova, Inc.",0001850902
798287,PAMT,PAMT CORP,0000798287
1518557,MMD,NYLI MacKay DefinedTerm Muni Opportunities Fund,0001518557
33992,KINS,"KINGSTONE COMPANIES, INC.",0000033992
2090452,FGII,FG Imperii Acquisition Corp.,0002090452
1901203,UCFI,CN Healthy Food Tech Group Corp.,0001901203
842517,ISBA,ISABELLA BANK CORP,0000842517
2083728,LPCV,Launchpad Cadenza Acquisition Corp I,0002083728
1759186,ZSQR,Z Squared Inc.,0001759186
1288992,EFT,Eaton Vance Floating-Rate Income Trust,0001288992
2095297,KPET,KPET Ultra Paceline Corp,0002095297
2097461,BORAY,"Bora Pharmaceuticals Co., Ltd./ADR",0002097461
1157647,WNEB,"Western New England Bancorp, Inc.",0001157647
1835068,NPCT,Nuveen Core Plus Impact Fund,0001835068
1754170,ASLE,AerSale Corp,0001754170
1831359,JWSMF,Jaws Mustang Acquisition Corp,0001831359
807882,JACK,JACK IN THE BOX INC,0000807882
2023016,TTRX,Turn Therapeutics Inc.,0002023016
746838,UIS,UNISYS CORP,0000746838
1521404,BGH,BARINGS GLOBAL SHORT DURATION HIGH YIELD FUND,0001521404
1072379,NWBO,NORTHWEST BIOTHERAPEUTICS INC,0001072379
1386067,EOD,ALLSPRING GLOBAL DIVIDEND OPPORTUNITY FUND,0001386067
1464790,RILY,"BRC Group Holdings, Inc.",0001464790
1431567,OVLY,Oak Valley Bancorp,0001431567
1835724,ZH,Zhihu Inc.,0001835724
1630627,TMCI,"TREACE MEDICAL CONCEPTS, INC.",0001630627
1484769,FUBO,FuboTV Inc.,0001484769
2015955,CUB,Lionheart Holdings,0002015955
1799788,GLSI,"Greenwich LifeSciences, Inc.",0001799788
829365,NTPIF,NAM TAI PROPERTY INC.,0000829365
1525201,DBL,DoubleLine Opportunistic Credit Fund,0001525201
1872228,TVAI,Thayer Ventures Acquisition Corp II,0001872228
24090,CIA,"CITIZENS, INC.",0000024090
1072627,KWY,KINGSWAY Corp,0001072627
1794546,CARL,"CARLSMED, INC.",0001794546
1549346,SSTK,"Shutterstock, Inc.",0001549346
844790,PMM,PUTNAM MANAGED MUNICIPAL INCOME TRUST,0000844790
1547452,TAKOF,Volatus Aerospace Inc.,0001547452
723646,FRAF,FRANKLIN FINANCIAL SERVICES CORP /PA/,0000723646
2083493,XCBE,X3 Acquisition Corp. Ltd.,0002083493
1385763,JCE,Nuveen Core Equity Alpha Fund,0001385763
1913288,BRVMF,Bravo Mining Corp.,0001913288
2099656,HLXC,Helix Acquisition Corp. III,0002099656
826735,MIN,ABERDEEN INTERMEDIATE INCOME FUND,0000826735
1125345,MGNX,MACROGENICS INC,0001125345
1833214,SABS,"SAB Biotherapeutics, Inc.",0001833214
14846,BRT,BRT Apartments Corp.,0000014846
874501,OSG,OCTAVE SPECIALTY GROUP INC,0000874501
1531177,SGHT,"Sight Sciences, Inc.",0001531177
1621910,PTHRF,Pantheon Resources plc,0001621910
2099767,NHIV,NewHold Investment Corp IV,0002099767
75252,ACH,ACCENDRA HEALTH INC/VA/,0000075252
2046223,CDPMF,Cerro de Pasco Resources Inc.,0002046223
1392272,CBNA,CHAIN BRIDGE BANCORP INC,0001392272
2015947,SBXD,SilverBox Corp IV,0002015947
1015383,POWW,Outdoor Holding Co,0001015383
2088807,XSLL,Xsolla SPAC 1,0002088807
1976908,JDZG,JIADE Ltd,0001976908
1454741,EOT,Eaton Vance National Municipal Opportunities Trust,0001454741
1318596,KRYXF,KORYX COPPER INC.,0001318596
1377789,AVNW,"AVIAT NETWORKS, INC.",0001377789
2093484,MUZE,Muzero Acquisition Corp,0002093484
1846416,HVII,Hennessy Capital Investment Corp. VII,0001846416
2027708,CEPO,"Cantor Equity Partners I, Inc.",0002027708
1750149,IKT,"Inhibikase Therapeutics, Inc.",0001750149
879911,AERG,"APPLIED ENERGETICS, INC.",0000879911
1319947,DBI,Designer Brands Inc.,0001319947
919893,TDF,TEMPLETON DRAGON FUND INC,0000919893
748691,KF,KOREA FUND INC,0000748691
1898496,GETY,"Getty Images Holdings, Inc.",0001898496
1527590,RC,Ready Capital Corp,0001527590
1703079,XFLT,XAI Floating Rate & Alternative Income Trust,0001703079
1616543,SENS,"Senseonics Holdings, Inc.",0001616543
2081125,DNMX,Dynamix Corp III,0002081125
2018064,TTGT,"TechTarget, Inc.",0002018064
1370755,TCPC,BlackRock TCP Capital Corp.,0001370755
1396536,DUOT,"DUOS TECHNOLOGIES GROUP, INC.",0001396536
1866874,RLTY,Cohen & Steers Real Estate Opportunities & Income Fund,0001866874
1419806,REEMF,RARE ELEMENT RESOURCES LTD,0001419806
893847,HWBK,"HAWTHORN BANCSHARES, INC.",0000893847
1538716,OPRT,Oportun Financial Corp,0001538716
1318885,DSX,DIANA SHIPPING INC.,0001318885
1386570,NAGE,"Niagen Bioscience, Inc.",0001386570
918251,MPAA,MOTORCAR PARTS OF AMERICA INC,0000918251
2030482,PLMK,"Plum Acquisition Corp, IV",0002030482
832428,SSP,E.W. SCRIPPS Co,0000832428
719402,FXNC,FIRST NATIONAL CORP /VA/,0000719402
1824893,SRZN,"Surrozen, Inc./DE",0001824893
1913971,BPRN,"Princeton Bancorp, Inc.",0001913971
918541,NNBR,NN INC,0000918541
2029769,OACC,Oaktree Acquisition Corp. III Life Sciences,0002029769
882508,QUIK,QUICKLOGIC Corp,0000882508
925528,HDSN,HUDSON TECHNOLOGIES INC /NY,0000925528
768899,TBI,"TrueBlue, Inc.",0000768899
1084554,LTBR,LIGHTBRIDGE Corp,0001084554
1625641,LAW,"CS Disco, Inc.",0001625641
1173643,TRX,TRX GOLD Corp,0001173643
1009829,JAKK,JAKKS PACIFIC INC,0001009829
1075736,CXDO,"Crexendo, Inc.",0001075736
2083946,WLII,Willow Lane Acquisition Corp. II,0002083946
1320854,RAIL,"FreightCar America, Inc.",0001320854
1450445,NUW,Nuveen AMT-Free Municipal Value Fund,0001450445
1626450,CMRC,"Commerce.com, Inc.",0001626450
1487610,NHS,Neuberger High Yield Strategies Fund Inc.,0001487610
1819142,SES,SES AI Corp,0001819142
2066836,CNXU,Conexeu Sciences Inc.,0002066836
1892492,ORBS,Eightco Holdings Inc.,0001892492
2028614,DMAA,Drugs Made In America Acquisition Corp.,0002028614
2028935,FACT,FACT II Acquisition Corp.,0002028935
1132651,ATLO,AMES NATIONAL CORP,0001132651
1810182,ALXO,ALX ONCOLOGY HOLDINGS INC,0001810182
1407582,CAMVF,Cambria Gold Mines Inc.,0001407582
2028027,NTWO,Newbury Street II Acquisition Corp,0002028027
2098780,TRGS,TRG Latin America Acquisitions Corp.,0002098780
1227073,ERC,ALLSPRING MULTI-SECTOR INCOME FUND,0001227073
850429,TG,TREDEGAR CORP,0000850429
1689375,TRDA,"Entrada Therapeutics, Inc.",0001689375
1701758,LOVE,Lovesac Co,0001701758
1826667,TLSI,"TriSalus Life Sciences, Inc.",0001826667
276720,PCYO,PURE CYCLE CORP,0000276720
1069533,RGCO,RGC RESOURCES INC,0001069533
922358,FGPR,FERRELLGAS PARTNERS L P,0000922358
1628808,PROF,Profound Medical Corp.,0001628808
318673,SNFCA,SECURITY NATIONAL FINANCIAL CORP,0000318673
1453687,RNAC,"Cartesian Therapeutics, Inc.",0001453687
1350869,GLO,Clough Global Opportunities Fund,0001350869
1717457,CPZ,Calamos Long/Short Equity & Dynamic Income Trust,0001717457
1985273,TOYO,"TOYO Co., Ltd",0001985273
2095743,REA,"Rare Earths Americas, Inc.",0002095743
1086434,AUDC,AUDIOCODES LTD,0001086434
1584549,VFF,"Village Farms International, Inc.",0001584549
2055879,VNME,Vendome Acquisition Corp I,0002055879
1493761,TBCH,Turtle Beach Corp,0001493761
1412095,TROO,"Troops, Inc. /Cayman Islands/",0001412095
913341,CFFI,C & F FINANCIAL CORP,0000913341
2120422,PFSTY,Pfisterer Holdings SE/ADR,0002120422
27093,USAU,U.S. GOLD CORP.,0000027093
33488,ESCA,ESCALADE INC,0000033488
355948,RELL,"RICHARDSON ELECTRONICS, LTD.",0000355948
1527762,CD,Chaince Digital Holdings Inc.,0001527762
1826681,PDYN,Palladyne AI Corp.,0001826681
1866030,AZ,A2Z CUST2MATE SOLUTIONS CORP.,0001866030
1420520,ATOM,Atomera Inc,0001420520
1074902,LCNB,LCNB CORP,0001074902
2076739,SCII,SC II Acquisition Corp.,0002076739
1423867,WHGOF,White Gold Corp.,0001423867
916793,SILC,SILICOM LTD.,0000916793
1084869,FLWS,1 800 FLOWERS COM INC,0001084869
39092,FRD,FRIEDMAN INDUSTRIES INC,0000039092
1282850,FCT,FIRST TRUST SENIOR FLOATING RATE INCOME FUND II,0001282850
1651625,ACIU,AC Immune SA,0001651625
1010086,SIGA,SIGA TECHNOLOGIES INC,0001010086
2100125,CAQ,Cambridge Acquisition Corp.,0002100125
1903508,PPHC,"Public Policy Holding Company, Inc.",0001903508
916183,RCS,"PIMCO STRATEGIC INCOME FUND, INC.",0000916183
2083217,QADR,QDRO Acquisition Corp.,0002083217
2090787,OHAC,Oceanhawk Acquisition Corp.,0002090787
1342423,LMNR,Limoneira CO,0001342423
865400,GSVRF,GUANAJUATO SILVER CO LTD,0000865400
1649989,OTLK,"Outlook Therapeutics, Inc.",0001649989
1057379,HCKT,"HACKETT GROUP, INC.",0001057379
2045473,COPL,Copley Acquisition Corp,0002045473
1529377,ACRE,Ares Commercial Real Estate Corp,0001529377
1921050,TDRRF,Tudor Gold Corp.,0001921050
946394,ELLO,Ellomay Capital Ltd.,0000946394
783324,VGZ,VISTA GOLD CORP,0000783324
1514281,MITT,"TPG Mortgage Investment Trust, Inc.",0001514281
1500881,EU,enCore Energy Corp.,0001500881
1158289,JRS,NUVEEN REAL ESTATE INCOME FUND,0001158289
1767837,RMBI,"Richmond Mutual Bancorporation, Inc.",0001767837
1572334,VABK,Virginia National Bankshares Corp,0001572334
2013639,FBLA,"FB Bancorp, Inc. /MD/",0002013639
1742518,MTC,"MMTEC, INC.",0001742518
1921158,FUFU,Bitfufu Inc.,0001921158
1705110,ANGI,Angi Inc.,0001705110
1653384,RWAY,Runway Growth Finance Corp.,0001653384
1551901,SCM,Stellus Capital Investment Corp,0001551901
1677703,CNDT,CONDUENT Inc,0001677703
1061353,DHY,CREDIT SUISSE HIGH YIELD CREDIT FUND,0001061353
1441236,CLW,Clearwater Paper Corp,0001441236
1021561,NUS,"NU SKIN ENTERPRISES, INC.",0001021561
1612940,PRQR,ProQR Therapeutics N.V.,0001612940
809173,MMT,ABERDEEN MULTI-MARKET INCOME FUND,0000809173
1818838,ADAG,Adagene Inc.,0001818838
2021880,HMH,HMH Holding Inc,0002021880
2029118,INR,"INFINITY NATURAL RESOURCES, INC.",0002029118
2065948,SOCA,Solarius Capital Acquisition Corp.,0002065948
2064658,MCGA,Yorkville Acquisition Corp.,0002064658
1498612,PSF,"Cohen & Steers Select Preferred & Income Fund, Inc.",0001498612
1114925,LTRX,LANTRONIX INC,0001114925
1828937,FOA,Finance of America Companies Inc.,0001828937
2052162,DAAQ,Digital Asset Acquisition Corp.,0002052162
1682056,SVRSF,Silver Storm Mining Ltd.,0001682056
2075068,IGAC,Invest Green Acquisition Corp,0002075068
1687932,JILL,"J.Jill, Inc.",0001687932
2046573,PTNM,Pitanium Ltd,0002046573
1680581,FULC,"Fulcrum Therapeutics, Inc.",0001680581
2028699,DYNC,Dynamix Corp,0002028699
1947016,FJET,"Starfighters Space, Inc.",0001947016
1278211,LGI,LAZARD GLOBAL TOTAL RETURN & INCOME FUND INC,0001278211
1684693,SLGL,Sol-Gel Technologies Ltd.,0001684693
883569,FOSL,"Fossil Group, Inc.",0000883569
1826600,MNTK,"Montauk Renewables, Inc.",0001826600
1750735,MRBK,Meridian Corp,0001750735
2081300,SSAC,SPACSphere Acquisition Corp.,0002081300
2111009,AVAC,American Ventures Acquisition Corp. I,0002111009
1754836,EIC,Eagle Point Income Co Inc.,0001754836
2076616,TDWD,Tailwind 2.0 Acquisition Corp.,0002076616
1016838,RDCM,RADCOM LTD,0001016838
1126741,GSIT,GSI TECHNOLOGY INC,0001126741
886206,FC,FRANKLIN COVEY CO,0000886206
2016221,MACI,Melar Acquisition Corp. I/Cayman,0002016221
884144,ASUR,ASURE SOFTWARE INC,0000884144
1233087,FTF,FRANKLIN LTD DURATION INCOME TRUST,0001233087
2052243,TWLV,Twelve Seas Investment Co III/Cayman,0002052243
1848739,GDEV,GDEV Inc.,0001848739
1562463,INBK,First Internet Bancorp,0001562463
1400897,SRV,NXG Cushing Midstream Energy Fund,0001400897
1736730,CAMP,Camp4 Therapeutics Corp,0001736730
1273441,GTE,GRAN TIERRA ENERGY INC.,0001273441
2076427,LATA,Galata Acquisition Corp. II,0002076427
2105838,SUMA,SUMA Acquisition Corp,0002105838
1708259,LX,LexinFintech Holdings Ltd.,0001708259
1359931,TARA,"Protara Therapeutics, Inc.",0001359931
1832038,IVVD,"Invivyd, Inc.",0001832038
2079292,DYOR,Insight Digital Partners II,0002079292
1867949,REFI,"Chicago Atlantic Real Estate Finance, Inc.",0001867949
2081532,BLRK,Bluerock Acquisition Corp.,0002081532
1000209,MFIN,MEDALLION FINANCIAL CORP,0001000209
801961,MFM,ABERDEEN MUNICIPAL INCOME FUND,0000801961
1819516,UP,Wheels Up Experience Inc.,0001819516
2033593,SVCC,Stellar V Capital Corp. (Cayman Islands),0002033593
2087087,BIII,Black Spade Acquisition III Co,0002087087
1632127,CABO,"Cable One, Inc.",0001632127
796534,NKSH,NATIONAL BANKSHARES INC,0000796534
2077785,IRAB,Iris Acquisition Corp II,0002077785
1778129,TSNDF,TerrAscend Corp.,0001778129
1843162,LIEN,"Chicago Atlantic BDC, Inc.",0001843162
1808805,NAUT,"Nautilus Biotechnology, Inc.",0001808805
2070887,CRAC,Crown Reserve Acquisition Corp. I,0002070887
1596961,RDNW,"RideNow Group, Inc.",0001596961
1357874,DTIL,PRECISION BIOSCIENCES INC,0001357874
1945565,BGIN,BGIN BLOCKCHAIN Ltd,0001945565
1503802,KPTI,Karyopharm Therapeutics Inc.,0001503802
880641,EFSI,EAGLE FINANCIAL SERVICES INC,0000880641
2046117,MAGH,Magnitude International Ltd,0002046117
64472,GENC,GENCOR INDUSTRIES INC,0000064472
1876581,IMPP,Imperial Petroleum Inc./Marshall Islands,0001876581
1840199,WALD,Waldencast plc,0001840199
1512762,CHRS,"Coherus Oncology, Inc.",0001512762
1314052,AVXL,ANAVEX LIFE SCIENCES CORP.,0001314052
1930147,SPMC,"Sound Point Meridian Capital, Inc.",0001930147
1766478,AOMR,"Angel Oak Mortgage REIT, Inc.",0001766478
1093672,PEBK,PEOPLES BANCORP OF NORTH CAROLINA INC,0001093672
897421,NPV,NUVEEN VIRGINIA QUALITY MUNICIPAL INCOME FUND,0000897421
1058811,IMMR,IMMERSION CORP,0001058811
1690334,SMHI,SEACOR Marine Holdings Inc.,0001690334
1562823,HHLKF,Hot Chili Ltd,0001562823
1814114,OBIO,"Orchestra BioMed Holdings, Inc.",0001814114
828803,SABA,Saba Capital Income & Opportunities Fund II,0000828803
1383414,PNNT,PENNANTPARK INVESTMENT CORP,0001383414
2054272,ONCH,1RT Acquisition Corp.,0002054272
8146,ALOT,"AstroNova, Inc.",0000008146
718413,CMTV,COMMUNITY BANCORP /VT,0000718413
894315,SITC,SITE Centers Corp.,0000894315
1289945,SPOK,"Spok Holdings, Inc",0001289945
1367859,CZWI,Citizens Community Bancorp Inc.,0001367859
1722010,OPBK,OP Bancorp,0001722010
1059213,BXSY,BEXIL INVESTMENT TRUST,0001059213
1780652,CAN,Canaan Inc.,0001780652
1863006,VLN,Valens Semiconductor Ltd.,0001863006
2099095,PTAC,Patriot Acquisition Corp./CI,0002099095
2008007,MAMK,MaxsMaking Inc.,0002008007
1641614,PMTS,CPI Card Group Inc.,0001641614
948320,LFMD,"LifeMD, Inc.",0000948320
1119774,CGEN,COMPUGEN LTD,0001119774
916618,IIF,"MORGAN STANLEY INDIA INVESTMENT FUND, INC.",0000916618
706698,UTMD,UTAH MEDICAL PRODUCTS INC,0000706698
2090441,IDAC,Iron Dome Acquisition I Corp.,0002090441
1851961,GCTS,"GCT Semiconductor Holding, Inc.",0001851961
96664,AMFN,"American Fusion, Inc.",0000096664
1439725,BDSX,BIODESIX INC,0001439725
714256,SMTI,Sanara MedTech Inc.,0000714256
1098972,AGEN,AGENUS INC,0001098972
1843165,YHC,LQR House Inc.,0001843165
809559,TSI,TCW STRATEGIC INCOME FUND INC,0000809559
1010134,ICTSF,ICTS INTERNATIONAL N V,0001010134
1616156,WEWA,"WEWARDS, INC.",0001616156
1759824,ALTG,ALTA EQUIPMENT GROUP INC.,0001759824
750558,QNBC,QNB CORP.,0000750558
1927958,AIRO,"AIRO Group Holdings, Inc.",0001927958
2044635,GSHR,Gesher Acquisition Corp. II,0002044635
1529628,SND,"Smart Sand, Inc.",0001529628
1413855,AIFU,AIFU Inc.,0001413855
1930459,PMMCF,Pampa Metals Corp,0001930459
803742,KISB,KISH BANCORP INC,0000803742
2093101,RNA,"Atrium Therapeutics, Inc.",0002093101
2041047,CCAQ,COLLECTIVE ACQUISITION CORP.,0002041047
2052547,EGHA,EGH Acquisition Corp.,0002052547
1872090,YXT,YXT.COM GROUP HOLDING Ltd,0001872090
1664710,KROS,"Keros Therapeutics, Inc.",0001664710
1070680,CFBK,CF BANKSHARES INC.,0001070680
2101562,PALO,PALOMA ACQUISITION CORP I,0002101562
1778016,NBP,NovaBridge Biosciences,0001778016
1791703,TII,Titan Mining Corp,0001791703
1620459,JRVR,"James River Group Holdings, Inc.",0001620459
1160791,GORO,GOLD RESOURCE CORP,0001160791
65312,EVI,"EVI INDUSTRIES, INC.",0000065312
2042460,HAVA,Harvard Ave Acquisition Corp,0002042460
1867102,EVTL,Vertical Aerospace Ltd.,0001867102
1645873,MDV,"MODIV INDUSTRIAL, INC.",0001645873
1119769,CRNT,CERAGON NETWORKS LTD,0001119769
1099668,FOTB,"FIRST OTTAWA BANCSHARES, INC.",0001099668
1111485,RXST,"RxSight, Inc.",0001111485
1991413,PSRHF,Pulsar Helium Inc.,0001991413
1926599,TDAC,Translational Development Acquisition Corp.,0001926599
1434728,GWRS,"Global Water Resources, Inc.",0001434728
1417802,IDE,"Voya Infrastructure, Industrials & Materials Fund",0001417802
2094073,CTAA,Clearthink 1 Acquisition Corp.,0002094073
1070296,FCAP,FIRST CAPITAL INC,0001070296
898437,ANIK,"Anika Therapeutics, Inc.",0000898437
2082526,AESP,Aeon Acquisition I Corp.,0002082526
1716410,GLATF,Global Atomic Corp,0001716410
2096755,TVIV,Texas Ventures Acquisition IV Corp,0002096755
1996493,SUGRF,Sucro Ltd,0001996493
1280776,IMUX,"IMMUNIC, INC.",0001280776
1026655,CMT,CORE MOLDING TECHNOLOGIES INC,0001026655
833040,FT,FRANKLIN UNIVERSAL TRUST,0000833040
1563696,ETX,Eaton Vance Municipal Income 2028 Term Trust,0001563696
914122,PPIH,"Perma-Pipe International Holdings, Inc.",0000914122
894671,OVBC,OHIO VALLEY BANC CORP,0000894671
889609,CPSS,"CONSUMER PORTFOLIO SERVICES, INC.",0000889609
1043337,SRI,STONERIDGE INC,0001043337
1565381,DMB,"BNY Mellon Municipal Bond Infrastructure Fund, Inc.",0001565381
1783432,TETOF,Tectonic Metals Inc.,0001783432
1337298,FF,FutureFuel Corp.,0001337298
746514,NEN,NEW ENGLAND REALTY ASSOCIATES LIMITED PARTNERSHIP,0000746514
1041934,FOCL,EDAP TMS SA,0001041934
1792781,CURV,Torrid Holdings Inc.,0001792781
1023313,FORR,"FORRESTER RESEARCH, INC.",0001023313
95574,SGC,"SUPERIOR GROUP OF COMPANIES, INC.",0000095574
935419,RICK,"RCI HOSPITALITY HOLDINGS, INC.",0000935419
1419275,RTB,"RTB Digital, Inc.",0001419275
2086524,KTWO,K2 Capital Acquisition Corp,0002086524
895528,VPV,Invesco Pennsylvania Value Municipal Income Trust,0000895528
2079933,BEBE,TGE Value Creative Solutions Corp,0002079933
1982961,EGG,ENIGMATIG LTD,0001982961
1843714,ZPTA,"Zapata Quantum, Inc.",0001843714
2059033,FIGX,FIGX Capital Acquisition Corp.,0002059033
1913577,SMNR,"Semnur Pharmaceuticals, Inc.",0001913577
2085932,ETSS,Energy Transition Special Opportunities,0002085932
2101393,APMC,AmperCap Acquisition Co,0002101393
1588871,OAKC,"Oakworth Capital, Inc.",0001588871
1590715,AREC,American Resources Corp,0001590715
1703647,KRRO,"Korro Bio, Inc.",0001703647
1772921,ONEW,OneWater Marine Inc.,0001772921
1939801,SMDRF,SIERRA MADRE GOLD & SILVER LTD.,0001939801
1867066,DERM,Journey Medical Corp,0001867066
700841,RCMT,"RCM TECHNOLOGIES, INC.",0000700841
1598646,NERV,"Minerva Neurosciences, Inc.",0001598646
1200375,CDXS,"CODEXIS, INC.",0001200375
2073553,AIIA,AI Infrastructure Acquisition Corp.,0002073553
1998768,PAL,"Proficient Auto Logistics, Inc",0001998768
1837014,SMRT,"SmartRent, Inc.",0001837014
1899830,PERF,Perfect Corp.,0001899830
1751912,NGEN,NERVGEN PHARMA CORP.,0001751912
1640266,VYGR,"Voyager Therapeutics, Inc.",0001640266
1463972,VUZI,Vuzix Corp,0001463972
1578987,BANX,ArrowMark Financial Corp.,0001578987
1566610,TONX,TON Strategy Co,0001566610
1261166,NRO,NEUBERGER REAL ESTATE SECURITIES INCOME FUND INC,0001261166
1432133,KLTR,KALTURA INC,0001432133
1678130,OPP,"RiverNorth/DoubleLine Strategic Opportunity Fund, Inc.",0001678130
1856365,FINW,Finwise Bancorp,0001856365
1787400,NKTX,"Nkarta, Inc.",0001787400
855950,PNPNF,POWER METALLIC MINES INC.,0000855950
1705843,CBUS,"Cibus, Inc.",0001705843
1785476,TBXXF,King Copper Discovery Corp.,0001785476
2084563,LFAC,Leapfrog Acquisition Corp,0002084563
1371489,III,Information Services Group Inc.,0001371489
1799011,LUCD,Lucid Diagnostics Inc.,0001799011
1422142,WHWK,"Whitehawk Therapeutics, Inc.",0001422142
804563,BMBN,BENCHMARK BANKSHARES INC,0000804563
1503274,QTRX,Quanterix Corp,0001503274
1580345,TPVG,TriplePoint Venture Growth BDC Corp.,0001580345
1852551,NVA,Nova Minerals Corp,0001852551
1452477,SEVN,Seven Hills Realty Trust,0001452477
874396,LCUT,"LIFETIME BRANDS, INC",0000874396
880417,CSBB,"CSB Bancorp, Inc.",0000880417
1816431,QSI,Quantum-Si Inc,0001816431
1847409,HITI,High Tide Inc.,0001847409
1818382,HUMA,"Humacyte, Inc.",0001818382
704440,KRMD,"KORU Medical Systems, Inc.",0000704440
1857853,COOK,"Traeger, Inc.",0001857853
2012219,OMSE,OMS Energy Technologies Inc.,0002012219
1719406,NRXP,"NRX Pharmaceuticals, Inc.",0001719406
1615063,INSE,"Inspired Entertainment, Inc.",0001615063
1006281,PLX,"Protalix BioTherapeutics, Inc.",0001006281
1576885,ABOS,"Acumen Pharmaceuticals, Inc.",0001576885
1733968,WRLGF,West Red Lake Gold Mines Ltd.,0001733968
1254370,WIA,WESTERN ASSET INFLATION-LINKED INCOME FUND,0001254370
2067674,SBMT,SILVER BOW MINING CORP.,0002067674
2089283,NUCL,Eagle Nuclear Energy Corp.,0002089283
1556739,THRY,"Thryv Holdings, Inc.",0001556739
1751783,RBKB,"Rhinebeck Bancorp, Inc.",0001751783
55234,GAMG,"Global Asset Management Group, Inc.",0000055234
1337013,INFU,"InfuSystem Holdings, Inc",0001337013
1477081,KGEI,Kolibri Global Energy Inc.,0001477081
788920,PDEX,PRO DEX INC,0000788920
858706,GF,NEW GERMANY FUND INC,0000858706
1302387,BVFL,"BV Financial, Inc.",0001302387
1967621,ATGL,Alpha Technology Group Ltd,0001967621
1816708,OWLT,"Owlet, Inc.",0001816708
1421642,MSLE,Satellos Bioscience Inc.,0001421642
2025947,TGMPF,Tantalus Systems Holding Inc.,0002025947
1036262,INTT,INTEST CORP,0001036262
1066194,EGAN,EGAIN Corp,0001066194
1478454,EBMT,"Eagle Bancorp Montana, Inc.",0001478454
1605301,CBFV,"CB Financial Services, Inc.",0001605301
1893657,RLEA,Rubber Leaf Inc,0001893657
10329,BSET,BASSETT FURNITURE INDUSTRIES INC,0000010329
1858848,TNYA,"Tenaya Therapeutics, Inc.",0001858848
1141688,LARK,LANDMARK BANCORP INC,0001141688
1620749,PHCI,Panamera Holdings Corp,0001620749
1437925,MRDN,Meridian Holdings Inc./NV,0001437925
1872789,EMBC,Embecta Corp.,0001872789
1768224,ARCT,Arcturus Therapeutics Holdings Inc.,0001768224
1782430,STRW,"Strawberry Fields REIT, Inc.",0001782430
1538847,GLDG,GoldMining Inc.,0001538847
1593984,MDWD,MediWound Ltd.,0001593984
1140102,HQI,"HireQuest, Inc.",0001140102
1165002,WHG,WESTWOOD HOLDINGS GROUP INC,0001165002
2098,ACU,ACME UNITED CORP,0000002098
832480,UTGN,UTG INC,0000832480
2093667,MRUWY,"Maruwa Co., Ltd./ADR",0002093667
1228454,BCBP,BCB BANCORP INC,0001228454
2076163,BRR,"ProCap Financial, Inc.",0002076163
2082847,BWIV,Blue Water Acquisition Corp. IV,0002082847
786298,FGFH,FORESIGHT FINANCIAL GROUP INC,0000786298
1746466,EQ,"Equillium, Inc.",0001746466
1725033,XYF,X Financial,0001725033
1888274,DEFT,"Defi Technologies, Inc.",0001888274
1228509,EHI,WESTERN ASSET GLOBAL HIGH INCOME FUND INC.,0001228509
1393584,AMWL,American Well Corp,0001393584
2023153,HTLM,HomesToLife Ltd,0002023153
96536,TAYD,"TAYLOR DEVICES, INC.",0000096536
1922097,LANV,Lanvin Group Holdings Ltd,0001922097
719135,APYX,Apyx Medical Corp,0000719135
1961847,INHD,INNO HOLDINGS INC.,0001961847
1518461,AMPG,"AmpliTech Group, Inc.",0001518461
2073515,ARCL,ARC Group Acquisition I Corp.,0002073515
1807046,OZ,"Belpointe PREP, LLC",0001807046
847538,CPKF,CHESAPEAKE FINANCIAL SHARES INC,0000847538
921671,GGT,GABELLI MULTIMEDIA TRUST INC.,0000921671
1245648,FLC,FLAHERTY & CRUMRINE TOTAL RETURN FUND INC,0001245648
1141240,LQMT,LIQUIDMETAL TECHNOLOGIES INC,0001141240
1861657,CNTN,"Canton Strategic Holdings, Inc.",0001861657
1530766,STEX,Streamex Corp.,0001530766
1430306,TNXP,Tonix Pharmaceuticals Holding Corp.,0001430306
1958389,HYDTF,Hydreight Technologies Inc.,0001958389
1808997,AOUT,"American Outdoor Brands, Inc.",0001808997
1655923,ACOG,Alpha Cognition Inc.,0001655923
2083526,MWC,"Micware Co., Ltd.",0002083526
1007587,KVHI,KVH INDUSTRIES INC \DE\,0001007587
2087446,PAAC,Proem Acquisition Corp. I,0002087446
2047177,CHEC,Chenghe Acquisition III Co.,0002047177
58361,LEE,"LEE ENTERPRISES, Inc",0000058361
1786286,DPRO,Draganfly Inc.,0001786286
2019793,SAFX,"XCF Global, Inc.",0002019793
1622148,HGLB,HIGHLAND GLOBAL ALLOCATION FUND,0001622148
33533,ESP,ESPEY MFG & ELECTRONICS CORP,0000033533
1828588,HNVR,"Hanover Bancorp, Inc. /MD",0001828588
1914605,ECBK,"ECB Bancorp, Inc. /MD/",0001914605
2097986,FTHA,Forefront Tech Holdings Acquisition Corp,0002097986
1005286,LFCR,"LIFECORE BIOMEDICAL, INC. \DE\",0001005286
740664,RFIL,R F INDUSTRIES LTD,0000740664
1619856,CRBU,"Caribou Biosciences, Inc.",0001619856
1476840,EXFY,"Expensify, Inc.",0001476840
2006468,NUTR,NUSATRIP Inc,0002006468
793040,ECF,ELLSWORTH GROWTH & INCOME FUND LTD,0000793040
1941131,TORO,TORO CORP.,0001941131
1393883,DHX,"DHI GROUP, INC.",0001393883
64463,SLNH,"Soluna Holdings, Inc",0000064463
1057861,DHF,BNY MELLON HIGH YIELD STRATEGIES FUND,0001057861
1693577,MNSB,"MainStreet Bancshares, Inc.",0001693577
1616885,RVLGF,Revival Gold Inc.,0001616885
2108164,PONO,"Pono Capital Four, Inc.",0002108164
1455632,NXPGY,Mobico Group PLC/ADR,0001455632
2007599,LAWR,"Robot Consulting Co., Ltd.",0002007599
1954488,MENS,Jyong Biotech Ltd.,0001954488
831655,MPV,BARINGS PARTICIPATION INVESTORS,0000831655
1637715,OKUR,"OnKure Therapeutics, Inc.",0001637715
2068577,BRCB,"Black Rock Coffee Bar, Inc.",0002068577
1294133,INGN,Inogen Inc,0001294133
1486298,BSL,Blackstone Senior Floating Rate 2027 Term Fund,0001486298
5094,VBF,Invesco Bond Fund,0000005094
1595097,CRBP,"Corbus Pharmaceuticals Holdings, Inc.",0001595097
1533924,AMPY,Amplify Energy Corp.,0001533924
1636422,HCAT,"Health Catalyst, Inc.",0001636422
1501103,EDF,Virtus Stone Harbor Emerging Markets Income Fund,0001501103
2020385,TAVI,Tavia Acquisition Corp.,0002020385
2007846,JLHL,Julong Holding Ltd,0002007846
1744781,NIU,Niu Technologies,0001744781
1879726,SIDU,Sidus Space Inc.,0001879726
1758530,SY,So-Young International Inc.,0001758530
1140411,PCQ,PIMCO CALIFORNIA MUNICIPAL INCOME FUND,0001140411
1835597,PEPG,PepGen Inc.,0001835597
1598599,IPHA,Innate Pharma SA,0001598599
1952976,NLOP,Net Lease Office Properties,0001952976
931148,EAF,GRAFTECH INTERNATIONAL LTD,0000931148
1819404,NRDY,Nerdy Inc.,0001819404
1473490,GLAI,"Global AI, Inc.",0001473490
883265,VTN,Invesco Trust for Investment Grade New York Municipals,0000883265
1880438,ANTX,"AN2 Therapeutics, Inc.",0001880438
1683541,ACB,AURORA CANNABIS INC,0001683541
1141197,PED,PEDEVCO CORP,0001141197
1095052,PLG,PLATINUM GROUP METALS LTD,0001095052
1176309,ORMP,ORAMED PHARMACEUTICALS INC.,0001176309
1560672,EARN,Ellington Credit Co,0001560672
1878897,DOUG,Douglas Elliman Inc.,0001878897
1723069,TLSA,Tiziana Life Sciences Ltd,0001723069
1437479,ENBP,ENB Financial Corp,0001437479
2047148,CTW,CTW Cayman,0002047148
1889112,RENEF,Cartesian Growth Corp II,0001889112
1726126,EPSN,Epsilon Energy Ltd.,0001726126
1408534,FGBI,"First Guaranty Bancshares, Inc.",0001408534
767405,SBFG,"SB FINANCIAL GROUP, INC.",0000767405
1598981,SKYX,SKYX Platforms Corp.,0001598981
818850,NNY,NUVEEN NEW YORK MUNICIPAL VALUE FUND,0000818850
1803800,TSKFF,Talisker Resources Ltd.,0001803800
2054876,NMP,NMP Acquisition Corp.,0002054876
1871638,BZAI,"Blaize Holdings, Inc.",0001871638
1299969,CHCI,"Comstock Holding Companies, Inc.",0001299969
1777393,CHPT,"ChargePoint Holdings, Inc.",0001777393
1600641,DIBS,"1stdibs.com, Inc.",0001600641
885508,STRS,STRATUS PROPERTIES INC,0000885508
6176,AP,AMPCO PITTSBURGH CORP,0000006176
892992,NAZ,NUVEEN ARIZONA QUALITY MUNICIPAL INCOME FUND,0000892992
1855457,KORE,"KORE Group Holdings, Inc.",0001855457
1290900,CVGI,"Commercial Vehicle Group, Inc.",0001290900
1449794,EMYB,"Embassy Bancorp, Inc.",0001449794
1259429,OXSQ,Oxford Square Capital Corp.,0001259429
1770501,VENU,Venu Holding Corp,0001770501
1532286,NINE,"Nine Energy Service, Inc.",0001532286
1653087,ALEC,"Alector, Inc.",0001653087
2075816,EMIS,Emmis Acquisition Corp.,0002075816
924719,SMID,SMITH MIDLAND CORP,0000924719
50471,TRAK,"ReposiTrak, Inc.",0000050471
2104260,WENC,West Enclave Merger Corp.,0002104260
1999124,HWAIF,Healwell AI Inc.,0001999124
2085177,QRED,QuasarEdge Acquisition Corp,0002085177
2083452,SAGU,Shreya Acquisition Group,0002083452
1625414,BZUN,Baozun Inc.,0001625414
2091484,GLED,GalaxyEdge Acquisition Corp,0002091484
1084765,RGP,"RESOURCES CONNECTION, INC.",0001084765
2043508,LKSP,Lake Superior Acquisition Corp,0002043508
1408443,MIST,Milestone Pharmaceuticals Inc.,0001408443
1794276,ZHJD,Intelligent Hotel Group Ltd.,0001794276
1289340,STXS,"Stereotaxis, Inc.",0001289340
2079106,LAFA,LaFayette Acquisition Corp.,0002079106
1316463,GLQ,Clough Global Equity Fund,0001316463
2028735,SPEG,Silver Pegasus Acquisition Corp.,0002028735
1832871,BMN,BlackRock 2037 Municipal Target Term Trust,0001832871
36840,FREVS,"FIRST REAL ESTATE INVESTMENT TRUST OF NEW JERSEY, INC.",0000036840
2099232,FMAC,Future Money Acquisition Corp,0002099232
1075880,KZIA,KAZIA THERAPEUTICS LTD,0001075880
1815776,LENZ,"LENZ Therapeutics, Inc.",0001815776
2081536,WPAC,White Pearl Acquisition Corp.,0002081536
919864,FNWD,Finward Bancorp,0000919864
830487,MHF,WESTERN ASSET MUNICIPAL HIGH INCOME FUND INC.,0000830487
1574085,BHR,Braemar Hotels & Resorts Inc.,0001574085
1887944,SHIM,Shimmick Corp,0001887944
1657642,SLBK,"Skyline Bankshares, Inc.",0001657642
1725262,TYFG,"Tri-County Financial Group, Inc.",0001725262
1771910,ADCT,ADC Therapeutics SA,0001771910
1823255,MINE,MAYFAIR GOLD CORP.,0001823255
1776909,CURI,CuriosityStream Inc.,0001776909
2027815,BMHL,Bluemount Holdings Ltd,0002027815
1836754,LGCY,Legacy Education Inc.,0001836754
1858724,FLX,BingEx Ltd,0001858724
1077688,HOFT,HOOKER FURNISHINGS Corp,0001077688
1649744,DLTH,DULUTH HOLDINGS INC.,0001649744
1498382,HURA,"TuHURA Biosciences, Inc./NV",0001498382
31107,EML,EASTERN CO,0000031107
1857190,NYXH,Nyxoah SA,0001857190
2089536,CEPS,"Cantor Equity Partners VI, Inc.",0002089536
1287098,MXCT,"MAXCYTE, INC.",0001287098
1407583,BHLL,Bunker Hill Mining Corp.,0001407583
1873923,ONL,Orion Properties Inc.,0001873923
1897463,GRAF,Graf Global Corp.,0001897463
1821534,EXOD,"Exodus Movement, Inc.",0001821534
1835268,CNTB,Connect Biopharma Holdings Ltd,0001835268
1332943,IGA,Voya Global Advantage & Premium Opportunity Fund,0001332943
2119322,DMRC,Digimarc Corp,0002119322
830622,PIM,PUTNAM MASTER INTERMEDIATE INCOME TRUST,0000830622
2063816,INAC,Indigo Acquisition Corp.,0002063816
2075336,YCY,AA Mission Acquisition Corp. II,0002075336
1628063,SRG,Seritage Growth Properties,0001628063
1864597,AURFF,Tincorp Metals Inc.,0001864597
1843973,FLYX,FLYEXCLUSIVE INC.,0001843973
1745114,MOLN,MOLECULAR PARTNERS AG,0001745114
1416090,BSAI,BLUSKY AI INC.,0001416090
105319,WW,"WW INTERNATIONAL, INC.",0000105319
868578,PFD,FLAHERTY & CRUMRINE PREFERRED & INCOME FUND INC,0000868578
1656081,DAVA,Endava plc,0001656081
1782223,PYXS,"Pyxis Oncology, Inc.",0001782223
1175596,AXREF,AMARC RESOURCES LTD,0001175596
1505952,DOMO,"DOMO, INC.",0001505952
904112,MSD,MORGAN STANLEY EMERGING MARKETS DEBT FUND INC,0000904112
315374,HURC,HURCO COMPANIES INC,0000315374
891038,MPA,BLACKROCK MUNIYIELD PENNSYLVANIA QUALITY FUND,0000891038
921114,ARMP,"Armata Pharmaceuticals, Inc.",0000921114
2093524,APUR,Aperture AC,0002093524
1898795,LVWR,"LiveWire Group, Inc.",0001898795
1855447,TYGO,"TIGO ENERGY, INC.",0001855447
1956741,ZONE,"CleanCore Solutions, Inc.",0001956741
1681348,VIVO,VivoPower PLC,0001681348
2125551,ALPX,Alpex Acquisition Corp,0002125551
2011674,YDES,YD Bio Ltd,0002011674
1287498,EVG,Eaton Vance Short Duration Diversified Income Fund,0001287498
1987363,WTF,Waton Financial Ltd,0001987363
2085485,TRAD,APEX Tech Acquisition Inc.,0002085485
90168,SIF,SIFCO INDUSTRIES INC,0000090168
1979408,STLRF,STLLR Gold Inc.,0001979408
2097288,BHAV,BHAV Acquisition Corp,0002097288
1743102,JFIN,Jiayin Group Inc.,0001743102
2080087,MYX,Maywood Acquisition Corp. 2,0002080087
897802,SPE,"SPECIAL OPPORTUNITIES FUND, INC.",0000897802
2088103,XFLH,XFLH Capital Corp,0002088103
1404353,WPGCF,West Point Gold Corp.,0001404353
1951276,SRBK,"SR Bancorp, Inc.",0001951276
2005569,EMPG,Empro Group Inc.,0002005569
2070954,SMJF,SMJ International Holdings Inc.,0002070954
1725569,GARLF,Roxmore Resources Inc.,0001725569
1391437,GRX,Gabelli Healthcare & WellnessRx Trust,0001391437
2065661,PLUN,Plutonian Acquisition Corp. II,0002065661
1919182,UTKN,Universal Token,0001919182
1325702,MX,MAGNACHIP SEMICONDUCTOR Corp,0001325702
1762417,DOYU,DouYu International Holdings Ltd,0001762417
1642380,IMDX,Insight Molecular Diagnostics Inc.,0001642380
1480170,BEOB,BEO BANCORP,0001480170
1633369,CAST,"FreeCast, Inc.",0001633369
1766140,UNCY,"Unicycive Therapeutics, Inc.",0001766140
9521,BCV,BANCROFT FUND LTD,0000009521
2023730,HDRN,"Hadron Energy, Inc.",0002023730
1098146,PNBK,PATRIOT NATIONAL BANCORP INC,0001098146
1000230,OCC,OPTICAL CABLE CORP,0001000230
1552198,WHF,"WhiteHorse Finance, Inc.",0001552198
860489,CEE,"CENTRAL & EASTERN EUROPE FUND, INC.",0000860489
2070542,AIB,AIB Data Centers Inc.,0002070542
1891101,BRCC,BRC Inc.,0001891101
72444,VXRT,"Vaxart, Inc.",0000072444
1546383,JXG,JX Luxventure Group Inc.,0001546383
1835654,INVZ,Innoviz Technologies Ltd.,0001835654
1496749,HEQ,John Hancock Diversified Income Fund,0001496749
2022059,AGMRF,"Silver Mountain Resources, Inc.",0002022059
2091712,RFAM,RF Acquisition Corp III,0002091712
1823406,AFBI,"Affinity Bancshares, Inc.",0001823406
1006837,VATE,INNOVATE Corp.,0001006837
2098669,UAC,United Acquisition Corp. I,0002098669
1504234,BGX,Blackstone Long-Short Credit Income Fund,0001504234
1438893,GNT,"GAMCO Natural Resources, Gold & Income Trust",0001438893
2083143,SCPQ,Social Commerce Partners Corp,0002083143
1472326,GRO,Brazil Potash Corp.,0001472326
740806,FMBM,F&M BANK CORP,0000740806
1006655,EPM,EVOLUTION PETROLEUM CORP,0001006655
6207,AXR,AMREP CORP.,0000006207
1644540,SRGXF,Surge Copper Corp,0001644540
1845123,ANNA,"AleAnna, Inc.",0001845123
1679268,TUSK,"MAMMOTH ENERGY SERVICES, INC.",0001679268
1235912,CVRX,"CVRx, Inc.",0001235912
1662684,KULR,"KULR Technology Group, Inc.",0001662684
1803914,PLBY,"Playboy, Inc.",0001803914
810766,CIK,"CREDIT SUISSE ASSET MANAGEMENT INCOME FUND, INC.",0000810766
95953,ACNT,ASCENT INDUSTRIES CO.,0000095953
1753368,SANG,Sangoma Technologies Corp,0001753368
104894,ELME,Elme Communities,0000104894
1497186,HYI,Western Asset High Yield Opportunity Fund Inc.,0001497186
1941506,ZJK,"ZJK Industrial Co., Ltd.",0001941506
1514860,GCUMF,Gunnison Copper Corp.,0001514860
1697818,AMBR,Amber International Holding Ltd,0001697818
1384831,SNNGF,PPX Mining Corp.,0001384831
34067,BOOM,DMC Global Inc.,0000034067
2059653,LSBK,"Lake Shore Bancorp, Inc. /MD/",0002059653
1683553,SPRB,"SPRUCE BIOSCIENCES, INC.",0001683553
1328409,WRIV,WHITE RIVER BANCSHARES CO,0001328409
1578453,DLNG,Dynagas LNG Partners LP,0001578453
1702123,CRDL,Cardiol Therapeutics Inc.,0001702123
799165,DWSN,DAWSON GEOPHYSICAL CO,0000799165
1034760,WYY,WIDEPOINT CORP,0001034760
1504545,BWG,BrandywineGLOBAL-Global Income Opportunities Fund Inc,0001504545
1945415,HUHU,HUHUTECH International Group Inc.,0001945415
2081690,VECA,Vernal Capital Acquisition Corp.,0002081690
1496292,IHD,Voya Emerging Markets High Dividend Equity Fund,0001496292
2079720,BUDA,"BUDA JUICE, INC.",0002079720
1285650,CGO,CALAMOS GLOBAL TOTAL RETURN FUND,0001285650
1022652,INSG,INSEEGO CORP.,0001022652
1774857,AARD,"Aardvark Therapeutics, Inc.",0001774857
1982518,SDHC,Smith Douglas Homes Corp.,0001982518
2037400,CAAS,"China Automotive Systems, Inc.",0002037400
1231457,GNLX,GENELUX Corp,0001231457
1794783,SLQT,"SelectQuote, Inc.",0001794783
897419,NMT,NUVEEN MASSACHUSETTS QUALITY MUNICIPAL INCOME FUND,0000897419
1645460,CUE,"Cue Biopharma, Inc.",0001645460
830271,NMI,NUVEEN MUNICIPAL INCOME FUND INC,0000830271
1866501,WBX,Wallbox N.V.,0001866501
1836775,TNYZF,Tiny Ltd.,0001836775
1940177,PODC,"PodcastOne, Inc.",0001940177
1845437,NPWR,NET Power Inc.,0001845437
1437213,CCNB,"Coastal Carolina Bancshares, Inc.",0001437213
1397616,SSVFF,SOUTHERN SILVER EXPLORATION CORP,0001397616
1482436,AGXPF,SILVER X MINING CORP.,0001482436
1828377,FTCO,Fortitude Gold Corp,0001828377
1612630,JYNT,JOINT Corp,0001612630
1583962,KTGDF,K2 Gold Corp,0001583962
1332551,ACR,ACRES Commercial Realty Corp.,0001332551
1481028,HYSR,"SUNHYDROGEN, INC.",0001481028
759866,JHS,JOHN HANCOCK INCOME SECURITIES TRUST,0000759866
1532383,VNJA,VANJIA CORP,0001532383
1171759,RRGB,RED ROBIN GOURMET BURGERS INC,0001171759
1870833,RMMZ,"RiverNorth Managed Duration Municipal Income Fund II, Inc.",0001870833
1059142,GHI,Greystone Housing Impact Investors LP,0001059142
1572616,GUTS,"FRACTYL HEALTH, INC.",0001572616
1980845,ENGN,enGene Therapeutics Inc.,0001980845
2121703,FXAC,FortuneX Acquisition Corp,0002121703
1801661,FIRY,Firy Inc.,0001801661
1620737,OGI,ORGANIGRAM GLOBAL INC.,0001620737
913277,CLAR,Clarus Corp,0000913277
1163792,WEA,WESTERN ASSET PREMIER BOND FUND,0001163792
1524025,TLYS,"TILLY'S, INC.",0001524025
2028355,IPEX,Inflection Point Acquisition Corp. V,0002028355
1641489,VTVT,vTv Therapeutics Inc.,0001641489
883975,MBOT,Microbot Medical Inc.,0000883975
1865107,AKA,A.K.A. BRANDS HOLDING CORP.,0001865107
1779578,BGM,BGM Group Ltd.,0001779578
1852767,MRT,"Marti Technologies, Inc.",0001852767
319655,SJT,SAN JUAN BASIN ROYALTY TRUST,0000319655
65770,MVIS,"MICROVISION, INC.",0000065770
1713863,RFL,"Rafael Holdings, Inc.",0001713863
1448431,OPRX,OptimizeRx Corp,0001448431
1585855,GGZ,Gabelli Global Small & Mid Cap Value Trust,0001585855
1305767,PHD,"Pioneer Floating Rate Fund, Inc.",0001305767
2073153,HYNE,"Hoyne Bancorp, Inc.",0002073153
1866757,BRLT,"Brilliant Earth Group, Inc.",0001866757
1762303,RCEL,"AVITA Medical, Inc.",0001762303
1854139,ZVIA,Zevia PBC,0001854139
1074828,USBC,"USBC, Inc.",0001074828
1478102,DMO,Western Asset Mortgage Opportunity Fund Inc.,0001478102
1499832,TSQ,"Townsquare Media, Inc.",0001499832
1227636,STIM,"Neuronetics, Inc.",0001227636
1438461,ELRE,Yinfu Gold Corp.,0001438461
1649096,CLPR,Clipper Realty Inc.,0001649096
1537435,TGEN,TECOGEN INC.,0001537435
1702924,WRAP,"WRAP TECHNOLOGIES, INC.",0001702924
2017526,PCSC,Perceptive Capital Solutions Corp,0002017526
1429260,FBIO,"Fortress Biotech, Inc.",0001429260
882071,PFO,Flaherty & Crumrine PREFERRED & INCOME OPPORTUNITY FUND INC,0000882071
1266806,VANI,"Vivani Medical, Inc.",0001266806
1997403,ZENA,"ZenaTech, Inc.",0001997403
779336,IAF,"ABRDN AUSTRALIA EQUITY FUND, INC.",0000779336
1374339,PMN,ProMIS Neurosciences Inc.,0001374339
2047455,QSEA,Quartzsea Acquisition Corp,0002047455
1872061,VLTLF,Volt Lithium Corp.,0001872061
1120370,BWEN,"BROADWIND, INC.",0001120370
1482541,BNC,CEA Industries Inc.,0001482541
910329,MED,MEDIFAST INC,0000910329
1726445,SEER,"Seer, Inc.",0001726445
1500435,GPRO,"GoPro, Inc.",0001500435
1275101,BOTJ,BANK OF THE JAMES FINANCIAL GROUP INC,0001275101
1526475,NICM,NICOLA MINING INC.,0001526475
1340476,DRTTF,DIRTT ENVIRONMENTAL SOLUTIONS LTD,0001340476
2046656,HCHL,Happy City Holdings Ltd,0002046656
2001794,YOOV,Concorde International Group Ltd.,0002001794
1289868,MCN,XAI Madison Equity Premium Income Fund,0001289868
890119,NIM,NUVEEN SELECT MATURITIES MUNICIPAL FUND,0000890119
737875,FKYS,FIRST KEYSTONE CORP,0000737875
2030829,PGAC,PANTAGES CAPITAL ACQUISITION Corp,0002030829
100726,UFI,UNIFI INC,0000100726
1282957,GLU,GABELLI GLOBAL UTILITY & INCOME TRUST,0001282957
759828,JHI,JOHN HANCOCK INVESTORS TRUST,0000759828
2047235,WSBK,"Winchester Bancorp, Inc./MD/",0002047235
1971115,RYDE,Ryde Group Ltd,0001971115
1341235,ALDX,"Aldeyra Therapeutics, Inc.",0001341235
1828972,BZFD,"BuzzFeed, Inc.",0001828972
811211,UNIB,UNIVERSITY BANCORP INC /DE/,0000811211
1692427,NCSM,"NCS Multistage Holdings, Inc.",0001692427
909494,TCX,TUCOWS INC /PA/,0000909494
1811931,APGOF,Apollo Silver Corp,0001811931
1835022,COYA,"Coya Therapeutics, Inc.",0001835022
1114936,UMEW,UMeWorld Inc.,0001114936
1787414,BSBK,Bogota Financial Corp.,0001787414
1724755,GHG,GreenTree Hospitality Group Ltd.,0001724755
1463000,GRUSF,Grown Rogue International Inc.,0001463000
2038439,VWAV,"VisionWave Holdings, Inc.",0002038439
706863,UNB,UNION BANKSHARES INC,0000706863
2024459,CHAR,Charlton Aria Acquisition Corp,0002024459
1555980,FPRGF,Falco Resources Ltd.,0001555980
75398,PAI,Western Asset Investment Grade Income Fund Inc.,0000075398
738214,AMTX,"AEMETIS, INC",0000738214
1937891,AMCI,AMC Robotics Corp,0001937891
2118032,RACC,Research Alliance Corp III,0002118032
1853889,KGFMF,Kingfisher Metals Corp.,0001853889
1818093,SKIN,SkinHealth Systems Inc.,0001818093
1580110,LBCMF,Copper Giant Resources Corp.,0001580110
1334325,CODA,"Coda Octopus Group, Inc.",0001334325
2012706,SUNS,"Sunrise Realty Trust, Inc.",0002012706
1859795,NVX,NOVONIX Ltd,0001859795
2070900,QUMS,Quantumsphere Acquisition Corp,0002070900
1013880,TTEC,"TTEC Holdings, Inc.",0001013880
1337068,MGYR,"Magyar Bancorp, Inc.",0001337068
1413119,KBLB,"Kraig Biocraft Laboratories, Inc.",0001413119
1129928,ONCY,ONCOLYTICS BIOTECH INC,0001129928
1351636,SSTI,"SOUNDTHINKING, INC.",0001351636
1133311,TZOO,TRAVELZOO,0001133311
1953366,STHO,Star Holdings,0001953366
882300,SBI,WESTERN ASSET INTERMEDIATE MUNI FUND INC.,0000882300
1158172,SCOR,"COMSCORE, INC.",0001158172
1631761,YRD,Yiren Digital Ltd.,0001631761
1594856,VMXXF,VALHALLA METALS INC.,0001594856
1468327,RENT,"Rent the Runway, Inc.",0001468327
1941536,BAER,"Bridger Aerospace Group Holdings, Inc.",0001941536
1947244,USGO,U.S. GoldMining Inc.,0001947244
1337090,SPAUF,SPANISH MOUNTAIN GOLD LTD.,0001337090
1541119,SFBC,"Sound Financial Bancorp, Inc.",0001541119
1495320,VRA,"Vera Bradley, Inc.",0001495320
2034723,YDDL,One & one Green Technologies. INC,0002034723
1684505,XTRAF,Xtract One Technologies Inc.,0001684505
1838987,SPWR,SunPower Inc.,0001838987
1781162,MNTS,Momentus Inc.,0001781162
1884046,SPKL,Spark I Acquisition Corp,0001884046
1279014,ERH,ALLSPRING UTILITIES & HIGH INCOME FUND,0001279014
1041368,RVSB,RIVERVIEW BANCORP INC,0001041368
1701541,BDTX,"Black Diamond Therapeutics, Inc.",0001701541
1010470,PROV,PROVIDENT FINANCIAL HOLDINGS INC,0001010470
715446,ANIX,Anixa Biosciences Inc,0000715446
1921582,LGCXF,Lahontan Gold Corp.,0001921582
1790538,SCTSF,Scottie Resources Corp.,0001790538
798081,LAKE,LAKELAND INDUSTRIES INC,0000798081
1861841,ARBE,Arbe Robotics Ltd.,0001861841
1930021,HOVR,New Horizon Aircraft Ltd.,0001930021
1460329,FLNT,"Fluent, Inc.",0001460329
1674335,JELD,"JELD-WEN Holding, Inc.",0001674335
2044255,ANTA,Antalpha Platform Holding Co,0002044255
1997711,LPA,Logistic Properties of the Americas,0001997711
1754068,KLRS,"Kalaris Therapeutics, Inc.",0001754068
811641,ICCC,IMMUCELL CORP /DE/,0000811641
1629210,PZG,Paramount Gold Nevada Corp.,0001629210
1833769,HYPR,"Hyperfine, Inc.",0001833769
1792267,BNR,Burning Rock Biotech Ltd,0001792267
1374328,FTLF,"FITLIFE BRANDS, INC.",0001374328
2075320,PLYX,"Polaryx Therapeutics, Inc.",0002075320
887396,EP,EMPIRE PETROLEUM CORP,0000887396
1596812,ENLV,Enlivex Ltd.,0001596812
1609065,PBHC,"Pathfinder Bancorp, Inc.",0001609065
2024460,CHPG,ChampionsGate Acquisition Corp,0002024460
1660334,VRCA,Verrica Pharmaceuticals Inc.,0001660334
1087294,CPIX,CUMBERLAND PHARMACEUTICALS INC,0001087294
1606242,VTIX,Virtuix Holdings Inc.,0001606242
55529,KEQU,KEWAUNEE SCIENTIFIC CORP /DE/,0000055529
1701108,SPRO,"Spero Therapeutics, Inc.",0001701108
1903382,BHM,"Bluerock Homes Trust, Inc.",0001903382
1380106,RPID,"RAPID MICRO BIOSYSTEMS, INC.",0001380106
1610853,HSDT,Solana Co,0001610853
1001500,LMRXF,LARAMIDE RESOURCES LTD,0001001500
1829794,EMPD,Empery Digital Inc.,0001829794
1163389,NWPP,NEW PEOPLES BANKSHARES INC,0001163389
1335105,NMAD,"NOMAD POWER SOLUTIONS, INC.",0001335105
732026,TRT,TRIO-TECH INTERNATIONAL,0000732026
1611842,PYPD,PolyPid Ltd.,0001611842
1834032,CSTAF,Constellation Acquisition Corp I,0001834032
810943,PCF,HIGH INCOME SECURITIES FUND,0000810943
1984124,LUD,Luda Technology Group Ltd,0001984124
1839140,RVRC,Revium Rx.,0001839140
1819258,FTZFF,Fitzroy Minerals Inc.,0001819258
1556727,FNWB,First Northwest Bancorp,0001556727
1749723,NFE,New Fortress Energy Inc.,0001749723
1318025,PGP,PIMCO Global StocksPLUS & Income Fund,0001318025
1621888,CFSU,Complete Financial Solutions Inc.,0001621888
1274737,XGN,EXAGEN INC.,0001274737
1979414,NTHI,"NEONC TECHNOLOGIES HOLDINGS, INC.",0001979414
1614806,RPT,Rithm Property Trust Inc.,0001614806
1514597,FURY,FURY GOLD MINES LTD,0001514597
1956648,NOEM,CO2 Energy Transition Corp.,0001956648
1615165,VERI,"Veritone, Inc.",0001615165
1659494,COE,51Talk Online Education Group,0001659494
1746967,RMI,"RiverNorth Opportunistic Municipal Income Fund, Inc.",0001746967
1868640,RDZN,Roadzen Inc.,0001868640
1438943,RNGE,"RANGE IMPACT, INC.",0001438943
1482554,HFUS,"Hartford Creative Group, Inc.",0001482554
1932770,HERE,Here Group Ltd,0001932770
770460,PFBX,PEOPLES FINANCIAL CORP /MS/,0000770460
1948455,ISPR,Ispire Technology Inc.,0001948455
1417663,SNWV,"SANUWAVE Health, Inc.",0001417663
1906364,FGMC,FG Merger II Corp.,0001906364
2139246,VII,Viking Acquisition Corp. II,0002139246
1823878,MYPS,"PLAYSTUDIOS, Inc.",0001823878
1706524,FLZH,"Flash Sports & Media Holdings, Inc.",0001706524
1506929,VRDR,"VERDE RESOURCES, INC.",0001506929
1425355,SUIG,SUI Group Holdings Ltd.,0001425355
2112457,AMAN,Amanat Acquisition Corp.,0002112457
1582982,CCLD,"CareCloud, Inc.",0001582982
2077709,ROC,Rank One Computing Corp,0002077709
1055726,INO,"INOVIO PHARMACEUTICALS, INC.",0001055726
875657,ULBI,ULTRALIFE CORP,0000875657
1909747,JUSHF,Jushi Holdings Inc.,0001909747
2137777,RACD,Research Alliance Corp IV,0002137777
1462586,IGI,Western Asset Investment Grade Opportunity Trust Inc.,0001462586
1723980,SXTC,"China SXT Pharmaceuticals, Inc.",0001723980
1514490,RGT,"ROYCE GLOBAL TRUST, INC.",0001514490
1472215,JLS,Nuveen Mortgage & Income Fund/MA/,0001472215
751365,VIRC,VIRCO MFG CORPORATION,0000751365
1515156,ARQ,"Arq, Inc.",0001515156
1748137,NEOV,NeoVolta Inc.,0001748137
1936224,SRFM,SURF AIR MOBILITY INC.,0001936224
1437226,MHH,"Mastech Digital, Inc.",0001437226
1001115,GEOS,GEOSPACE TECHNOLOGIES CORP,0001001115
1575793,WATT,Energous Corp,0001575793
1972234,VHUB,"VenHub Global, Inc.",0001972234
1597835,CMCM,Cheetah Mobile Inc.,0001597835
1838163,BNAI,Brand Engagement Network Inc.,0001838163
845611,GCV,GABELLI CONVERTIBLE & INCOME SECURITIES FUND INC,0000845611
72205,NOBH,NOBILITY HOMES INC,0000072205
1971828,ENGS,Energys Group Ltd,0001971828
1540684,ATLX,Atlas Lithium Corp,0001540684
1840439,BMEA,"Biomea Fusion, Inc.",0001840439
750574,AUBN,"AUBURN NATIONAL BANCORPORATION, INC",0000750574
1739410,RLYB,Rallybio Corp,0001739410
1944712,BIYA,Baiya International Group Inc.,0001944712
1364954,CHGG,"CHEGG, INC",0001364954
717806,FUSB,"FIRST US BANCSHARES, INC.",0000717806
1496690,BCRD,"BlueOne Technologies, Inc.",0001496690
1006830,CBKM,CONSUMERS BANCORP INC /OH/,0001006830
2049248,LCCC,Lakeshore Acquisition III Corp.,0002049248
2012726,FDSB,"Fifth District Bancorp, Inc.",0002012726
1397016,OPXS,Optex Systems Holdings Inc,0001397016
1001171,BYFC,BROADWAY FINANCIAL CORP \DE\,0001001171
811922,MGF,ABERDEEN GOVERNMENT MARKETS INCOME FUND,0000811922
2093507,GLND,Greenland Energy Co,0002093507
1378701,GDL,GDL FUND,0001378701
1213037,CRDF,"Cardiff Oncology, Inc.",0001213037
2012807,RFAI,RF Acquisition Corp II,0002012807
1801417,BYNO,byNordic Acquisition Corp,0001801417
71557,NUVR,"Nuvera Communications, Inc.",0000071557
877019,GGOXF,Galleon Gold Corp.,0000877019
84112,RSKIA,"GEORGE RISK INDUSTRIES, INC.",0000084112
1856725,RANI,"Rani Therapeutics Holdings, Inc.",0001856725
1385632,IAE,Voya Asia Pacific High Dividend Equity Income Fund,0001385632
1455365,CGTX,COGNITION THERAPEUTICS INC,0001455365
1805526,DFDV,DeFi Development Corp.,0001805526
1878313,MAIA,"MAIA Biotechnology, Inc.",0001878313
1790177,RFM,"RiverNorth Flexible Municipal Income Fund, Inc.",0001790177
891482,FLL,FULL HOUSE RESORTS INC,0000891482
2069604,PARK,"Park Dental Partners, Inc.",0002069604
1372807,BCIC,BCP Investment Corp,0001372807
1781174,ACRV,"Acrivon Therapeutics, Inc.",0001781174
1131343,ATHE,ALTERITY THERAPEUTICS LTD,0001131343
1936804,SDA,SunCar Technology Group Inc.,0001936804
1576159,BDCTF,BuildDirect.com Technologies Inc.,0001576159
1756390,AAWH,"Ascend Wellness Holdings, Inc.",0001756390
1362190,AEYE,AUDIOEYE INC,0001362190
1620463,LONA,"LeonaBio, Inc.",0001620463
1690080,FRMM,FORUM MARKETS Inc,0001690080
1070732,EVF,Eaton Vance Senior Income Trust,0001070732
1769731,AMTD,AMTD IDEA GROUP,0001769731
2109876,MCAH,Mountain Crest Acquisition 6 Corp.,0002109876
2014982,SIMA,SIM Acquisition Corp. I,0002014982
2077033,MMTX,Miluna Acquisition Corp,0002077033
1856031,SEAT,Vivid Seats Inc.,0001856031
1199004,FMN,Federated Hermes Premier Municipal Income Fund,0001199004
814676,CPSH,CPS TECHNOLOGIES CORP/DE/,0000814676
1919246,PTHS,Pelthos Therapeutics Inc.,0001919246
2044523,ORIQ,Origin Investment Corp I,0002044523
1530185,ATVK,"Globaltek Ventures, Inc.",0001530185
1504379,CSTE,Caesarstone Ltd.,0001504379
1390352,ORRCF,OROCO RESOURCE CORP,0001390352
731653,UBCP,UNITED BANCORP INC /OH/,0000731653
1680873,HFFG,HF Foods Group Inc.,0001680873
1983736,GOAI,Eva Live Inc,0001983736
1604868,GRWG,GrowGeneration Corp.,0001604868
1933567,NRXS,"Neuraxis, INC",0001933567
1925511,NZAUF,Rua Gold Inc.,0001925511
1490349,PFX,PhenixFIN Corp,0001490349
2088626,PECE,Peace Acquisition Corp.,0002088626
1861795,DH,Definitive Healthcare Corp.,0001861795
1917599,EDVR,Endeavor Bancorp,0001917599
1697851,REKR,"Rekor Systems, Inc.",0001697851
69422,INTG,INTERGROUP CORP,0000069422
2112446,JATT,JATT II Acquisition Corp.,0002112446
912764,KSBI,KS BANCORP INC,0000912764
1571776,CHMI,Cherry Hill Mortgage Investment Corp,0001571776
2026767,ALIS,Calisa Acquisition Corp,0002026767
1484612,OM,"Outset Medical, Inc.",0001484612
868822,CRCUF,Canagold Resources Ltd.,0000868822
1971532,TELO,"Telomir Pharmaceuticals, Inc.",0001971532
2051587,BSAA,BEST SPAC I Acquisition Corp.,0002051587
1176334,MMLP,MARTIN MIDSTREAM PARTNERS L.P.,0001176334
806172,SOTK,SONO TEK CORP,0000806172
1562151,CWGL,"Crimson Wine Group, Ltd",0001562151
795800,NEXM,NexMetals Mining Corp.,0000795800
1040896,IDN,"Intellicheck, Inc.",0001040896
1684144,ZOMDF,Zomedica Corp.,0001684144
1965052,MGTE,Marblegate Capital Corp,0001965052
2049560,TUNGF,American Tungsten Corp.,0002049560
1979332,CPBI,"Central Plains Bancshares, Inc.",0001979332
1725123,CANG,Cango Inc.,0001725123
1528811,VGI,Virtus Global Multi-Sector Income Fund,0001528811
1784254,MDIA,Mediaco Holding Inc.,0001784254
356037,CSPI,CSP INC /MA/,0000356037
16859,SRL,Scully Royalty Ltd.,0000016859
1845550,PLMJF,Plum Acquisition Corp. III,0001845550
898171,UWHR,UWHARRIE CAPITAL CORP,0000898171
2010653,FVN,Future Vision II Acquisition Corp.,0002010653
1577445,ODYS,Odysight.ai Inc.,0001577445
1519469,AEC,ANFIELD ENERGY INC.,0001519469
1837493,QTEX,QTREX Quantum Ltd.,0001837493
1855557,HLP,Hongli Group Inc.,0001855557
2036973,UYSC,UY Scuti Acquisition Corp.,0002036973
2026514,NAMM,Namib Minerals,0002026514
1103795,QSEP,"QS Energy, Inc.",0001103795
1339688,LCGMF,LION COPPER & GOLD CORP.,0001339688
1849296,OKYO,OKYO Pharma Ltd,0001849296
1826889,BODI,"Beachbody Company, Inc.",0001826889
2043630,APAC,StoneBridge Acquisition II Corp,0002043630
879535,DTF,DTF TAX-FREE INCOME 2028 TERM FUND INC,0000879535
1429764,BLNK,Blink Charging Co.,0001429764
1454938,TEAD,Teads Holding Co.,0001454938
2076192,WSTN,Westin Acquisition Corp,0002076192
1819574,BARK,"Bark, Inc.",0001819574
1354866,BYRN,Byrna Technologies Inc.,0001354866
1822791,CLNN,Clene Inc.,0001822791
939930,PYYX,"PYXUS INTERNATIONAL, INC.",0000939930
1672909,CPHC,Canterbury Park Holding Corp,0001672909
1601485,ELTX,"Elicio Therapeutics, Inc.",0001601485
1549966,SAMG,Silvercrest Asset Management Group Inc.,0001549966
1884516,DTI,Drilling Tools International Corp,0001884516
1579157,VNCE,VINCE HOLDING CORP.,0001579157
1462418,ASPS,ALTISOURCE PORTFOLIO SOLUTIONS S.A.,0001462418
1720580,ACET,"Adicet Bio, Inc.",0001720580
1288795,GLV,Clough Global Dividend & Income Fund,0001288795
1437283,RPMT,"REGO PAYMENT ARCHITECTURES, INC.",0001437283
771856,CSBR,"CHAMPIONS ONCOLOGY, INC.",0000771856
1446159,AGPU,Axe Compute Inc.,0001446159
818033,HRTX,"HERON THERAPEUTICS, INC. /DE/",0000818033
779227,STLE,STEELE BANCORP INC,0000779227
1819253,BTMD,biote Corp.,0001819253
1720446,ZEPP,Zepp Health Corp,0001720446
1638097,ENTX,Entera Bio Ltd.,0001638097
1853825,DTCX,"Datacentrex, Inc.",0001853825
930245,AASP,Agassi Sports Entertainment Corp.,0000930245
1472341,GDO,WESTERN ASSET GLOBAL CORPORATE OPPORTUNITY FUND INC.,0001472341
2051380,PEW,GrabAGun Digital Holdings Inc.,0002051380
1066684,TGLO,THEGLOBE COM INC,0001066684
1145255,HNNA,HENNESSY ADVISORS INC,0001145255
942895,REDW,REDWOOD FINANCIAL INC /MN/,0000942895
2025774,ALPS,Alps Group Inc,0002025774
1943802,FSEA,"First Seacoast Bancorp, Inc.",0001943802
1985139,LSE,"Leishen Energy Holding Co., Ltd.",0001985139
1738699,WKEY,Wisekey International Holding S.A.,0001738699
1879848,PEVM,PHOENIX MOTOR INC.,0001879848
1848275,TOP,TOP Financial Group Ltd,0001848275
1886190,GGR,Gogoro Inc.,0001886190
1170311,PNI,PIMCO NEW YORK MUNICIPAL INCOME FUND II,0001170311
1420565,RNTX,"Rein Therapeutics, Inc.",0001420565
2009312,PUSA,Aureus Greenway Holdings Inc,0002009312
912967,FBSI,FIRST BANCSHARES INC /MO/,0000912967
2011208,SPAI,Safe Pro Group Inc.,0002011208
2059165,SSEA,STARRY SEA ACQUISITION CORP,0002059165
1509745,CYPH,CYPHERPUNK TECHNOLOGIES INC.,0001509745
849146,LFVN,Lifevantage Corp,0000849146
2055116,KG,Kestrel Group Ltd,0002055116
832370,EAXR,"Ealixir, Inc.",0000832370
1915328,ISRLF,Israel Acquisitions Corp,0001915328
714712,JUVF,JUNIATA VALLEY FINANCIAL CORP,0000714712
1607997,NMS,Nuveen Minnesota Quality Municipal Income Fund,0001607997
949961,IOR,INCOME OPPORTUNITY REALTY INVESTORS INC /TX/,0000949961
1288770,XTGRF,XTRA-GOLD RESOURCES CORP,0001288770
875582,NTIC,NORTHERN TECHNOLOGIES INTERNATIONAL CORP,0000875582
1892747,VMCAF,Valuence Merger Corp. I,0001892747
924383,GNSS,Genasys Inc.,0000924383
1386301,RSSS,"Research Solutions, Inc.",0001386301
318833,TISI,TEAM INC,0000318833
813623,SWZ,Total Return Securities Fund,0000813623
1716951,OCCI,"OFS Credit Company, Inc.",0001716951
1687451,ZKIN,"ZK International Group Co., Ltd.",0001687451
862861,AIFC,AI Financial Corp,0000862861
1507957,IPWR,Ideal Power Inc.,0001507957
54187,MAYS,MAYS J W INC,0000054187
1577783,SIREF,Sirios Resources Inc.,0001577783
2053927,WTG,Wintergreen Acquisition Corp.,0002053927
12040,BDL,FLANIGANS ENTERPRISES INC,0000012040
1843724,LNZA,"LanzaTech Global, Inc.",0001843724
1828161,FTCI,"FTC Solar, Inc.",0001828161
785557,DLHC,DLH Holdings Corp.,0000785557
1604464,ATRA,"Atara Biotherapeutics, Inc.",0001604464
5981,AVD,AMERICAN VANGUARD CORP,0000005981
1224133,MCHX,MARCHEX INC,0001224133
1069394,FSI,FLEXIBLE SOLUTIONS INTERNATIONAL INC,0001069394
1534969,SERA,"SERA PROGNOSTICS, INC.",0001534969
1836295,RTGN,RetinalGenix Technologies Inc.,0001836295
1272842,AIRG,AIRGAIN INC,0001272842
1852016,AEAE,AltEnergy Acquisition Corp,0001852016
1918414,NBRG,Newbridge Acquisition Ltd,0001918414
1884122,VCUFF,Vizsla Copper Corp.,0001884122
1851959,CNDA,Concord Acquisition Corp II,0001851959
2064177,BPAC,Blueport Acquisition Ltd,0002064177
353184,AIRT,AIR T INC,0000353184
1490161,SOWG,Sow Good Inc.,0001490161
1755058,AUC,ATIF Holdings Ltd,0001755058
1171326,EUBG,ENTREPRENEUR UNIVERSE BRIGHT GROUP,0001171326
791718,EEA,"EUROPEAN EQUITY FUND, INC / MD",0000791718
1842566,AISP,"Airship AI Holdings, Inc.",0001842566
1074692,CEV,Eaton Vance California Municipal Income Trust,0001074692
1675033,GECC,Great Elm Capital Corp.,0001675033
1699382,PMVP,"PMV Pharmaceuticals, Inc.",0001699382
1819411,GANX,"Gain Therapeutics, Inc.",0001819411
1795251,NNOX,Nano-X Imaging Ltd.,0001795251
1288855,OPHC,"OptimumBank Holdings, Inc.",0001288855
711034,THMG,THUNDER MOUNTAIN GOLD INC,0000711034
1043186,SLNG,"Stabilis Solutions, Inc.",0001043186
1784970,NXTT,Next Technology Holding Inc.,0001784970
1751707,OZVN,OZ VISION INC.,0001751707
1947210,ROLR,"High Roller Technologies, Inc.",0001947210
1847874,BEEP,Mobile Infrastructure Corp,0001847874
1162896,PROP,Prairie Operating Co.,0001162896
1491419,LVO,"LiveOne, Inc.",0001491419
1750155,CWBHF,"Charlotte's Web Holdings, Inc.",0001750155
1795091,OSTX,OS Therapies Inc,0001795091
1427925,TLPH,"TALPHERA, INC.",0001427925
1456189,LEAT,Leatt Corp,0001456189
1632121,BLNC,"Balance Labs, Inc.",0001632121
1814423,IH,iHuman Inc.,0001814423
1477845,ANVS,"Annovis Bio, Inc.",0001477845
1420720,IBIO,"iBio, Inc.",0001420720
1627868,NCAUF,Newcore Gold Ltd.,0001627868
917225,XPL,SOLITARIO RESOURCES CORP.,0000917225
2034520,GIBO,GIBO HOLDINGS Ltd,0002034520
716643,RGS,REGIS CORP,0000716643
1320350,LNSR,"LENSAR, Inc.",0001320350
1123267,HANNF,Hannan Metals Ltd.,0001123267
1036044,INVE,"Identiv, Inc.",0001036044
908187,PCM,"PCM FUND, INC.",0000908187
1626878,XBIT,XBiotech Inc.,0001626878
1737319,CUAUF,C3 Metals Inc.,0001737319
927719,DWNX,DELHI BANK CORP,0000927719
1500375,HFBL,"Home Federal Bancorp, Inc. of Louisiana",0001500375
1523289,DMA,Destra Multi-Alternative Fund,0001523289
1831096,GEG,"Great Elm Group, Inc.",0001831096
889348,CVU,CPI AEROSTRUCTURES INC,0000889348
2027265,MB,MASTERBEEF GROUP,0002027265
72633,NRT,NORTH EUROPEAN OIL ROYALTY TRUST,0000072633
1557523,PGZ,Principal Real Estate Income Fund,0001557523
1874875,HOUR,"Hour Loop, Inc",0001874875
1275158,NDLS,NOODLES & Co,0001275158
2031009,KAZR,Skyline Builders Group Holding Ltd,0002031009
1400438,LGO,Largo Inc.,0001400438
1993400,FATN,Fatpipe Inc/UT,0001993400
928465,DIT,AMCON DISTRIBUTING CO,0000928465
1746473,PLRX,"PLIANT THERAPEUTICS, INC.",0001746473
1734520,ALYAF,Alithya Group inc,0001734520
2024306,JFB,JFB Construction Holdings,0002024306
1720250,KNDI,"Kandi Technologies Group, Inc.",0001720250
1715925,HYFT,MindWalk Holdings Corp.,0001715925
1835579,IMA,"ImageneBio, Inc.",0001835579
65596,SIEB,SIEBERT FINANCIAL CORP,0000065596
1540159,EDSA,"Edesa Biotech, Inc.",0001540159
1731388,EDRY,EuroDry Ltd.,0001731388
1849867,CLST,"Catalyst Bancorp, Inc.",0001849867
2019505,HIT,"Health In Tech, Inc.",0002019505
1846235,IMAQ,International Media Acquisition Corp.,0001846235
1970743,RMXI,"RMX INDUSTRIES, INC.",0001970743
1226616,MNOV,MEDICINOVA INC,0001226616
846671,VLT,Invesco High Income Trust II,0000846671
1946573,NAKA,Nakamoto Inc.,0001946573
1786471,SEV,Aptera Motors Corp,0001786471
1889983,KVAC,Keen Vision Acquisition Corp.,0001889983
828146,LINK,INTERLINK ELECTRONICS INC,0000828146
1041859,PLCE,"Childrens Place, Inc.",0001041859
1088034,USIO,"Usio, Inc.",0001088034
1881592,NSTS,"NSTS Bancorp, Inc.",0001881592
1839799,GAMB,Gambling.com Group Ltd,0001839799
1453593,XTNT,"Xtant Medical Holdings, Inc.",0001453593
1822523,AFCG,Advanced Flower Capital Inc.,0001822523
1680637,NRRWF,Nuran Wireless Inc.,0001680637
1927719,CRGO,Freightos Ltd,0001927719
1765850,AURE,Aurelion Inc.,0001765850
1728117,GOSS,"Gossamer Bio, Inc.",0001728117
797542,QXL,QUANTUM X LABS INC.,0000797542
707605,ASRV,AMERISERV FINANCIAL INC /PA/,0000707605
1506184,IMMP,IMMUTEP Ltd,0001506184
1822359,DCGO,DocGo Inc.,0001822359
2031688,ANPA,Rich Sparkle Holdings Ltd,0002031688
2016337,PTLE,PTL Ltd,0002016337
1134765,CHUC,"Charlie's Holdings, Inc.",0001134765
1939965,SLMT,Brera Holdings PLC,0001939965
1807765,PMVC,PMV Consumer Acquisition Corp.,0001807765
1962481,BOF,BranchOut Food Inc.,0001962481
1998043,PDCC,Pearl Diver Credit Co Inc.,0001998043
1703644,GPMT,Granite Point Mortgage Trust Inc.,0001703644
18255,CATO,CATO CORP,0000018255
1862150,CING,Cingulate Inc.,0001862150
12239,DOMH,Dominari Holdings Inc.,0000012239
2029471,HMR,Heidmar Maritime Holdings Corp.,0002029471
1774675,SKIL,Skillsoft Corp.,0001774675
1851484,CTOR,"CITIUS ONCOLOGY, INC.",0001851484
1360565,WFCF,"Where Food Comes From, Inc.",0001360565
2010788,EXOZ,EXOZYMES INC.,0002010788
1495231,IZEA,"IZEA Worldwide, Inc.",0001495231
1658678,BSEM,"BioStem Technologies, Inc.",0001658678
1898643,MOB,Mobilicom Ltd,0001898643
1541190,SYHBF,SKYHARBOUR RESOURCES LTD,0001541190
1442492,LRDC,"Laredo Oil, Inc.",0001442492
1173204,CNVS,Cineverse Corp.,0001173204
1445942,TMRC,Texas Mineral Resources Corp.,0001445942
91668,SODI,SOLITRON DEVICES INC,0000091668
1868395,YIBO,Planet Image International Ltd,0001868395
1644771,RSF,"RiverNorth Capital & Income Fund, Inc.",0001644771
1127537,LUNG,Pulmonx Corp,0001127537
1838716,GNTA,Genenta Science S.p.A.,0001838716
1711141,LEEEF,Leef Brands Inc.,0001711141
1291855,SPCB,SuperCom Ltd,0001291855
1978057,TWG,Top Wealth Group Holding Ltd,0001978057
1820190,SCLX,Scilex Holding Co,0001820190
1907184,ELBM,Electra Battery Materials Corp,0001907184
1723464,BHST,BIOHARVEST SCIENCES INC.,0001723464
1783328,TCRX,"TScan Therapeutics, Inc.",0001783328
1877939,CTM,"Castellum, Inc.",0001877939
1818644,LIDR,"AEye, Inc.",0001818644
1698022,FMFG,"Farmers & Merchants Bancshares, Inc.",0001698022
1296774,NCTY,The9 LTD,0001296774
1775194,UPXI,"UPEXI, INC.",0001775194
1725603,AUXXF,A2 Gold Corp.,0001725603
27367,DXR,DAXOR CORP,0000027367
1517767,CCIF,Carlyle Credit Income Fund,0001517767
727510,ENZN,"Viskase Holdings, Inc.",0000727510
1605888,CIRC,CIRCLE8 GROUP INC,0001605888
1399520,STKS,"ONE Group Hospitality, Inc.",0001399520
1904501,ZTEK,Zentek Ltd.,0001904501
1851909,CDAQF,Compass Digital Acquisition Corp.,0001851909
1840877,COCH,"Envoy Medical, Inc.",0001840877
101984,UEIC,UNIVERSAL ELECTRONICS INC,0000101984
1474903,BGSF,"BGSF, INC.",0001474903
1024672,ELTK,ELTEK LTD,0001024672
1026980,APWC,ASIA PACIFIC WIRE & CABLE CORP LTD,0001026980
1133062,JANL,JANEL CORP,0001133062
1758766,STEM,"STEM, INC.",0001758766
2048271,WSHP,WeShop Holdings Ltd,0002048271
1840233,XLO,"Xilio Therapeutics, Inc.",0001840233
101594,BSIN,BIG SKY INDUSTRIAL INC.,0000101594
1807887,LASE,Laser Photonics Corp,0001807887
1031235,SELF,"Global Self Storage, Inc.",0001031235
793306,BDCO,BLUE DOLPHIN ENERGY CO,0000793306
1499780,GLBS,GLOBUS MARITIME LTD,0001499780
1931055,MDNC,Medinotec Inc.,0001931055
14177,BRID,BRIDGFORD FOODS CORP,0000014177
2024203,CAPN,Cayson Acquisition Corp,0002024203
1523836,LITB,"LightInTheBox Holding Co., Ltd.",0001523836
1422532,RKHNF,ROCKHAVEN RESOURCES LTD,0001422532
863900,MXE,MEXICO EQUITY & INCOME FUND INC,0000863900
886136,SGA,SAGA COMMUNICATIONS INC,0000886136
1881551,STI,Solidion Technology Inc.,0001881551
1529113,XTIA,"XTI Aerospace, Inc.",0001529113
1467093,SRCRF,Scorpio Gold Corp,0001467093
1954694,LGCL,Lucas GC Ltd,0001954694
1979887,XCH,XCHG Ltd,0001979887
1696558,JRSH,"Jerash Holdings (US), Inc.",0001696558
1891856,GENK,"GEN Restaurant Group, Inc.",0001891856
2014337,NPT,Texxon Holding Ltd,0002014337
2030277,LFS,"LEIFRAS Co., Ltd.",0002030277
1743340,TC,Token Cat Ltd,0001743340
1842952,CNTX,Context Therapeutics Inc.,0001842952
1288268,IMTCF,Intrepid Metals Corp.,0001288268
1877333,THCH,TH International Ltd,0001877333
1840229,INKT,"MiNK Therapeutics, Inc.",0001840229
1857030,INCR,Intercure Ltd.,0001857030
1778940,NRRSF,Norsemont Mining Inc.,0001778940
1850059,FSHP,Flag Ship Acquisition Corp,0001850059
1520048,PVL,Permianville Royalty Trust,0001520048
881787,CRT,CROSS TIMBERS ROYALTY TRUST,0000881787
1562530,WTHVF,Westhaven Gold Corp.,0001562530
2094107,BSPA,"Ballston Spa Bancorp, Inc.",0002094107
773717,ACRG,"American Clean Resources Group, Inc.",0000773717
1846715,WAVE,Eco Wave Power Global AB (publ),0001846715
1863218,SFWL,SHENGFENG DEVELOPMENT Ltd,0001863218
23197,CMTL,COMTECH TELECOMMUNICATIONS CORP /DE/,0000023197
946936,DSWL,DESWELL INDUSTRIES INC,0000946936
1805651,MKTW,"MARKETWISE, INC.",0001805651
1888654,FEAM,"5E Advanced Materials, Inc.",0001888654
1994214,NOMA,Nomadar Corp.,0001994214
839470,WWR,"WESTWATER RESOURCES, INC.",0000839470
1017303,TACT,TRANSACT TECHNOLOGIES INC,0001017303
838131,JMM,Nuveen Multi-Market Income Fund,0000838131
1782303,BOLD,"Boundless Bio, Inc.",0001782303
50292,IEHC,IEH Corp,0000050292
1677940,BYSI,BeyondSpring Inc.,0001677940
1805521,FFAI,FARADAY FUTURE INTELLIGENT ELECTRIC INC.,0001805521
1742770,VIOT,"Viomi Technology Co., Ltd",0001742770
910406,HAIN,HAIN CELESTIAL GROUP INC,0000910406
1597095,TOUR,Tuniu Corp,0001597095
1516899,YTRA,"Yatra Online, Inc.",0001516899
1998781,IBAC,IB Acquisition Corp.,0001998781
1865429,OAKV,"Oak View Bankshares, Inc.",0001865429
1833498,MDAI,"Spectral AI, Inc.",0001833498
1968043,NCEW,New Century Logistics (BVI) Ltd,0001968043
1230058,KANP,KAANAPALI LAND LLC,0001230058
1957489,ABLV,Able View Global Inc.,0001957489
1089872,GAIA,"GAIA, INC",0001089872
1505413,VOC,VOC Energy Trust,0001505413
2010959,AHMA,AMBITIONS ENTERPRISE MANAGEMENT CO. L.L.C,0002010959
867840,POCI,"PRECISION OPTICS CORPORATION, INC.",0000867840
943535,WHEN,"WORLD HEALTH ENERGY HOLDINGS, INC.",0000943535
1711754,INMB,"Inmune Bio, Inc.",0001711754
1999860,WYHG,Wing Yip Food Holdings Group Ltd,0001999860
844856,HCMC,Healthier Choices Management Corp.,0000844856
2001288,PN,PN Smart Energy Ltd,0002001288
1789769,TIL,"Instil Bio, Inc.",0001789769
1285170,ITMSF,INTERMAP TECHNOLOGIES CORP,0001285170
1113152,BEWFF,BEWHERE HOLDINGS INC,0001113152
884269,APT,ALPHA PRO TECH LTD,0000884269
1002366,REVFF,Gitennes Exploration Inc.,0001002366
2026353,ATHR,"Aether Holdings, Inc.",0002026353
1609809,MCRB,"Seres Therapeutics, Inc.",0001609809
1069530,FLNA,"FILANA THERAPEUTICS, INC.",0001069530
923883,TLTFF,THERALASE TECHNOLOGIES INC /FI,0000923883
1560258,ECOR,"electroCore, Inc.",0001560258
2002045,GCL,GCL Global Holdings Ltd,0002002045
2000530,GMHS,Gamehaus Holdings Inc.,0002000530
1895597,ICG,Intchains Group Ltd,0001895597
2035016,RIBB,Ribbon Acquisition Corp.,0002035016
926423,MIND,"MIND TECHNOLOGY, INC",0000926423
2074123,CCHH,CCH Holdings Ltd,0002074123
1494891,SRTS,"Sensus Healthcare, Inc.",0001494891
1865506,ZEO,Zeo Energy Corp.,0001865506
1893899,WAMFF,Alaska Silver Corp.,0001893899
1005101,MGLD,"Marygold Companies, Inc.",0001005101
2067767,NXB,NextBoat Inc.,0002067767
1839154,NKGFF,Nevada King Gold Corp.,0001839154
1701599,AZASF,Arizona Gold & Silver Inc.,0001701599
1844505,QTI,"QT IMAGING HOLDINGS, INC.",0001844505
1849466,TCBS,"Texas Community Bancshares, Inc.",0001849466
1723935,STG,Sunlands Technology Group,0001723935
1650696,LSF,"Laird Superfood, Inc.",0001650696
1738827,KLXE,"KLX Energy Services Holdings, Inc.",0001738827
1023109,CVVUF,CANALASKA URANIUM LTD,0001023109
1901336,ALCYF,Alchemy Investments Acquisition Corp 1,0001901336
844985,POSC,POSITRON CORP,0000844985
1436229,BTCS,BTCS Inc.,0001436229
846913,FTEK,"FUEL TECH, INC.",0000846913
1031316,FSP,FRANKLIN STREET PROPERTIES CORP /MA/,0001031316
1039280,NTWK,NETSOL TECHNOLOGIES INC,0001039280
2012600,RYOJ,"rYojbaba Co., Ltd.",0002012600
728385,BCHT,Birchtech Corp.,0000728385
1080340,LOAN,"MANHATTAN BRIDGE CAPITAL, INC",0001080340
1719714,MREO,Mereo BioPharma Group plc,0001719714
1378140,OPTT,"Ocean Power Technologies, Inc.",0001378140
1333493,EHTH,"eHealth, Inc.",0001333493
1785279,MGX,"Metagenomi Therapeutics, Inc.",0001785279
1941158,WETO,Wetour Robotics Ltd,0001941158
2116105,FWAC,Futurewave Acquisition Corp,0002116105
1865111,ALSAF,Alpha Star Acquisition Corp,0001865111
2000775,BKHA,Black Hawk Acquisition Corp,0002000775
862651,INVU,"Investview, Inc.",0000862651
1991332,MKDW,MKDWELL Tech Inc.,0001991332
1973062,VIDA,VIDA Global Inc.,0001973062
924396,CRSF,Crisp Momentum Inc.,0000924396
1339970,ATYR,aTYR PHARMA INC,0001339970
766792,CVV,CVD EQUIPMENT CORP,0000766792
1319183,FMY,FIRST TRUST MORTGAGE INCOME FUND,0001319183
2063863,ELWT,"Elauwit Connection, Inc.",0002063863
1737995,SKYA,"SkyAI, Inc.",0001737995
1538189,SMOFF,Sonoro Gold Corp.,0001538189
1841425,VGAS,"Verde Clean Fuels, Inc.",0001841425
1070789,HYOR,HyOrc Corp,0001070789
1570505,PLLMF,EDGE COPPER Corp,0001570505
1846839,STKE,SOL Strategies Inc.,0001846839
723603,CULP,CULP INC,0000723603
1818844,DWTX,"Dogwood Therapeutics, Inc.",0001818844
1834105,IBO,IMPACT BIOMEDICAL INC.,0001834105
1867834,BRAG,Bragg Gaming Group Inc.,0001867834
1547546,LFT,"Lument Finance Trust, Inc.",0001547546
1487918,OFS,OFS Capital Corp,0001487918
2028201,COLA,Columbus Acquisition Corp/Cayman Islands,0002028201
2011458,ZTG,Zenta Group Co Ltd,0002011458
1533998,DRIO,DarioHealth Corp.,0001533998
1504678,LOOP,"Loop Industries, Inc.",0001504678
1383395,SQNS,SEQUANS COMMUNICATIONS,0001383395
1750106,AEI,Alset Inc.,0001750106
1813241,GPGCF,Great Pacific Gold Corp.,0001813241
1939479,USPCY,China Strategic Technology Group Limited/ADR,0001939479
1800637,RYM,"RYTHM, Inc.",0001800637
1566073,PGZFF,Pan Global Resources Inc.,0001566073
1011060,NORD,Nordicus Partners Corp,0001011060
718332,RAVE,"RAVE RESTAURANT GROUP, INC.",0000718332
1132105,SPWH,"SPORTSMAN'S WAREHOUSE HOLDINGS, INC.",0001132105
864240,SYPR,SYPRIS SOLUTIONS INC,0000864240
2053456,TGE,Generation Essentials Group,0002053456
1682241,MATH,Metalpha Technology Holding Ltd,0001682241
1378950,PRTS,"CarParts.com, Inc.",0001378950
2020987,YHNA,YHN Acquisition I Ltd,0002020987
1091596,AURX,"Nuo Therapeutics, Inc.",0001091596
1966233,NIPG,NIP Group Inc.,0001966233
1156041,AGIG,"ABUNDIA GLOBAL IMPACT GROUP, INC.",0001156041
2006413,DRYGF,Dryden Gold Corp.,0002006413
1784440,BHIC,"BioScience Health Innovations, Inc.",0001784440
1328792,TPCS,TECHPRECISION CORP,0001328792
2028177,YOUL,Youlife Group Inc.,0002028177
1969928,TJGC,TJGC GROUP Ltd,0001969928
1993431,MCRP,Micropolis AI Robotics,0001993431
1933021,PLUT,Plutus Financial Group Ltd,0001933021
880984,ACFN,"ACORN ENERGY, INC.",0000880984
1817004,NXXT,"NEXTNRG, INC.",0001817004
1841761,GROV,"Grove Collaborative Holdings, Inc.",0001841761
896493,GPUS,"Hyperscale Data, Inc.",0000896493
719733,KTCC,KEY TRONIC CORP,0000719733
8504,UAVS,AgEagle Aerial Systems Inc.,0000008504
1538495,ETST,"Earth Science Tech, Inc.",0001538495
1682639,HYPD,"HYPERION DEFI, INC.",0001682639
1841675,ARBK,Argo Blockchain Plc,0001841675
883107,SLSN,"SOLESENCE, INC.",0000883107
1757840,INDO,Indonesia Energy Corp Ltd,0001757840
1213809,DYAI,DYADIC INTERNATIONAL INC,0001213809
2002453,STAK,STAK Inc.,0002002453
61004,LGL,LGL GROUP INC,0000061004
1665300,PHUN,"Phunware, Inc.",0001665300
894871,AREN,"Arena Group Holdings, Inc.",0000894871
1835385,MBBC,"Marathon Bancorp, Inc. /MD/",0001835385
1356093,CREX,"CREATIVE REALITIES, INC.",0001356093
1769697,FNUC,Frontier Nuclear & Minerals Inc.,0001769697
2086841,CBAT,CBAK Energy Technology Ltd,0002086841
1960355,EXYN,"Exyn Technologies, Inc.",0001960355
1769256,XHG,XChange TEC.INC,0001769256
1813452,PLNH,Planet 13 Holdings Inc.,0001813452
1856082,RDEXF,RPX Gold Inc.,0001856082
1872302,NA,Nano Labs Ltd,0001872302
1978528,QETA,Quetta Acquisition Corp,0001978528
1082324,VHC,VirnetX Holding Corp,0001082324
1263364,COPR,Idaho Copper Corp,0001263364
1587603,WNRS,"WINNERS, INC.",0001587603
1772720,SPRU,SPRUCE POWER HOLDING CORP,0001772720
1310488,BFNH,"BIOFORCE NANOSCIENCES HOLDINGS, INC.",0001310488
13156,GLXZ,"Galaxy Gaming, Inc.",0000013156
1640043,PXS,Pyxis Tankers Inc.,0001640043
1718500,AXIL,"Axil Brands, Inc.",0001718500
2033770,DAIC,"CID Holdco, Inc.",0002033770
1420529,AACG,ATA Creativity Global,0001420529
1652935,ACTU,"ACTUATE THERAPEUTICS, INC.",0001652935
1094032,QDMI,QDM International Inc.,0001094032
1525306,FSTJ,First America Resources Corp,0001525306
1369290,MYO,"MYOMO, INC.",0001369290
849145,HGBL,Heritage Global Inc.,0000849145
2119416,OP,OpenPayd Global Holdings Ltd,0002119416
716634,RDI,READING INTERNATIONAL INC,0000716634
2080215,USDE,StableCoinX Inc.,0002080215
1992818,ZOOZ,ZOOZ Strategy Ltd.,0001992818
1800392,MLGO,MicroAlgo Inc.,0001800392
1783407,SOGP,Sound Group Inc.,0001783407
1775734,BENF,Beneficient,0001775734
1993727,SNT,Senstar Technologies Corp,0001993727
1409375,OESX,"ORION ENERGY SYSTEMS, INC.",0001409375
2033515,SORA,AsiaStrategy,0002033515
1043961,PRPO,"Precipio, Inc.",0001043961
1952853,MAMO,Massimo Group,0001952853
1753673,SJ,Scienjoy Holding Corp,0001753673
2017950,DTSQ,DT Cloud Star Acquisition Corp,0002017950
1054102,IDXG,"INTERPACE BIOSCIENCES, INC.",0001054102
1603993,AIOS,AIOS Tech Inc.,0001603993
2032755,PFAI,Pinnacle Food Group Ltd,0002032755
1682220,SACH,Sachem Capital Corp.,0001682220
1900679,TETEF,Technology & Telecommunication Acquisition Corp,0001900679
1974044,MNY,MoneyHero Ltd,0001974044
1849380,ONMD,OneMedNet Corp,0001849380
1040130,PETS,PETMED EXPRESS INC,0001040130
1708527,ELUT,ELUTIA INC.,0001708527
1712178,NAAS,NaaS Technology Inc.,0001712178
2018462,PCLA,PicoCELA Inc.,0002018462
1667313,ZDGE,"Zedge, Inc.",0001667313
1882464,MSSAF,Metal Sky Star Acquisition Corp,0001882464
1099160,BBGI,BEASLEY BROADCAST GROUP INC,0001099160
1444192,GRCE,"Grace Therapeutics, Inc.",0001444192
1210708,STRR,"Star Equity Holdings, Inc.",0001210708
850027,GRF,"EAGLE CAPITAL GROWTH FUND, INC.",0000850027
1763950,LTRN,Lantern Pharma Inc.,0001763950
798528,OMEX,ODYSSEY MARINE EXPLORATION INC,0000798528
1462223,NIXX,"Nixxy, Inc.",0001462223
1379006,NNVC,"NANOVIRICIDES, INC.",0001379006
1472091,PDSB,PDS Biotechnology Corp,0001472091
1796949,GFLT,"GenFlat Holdings, Inc.",0001796949
861972,SRLZF,Salazar Resources Ltd,0000861972
1442620,RCON,"Recon Technology, Ltd",0001442620
1574094,RNXT,"RenovoRx, Inc.",0001574094
722313,NSYS,NORTECH SYSTEMS INC,0000722313
1297341,KFFB,Kentucky First Federal Bancorp,0001297341
1624326,PAVM,PAVmed Inc.,0001624326
1391933,QNTO,"QUAINT OAK BANCORP, INC.",0001391933
1678748,ISTKF,Intellistake Technologies Corp.,0001678748
2078149,VRHI,"Veri MedTech Holdings, Inc.",0002078149
1965473,CCG,Cheche Group Inc.,0001965473
1196298,NEPH,NEPHROS INC,0001196298
1019742,BRKCF,BARKSDALE RESOURCES CORP.,0001019742
1509397,LOMLF,Lion One Metals Ltd.,0001509397
1904286,MIRA,"MIRA PHARMACEUTICALS, INC.",0001904286
1895249,CNTM,"ConnectM Technology Solutions, Inc.",0001895249
1872525,SWAG,"Stran & Company, Inc.",0001872525
1799448,ALGS,"Aligos Therapeutics, Inc.",0001799448
1035354,ELOX,"Eloxx Pharmaceuticals, Inc.",0001035354
2037786,USREF,Tactical Resources Corp.,0002037786
1449792,PPSI,"PIONEER POWER SOLUTIONS, INC.",0001449792
1873454,RYET,Ruanyun Edai Technology Inc.,0001873454
1954269,GSIW,Garden Stage Ltd,0001954269
1040161,PXLW,"PIXELWORKS, INC",0001040161
1873875,IXHL,Incannex Healthcare Inc.,0001873875
2014254,KBSX,FST Corp.,0002014254
2051820,MLCI,Mount Logan Capital Inc.,0002051820
1733868,CNF,CNFinance Holdings Ltd.,0001733868
1846084,JETMF,Global Crossing Airlines Group Inc.,0001846084
880242,BLGO,"BIOLARGO, INC.",0000880242
1859035,MCAG,Mountain Crest Acquisition Corp. V,0001859035
1894942,FRFAF,Fresh Factory B.C. Ltd.,0001894942
1786318,IBATF,INTERNATIONAL BATTERY METALS LTD.,0001786318
1853044,AERT,"Aeries Technology, Inc.",0001853044
1083522,JSDA,JONES SODA CO.,0001083522
839087,VASO,VASO Corp,0000839087
1635729,EQTRF,Altamira Gold Corp.,0001635729
1350102,ASTI,"Ascent Solar Technologies, Inc.",0001350102
863894,VERU,VERU INC.,0000863894
1769624,ILLR,Triller Group Inc.,0001769624
1886894,SNAL,"Snail, Inc.",0001886894
1368845,TKRFF,TINKA RESOURCES Ltd,0001368845
2056030,SPMEF,South Pacific Metals Corp.,0002056030
1979005,AFJK,"Aimei Health Technology Co., Ltd.",0001979005
1580864,VRM,"Vroom, Inc.",0001580864
1657800,ESAUF,ESGold Corp.,0001657800
1561921,TELA,"TELA Bio, Inc.",0001561921
754811,GROW,U S GLOBAL INVESTORS INC,0000754811
1844971,GREE,Greenidge Generation Holdings Inc.,0001844971
1282648,BATL,BATTALION OIL CORP,0001282648
1883814,SLND,"Southland Holdings, Inc.",0001883814
1333274,MERC,MERCER INTERNATIONAL INC.,0001333274
56701,KOSS,KOSS CORP,0000056701
1775898,UCL,uCloudlink Group Inc.,0001775898
889353,SNTL,Sentinel Holdings Ltd.,0000889353
1982444,BDMD,Baird Medical Investment Holdings Ltd,0001982444
1218683,BGDE,"Big Digital Energy, Inc.",0001218683
1843656,RMCO,Royalty Management Holding Corp,0001843656
1676047,NTRB,NutriBand Inc.,0001676047
1370416,WPRT,WESTPORT FUEL SYSTEMS INC.,0001370416
1934642,MDBH,"MDB Capital Holdings, LLC",0001934642
1534708,BLNE,"Beeline Holdings, Inc.",0001534708
1427901,GDSRF,Gold Strike Resources Corp.,0001427901
351998,DAIO,DATA I/O CORP,0000351998
1714562,GAME,"GameSquare Holdings, Inc.",0001714562
1467761,FIEE,"FiEE, Inc.",0001467761
911147,CNTY,CENTURY CASINOS INC /CO/,0000911147
855683,MLSS,MILESTONE SCIENTIFIC INC.,0000855683
1841209,HOLO,MicroCloud Hologram Inc.,0001841209
2029039,NSRX,Nasus Pharma Ltd,0002029039
2027722,GRAN,Grande Group Ltd/HK,0002027722
1173313,ABVC,"ABVC BIOPHARMA, INC.",0001173313
933972,SCWO,374Water Inc.,0000933972
2000230,BRIA,BrilliA Inc,0002000230
1844417,ESLA,"Estrella Immunopharma, Inc.",0001844417
1270436,COHN,Cohen & Co Inc.,0001270436
1847806,GNS,Genius Group Ltd,0001847806
813298,DXLG,"DESTINATION XL GROUP, INC.",0000813298
1355848,TOON,"Kartoon Studios, Inc.",0001355848
1643953,PRPL,"Purple Innovation, Inc.",0001643953
1918151,RGCCF,Relevant Gold Corp.,0001918151
1738906,YI,"111, Inc.",0001738906
1038277,INIS,RADNOSTIX INC,0001038277
1742341,HKIT,HiTek Global Inc.,0001742341
1085243,VTSI,"VirTra, Inc",0001085243
1975641,ZYBT,Zhengye Biotechnology Holding Ltd,0001975641
1410738,VPLM,Voip-pal.com Inc,0001410738
1948697,SPPL,SIMPPLE LTD.,0001948697
1009922,NSFDF,NXT Energy Solutions Inc.,0001009922
1262104,LITS,"Lite Strategy, Inc.",0001262104
1549145,BIOF,"BLUE BIOFUELS, INC.",0001549145
1869137,MHUBF,MineHub Technologies Inc.,0001869137
1944885,APLM,Apollomics Inc.,0001944885
2010499,DGNX,Diginex Ltd,0002010499
1065078,NTIP,"NETWORK-1 TECHNOLOGIES, INC.",0001065078
2039273,JAGU,Jaguar Uranium Corp.,0002039273
1433607,NSPR,"InspireMD, Inc.",0001433607
320017,LSTA,"LISATA THERAPEUTICS, INC.",0000320017
799850,CRMT,AMERICAS CARMART INC,0000799850
101295,UG,UNITED GUARDIAN INC,0000101295
1726906,KCCFF,Kutcho Copper Corp.,0001726906
1785424,KPLT,"Katapult Holdings, Inc.",0001785424
1949257,RADX,Radiopharm Theranostics Ltd,0001949257
8177,AAME,ATLANTIC AMERICAN CORP,0000008177
1826397,AVX,AVAX ONE TECHNOLOGY LTD.,0001826397
1389545,SDEV,Stablecoin Development Corp,0001389545
1790607,EMGDF,Eminent Gold Corp.,0001790607
1746119,VGES,Vanguard Green Investment Ltd,0001746119
880406,HERZ,"Herzfeld Credit Income Fund, Inc",0000880406
1847846,EUDA,EUDA Health Holdings Ltd,0001847846
1471727,SRXH,SRX Global Inc.,0001471727
1045742,LIVE,LIVE VENTURES Inc,0001045742
1819493,XOS,"Xos, Inc.",0001819493
1753162,FTHM,Fathom Holdings Inc.,0001753162
1706404,AZZTF,Aztec Minerals Corp.,0001706404
1743344,PYRGF,PyroGenesis Canada Inc.,0001743344
2011053,PBK,POWERBANK Corp,0002011053
1591890,FGNX,FG Nexus Inc.,0001591890
83350,RSRV,RESERVE PETROLEUM CO,0000083350
1720893,BTAI,"BioXcel Therapeutics, Inc.",0001720893
25895,CRWS,CROWN CRAFTS INC,0000025895
1708599,SER,"Serina Therapeutics, Inc.",0001708599
1610820,BCTX,BriaCell Therapeutics Corp.,0001610820
1401914,DARE,"Dare Bioscience, Inc.",0001401914
1394039,CYDVF,Century Lithium Corp.,0001394039
1539850,STCB,"Starco Brands, Inc.",0001539850
1808110,DDC,DDC Enterprise Ltd,0001808110
1814215,BURU,"Nuburu, Inc.",0001814215
1839530,XBP,"XBP Global Holdings, Inc.",0001839530
2018145,RDAC,Rising Dragon Acquisition Corp.,0002018145
1967656,PFSB,"PFS Bancorp, Inc.",0001967656
1832487,GUER,"Guerrilla RF, Inc.",0001832487
1663038,QTZM,Quantum Genesis AI Corp.,0001663038
1939780,UCAR,U Power Ltd,0001939780
1138723,ARAY,ACCURAY INC,0001138723
1401835,SRGZ,Star Gold Corp.,0001401835
1854270,SNTI,"Senti Biosciences Holdings, Inc.",0001854270
1893645,PLRZ,Polyrizon Ltd.,0001893645
872699,KDKGF,KLONDIKE GOLD CORP /FI,0000872699
1998056,PC,Premium Catering (Holdings) Ltd,0001998056
1760233,GIFT,"GIFTIFY, INC.",0001760233
1907223,GRML,Greenland Mines Ltd,0001907223
1859022,NPRFF,Nepra Foods Inc.,0001859022
1855467,MOBX,"MOBIX LABS, INC",0001855467
81955,RAND,RAND CAPITAL CORP,0000081955
1512922,PETV,"PetVivo Holdings, Inc.",0001512922
1720553,PHNMF,Phenom Resources Corp.,0001720553
1649739,BAFN,BayFirst Financial Corp.,0001649739
1487197,BRFH,BARFRESH FOOD GROUP INC.,0001487197
1449349,RDGL,VIVOS INC,0001449349
1005516,BOSC,BOS BETTER ONLINE SOLUTIONS LTD,0001005516
1437750,TRXA,T-REX Acquisition Corp.,0001437750
1928340,GDHG,GOLDEN HEAVEN GROUP HOLDINGS LTD.,0001928340
1871983,ANGH,Anghami Inc,0001871983
830616,SCIA,"SCI Engineered Materials, Inc.",0000830616
1779372,BEAT,"HeartBeam, Inc.",0001779372
1840780,LOCL,Local Bounti Corporation/DE,0001840780
1491434,SEOVF,SERNOVA CORP.,0001491434
921299,KYNB,"KYNTRA BIO, INC.",0000921299
788611,NTRP,"NextTrip, Inc.",0000788611
1095981,PSTV,"PLUS THERAPEUTICS, INC.",0001095981
1297937,PRKA,"PARKS AMERICA, INC",0001297937
1110607,KLNG,"Koil Energy Solutions, Inc.",0001110607
1489300,ZLME,Zhanling International Ltd,0001489300
1442236,QRHC,Quest Resource Holding Corp,0001442236
1377149,CRVW,CareView Communications Inc,0001377149
1817161,HWAUF,Headwater Gold Inc.,0001817161
2033383,FUSE,Fusemachines Inc.,0002033383
1319150,PBMLF,Pacific Booker Minerals Inc.,0001319150
1053691,CRVO,CervoMed Inc.,0001053691
1727370,SAGGF,Sterling Metals Corp.,0001727370
1759546,NRDE,NU RIDE INC.,0001759546
1425287,WKHS,Workhorse Group Inc.,0001425287
1858007,GDST,Chi Special Acquisition Corp.,0001858007
1874252,QUCY,Quantum Cyber N.V.,0001874252
1527038,BZDLF,KINCORA COPPER LTD,0001527038
1089815,EHSI,Elite Health Systems Inc.,0001089815
1624985,SFCX,SUPA Consolidated Inc.,0001624985
1600983,KSCP,"Knightscope, Inc.",0001600983
1388320,ATNM,"Actinium Pharmaceuticals, Inc.",0001388320
831609,CXXIF,C21 Investments Inc.,0000831609
1935418,FMST,Foremost Clean Energy Ltd.,0001935418
1619544,JFU,9F Inc.,0001619544
1415397,RAPH,Raphael Pharmaceutical Inc.,0001415397
1571934,TAOX,TAO Synergies Inc.,0001571934
862692,CCEL,CRYO CELL INTERNATIONAL INC,0000862692
1066764,BESS,Bimergen Energy Corp,0001066764
2018529,NCT,Intercont (Cayman) Ltd,0002018529
1916331,NCI,Neo-Concept International Group Holdings Ltd,0001916331
1479480,CGDXF,XALI GOLD CORP.,0001479480
1326205,IGC,"IGC Pharma, Inc.",0001326205
1015739,AWRE,AWARE INC /MA/,0001015739
1928948,HTCO,High-Trend International Group,0001928948
1643154,ITHUF,"iANTHUS CAPITAL HOLDINGS, INC.",0001643154
722572,FKWL,FRANKLIN WIRELESS CORP,0000722572
1883835,ESGH,ESG Inc.,0001883835
1045942,TRCK,"Track Group, Inc.",0001045942
1522767,MRMD,MARIMED INC.,0001522767
2000366,SCAG,Scage Future,0002000366
1346830,TVRD,"Tvardi Therapeutics, Inc.",0001346830
1800890,LFLRF,LaFleur Minerals Inc..,0001800890
1321834,QCLS,"Q/C TECHNOLOGIES, INC.",0001321834
1944399,PDC,Perpetuals.com Ltd,0001944399
1726159,USGDF,AMERICAN PACIFIC MINING CORP,0001726159
1821806,LESL,"Leslie's, Inc.",0001821806
315545,PVCT,"PROVECTUS BIOPHARMACEUTICALS, INC.",0000315545
1871181,FOFA,"FAMILY OFFICE OF AMERICA, INC.",0001871181
1387473,TIGCF,Triumph Gold Corp.,0001387473
1729653,STLNF,Stallion Uranium Corp.,0001729653
1842556,EONR,EON Resources Inc.,0001842556
1604191,GRDX,GridAI Technologies Corp.,0001604191
351789,ELSE,ELECTRO SENSORS INC,0000351789
1869601,EMCGF,Embrace Change Acquisition Corp.,0001869601
843006,ACCS,ACCESS Newswire Inc.,0000843006
2000410,EURK,Eureka Acquisition Corp,0002000410
1785494,WBQNL,Woodbridge Liquidation Trust,0001785494
1123494,HBIO,HARVARD BIOSCIENCE INC,0001123494
924515,GTHP,GUIDED THERAPEUTICS INC,0000924515
1805833,SST,"System1, Inc.",0001805833
1963088,ATCH,"AtlasClear Holdings, Inc.",0001963088
2030954,XHLD,"TEN Holdings, Inc.",0002030954
1903392,CLRCF,ClimateRock,0001903392
1724009,PRT,PermRock Royalty Trust,0001724009
1191832,KNGRF,Kingsmen Resources Ltd.,0001191832
1117057,PLAG,Planet Green Holdings Corp.,0001117057
1621906,WSTRF,Western Uranium & Vanadium Corp.,0001621906
1953988,HLEO,Helio Corp /FL/,0001953988
1946021,HSPOF,Horizon Space Acquisition I Corp.,0001946021
1687277,RETO,"ReTo Eco-Solutions, Inc.",0001687277
1780201,LVLU,"Lulu's Fashion Lounge Holdings, Inc.",0001780201
2038378,ACCL,Acco Group Holdings Ltd,0002038378
1683408,RSGLF,Rocky Shore Gold Ltd.,0001683408
1653909,BIRD,"Smartbird, Inc.",0001653909
1367993,HAFG,"Holistic Asset Finance Group Co., Ltd.",0001367993
1875091,NRSN,NeuroSense Therapeutics Ltd.,0001875091
1982448,BLIV,BeLive Holdings,0001982448
1724542,CLPS,CLPS Inc,0001724542
1630176,HYEX,HEALTHY EXTRACTS INC.,0001630176
1832161,VIPZ,"VIP Play, Inc.",0001832161
2064764,PLSM,Pulsenmore Ltd.,0002064764
1912847,USEA,United Maritime Corp,0001912847
2027037,GDGIF,"Gemdale Gold, Inc",0002027037
1650196,VCGMF,Visionary Copper & Gold Mines Inc.,0001650196
1828253,EVAX,Evaxion A/S,0001828253
1546853,SKKY,"Skkynet Cloud Systems, Inc.",0001546853
1004989,SGRP,"SPAR Group, Inc.",0001004989
1307579,LIQT,LIQTECH INTERNATIONAL INC,0001307579
1943444,TRSG,Tungray Technologies Inc,0001943444
2040290,LGPS,LOGPROSTYLE INC.,0002040290
1175151,CTSO,Cytosorbents Corp,0001175151
1819438,GWH,"ESS Tech, Inc.",0001819438
1905688,MAUUF,AERO ENERGY Ltd,0001905688
1597846,GRNQ,Greenpro Capital Corp.,0001597846
1828185,BRNS,Barinthus Biotherapeutics plc.,0001828185
1987189,SLGB,Smart Logistics Global Ltd,0001987189
1081745,INLX,"INTELLINETICS, INC.",0001081745
1953984,BCG,"Binah Capital Group, Inc.",0001953984
1567663,ATCMF,ATICO MINING Corp,0001567663
1890361,ASPC,ASPAC III Acquisition Corp.,0001890361
1074871,MODD,"Modular Medical, Inc.",0001074871
1938109,PAPL,Pineapple Financial Inc.,0001938109
1666782,IRVRF,Irving Resources Inc.,0001666782
1544770,BONXF,BONTERRA RESOURCES INC.,0001544770
1666071,CDLX,"Cardlytics, Inc.",0001666071
1420924,ADTI,"Adapti, Inc.",0001420924
1595527,NYC,American Strategic Investment Co.,0001595527
1134982,AAPI,"Apple iSports Group, Inc.",0001134982
1094038,MRKR,"Marker Therapeutics, Inc.",0001094038
747540,SPRS,SURGE COMPONENTS INC,0000747540
1355839,IPM,INTELLIGENT PROTECTION MANAGEMENT CORP.,0001355839
1541157,AKTX,Akari Therapeutics Plc,0001541157
1889123,FLD,"Fold Holdings, Inc.",0001889123
1566044,VYNE,VYNE Therapeutics Inc.,0001566044
1385818,AYTU,"AYTU BIOPHARMA, INC",0001385818
1030471,UTSI,UTSTARCOM HOLDINGS CORP.,0001030471
1750593,DUO,Fangdd Network Group Ltd.,0001750593
315958,CRMZ,CREDITRISKMONITOR COM INC,0000315958
1418149,HLRTF,Hillcrest Energy Technologies Ltd.,0001418149
1770088,WIMI,WiMi Hologram Cloud Inc.,0001770088
1106644,CPHI,"CHINA PHARMA HOLDINGS, INC.",0001106644
40570,JOB,GEE Group Inc.,0000040570
2032779,EHLD,Euroholdings Ltd.,0002032779
1015647,AAUAF,ALMADEN MINERALS LTD,0001015647
2027329,OPTH,Optimi Health Corp.,0002027329
1398805,BEEM,Beam Global,0001398805
1434524,CLIR,ClearSign Technologies Corp,0001434524
2021688,UFG,Uni-Fuels Holdings Ltd,0002021688
1275477,BMNM,"BIMINI CAPITAL MANAGEMENT, INC.",0001275477
1661059,NXTC,"NextCure, Inc.",0001661059
1737339,JG,Aurora Mobile Ltd,0001737339
2035644,RANG,Range Capital Acquisition Corp.,0002035644
1488039,ATOS,"ATOSSA THERAPEUTICS, INC.",0001488039
2001699,HPAI,Helport AI Ltd,0002001699
1948436,JL,J-Long Group Ltd,0001948436
2060083,FOFO,"Hang Feng Technology Innovation Co., Ltd.",0002060083
25743,TXMD,"TherapeuticsMD, Inc.",0000025743
1607962,LFWD,Lifeward Ltd.,0001607962
840715,CLRO,CLEARONE INC,0000840715
1709819,FEDU,Four Seasons Education (Cayman) Inc.,0001709819
811522,QZMRF,QUARTZ MOUNTAIN RESOURCES LTD,0000811522
1847075,SAIH,SAIHEAT Ltd,0001847075
1928722,INIKF,PopReach Corp,0001928722
352955,CKX,"CKX LANDS, INC.",0000352955
1825024,OPAD,Offerpad Solutions Inc.,0001825024
1876766,LICN,Lichen International Ltd,0001876766
1602409,FNGR,"FingerMotion, Inc.",0001602409
1769484,BIOX,Bioceres Crop Solutions Corp.,0001769484
1752828,CELU,Celularity Inc,0001752828
2044327,CFND,C1 Fund Inc.,0002044327
1041024,RMTI,"ROCKWELL MEDICAL, INC.",0001041024
1487718,BLTH,"AMERICAN BATTERY MATERIALS, INC.",0001487718
1570843,GEBRF,Greenbriar Sustainable Living Inc.,0001570843
2072421,SNNF,"Seneca Bancorp, Inc.",0002072421
1740797,AVAI,"AVAI BIO, INC.",0001740797
1516551,SKYE,"Skye Bioscience, Inc.",0001516551
1059689,NALG,North America Lithium & Gold Corp,0001059689
1419336,APAAF,Appia Rare Earths & Uranium Corp.,0001419336
1464165,BETRF,BetterLife Pharma Inc.,0001464165
1771885,QNTM,Quantum Biopharma Ltd.,0001771885
2055938,GRLMF,GreenLight Metals Inc.,0002055938
1169760,CMGHF,CHAODA MODERN AGRICULTURE HOLDINGS LTD /FI,0001169760
1500198,NMTC,NEUROONE MEDICAL TECHNOLOGIES Corp,0001500198
1041657,UONE,"URBAN ONE, INC.",0001041657
20639,ABCP,AmBase Corp,0000020639
867038,SPND,SPINDLETOP OIL & GAS CO,0000867038
1684662,VIPRF,SILVER VIPER MINERALS CORP.,0001684662
1742195,ROMJF,Rubicon Organics Inc.,0001742195
1980210,WFF,WF Holding Ltd,0001980210
1102993,LPSN,LIVEPERSON INC,0001102993
1852973,BRLS,Borealis Foods Inc.,0001852973
1877778,TTIPF,"Thiogenesis Therapeutics, Corp.",0001877778
826253,AUSI,AURA SYSTEMS INC,0000826253
2049187,KMRK,K-TECH SOLUTIONS CO LTD,0002049187
1502292,PRHI,"Presurance Holdings, Inc.",0001502292
1855509,VEEE,"Twin Vee PowerCats, Co.",0001855509
1232582,AHT,ASHFORD HOSPITALITY TRUST INC,0001232582
1891944,PMEC,Primech Holdings Ltd,0001891944
1106213,SFRX,SEAFARER EXPLORATION CORP,0001106213
1847986,DFLI,Dragonfly Energy Holdings Corp.,0001847986
797465,STLY,"HG Holdings, Inc.",0000797465
1899005,BMR,Beamr Imaging Ltd.,0001899005
1783036,NCEL,NewcelX Ltd.,0001783036
1279704,CLRB,"Cellectar Biosciences, Inc.",0001279704
1872529,MDXH,MDxHealth SA,0001872529
1860871,TVGN,Tevogen Bio Holdings Inc.,0001860871
1790693,DGNOF,Diagnos Inc.,0001790693
1821468,YQ,17 Education & Technology Group Inc.,0001821468
919567,RCG,"RENN Fund, Inc.",0000919567
736012,INTZ,INTRUSION INC,0000736012
1460702,AIXC,"AIxCrypto Holdings, Inc.",0001460702
2009714,TMDE,TMD Energy Ltd,0002009714
2027160,VNTG,Vantage Corp (Singapore),0002027160
2017758,LHAI,Linkhome Holdings Inc.,0002017758
2092446,AVAT,Avalanche Treasury Corp,0002092446
1481241,PSHG,Performance Shipping Inc.,0001481241
1119083,MNDO,MIND CTI LTD,0001119083
1978811,GOVB,"Gouverneur Bancorp, Inc./MD/",0001978811
1711012,AIHS,Senmiao Technology Ltd,0001711012
779544,ARKR,ARK RESTAURANTS CORP,0000779544
1919776,DETX,"LIBERTY DEFENSE HOLDINGS, LTD.",0001919776
1993463,YSXT,"YSX Tech Co., Ltd",0001993463
1988776,MRNO,Murano Global Investments Plc,0001988776
2013807,FOXX,Foxx Development Holdings Inc.,0002013807
1672571,AAQL,Antiaging Quantum Living Inc.,0001672571
946563,RVP,RETRACTABLE TECHNOLOGIES INC,0000946563
2030522,MWYN,"Marwynn Holdings, Inc.",0002030522
1537317,IEGCF,Independence Gold Corp.,0001537317
793524,REFR,RESEARCH FRONTIERS INC,0000793524
1960847,TOPP,Toppoint Holdings Inc.,0001960847
1090396,TBTC,TABLE TRAC INC,0001090396
1806524,LGHL,Lion Group Holding Ltd,0001806524
1657214,ILAL,International Land Alliance Inc.,0001657214
1017655,PAYD,PAID INC,0001017655
1967306,MSBB,"Mercer Bancorp, Inc.",0001967306
1862463,AMOD,"ALPHA MODUS HOLDINGS, INC.",0001862463
1007019,JVA,COFFEE HOLDING CO INC,0001007019
725363,CVM,CEL SCI CORP,0000725363
1169034,BHV,BLACKROCK VIRGINIA MUNICIPAL BOND TRUST,0001169034
1720161,CTRM,Castor Maritime Inc.,0001720161
1780731,EPOW,E-Power Inc.,0001780731
1997296,MDCX,Medicus Pharma Ltd.,0001997296
1781193,QH,QUHUO Ltd,0001781193
1174891,GEDC,"TerraVolt Holdings, Inc.",0001174891
1261002,GNOLF,GENOIL INC,0001261002
1472466,LPSIF,LEGEND POWER SYSTEMS INC.,0001472466
829323,INUV,"Inuvo, Inc.",0000829323
1735514,OHCFF,Light AI Inc.,0001735514
1831868,ICU,SeaStar Medical Holding Corp,0001831868
811222,CDIX,Cardiff Lexington Corp,0000811222
2003061,STFS,Star Fashion Culture Holdings Ltd,0002003061
1818274,ARAI,Arrive AI Inc.,0001818274
1584693,SSGC,SafeSpace Global Corp,0001584693
1721484,LGVN,Longeveron Inc.,0001721484
924168,EFOI,"ENERGY FOCUS, INC/DE",0000924168
1711786,RKTO,Rocket One Inc.,0001711786
909724,TLF,TANDY LEATHER FACTORY INC,0000909724
1535955,LPCN,Lipocine Inc.,0001535955
1191070,NEUP,Neuphoria Therapeutics Inc.,0001191070
1493130,MAPPF,PROSTAR HOLDINGS INC. /BC,0001493130
1472072,CCM,Concord Medical Services Holdings Ltd,0001472072
1479419,KALA,"KALA BIO, Inc.",0001479419
1988634,POWMF,Power Metal Resources PLC,0001988634
888981,NNUP,NOCOPI TECHNOLOGIES INC/MD/,0000888981
1077640,WMLLF,Wealth Minerals Ltd.,0001077640
1897532,PASW,"Ping An Biomedical Co., Ltd.",0001897532
1519472,SMXT,"SolarMax Technology, Inc.",0001519472
1788028,JSPR,"Jasper Therapeutics, Inc.",0001788028
2030834,ONEG,OneConstruction Group Ltd,0002030834
1006045,IRIX,IRIDEX CORP,0001006045
1956166,PMA,Ming Shing Group Holdings Ltd,0001956166
1058307,NXPL,NextPlat Corp,0001058307
1723047,VAUCF,Viva Gold Corp.,0001723047
1474167,COSM,Cosmos Health Inc.,0001474167
1860657,ALLR,"Allarity Therapeutics, Inc.",0001860657
1654595,MDRR,"Medalist Diversified, Inc.",0001654595
1534154,AUID,authID Inc.,0001534154
1557440,COGDF,Compass Gold Corp,0001557440
900391,NTZ,NATUZZI S P A,0000900391
1662774,QNCX,"Quince Therapeutics, Inc.",0001662774
1563665,HRGN,"Harvard Apparatus Regenerative Technology, Inc.",0001563665
1071840,WNDW,"SolarWindow Technologies, Inc.",0001071840
1912966,RGNT,REGENTIS BIOMATERIALS LTD.,0001912966
1084267,MOBQ,"Mobiquity Technologies, Inc.",0001084267
1821175,MSGM,Motorsport Games Inc.,0001821175
1593001,NGTF,"NightFood Holdings, Inc.",0001593001
1888980,LRE,"LEAD REAL ESTATE CO., LTD",0001888980
1437517,CLOQ,"CYBERLOQ TECHNOLOGIES, INC.",0001437517
1684688,ATCX,ATLAS CRITICAL MINERALS Corp,0001684688
1673481,SEGG,Sports Entertainment Gaming Global Corp,0001673481
1686000,JGLDF,Japan Gold Corp.,0001686000
1995116,RECT,Rectitude Holdings Ltd.,0001995116
1831979,SDST,Stardust Power Inc.,0001831979
1963439,TURB,"Turbo Energy, S.A.",0001963439
1096296,RITE,MINERALRITE Corp,0001096296
1409036,TARSF,Silver North Resources Ltd.,0001409036
45919,HHS,HARTE HANKS INC,0000045919
1716338,JF,J & Friends Holdings Ltd,0001716338
1903995,MGIH,Millennium Group International Holdings Ltd,0001903995
34285,RLBY,RELIABILITY INC,0000034285
1997201,PSIG,PS International Group Ltd.,0001997201
1158780,PLUR,Pluri Inc.,0001158780
1086745,FABC,"Fabric.AI, Inc.",0001086745
1729637,KARX,Karbon-X Corp.,0001729637
1874097,CYN,Cyngn Inc.,0001874097
1861479,TRGXF,Terra Rossa Gold Ltd.,0001861479
1703292,ALGRF,KENADYR METALS CORP,0001703292
1953021,MPU,Mega Matrix Inc,0001953021
1708441,MYND,"Mynd.ai, Inc.",0001708441
1602842,ORIO,Orion Digital Corp.,0001602842
803578,AIFF,"FIREFLY NEUROSCIENCE, INC.",0000803578
1001907,ASTC,ASTROTECH Corp,0001001907
1509646,FENG,Phoenix New Media Ltd,0001509646
1854445,GGRP,"Glimpse Group, Inc.",0001854445
877028,TWOSF,T2 Metals Corp.,0000877028
2024114,TGHL,GrowHub Ltd,0002024114
1852354,ARLSF,ARGO GRAPHENE SOLUTIONS CORP.,0001852354
1333822,LEDS,SemiLEDs Corp,0001333822
1803977,LIMX,Limitless X Holdings Inc.,0001803977
1638911,DUKR,DUKE Robotics Corp.,0001638911
875355,TULP,"BLOOMIA HOLDINGS, INC.",0000875355
926617,AWHL,Aspira Women's Health Inc.,0000926617
66418,MXC,MEXCO ENERGY CORP,0000066418
1844392,MRAI,"Marpai, Inc.",0001844392
2028293,RAIN,"Rain Enhancement Technologies Holdco, Inc.",0002028293
82473,IHT,INNSUITES HOSPITALITY TRUST,0000082473
1820875,CXAI,CXApp Inc.,0001820875
1318482,KDOZF,KIDOZ INC.,0001318482
2029138,SAGT,SAGTEC GLOBAL Ltd,0002029138
878932,EQS,"EQUUS TOTAL RETURN, INC.",0000878932
1940674,SMX,SMX (Security Matters) Public Ltd Co,0001940674
1948443,RAY,Raytech Holding Ltd,0001948443
1668010,DBGI,"Digital Brands Group, Inc.",0001668010
1701756,SDOT,Sadot Group Inc.,0001701756
1826660,WETH,Wetouch Technology Inc.,0001826660
1964946,YAAS,Youxin Technology Ltd,0001964946
1883437,EPSM,Epsium Enterprise Ltd,0001883437
314227,TOMZ,"TOMI Environmental Solutions, Inc.",0000314227
1969401,UZX,Linkage Global Inc,0001969401
1785530,HOWL,"Werewolf Therapeutics, Inc.",0001785530
911216,PTN,PALATIN TECHNOLOGIES INC,0000911216
1851491,AMSS,AMASS BRANDS,0001851491
1346610,SOS,SOS Ltd,0001346610
1841330,KTTA,Pasithea Therapeutics Corp.,0001841330
312257,IVFH,INNOVATIVE FOOD HOLDINGS INC,0000312257
1812447,SKYQ,Sky Quarry Inc.,0001812447
1713923,AIJTY,Jianpu Technology Inc.,0001713923
1725332,ALAR,Alarum Technologies Ltd.,0001725332
1999297,DSY,Big Tree Cloud Holdings Ltd,0001999297
1755237,CYCN,"Cyclerion Therapeutics, Inc.",0001755237
1500620,BGAVF,Bravada Gold Corp,0001500620
1105101,GIGM,GIGAMEDIA Ltd,0001105101
1524769,CHKR,CHESAPEAKE GRANITE WASH TRUST,0001524769
1820025,RDGMF,Ridgeline Minerals Corp,0001820025
1677897,UPYY,UPAY,0001677897
1111741,DYNR,"DYNARESOURCE, INC.",0001111741
1645155,WBSR,Webstar Technology Group Inc.,0001645155
1966678,ZDAI,"DirectBooking Technology Co., Ltd.",0001966678
1965143,NVNI,Nvni Group Ltd,0001965143
1659617,MBRX,"Moleculin Biotech, Inc.",0001659617
1081834,KUBR,Kuber Resources Corp,0001081834
1083743,FLUX,"Flux Power Holdings, Inc.",0001083743
1509705,NZERF,New Zealand Energy Corp.,0001509705
914139,PRKR,PARKERVISION INC,0000914139
1311673,YTFD,"Yale Transaction Finders, Inc.",0001311673
1544227,TPST,"Tempest Therapeutics, Inc.",0001544227
1378590,BLIN,"Bridgeline Digital, Inc.",0001378590
1382574,SCNX,"Scienture Holdings, Inc.",0001382574
1750777,HWKE,"Hawkeye Systems, Inc.",0001750777
1782309,EDTK,Skillful Craftsman Education Technology Ltd,0001782309
908259,OTLC,"Oncotelic Therapeutics, Inc.",0000908259
1122020,PCSV,"PCS Edventures!, Inc.",0001122020
2030617,PMI,"Picard Medical, Inc.",0002030617
1114859,GLOH,"Glow Holdings, Inc.",0001114859
912061,NHTC,NATURAL HEALTH TRENDS CORP,0000912061
1463978,BKUCF,BLUE SKY URANIUM CORP.,0001463978
1892316,LDDD,Longduoduo Co Ltd,0001892316
1307926,STSBF,South Star Battery Metals Corp.,0001307926
93314,VNRX,VOLITIONRX LTD,0000093314
1982012,TLIH,Ten-League International Holdings Ltd,0001982012
1557376,ZEOX,"Zeo ScientifiX, Inc.",0001557376
1879293,MMCP,"Mag Mile Capital, Inc.",0001879293
1427570,HIND,"Vyome Holdings, Inc",0001427570
1837821,ZJYL,Jin Medical International Ltd.,0001837821
1735041,GTEC,Greenland Technologies Holding Corp.,0001735041
1869467,SVRN,OceanPal Inc.,0001869467
1997637,IOTR,iOThree Ltd,0001997637
1992500,LRRIF,Lion Rock Resources Inc.,0001992500
2027360,RCT,RedCloud Holdings plc,0002027360
1502557,KPEA,Kun Peng International Ltd.,0001502557
1106861,CSDX,CS DIAGNOSTICS CORP.,0001106861
1743971,MOGU,MOGU Inc.,0001743971
1999111,MTTAF,Meta Critical Minerals Inc.,0001999111
1505155,UPLD,"Upland Software, Inc.",0001505155
10048,BRN,BARNWELL INDUSTRIES INC,0000010048
1282571,GRNL,GREENLITE VENTURES INC,0001282571
825324,GTIM,Good Times Restaurants Inc.,0000825324
1506251,CTXR,"Citius Pharmaceuticals, Inc.",0001506251
709005,NROM,NOBLE ROMANS INC,0000709005
2053641,ETS,Elite Express Holding Inc.,0002053641
1470683,AEHL,Antelope Enterprise Holdings Ltd,0001470683
1388994,CYDX,"CYduct Diagnostics, Inc.",0001388994
1348362,LEXX,Lexaria Bioscience Corp.,0001348362
1678105,CAHO,Caro Holdings Inc.,0001678105
1282224,DLPN,"Dolphin Entertainment, Inc.",0001282224
1707303,DOGZ,Dogness (International) Corp,0001707303
1295514,MDWK,"MDWerks, Inc.",0001295514
1517496,SLAI,SOLAI Ltd,0001517496
1572386,GWTI,"GREENWAY TECHNOLOGIES, INC. & SUBSIDIARIES",0001572386
1828748,ASFH,ASIAFIN HOLDINGS CORP.,0001828748
1816133,FRECF,Frequency Exchange Corp.,0001816133
1817740,AUST,Austin Gold Corp.,0001817740
1875609,SWVL,Swvl Holdings Corp,0001875609
1603793,NRIS,"Norris Industries, Inc.",0001603793
838875,WVVI,WILLAMETTE VALLEY VINEYARDS INC,0000838875
1787297,PASG,"Passage BIO, Inc.",0001787297
787253,NAII,NATURAL ALTERNATIVES INTERNATIONAL INC,0000787253
1756064,OBAI,"Our Bond, Inc.",0001756064
948708,SMSI,"SMITH MICRO SOFTWARE, INC.",0000948708
1758124,CNTMF,Fluent Corp.,0001758124
1964314,JBDI,JBDI Holdings Ltd,0001964314
1498403,BLRX,BioLineRx Ltd.,0001498403
87050,NEON,Neonode Inc.,0000087050
1753373,MTWO,"M2i Global, Inc.",0001753373
1021917,AWCA,"Awaysis Capital, Inc.",0001021917
1192323,SPST,Superstar Platforms Inc.,0001192323
1858685,BFRI,Biofrontera Inc.,0001858685
1014763,AIMD,"Ainos, Inc.",0001014763
1648960,MYSE,"Myseum.AI, Inc.",0001648960
1951229,RITR,Reitar Logtech Holdings Ltd,0001951229
1898766,TPET,Trio Petroleum Corp,0001898766
1141964,PCMC,PUBLIC CO MANAGEMENT CORP,0001141964
1589061,GYRO,"Gyrodyne, LLC",0001589061
1552670,TAOP,Taoping Inc.,0001552670
1575858,PUBC,Purebase Corp,0001575858
1796514,BTCT,BTC Digital Ltd.,0001796514
1101433,QMCI,QUOTEMEDIA INC,0001101433
1042418,INTI,"Inhibitor Therapeutics, Inc.",0001042418
1424864,RYES,Rise Gold Corp.,0001424864
1809267,DGCOF,Daura Capital Corp.,0001809267
1972529,BTOC,Armlogi Holding Corp.,0001972529
1065823,FNFI,FIRST NILES FINANCIAL INC,0001065823
1771995,APHP,American Picture House Corp,0001771995
1310630,CFOO,China Foods Holdings Ltd.,0001310630
1996192,LSH,Lakeside Holding Ltd,0001996192
1412486,COCP,"Cocrystal Pharma, Inc.",0001412486
1304161,PBSV,"Pharma-Bio Serv, Inc.",0001304161
1371128,NEWH,"NewHydrogen, Inc.",0001371128
1411690,BNGO,"Bionano Genomics, Inc.",0001411690
1757715,ATER,"Aterian, Inc.",0001757715
723533,WYGC,Wenyuan Group Corp.,0000723533
1850269,ULTHF,NordX Metals Corp.,0001850269
1958399,HCAI,"Huachen AI Parking Management Technology Holding Co., Ltd",0001958399
1847064,PSQH,"PSQ Holdings, Inc.",0001847064
1959994,COOT,Australian Oilseeds Holdings Ltd,0001959994
2006986,ADGM,"Adagio Medical Holdings, Inc.",0002006986
1740279,INAB,"IN8BIO, INC.",0001740279
1567264,INTS,"INTENSITY THERAPEUTICS, INC.",0001567264
1009891,AIRI,AIR INDUSTRIES GROUP,0001009891
109657,GTBP,"GT Biopharma, Inc.",0000109657
1916241,PRZO,ParaZero Technologies Ltd.,0001916241
1524326,ENDMF,Enduro Metals Corp.,0001524326
2041829,CHOW,ChowChow Cloud International Holdings Ltd,0002041829
1708341,AIFA,"All In FutureTech Alliance, Inc.",0001708341
1481504,XERI,"XERIANT, INC.",0001481504
1591956,ANY,Sphere 3D Corp.,0001591956
1930419,ALRTF,ALR Technologies SG Ltd.,0001930419
1605481,NGLD,Nevada Canyon Gold Corp.,0001605481
925741,BCDA,"BioCardia, Inc.",0000925741
1321851,SEED,Origin Agritech LTD,0001321851
1840425,OSRH,"OSR Health, Inc.",0001840425
22701,SUNE,"SUNation Energy, Inc.",0000022701
1527728,LNAI,Lunai Bioworks Inc.,0001527728
1718939,IDAI,T Stamp Inc,0001718939
1982960,KNRX,KNOREX LTD.,0001982960
1930510,VCIG,VCI Global Ltd,0001930510
1722731,FDCTD,"FDCTECH, INC.",0001722731
1799290,EBON,Ebang International Holdings Inc.,0001799290
1450894,IAALF,IBC Advanced Alloys Corp.,0001450894
1989815,TRGEF,Targa Exploration Corp.,0001989815
1829247,BFRG,"BullFrog AI Holdings, Inc.",0001829247
1066130,LINMF,Linear Minerals Corp,0001066130
1981519,MMA,MIXED MARTIAL ARTS GROUP LTD,0001981519
1584831,OXBR,OXBRIDGE RE HOLDINGS Ltd,0001584831
7623,ARTW,ARTS WAY MANUFACTURING CO INC,0000007623
1403870,GARWF,Golden Arrow Resources Corp,0001403870
31667,EDUC,EDUCATIONAL DEVELOPMENT CORP,0000031667
1778982,HUIZ,Huize Holding Ltd,0001778982
1432588,BHSIF,BAYHORSE SILVER INC.,0001432588
1584371,ICCM,IceCure Medical Ltd.,0001584371
1140215,REED,"REED'S, INC.",0001140215
1096275,WKSP,Worksport Ltd,0001096275
1715272,GRAPF,First Canadian Graphite Inc.,0001715272
1096938,UEEC,"United Health Products, Inc.",0001096938
1882781,CBLO,"C2 Blockchain, Inc.",0001882781
1836747,TRUFF,Red Light Holland Corp.,0001836747
102109,UUU,"UNIVERSAL SAFETY PRODUCTS, INC.",0000102109
1420049,COPAF,COPAUR MINERALS INC.,0001420049
1836503,CEXYF,GIANT MINING CORP.,0001836503
1777319,CISO,"CISO Global, Inc.",0001777319
1342916,HNOI,"HNO International, Inc.",0001342916
1160420,ADIA,"Adia Nutrition, Inc.",0001160420
2044241,THH,TryHard Holdings Ltd,0002044241
1901931,KLGDF,Kalo Gold Corp.,0001901931
1684425,PETZ,"TDH Holdings, Inc.",0001684425
2020027,CLIK,Click Holdings Ltd.,0002020027
1873093,GDTC,CytoMed Therapeutics Ltd,0001873093
1895618,GXAI,GAXOS.AI INC.,0001895618
1026662,CLWT,EURO TECH HOLDINGS CO LTD,0001026662
1580149,BIVI,BIOVIE INC.,0001580149
1534133,CALC,"CalciMedica, Inc.",0001534133
1804469,GFAI,"Guardforce AI Co., Ltd.",0001804469
1791725,HUDI,"Huadi International Group Co., Ltd.",0001791725
1068897,FXBY,FOXBY CORP.,0001068897
1481857,ORESF,Orestone Mining Corp.,0001481857
1816815,BON,Bon Natural Life Ltd,0001816815
1707910,REBN,"Reborn Coffee, Inc.",0001707910
1533040,PHIO,Phio Pharmaceuticals Corp.,0001533040
1282980,DROR,"Dror Ortho-Design, Inc.",0001282980
1983550,TDTH,Trident Digital Tech Holdings Ltd,0001983550
847942,STQN,STRATEGIC ACQUISITIONS INC /NV/,0000847942
1933951,INEO,INNEOVA Holdings Ltd,0001933951
1894525,APUS,"Apimeds Pharmaceuticals US, Inc.",0001894525
1991261,SKK,SKK Holdings Ltd,0001991261
1699709,VNOV,VitaNova Life Sciences Corp,0001699709
1912582,AIEV,"Thunder Power Holdings, Inc.",0001912582
890394,PRSO,Peraso Inc.,0000890394
1914805,BANL,CBL International Ltd,0001914805
2020737,CABR,"Caring Brands, Inc.",0002020737
1534248,CMMB,Chemomab Therapeutics Ltd.,0001534248
1995704,CUPR,Cuprina Holdings (Cayman) LTD,0001995704
1840317,VEEA,VEEA INC.,0001840317
1683274,RYOOF,Rio Silver Inc.,0001683274
1858994,RSMXF,Regency Silver Corp.,0001858994
1698530,XCUR,"EXICURE, INC.",0001698530
1372514,KPRX,KIORA PHARMACEUTICALS INC,0001372514
1808220,GOCOQ,"GoHealth, Inc.",0001808220
1967631,NAMI,Jinxin Technology Holding Co,0001967631
1487798,ECTM,ECA Marcellus Trust I,0001487798
1967397,LZMH,LZ Technology Holdings Ltd,0001967397
1498067,CTGL,SKYTECH ORION GLOBAL CORP.,0001498067
1339005,FEMY,FEMASYS INC,0001339005
1137883,BCLI,BRAINSTORM CELL THERAPEUTICS INC.,0001137883
875729,BNET,BION ENVIRONMENTAL TECHNOLOGIES INC,0000875729
2013320,ELOG,Eastern International Ltd.,0002013320
894158,TOVX,"Theriva Biologics, Inc.",0000894158
1743905,RVSN,Rail Vision Ltd.,0001743905
1130598,TRAW,"Traws Pharma, Inc.",0001130598
1985062,PBM,PSYENCE BIOMEDICAL LTD.,0001985062
1179821,BGI,BIRKS GROUP INC.,0001179821
1872964,MTEK,Maris Tech Ltd.,0001872964
1578348,ICMB,"Investcorp Credit Management BDC, Inc.",0001578348
1877971,POM,POMDOCTOR Ltd,0001877971
1070050,APCX,AppTech Payments Corp.,0001070050
1807689,FCCI,"FAST CASUAL CONCEPTS, INC.",0001807689
1329606,CETY,"Clean Energy Technologies, Inc.",0001329606
1863990,MSAI,"MultiSensor AI Holdings, Inc.",0001863990
1760903,BNKK,"BONK, INC.",0001760903
764630,AETN,"AETERNUM HEALTH, INC.",0000764630
1138476,PFHO,PACIFIC HEALTH CARE ORGANIZATION INC,0001138476
1704476,VIZND,VISIONARY METALS CORP.,0001704476
1709628,CSAI,"CLOUDASTRUCTURE, INC.",0001709628
1493137,LCTC,"Lifeloc Technologies, Inc",0001493137
1866460,MILIF,Military Metals Corp.,0001866460
1585608,JAGX,"Jaguar Health, Inc.",0001585608
1018735,NYMXF,NYMOX PHARMACEUTICAL CORP,0001018735
1926792,SFHG,SAMFINE CREATION HOLDINGS GROUP Ltd,0001926792
1701963,VS,Versus Systems Inc.,0001701963
1649009,CHAI,"Core AI Holdings, Inc.",0001649009
1495730,GMVMF,GMV Minerals Inc.,0001495730
1584547,GP,GREENPOWER MOTOR Co INC.,0001584547
1061069,AWX,AVALON HOLDINGS CORP,0001061069
1494413,TWOH,Two Hands Corp,0001494413
1978527,GVH,Globavend Holdings Ltd,0001978527
1427728,YNVYF,YNVISIBLE INTERACTIVE INC.,0001427728
1660046,IMRN,Immuron Ltd,0001660046
1651932,XITO,"Xenous Holdings, Inc.",0001651932
2058584,DKI,DarkIris Inc.,0002058584
2007702,HKPD,"Cellyan Biotechnology Co., Ltd",0002007702
1803407,OST,"Ostin Technology Group Co., Ltd.",0001803407
720762,NIMU,NON INVASIVE MONITORING SYSTEMS INC /FL/,0000720762
1269026,SINT,"Sintx Technologies, Inc.",0001269026
1411685,VTGN,"Vistagen Therapeutics, Inc.",0001411685
1414382,CLEV,Concrete Leveling Systems Inc,0001414382
2027262,FTRK,Fast Track Group,0002027262
2082729,CBAI,Coolbit Technologies Ltd,0002082729
2004489,BMGL,Basel Medical Group Ltd,0002004489
62362,MARPS,MARINE PETROLEUM TRUST,0000062362
1677084,GPMTF,GPM Metals Inc.,0001677084
1889791,INNPF,INNOCAN PHARMA Corp,0001889791
1108205,CRIS,CURIS INC,0001108205
1817083,ELECF,Electric Royalties Ltd.,0001817083
1415744,NMEX,NORTHERN MINERALS & EXPLORATION LTD.,0001415744
1836242,TKLF,"Tokyo Lifestyle Co., Ltd.",0001836242
19871,CVR,CHICAGO RIVET & MACHINE CO,0000019871
845819,KTEL,"KonaTel, Inc.",0000845819
1621832,AQMS,"Aqua Metals, Inc.",0001621832
1565146,GULTU,Gulf Coast Ultra Deep Royalty Trust,0001565146
1616262,RMCF,"Rocky Mountain Chocolate Factory, Inc.",0001616262
1638287,MTVA,MetaVia Inc.,0001638287
1864943,FGI,FGI Industries Ltd.,0001864943
1692415,CODX,"Co-Diagnostics, Inc.",0001692415
1083220,XELB,"XCel Brands, Inc.",0001083220
1527352,NXL,"Nexalin Technology, Inc.",0001527352
1414953,MOJO,EQUATOR Beverage Co,0001414953
1966750,ZBAO,Zhibao Technology Inc.,0001966750
2019435,BGL,Blue Gold Ltd,0002019435
1371782,MVO,MV Oil Trust,0001371782
2034400,BTTC,Black Titan Corp,0002034400
1085921,MMTIF,MICROMEM TECHNOLOGIES INC,0001085921
1848782,PLCKF,Plurilock Security Inc.,0001848782
1376793,CVAT,"Cavitation Technologies, Inc.",0001376793
885307,JCTC,JEWETT CAMERON TRADING CO LTD,0000885307
1932072,LOBO,LOBO TECHNOLOGIES LTD.,0001932072
1922335,SYRA,Syra Health Corp,0001922335
1781983,APRE,"Aprea Therapeutics, Inc.",0001781983
1056358,MTEX,MANNATECH INC,0001056358
1006028,PURE,"PURE BIOSCIENCE, INC.",0001006028
1815566,IFBD,"Infobird Co., Ltd",0001815566
744825,AMS,AMERICAN SHARED HOSPITAL SERVICES,0000744825
1787518,DFNS,T3 Defense Inc.,0001787518
1190370,IVDN,INNOVATIVE DESIGNS INC,0001190370
1977971,ALTUF,Altura Energy Corp.,0001977971
1897245,HWH,HWH International Inc.,0001897245
1443863,BICX,BioCorRx Inc.,0001443863
1619096,SNTW,Summit Networks Inc.,0001619096
1738177,CMBMF,Cambium Networks Corp,0001738177
1807893,SPFX,"STANDARD PREMIUM FINANCE HOLDINGS, INC.",0001807893
1792941,GNVR,Genvor Inc,0001792941
1061612,JPOTF,Jackpot Digital Inc.,0001061612
1957001,FEBO,Fenbo Holdings Ltd,0001957001
1022505,SDCH,"SideChannel, Inc.",0001022505
1592560,VSA,VisionSys AI Inc,0001592560
1505497,BRTX,"BioRestorative Therapies, Inc.",0001505497
1859199,AIRE,reAlpha Tech Corp.,0001859199
1852440,JZ,Jianzhi Education Technology Group Co Ltd,0001852440
1689448,LILIF,Argentina Lithium & Energy Corp.,0001689448
1870600,SBDS,"Solo Brands, Inc.",0001870600
1680139,HLYK,HealthLynked Corp,0001680139
1171838,SUND,"Sundance Strategies, Inc.",0001171838
1888525,UBXG,U-BX Technology Ltd.,0001888525
1889352,CMHSF,COMPREHENSIVE HEALTHCARE SYSTEMS INC. (CANADA),0001889352
1941029,ADVB,Advanced Biomed Inc.,0001941029
1104038,VRME,"VerifyMe, Inc.",0001104038
1468492,HSCS,HeartSciences Inc.,0001468492
1923780,NCL,Northann Corp.,0001923780
1610590,MBAI,Check-Cap Ltd,0001610590
1671502,QNRX,"Quoin Pharmaceuticals, Ltd.",0001671502
1754180,VNTXF,FORTE GROUP HOLDINGS INC.,0001754180
1853599,CCOOF,CORE SILVER CORP.,0001853599
1728328,INM,InMed Pharmaceuticals Inc.,0001728328
1819794,HTOO,Fusion Fuel Green PLC,0001819794
1979610,WXM,WF International Ltd.,0001979610
749647,IMNN,"Imunon, Inc.",0000749647
1487091,QWTR,"Quest Water Global, Inc.",0001487091
1628935,APMCF,MORIEN RESOURCES CORP.,0001628935
1875016,YMAT,"J-Star Holding Co., Ltd.",0001875016
1392694,SURG,"SurgePays, Inc.",0001392694
1679628,JUNS,"JUPITER NEUROSCIENCES, INC.",0001679628
1911545,GITS,"Global Interactive Technologies, Inc.",0001911545
1527599,SYBX,"SYNLOGIC, INC.",0001527599
2009233,AGRZ,Agroz Inc.,0002009233
1836875,NVVE,Nuvve Holding Corp.,0001836875
2013792,EWSB,"EWSB Bancorp, Inc. /MD/",0002013792
1712294,CPIVF,CAPTIVA VERDE WELLNESS CORP.,0001712294
1938534,FBGL,FBS Global Ltd,0001938534
1808377,LUCY,Innovative Eyewear Inc,0001808377
2004024,LHSW,Lianhe Sowell International Group Ltd,0002004024
1837607,AEON,"AEON Biopharma, Inc.",0001837607
908311,CMCT,Creative Media & Community Trust Corp,0000908311
1419793,OCLN,"ORIGINCLEAR, INC.",0001419793
1342325,CGDCF,Carlin Gold Corp,0001342325
1829635,RNAZ,"Transcode Therapeutics, Inc.",0001829635
87802,SCND,SCIENTIFIC INDUSTRIES INC,0000087802
1674440,YYAI,AIRWA INC.,0001674440
1713539,KXIN,Kaixin Holdings,0001713539
1042187,YHGJ,YUNHONG GREEN CTI LTD.,0001042187
1391426,CLNV,Clean Vision Corp,0001391426
1549631,QURT,"Quarta-Rad, Inc.",0001549631
923601,RIME,"Algorhythm Holdings, Inc.",0000923601
2110423,DTSS,Datasea Intelligent Technology Ltd.,0002110423
1930179,ARBB,ARB IOT Group Ltd,0001930179
1944902,OMH,Ohmyhome Ltd,0001944902
2000756,KWM,K Wave Media Ltd.,0002000756
1707919,CENN,Cenntro Inc.,0001707919
1970544,ITOC,iTonic Holdings Ltd,0001970544
1908705,GLE,Global Engine Group Holding Ltd,0001908705
1993599,EUEMF,European Energy Metals Corp.,0001993599
1410428,XWEL,"XWELL, Inc.",0001410428
1814963,ILAG,Intelligent Living Application Group Inc.,0001814963
1419951,DTST,Data Storage Corp,0001419951
1847345,ASBP,"Aspire Biopharma Holdings, Inc.",0001847345
1853070,SOAR,"Volato Group, Inc.",0001853070
1967822,CGTL,Creative Global Technology Holdings Ltd,0001967822
1949864,MGNC,Mag Magna Corp,0001949864
1905660,HUBC,Hub Cyber Security Ltd.,0001905660
1425061,ZCRMF,ZINCORE METALS INC,0001425061
1821424,UK,Ucommune International Ltd,0001821424
1477201,BCUFF,Bell Copper Corp,0001477201
1829809,BBBMF,Lux Metals Corp.,0001829809
1641281,BOLT,"Bolt Biotherapeutics, Inc.",0001641281
1819704,MRM,Medirom Healthcare Technologies Inc.,0001819704
925779,HIRU,HIRU Corp,0000925779
2056751,UUUFF,Recharge Resources Ltd.,0002056751
1937453,NIOMF,First American Uranium Inc.,0001937453
1905920,GLXG,Galaxy Payroll Group Ltd,0001905920
2025218,DLXY,Delixy Holdings Ltd,0002025218
1962011,KAPA,"Kairos Pharma, LTD.",0001962011
1023994,OLOX,OLENOX INDUSTRIES INC.,0001023994
32621,MSN,EMERSON RADIO CORP,0000032621
1304409,AHNRF,ATHENA GOLD CORP,0001304409
1745078,VYND,"Vynleads, Inc.",0001745078
1133519,MCUJF,MEDICURE INC,0001133519
1835615,MHUAF,"Meihua International Medical Technologies Co., Ltd.",0001835615
1580490,IONI,I-ON Digital Corp.,0001580490
1648636,TRLEF,Trillion Energy International Inc.,0001648636
2030763,WGRX,"Wellgistics Health, Inc.",0002030763
1520556,AITTF,TRENCHANT TECHNOLOGIES CAPITAL CORP.,0001520556
1905956,TGL,TREASURE GLOBAL INC,0001905956
946644,AIM,AIM ImmunoTech Inc.,0000946644
1157075,PMCB,"PharmaCyte Biotech, Inc.",0001157075
1593184,BRGX,"BIOREGENX, INC.",0001593184
1680378,SNES,"SenesTech, Inc.",0001680378
1661053,NVNO,enVVeno Medical Corp,0001661053
1574232,ADXN,Addex Therapeutics Ltd.,0001574232
1781446,GAUZ,Gauzy Ltd.,0001781446
1854526,BRQL,DYNAMIC AEROSPACE SYSTEMS Corp,0001854526
1948099,MTEN,Mingteng International Corp Inc.,0001948099
1936817,HXHX,Haoxin Holdings Ltd,0001936817
1742927,RVPH,"REVIVA PHARMACEUTICALS HOLDINGS, INC.",0001742927
1718224,BTBD,"BT Brands, Inc.",0001718224
1694617,ROYL,"Royale Energy, Inc.",0001694617
1568969,LOTT,Techlott Inc.,0001568969
1937993,CVKD,"Cadrenal Therapeutics, Inc.",0001937993
1828673,HCWB,HCW Biologics Inc.,0001828673
1701261,FAMI,"Farmmi, Inc.",0001701261
748592,ERNA,Ernexa Therapeutics Inc.,0000748592
1095435,ALP,Alpha Compute Corp,0001095435
1536811,THURF,Thunderstruck Resources Ltd.,0001536811
1757207,VSBGF,VSBLTY GROUPE TECHNOLOGIES CORP.,0001757207
1866146,IMIMF,Interra Copper Corp.,0001866146
1372114,KLYG,"Kelyniam Global, Inc.",0001372114
1729427,CNSP,"CNS Pharmaceuticals, Inc.",0001729427
2075349,SERPY,Top End Energy Ltd/ADR,0002075349
1644903,YCBD,"cbdMD, Inc.",0001644903
1536196,CANF,Can-Fite BioPharma Ltd.,0001536196
888721,TRIB,TRINITY BIOTECH PLC,0000888721
1736243,ACXP,"Acurx Pharmaceuticals, Inc.",0001736243
66496,MMTRS,MILLS MUSIC TRUST,0000066496
1554818,AUUD,AUDDIA INC.,0001554818
1976443,SYNX,Silynxcom Ltd.,0001976443
1926293,GCDT,Green Circle Decarbonize Technology Ltd,0001926293
1716770,WAFU,Wah Fu Education Group Ltd,0001716770
1905511,JCSE,JE Cleantech Holdings Ltd,0001905511
1534525,XBIO,"Xenetic Biosciences, Inc.",0001534525
1681682,NDRA,ENDRA Life Sciences Inc.,0001681682
1530746,KAYS,"Kaya Holdings, Inc.",0001530746
1103833,CRWE,"Crown Equity Holdings, Inc.",0001103833
1544883,WLFFF,Wolfden Resources Corp,0001544883
1631487,CLGN,CollPlant Biotechnologies Ltd,0001631487
862022,HGTXU,HUGOTON ROYALTY TRUST,0000862022
1139685,AIDX,"20/20 Biolabs, Inc.",0001139685
1128281,SKAS,"Saker Aviation Services, Inc.",0001128281
1023549,XTLB,XTL BIOPHARMACEUTICALS LTD,0001023549
1759614,YJ,Yunji Inc.,0001759614
1734005,APM,Aptorum Group Ltd,0001734005
1356371,AMLM,"AMERICAN LITHIUM MINERALS, INC.",0001356371
1913749,GMM,Global Mofy AI Ltd,0001913749
1635077,ACON,"Aclarion, Inc.",0001635077
835662,AIXN,"AiXin Life International, Inc.",0000835662
2024876,EDHL,Everbright Digital Holding Ltd.,0002024876
1527702,IQST,iQSTEL Inc,0001527702
1826892,BCAB,"BioAtla, Inc.",0001826892
1546296,IPDN,"Professional Diversity Network, Inc.",0001546296
1652561,DQWS,DSwiss Inc,0001652561
1178697,SONM,"DNA X, Inc.",0001178697
2024899,MFBI,"Monroe Federal Bancorp, Inc.",0002024899
2002236,SPHL,SPRINGVIEW HOLDINGS LTD,0002002236
1770236,MITQ,MOVING iMAGE TECHNOLOGIES INC.,0001770236
1494558,AMBO,Ambow Education Holding Ltd.,0001494558
1861622,JTAI,Jet.AI Inc.,0001861622
1406944,TRBMF,TORQ RESOURCES INC.,0001406944
2003977,CRE,Cre8 Enterprise Ltd,0002003977
856984,USAQ,"QHSLab, Inc.",0000856984
1849820,KITT,"Nauticus Robotics, Inc.",0001849820
1807166,AMST,Amesite Inc.,0001807166
1938046,MGRX,"MANGOCEUTICALS, INC.",0001938046
1413891,HWNI,"HIGH WIRE NETWORKS, INC.",0001413891
1868866,HAMRF,SILVER HAMMER MINING CORP,0001868866
1998560,MIMI,Mint Inc Ltd,0001998560
1807389,CPOP,"Pop Culture Group Co., Ltd",0001807389
1533743,PCSA,"Processa Pharmaceuticals, Inc.",0001533743
1941500,MWG,Multi Ways Holdings Ltd,0001941500
2020228,MSGY,Masonglory Ltd,0002020228
921968,HVGDF,HARVEST GOLD CORP,0000921968
1398713,URZEF,URZ3 ENERGY CORP.,0001398713
1627282,CWD,CaliberCos Inc.,0001627282
1840102,SPTY,"SPECIFICITY, INC.",0001840102
845385,PIAC,PRINCETON CAPITAL CORP,0000845385
1815021,BQ,Boqii Holding Ltd,0001815021
1971387,LIMN,"Liminatus Pharma, Inc.",0001971387
1881472,MEGL,Magic Empire Global Ltd,0001881472
1119190,RWAX,"TAP REAL ESTATE TECHNOLOGIES, INC.",0001119190
2025942,CURX,Curanex Pharmaceuticals Inc,0002025942
1588084,TANH,TANTECH HOLDINGS LTD,0001588084
1868419,CYCU,"Cycurion, Inc.",0001868419
1622345,POLA,"Polar Power, Inc.",0001622345
1415332,LTUM,Lithium Corp,0001415332
1099369,DSNY,DESTINY MEDIA TECHNOLOGIES INC,0001099369
1879754,EHGO,EShallGo Inc.,0001879754
1513525,ADIL,"ADIAL PHARMACEUTICALS, INC.",0001513525
1309082,CEIN,"CAMBER ENERGY, INC.",0001309082
1641398,GDC,GD Culture Group Ltd,0001641398
313364,MTR,MESA ROYALTY TRUST/TX,0000313364
1138586,XCRT,"Xcelerate, Inc.",0001138586
1938186,JYD,Jayud Global Logistics Ltd,0001938186
1367083,SNOA,"Sonoma Pharmaceuticals, Inc.",0001367083
1123596,BABB,"BAB, INC.",0001123596
1826011,BNZI,"Banzai International, Inc.",0001826011
1574235,PULM,"Pulmatrix, Inc.",0001574235
1279620,ZDPY,"Zoned Properties, Inc.",0001279620
1979407,ORKT,ORANGEKLOUD TECHNOLOGY INC.,0001979407
1574565,EVGN,Evogene Ltd.,0001574565
1493712,STME,Stimcell Energetics Inc.,0001493712
1810467,SNTG,Sentage Holdings Inc.,0001810467
1514183,SILO,"Silo Pharma, Inc.",0001514183
1187953,CELZ,"CREATIVE MEDICAL TECHNOLOGY HOLDINGS, INC.",0001187953
771999,DSS,"DSS, INC.",0000771999
1716166,VVOS,"Vivos Therapeutics, Inc.",0001716166
2048847,FCHDF,Fairchild Gold Corp.,0002048847
1916416,INTJ,Intelligent Group Ltd,0001916416
1375348,GLNS,Golden Star Resource Corp.,0001375348
1920092,GELS,Gelteq Ltd,0001920092
1896752,SABOF,Sabio Holdings Inc.,0001896752
1363598,NTRX,"Entrex Carbon Market, Inc.",0001363598
1993097,MASK,3 E Network Technology Group Ltd,0001993097
885462,GURE,"GULF RESOURCES, INC.",0000885462
1779476,KRKR,36Kr Holdings Inc.,0001779476
1671584,APVO,Aptevo Therapeutics Inc.,0001671584
1840416,SSM,Sono Group N.V.,0001840416
1725430,INBS,INTELLIGENT BIO SOLUTIONS INC.,0001725430
1703625,BLIS,"NAPC Defense, Inc.",0001703625
832489,GOVX,"GeoVax Labs, Inc.",0000832489
1588014,ADMQ,"ADM ENDEAVORS, INC.",0001588014
1875547,LCFY,Locafy Ltd,0001875547
29332,DXYN,DIXIE GROUP INC,0000029332
1161814,KIQSF,KELSO TECHNOLOGIES INC,0001161814
1355736,AVCRF,Avricore Health Inc.,0001355736
1889823,DFSC,DEFSEC Technologies Inc.,0001889823
1376231,VPRB,"VPR Brands, LP.",0001376231
1083490,SRRE,SUNRISE REAL ESTATE GROUP INC,0001083490
1688126,CRCW,Crypto Co,0001688126
1731854,FASLF,First Andes Silver Ltd.,0001731854
2032341,CYAB,"CYABRA, INC.",0002032341
812796,SNGX,"SOLIGENIX, INC.",0000812796
1983324,RMSG,Real Messenger Corp,0001983324
1709626,NCNA,NuCana plc,0001709626
1019034,BKYI,BIO KEY INTERNATIONAL INC,0001019034
1927578,NTCL,NetClass Technology Inc,0001927578
1870144,CDIO,"Cardio Diagnostics Holdings, Inc.",0001870144
1951667,CTNT,CHEETAH NET SUPPLY CHAIN SERVICE INC.,0001951667
2041338,TDIC,Dreamland Ltd,0002041338
1595248,GNPX,"Genprex, Inc.",0001595248
1959023,RENX,RenX Enterprises Corp.,0001959023
1853816,DRMA,"Dermata Therapeutics, Inc.",0001853816
1793895,CDTG,CDT Environmental Technology Investment Holdings Ltd,0001793895
1327899,AAMTF,Armada Mercantile Ltd,0001327899
890821,ENVB,"Enveric Biosciences, Inc.",0000890821
1769768,EJH,E-Home Household Service Holdings Ltd,0001769768
1741489,ELVG,"Elvictor Group, Inc.",0001741489
1919191,ITHR,"Intelithrive, Inc.",0001919191
1927026,OBULF,One Bullion Ltd,0001927026
1937737,MLEC,Moolec Science SA,0001937737
1352952,CNFN,CFN Enterprises Inc.,0001352952
1088413,GLGI,"GREYSTONE LOGISTICS, INC.",0001088413
1840563,ELAB,PMGC Holdings Inc.,0001840563
1849221,PMNT,Perfect Moment Ltd.,0001849221
1413745,YDKG,Yueda Digital Holding,0001413745
1314196,OLB,"OLB GROUP, INC.",0001314196
1680048,MBIO,"MUSTANG BIO, INC.",0001680048
1107421,TCRT,"Alaunos Therapeutics, Inc.",0001107421
1813419,NBLXF,Noble Plains Uranium Corp.,0001813419
73290,BMRA,BIOMERICA INC,0000073290
1016504,INBP,INTEGRATED BIOPHARMA INC,0001016504
1388295,ONEI,OneMeta Inc.,0001388295
1948864,HCWC,HEALTHY CHOICE WELLNESS CORP.,0001948864
1481443,TCRI,"TechCom, Inc.",0001481443
1594968,VEST,Loan Artificial Intelligence Corp.,0001594968
1888014,AKAN,AKANDA CORP.,0001888014
1288614,KRTL,KRTL Holding Group Inc,0001288614
1979484,ABVEF,Above Food Ingredients Inc.,0001979484
1981662,NIVF,NewGenIvf Group Ltd,0001981662
1130166,BGMS,"Bio Green Med Solution, Inc.",0001130166
1958133,DXST,Decent Holding Inc.,0001958133
1990251,WCT,Wellchange Holdings Co Ltd,0001990251
1364252,LTHIF,InZinc Mining Ltd.,0001364252
1929783,WOK,WORK Medical Technology Group LTD,0001929783
1884164,KWIK,"KwikClick, Inc.",0001884164
1780785,CNEY,CN ENERGY GROUP. INC.,0001780785
1935092,CETI,"Cyber Enviro-Tech, Inc.",0001935092
2024656,FMFC,Kandal M Venture Ltd,0002024656
1415758,NVSGF,Nevada Sunrise Metals Corp.,0001415758
1603978,AQB,AQUABOUNTY TECHNOLOGIES INC,0001603978
1790169,ZSTK,ZeroStack Corp.,0001790169
1492617,FWFW,"FLYWHEEL ADVANCED TECHNOLOGY, INC.",0001492617
1122993,BMXI,BROOKMOUNT EXPLORATIONS INC,0001122993
318299,SRCO,"SPARTA COMMERCIAL SERVICES, INC.",0000318299
1621672,SLE,"Super League Enterprise, Inc.",0001621672
1607807,NVGLF,NV Gold Corp,0001607807
1937441,AMBIQ,Ambipar Emergency Response,0001937441
793628,CHNR,CHINA NATURAL RESOURCES INC,0000793628
1864531,VSEE,"VSEE HEALTH, INC.",0001864531
1035422,CTTH,"CTT PHARMACEUTICAL HOLDINGS, INC.",0001035422
1787803,WNW,Meiwu Technology Co Ltd,0001787803
1794942,SKFG,"Stark Focus Group, Inc.",0001794942
1613979,ZPHYF,ZEPHYR MINERALS LTD.,0001613979
1435064,CETX,CEMTREX INC,0001435064
1934245,NWTG,"Newton Golf Company, Inc.",0001934245
836564,CPMV,Mosaic ImmunoEngineering Inc.,0000836564
1199392,EGMCF,EMERGENT METALS CORP.,0001199392
1677077,ALZN,"Alzamend Neuro, Inc.",0001677077
1805594,JWEL,Jowell Global Ltd.,0001805594
1866034,AWLIF,Ameriwest Critical Metals Inc.,0001866034
1673475,GPOX,"GPO Plus, Inc.",0001673475
1588837,LMRMF,Lomiko Metals Inc.,0001588837
1553846,RDHL,RedHill Biopharma Ltd.,0001553846
2099727,INEOF,INEO Tech Corp.,0002099727
1178526,VERTF,Vertiqal Studios Corp.,0001178526
1896425,LBGJ,Li Bang International Corp Inc.,0001896425
1958777,FBLG,"FibroBiologics, Inc.",0001958777
1515139,WAST,WASTE ENERGY CORP.,0001515139
1393772,BUDZ,"WEED, INC.",0001393772
2079272,LABT,Lakewood-Amedex Biotherapeutics Inc.,0002079272
1031093,SVBL,"SILVER BULL RESOURCES, INC.",0001031093
1736289,ROIUF,Route1 Inc.,0001736289
1121795,GHST,GHST World Inc.,0001121795
1712762,BIAF,"bioAffinity Technologies, Inc.",0001712762
814926,CAPC,"CAPSTONE COMPANIES, INC.",0000814926
944075,SCKT,"SOCKET MOBILE, INC.",0000944075
1716947,ENSC,"Ensysce Biosciences, Inc.",0001716947
1468929,NXGL,"NEXGEL, INC.",0001468929
721693,CREG,Smart Powerr Corp.,0000721693
746210,TWAV,"TaoWeave, Inc.",0000746210
1751876,PAVS,Paranovus Entertainment Technology Ltd.,0001751876
1817760,SMTK,"SmartKem, Inc.",0001817760
1510964,CVSI,"CV Sciences, Inc.",0001510964
1894693,SVRE,SaverOne 2014 Ltd.,0001894693
1938865,WAI,Top KingWin Ltd,0001938865
882361,APTOF,Aptose Biosciences Inc.,0000882361
1448705,BASA,"BASANITE, INC.",0001448705
1948294,NWGL,CL Workshop Group Ltd,0001948294
1810560,REVB,"REVELATION BIOSCIENCES, INC.",0001810560
1412126,RMSL,RemSleep Holdings Inc.,0001412126
1781397,EEIQ,EpicQuest Education Group International Ltd,0001781397
1892322,HTCR,"HeartCore Enterprises, Inc.",0001892322
1763660,SEAV,SEATech Ventures Corp.,0001763660
1880343,AMZE,"AMAZE HOLDINGS, INC.",0001880343
2024258,POAS,PHAOS TECHNOLOGY HOLDINGS (CAYMAN) Ltd,0002024258
1004724,RHEP,"REGIONAL HEALTH PROPERTIES, INC",0001004724
1402328,SBFM,Sunshine Biopharma Inc.,0001402328
1296484,TOPS,TOP SHIPS INC.,0001296484
1349706,TOGI,"TurnOnGreen, Inc.",0001349706
1959726,AZI,Autozi Internet Technology (Global) Ltd.,0001959726
79661,PRSI,PORTSMOUTH SQUARE INC,0000079661
1557798,CIIT,"Tianci International, Inc.",0001557798
1946703,WBUY,WEBUY GLOBAL LTD,0001946703
2032545,CJMB,CALLAN JMB INC.,0002032545
1951294,VSME,VS MEDIA Holdings Ltd,0001951294
1650101,ATXG,ADDENTAX GROUP CORP.,0001650101
1641631,XAIR,"Beyond Air, Inc.",0001641631
1964979,ALUR,"ALLURION TECHNOLOGIES, INC.",0001964979
1894954,XPON,Expion360 Inc.,0001894954
1789299,FXHO,UTime Ltd,0001789299
1026785,HIHO,HIGHWAY HOLDINGS LTD,0001026785
1995075,MGN,Megan Holdings Ltd.,0001995075
1789192,NXTS,Nexentis Technologies Inc.,0001789192
1962738,CASIF,"CASI Pharmaceuticals, Inc.",0001962738
1080448,PGOL,PATRIOT GOLD CORP,0001080448
887151,CAPS,Capstone Holding Corp.,0000887151
1985337,YYGH,YY Group Holding Ltd.,0001985337
1595353,GLMD,Galmed Pharmaceuticals Ltd.,0001595353
1946563,SXTP,"60 DEGREES PHARMACEUTICALS, INC.",0001946563
2018222,JEM,707 Cayman Holdings Ltd.,0002018222
1168981,LVRLF,CordovaCann Corp.,0001168981
1976695,MNDR,Mobile-health Network Solutions,0001976695
1439264,MVNC,Marvion Inc.,0001439264
1550913,MKZR,"MacKenzie Realty Capital, Inc.",0001550913
1801834,PRFX,PRF Technologies Ltd.,0001801834
1811999,FMHS,"FARMHOUSE, INC. /NV",0001811999
1284237,ABCFF,ABACUS MINING & EXPLORATION CORP,0001284237
1737523,BGLC,BioNexus Gene Lab Corp,0001737523
1811216,BAOS,Baosheng Media Group Holdings Ltd,0001811216
1279715,IWSH,"Wright Investors Service Holdings, Inc.",0001279715
1517681,PPCB,"Propanc Biopharma, Inc.",0001517681
1621221,ARTL,"ARTELO BIOSCIENCES, INC.",0001621221
1854480,DEVSF,DevvStream Corp.,0001854480
1605331,AERA,AI Era Corp.,0001605331
1376321,CNET,ZW Data Action Technologies Inc.,0001376321
1729214,XRTX,XORTX Therapeutics Inc.,0001729214
1839285,HCTI,"Healthcare Triangle, Inc.",0001839285
1650575,BRQSF,"Borqs Technologies, Inc.",0001650575
1726711,ADTX,"Aditxt, Inc.",0001726711
1991605,YMT,Yimutian Inc.,0001991605
1414767,NCPL,Netcapital Inc.,0001414767
1558569,ISPC,iSpecimen Inc.,0001558569
105744,GBR,"New Concept Energy, Inc.",0000105744
1696025,KCRD,"Kindcard, Inc.",0001696025
2036307,OFAL,OFA Group,0002036307
1630113,BTCY,BIOTRICITY INC.,0001630113
1864055,ABTS,Abits Group Inc,0001864055
1560293,TNON,"Tenon Medical, Inc.",0001560293
1695295,HYFM,"HYDROFARM HOLDINGS GROUP, INC.",0001695295
1738758,CHR,"Cheer Holding, Inc.",0001738758
1995574,ICON,Icon Energy Corp,0001995574
2039060,RBNE,Robin Energy Ltd.,0002039060
1532619,PW,Power REIT,0001532619
1931717,CCTG,CCSC Technology International Holdings Ltd,0001931717
1826376,GSUN,Golden Sun Technology Group Ltd.,0001826376
730349,TOFB,TOFUTTI BRANDS INC,0000730349
1960262,LUDG,"LUDWIG ENTERPRISES, INC.",0001960262
1397183,IVDA,"Iveda Solutions, Inc.",0001397183
1975940,FLYE,"Fly-E Group, Inc.",0001975940
1973368,SVUHF,SRIVARU Holding Ltd,0001973368
1506983,GCTK,"Glucotrack, Inc.",0001506983
1265521,PMHS,"Polomar Health Services, Inc.",0001265521
1887673,WLDS,Wearable Devices Ltd.,0001887673
1652539,SNRG,SusGlobal Energy Corp.,0001652539
1691221,FRSX,Foresight Autonomous Holdings Ltd.,0001691221
1854572,IZM,ICZOOM Group Inc.,0001854572
1433309,PLTYF,"Plastec Technologies, Ltd.",0001433309
1178660,TUTH,Standard Dental Labs Inc.,0001178660
1868050,CPCPF,CopperCorp Resources Inc.,0001868050
1450704,VIVK,"Vivakor, Inc.",0001450704
1498148,AITX,Artificial Intelligence Technology Solutions Inc.,0001498148
1847706,PSYCF,Psyched Wellness Ltd.,0001847706
1425627,SOBR,"SOBR Safe, Inc.",0001425627
1898604,VSTD,Vestand Inc.,0001898604
1445815,BIXT,"BIOXYTRAN, INC",0001445815
1025771,WHLT,CHASE PACKAGING CORP,0001025771
1615219,DCOY,Decoy Therapeutics Inc.,0001615219
1080657,SQFT,"Presidio Property Trust, Inc.",0001080657
1424657,CUEN,Cuentas Inc.,0001424657
1917817,SYGCF,Sylla Gold Corp.,0001917817
1028357,BITTF,BITTERROOT RESOURCES LTD,0001028357
1066923,FTFT,Future FinTech Group Inc.,0001066923
1782107,ONCO,"Onconetix, Inc.",0001782107
1850767,ACUT,Accustem Sciences Inc.,0001850767
1776067,OCG,Oriental Culture Holding LTD,0001776067
1969863,SUGP,SU Group Holdings Ltd,0001969863
1374567,LUVU,"Luvu Brands, Inc.",0001374567
1435617,PWDY,"POWERDYNE INTERNATIONAL, INC.",0001435617
1617867,AMIX,"Autonomix Medical, Inc.",0001617867
1809616,UPC,Universe Pharmaceuticals INC,0001809616
1502966,FUNI,"Hypha Labs, Inc.",0001502966
1873213,BRWC,Birdie Win Corp,0001873213
768408,CYAN,CYANOTECH CORP,0000768408
1391135,LIFD,LFTD PARTNERS INC.,0001391135
1630212,ALBT,Avalon GloboCare Corp.,0001630212
1447380,MFON,MOBIVITY HOLDINGS CORP.,0001447380
1128189,PKTX,"ProtoKinetix, Inc.",0001128189
1358190,ITP,"IT TECH PACKAGING, INC.",0001358190
1562733,SNYR,Synergy CHC Corp.,0001562733
1825875,RAYA,Erayak Power Solution Group Inc.,0001825875
1011509,AUMN,Golden Minerals Co,0001011509
1892500,CMND,Clearmind Medicine Inc.,0001892500
1326706,FEED,"ENvue Medical, Inc.",0001326706
774415,KRFG,"King Resources, Inc.",0000774415
1885827,VRAX,Virax Biolabs Group Ltd,0001885827
1591913,IPSI,"Innovative Payment Solutions, Inc.",0001591913
1854257,TBLLF,Tombill Mines Ltd,0001854257
2012096,PMAX,Powell Max Ltd,0002012096
1824293,GRI,"GRI Bio, Inc.",0001824293
846377,TGNT,"Totaligent, Inc.",0000846377
2126221,RECX,"Recreatives Industries, Inc.",0002126221
1648087,AREB,AMERICAN REBEL HOLDINGS INC,0001648087
1484674,ATMH,"ALL THINGS MOBILE ANALYTIC, INC.",0001484674
2022416,SLXN,Silexion Therapeutics Corp,0002022416
1796898,MAXNQ,"Maxeon Solar Technologies, Ltd.",0001796898
1624512,BOXL,Boxlight Corp,0001624512
1655531,KLSVF,KLONDIKE SILVER CORP.,0001655531
1806904,EZGO,EZGO Technologies Ltd.,0001806904
1823466,NOTE,"FiscalNote Holdings, Inc.",0001823466
1308027,VYST,Vystar Corp,0001308027
1885408,NEXR,Nexera Technologies Ltd,0001885408
1943421,RUBI,Rubico Inc.,0001943421
1945619,KSEZ,Kinetic Seas Inc.,0001945619
1553788,SBEV,"SPLASH BEVERAGE GROUP, INC.",0001553788
1814067,LXEH,Lixiang Education Holding Co. Ltd.,0001814067
1640384,LMFA,"LM FUNDING AMERICA, INC.",0001640384
1174940,OGEN,ORAGENICS INC,0001174940
1986247,BYAH,"Park Ha Biological Technology Co., Ltd.",0001986247
775057,ALTX,ALTEX INDUSTRIES INC,0000775057
1713210,ATPC,Agape ATP Corp,0001713210
1107280,OVTZ,OCULUS INC.,0001107280
1892292,MSS,Maison Solutions Inc.,0001892292
1735556,BTOG,BIT ORIGIN Ltd,0001735556
1543652,FFLO,"Free Flow USA, Inc.",0001543652
1705402,AGMH,"AGM GROUP HOLDINGS, INC.",0001705402
1825349,CHSN,Chanson International Holding,0001825349
1716621,VTAK,"Catheter Precision, Inc.",0001716621
1611746,SPRC,SciSparc Ltd.,0001611746
1757499,SHPH,"Shuttle Pharmaceuticals Holdings, Inc.",0001757499
1589149,GWAV,"Greenwave Technology Solutions, Inc.",0001589149
1497253,VIVS,"VivoSim Labs, INC.",0001497253
1687542,FRGT,"Freight Technologies, Inc.",0001687542
824416,QPRC,QUEST PATENT RESEARCH CORP,0000824416
1739174,PHGE,BiomX Inc.,0001739174
1830072,IPW,iPower Inc.,0001830072
1411057,CBIH,"Cannabis Bioscience International Holdings, Inc.",0001411057
1424768,VYCO,VYCOR MEDICAL INC,0001424768
1972074,LNKS,Linkers Industries Ltd,0001972074
1951067,CISS,C3is Inc.,0001951067
1717695,VRRCF,VR Resources Ltd.,0001717695
1756180,NCRA,"NOCERA, INC.",0001756180
1855485,CLDI,"Calidi Biotherapeutics, Inc.",0001855485
1809750,EDBL,Edible Garden AG Inc,0001809750
1874907,DEFG,Grayscale Decentralized Finance (DeFi) Fund LLC,0001874907
1471781,GTCH,GBT Technologies Inc.,0001471781
1734427,CRUCF,Colibri Resource Corp,0001734427
1419554,BBLG,Bone Biologics Corp,0001419554
2006925,LNTO,LELANTOS HOLDINGS INC.,0002006925
1082733,VISM,"VISIUM TECHNOLOGIES, INC.",0001082733
1172178,LBSR,LIBERTY STAR URANIUM & METALS CORP.,0001172178
1470129,VIIQ,VisitIQ Corp.,0001470129
1812727,EZRA,"Reliance Global Group, Inc.",0001812727
1723455,SRKZF,SKY GOLD CORP.,0001723455
1211805,MYSZ,"My Size, Inc.",0001211805
1771039,SSEBF,SILVER SPRUCE RESOURCES INC.,0001771039
1701478,AZTR,"Azitra, Inc.",0001701478
1300306,EMRH,EMERGING HOLDINGS INC,0001300306
1590418,FCUV,FOCUS UNIVERSAL INC.,0001590418
278165,OMQS,OMNIQ Corp.,0000278165
1912884,RPGL,Republic Power Group Ltd,0001912884
1417926,IVF,"INVO Fertility, Inc.",0001417926
1958713,MI,NFT Ltd,0001958713
1362516,CLRI,"Cleartronic, Inc.",0001362516
1807616,HIGR,Hi-Great Group Holding Co,0001807616
1370816,FBCD,"FBC Holding, Inc.",0001370816
849401,ADMT,"ADM TRONICS UNLIMITED, INC.",0000849401
1950209,ZHDM,Ainnova Tech,0001950209
1113313,AVNI,ARVANA INC,0001113313
1582554,MTNB,"Matinas BioPharma Holdings, Inc.",0001582554
794998,SETO,SETO HOLDINGS INC,0000794998
1141284,ASNS,ACTELIS NETWORKS INC,0001141284
1324759,HGYN,HONG YUAN HOLDING GROUP,0001324759
1643918,BDRX,Biodexa Pharmaceuticals Plc,0001643918
1880613,DRCT,"Direct Digital Holdings, Inc.",0001880613
1788230,IPST,"IP STRATEGY HOLDINGS, INC.",0001788230
1515317,MAGE,MAGELLAN COPPER & GOLD Corp,0001515317
1996586,CNRCF,Canter Resources Corp.,0001996586
1911467,CRCE,"Circle Energy, Inc./NV",0001911467
802257,MITI,"Mitesco, Inc.",0000802257
1924482,IBG,Innovation Beverage Group Ltd,0001924482
1902276,WCUFF,World Copper Ltd.,0001902276
1785566,ZCMD,Zhongchao Inc.,0001785566
1816172,JZXN,"Jiuzi Holdings, Inc.",0001816172
882291,AEMD,AETHLON MEDICAL INC,0000882291
1445467,AVPMF,AVRUPA MINERALS LTD.,0001445467
1611046,MDLK,ModuLink Inc.,0001611046
1949478,DTCKF,DAVIS COMMODITIES Ltd,0001949478
1584480,GTIC,"Greentech Innovations, Inc.",0001584480
1583771,HEPA,"Hepion Pharmaceuticals, Inc.",0001583771
1970125,FDXTF,FENDX TECHNOLOGIES INC.,0001970125
1576197,SENR,"Strategic Environmental & Energy Resources, Inc.",0001576197
1896212,CDT,CDT Equity Inc.,0001896212
1043150,EEGI,"Eline Entertainment Group, Inc.",0001043150
1708160,GPUSF,Alset Capital Inc.,0001708160
1499494,DXF,Eason Technology Ltd,0001499494
894501,GRHI,"GOLD ROCK HOLDINGS, INC.",0000894501
1172069,PTOS,"P2 Solar, Inc.",0001172069
1879403,LRHC,La Rosa Holdings Corp.,0001879403
1570937,PREM,Premier Air Charter Holdings Inc.,0001570937
1422892,SGLY,Singularity Future Technology Ltd.,0001422892
1935172,AIXI,Xiao-I Corp,0001935172
2023796,FCHL,Fitness Champs Holdings Ltd,0002023796
1945166,MECPF,MUSTANG ENERGY CORP.,0001945166
1668438,IMTE,Integrated Media Technology Ltd,0001668438
1636051,FUST,FUSE GROUP HOLDING INC.,0001636051
1901215,BNRG,Brenmiller Energy Ltd.,0001901215
1444839,BRVO,Bravo Multinational Inc.,0001444839
1081938,CPMD,"CANNAPHARMARX, INC.",0001081938
1568385,BMTM,"Bright Mountain Media, Inc.",0001568385
1358633,SNBH,SENTIENT BRANDS HOLDINGS INC.,0001358633
1514443,AGSS,"AMERIGUARD SECURITY SERVICES, INC.",0001514443
1543637,NUMD,"Nu-Med Plus, Inc.",0001543637
1743745,GNLN,"Greenlane Holdings, Inc.",0001743745
932021,GTLL,GLOBAL TECHNOLOGIES LTD,0000932021
1642178,AGNPF,Grey Matters Health Inc.,0001642178
1347858,XXII,"22nd Century Group, Inc.",0001347858
1785056,TRNR,"Interactive Strength, Inc.",0001785056
1459188,CHEV,Charging Robotics Inc.,0001459188
1857086,TRUG,"TruGolf Holdings, Inc.",0001857086
1856084,RDGT,Ridgetech Inc.,0001856084
862668,ESMC,ESCALON MEDICAL CORP,0000862668
1847462,AYRWF,Ayr Wellness Inc.,0001847462
1360442,DOGP,"Dogecoin Cash, Inc.",0001360442
1854963,SHFS,"SHF Holdings, Inc.",0001854963
1787740,VBIO,"Valion Bio, Inc.",0001787740
1900720,EPWKF,EPWK Holdings Ltd.,0001900720
895464,YBGJ,Yubo International Biotech Ltd,0000895464
1355790,ISCO,International Stem Cell CORP,0001355790
1928581,GMEX,GMEX Robotics Corp,0001928581
1409197,BSPK,"Bespoke Extracts, Inc.",0001409197
1989930,FGL,Founder Group Ltd,0001989930
1651992,ASFT,"Appsoft Technologies, Inc.",0001651992
1469443,RKDA,"Arcadia Biosciences, Inc.",0001469443
1614744,PPBT,PURPLE BIOTECH LTD.,0001614744
1704287,BJDX,"Bluejay Diagnostics, Inc.",0001704287
1520118,MWAI,"MedWellAI, Inc.",0001520118
1792030,IMCC,IM Cannabis Corp.,0001792030
1335288,REOS,ReoStar Energy CORP,0001335288
2022308,KIDZ,KIDZ AI Inc.,0002022308
1644963,ATXI,"AVENUE THERAPEUTICS, INC.",0001644963
1611747,SCNI,Scinai Immunotherapeutics Ltd.,0001611747
1813603,HSTA,Hestia Insight Inc.,0001813603
1555017,SKYI,"Sky Century Investment, Inc.",0001555017
1532390,WTER,ALKALINE WATER Co INC,0001532390
2011954,TWNPQ,Twin Hospitality Group Inc.,0002011954
1527541,WHLR,"Wheeler Real Estate Investment Trust, Inc.",0001527541
1341878,SCDA,"B-Scada, Inc.",0001341878
1971260,CLDVF,Cloud3 Ventures Inc.,0001971260
1085277,SKVI,"SKINVISIBLE, INC.",0001085277
1854275,ZCAR,"Zoomcar Holdings, Inc.",0001854275
1776073,CBDL,CBD Life Sciences Inc.,0001776073
744452,BNBX,BNB PLUS CORP.,0000744452
2013186,TNMG,TNL Mediagene,0002013186
1745621,GENN,Genneia S.A.,0001745621
1744494,ADNH,"ADVENT TECHNOLOGIES HOLDINGS, INC.",0001744494
1440799,MMEX,MMEX Resources Corp,0001440799
1812173,RBOT,Vicarious Surgical Inc.,0001812173
1618835,EVFM,"Evofem Biosciences, Inc.",0001618835
1880431,VHAI,Vocodia Holdings Corp,0001880431
849997,FECOF,FEC Resources Inc.,0000849997
1651721,GIPR,"GENERATION INCOME PROPERTIES, INC.",0001651721
1813783,VMAR,Vision Marine Technologies Inc.,0001813783
1825452,ONFO,"Onfolio Holdings, Inc",0001825452
1859807,PFSA,"Profusa, Inc.",0001859807
1859007,ZVSA,"ZyVersa Therapeutics, Inc.",0001859007
1901799,BTMCQ,Bitcoin Depot Inc.,0001901799
1892274,GV,Visionary Holdings Inc.,0001892274
866439,DPLS,"DarkPulse, Inc.",0000866439
1680513,IPTNF,IMPACT ANALYTICS INC.,0001680513
1893219,ABPO,"Abpro Holdings, Inc.",0001893219
2015691,ELPW,Elong Power Holding Ltd.,0002015691
1143994,MRPT,MACREPORT NET INC,0001143994
1872292,RAKR,Rainmaker Worldwide Inc.,0001872292
1530425,ARRT,"Artisan Consumer Goods, Inc.",0001530425
1828098,STKH,Steakholder Foods Ltd.,0001828098
790273,CONC,CONECTISYS CORP,0000790273
1527613,CIMG,CIMG Inc.,0001527613
1465311,ZICX,Zicix Corp,0001465311
868278,PRPH,"ProPhase Labs, Inc.",0000868278
1452583,CBMJ,"CONSERVATIVE BROADCAST MEDIA & PUBLISHING, INC.",0001452583
1502758,NULGF,NuLegacy Gold Corp,0001502758
1393781,QIND,Quality Industrial Corp.,0001393781
822370,EMMA,"Emmaus Life Sciences, Inc.",0000822370
1603345,AGTX,Agentix Corp.,0001603345
1409253,NAFS,"Havana Roasters Coffee Companies, Inc.",0001409253
1964664,ORISF,ORIENTAL RISE HOLDINGS Ltd,0001964664
1386044,TAAG,"Awareness Group, Inc.",0001386044
1637147,ZSPC,"zSpace, Inc.",0001637147
1346917,GNTOF,GENTOR RESOURCES INC.,0001346917
1990950,SELXF,Semilux International Ltd.,0001990950
1747661,ZNB,Zeta Network Group,0001747661
1784058,PNYG,Pony Group Inc.,0001784058
1680689,NRHI,"Natural Resource Holdings, Inc.",0001680689
1757143,PAIYY,Aesthetic Medical International Holdings Group Ltd,0001757143
1753391,QSJC,"TANCHENG GROUP CO., LTD.",0001753391
1517389,JFIL,"Jubilant Flame International, Ltd",0001517389
1703073,VIVC,VIVIC CORP.,0001703073
1763329,AIBT,"AIBOTICS, INC.",0001763329
1978151,DGTEF,Eat & Beyond Global Holdings Inc.,0001978151
1490873,ESSI,"ECO SCIENCE SOLUTIONS, INC.",0001490873
1954594,HAO,Haoxi Health Technology Ltd,0001954594
1454742,GMER,"GOOD GAMING, INC.",0001454742
724445,BZYR,BURZYNSKI RESEARCH INSTITUTE INC,0000724445
1599117,MNTR,"Mentor Capital, Inc.",0001599117
1404593,MDCE,Medical Care Technologies Inc.,0001404593
1680132,CSUI,CANNABIS SUISSE CORP.,0001680132
1661600,SATT,SATIVUS TECH CORP.,0001661600
1346022,ENRT,Enertopia Corp.,0001346022
1342958,KUST,"KUSTOM ENTERTAINMENT, INC.",0001342958
1842939,XAGE,"Longevity Health Holdings, Inc.",0001842939
1947861,NMHI,Nature's Miracle Holding Inc.,0001947861
1626644,ODYY,"Odyssey Health, Inc.",0001626644
1127475,DBMM,"Digital Brand Media & Marketing Group, Inc.",0001127475
827187,SNBRQ,Sleep Number Corp,0000827187
1877430,ETUGF,E2Gold Inc.,0001877430
1463208,TLSS,"Transportation & Logistics Systems, Inc.",0001463208
1622244,OWPC,"One World Products, Inc.",0001622244
1870404,CERO,"CERO THERAPEUTICS HOLDINGS, INC.",0001870404
1487615,EMBYF,Nexera Energy Inc.,0001487615
820771,GFMH,Goliath Film & Media Holdings,0000820771
1586554,CBDY,Target Group Inc.,0001586554
1566826,LGMK,"LogicMark, Inc.",0001566826
1978165,LITSF,LITHOS GROUP LTD.,0001978165
1427644,SLDC,"Solidus Communications, Inc.",0001427644
1674227,WORX,SCWorx Corp.,0001674227
800523,GGLXF,GGL RESOURCES CORP.,0000800523
1817232,HGAS,Global Gas Corp,0001817232
1888151,FMTOF,Femto Technologies Inc.,0001888151
912544,NSTM,NovelStem International Corp.,0000912544
1022899,PTIX,"Protagenic Therapeutics, Inc.\new",0001022899
1762239,KAVL,"Kaival Brands Innovations Group, Inc.",0001762239
1788841,MCOM,micromobility.com Inc.,0001788841
1679817,OZSC,"OZOP ENERGY SOLUTIONS, INC.",0001679817
946486,WINT,WINDTREE THERAPEUTICS INC /DE/,0000946486
1084475,NIHK,"Video River Networks, Inc.",0001084475
1865494,IOBTQ,"IO Biotech, Inc.",0001865494
1760026,RMTG,Regenerative Medical Technology Group Inc.,0001760026
1381074,RTCJF,Baijiayun Group Ltd,0001381074
1817511,SOPAQ,SOCIETY PASS INCORPORATED.,0001817511
720154,NOTVQ,"Inotiv, Inc.",0000720154
1395005,BFCH,"UNLOCKD, Inc.",0001395005
1994624,STAI,ScanTech AI Systems Inc.,0001994624
1990446,GRPS,"Trans American Aquaculture, Inc",0001990446
1290658,ITOX,"IIOT-OXYS, Inc.",0001290658
1782941,TIRXF,TIAN RUIXIANG HOLDINGS LTD,0001782941
1759136,BHATF,Blue Hat Interactive Entertainment Technology,0001759136
352991,AOXY,ADVANCED OXYGEN TECHNOLOGIES INC,0000352991
1347242,LIPO,LIPELLA PHARMACEUTICALS INC.,0001347242
1877461,CBDW,1606 CORP.,0001877461
1609258,PTCO,PetroGas Co,0001609258
1453122,DDDX,"3DX Industries, Inc.",0001453122
1741220,CWPE,CW Petroleum Corp,0001741220
1601936,CYTOF,Altamira Therapeutics Ltd.,0001601936
1506492,NUWE,"Nuwellis, Inc.",0001506492
1356914,ECPL,ECOPLUS INC,0001356914
1497230,FYNN,Fyntechnical Innovations Inc,0001497230
1084937,GREH,Green Rain Energy Holdings Inc.,0001084937
1801602,SBIG,"SpringBig Holdings, Inc.",0001801602
1098462,MTLK,METALINK LTD,0001098462
1068689,ATDS,"Data443 Risk Mitigation, Inc.",0001068689
1392449,GPLB,Green Planet Bio Engineering Co. Ltd.,0001392449
1695473,GCAN,"Greater Cannabis Company, Inc.",0001695473
1407704,BOTY,"LINGERIE FIGHTING CHAMPIONSHIPS, INC.",0001407704
918573,GRVE,GROOVE BOTANICALS INC.,0000918573
1511820,STEK,Stemtech Corp,0001511820
1741534,UOKAF,MDJM LTD,0001741534
1823126,GRXXF,Critical Reagent Processing Corp.,0001823126
1873722,BBLR,Bubblr Inc.,0001873722
1404804,OMTK,Omnitek Engineering Corp,0001404804
1682265,ONAR,Onar Holding Corp,0001682265
1837254,MEHA,Functional Brands Inc.,0001837254
1991592,INLF,INLIF Ltd,0001991592
1802450,MSPR,"MSP Recovery, Inc.",0001802450
1227282,SPOWF,Strata Power Corp,0001227282
1230524,LEEN,"Leopard Energy, Inc.",0001230524
1815903,PTPI,"Petros Pharmaceuticals, Inc.",0001815903
1132509,NNAX,New Momentum Corp.,0001132509
1730773,BSFC,Blue Star Foods Corp.,0001730773
1343009,CNBX,CNBX Pharmaceuticals Inc.,0001343009
1705012,FATAQ,"Fat Brands, Inc",0001705012
1812360,FOXO,FOXO TECHNOLOGIES INC.,0001812360
1416876,FCHS,"First Choice Healthcare Solutions, Inc.",0001416876
1062506,ALDA,ATLANTICA INC,0001062506
1558740,WNLV,Winvest Group Ltd,0001558740
813716,CIRX,CIRTRAN CORP,0000813716
1058623,CMLS,CUMULUS MEDIA INC,0001058623
1725911,NBND,NetBrands Corp.,0001725911
1869974,OCEA,"Ocean Biomedical, Inc.",0001869974
1169138,GBUX,"GIVBUX, INC.",0001169138
1619227,CLOW,"Cloudweb, Inc.",0001619227
1886362,MGAM,"Mobile Global Esports, Inc.",0001886362
1495584,SVVC,"Firsthand Technology Value Fund, Inc.",0001495584
1589150,RGBP,Regen BioPharma Inc,0001589150
1365359,PCGC,"HYDRO POWER TECHNOLOGIES, INC.",0001365359
1710495,PNXP,PINEAPPLE EXPRESS CANNABIS Co,0001710495
1642159,SIGY,"Sigyn Therapeutics, Inc.",0001642159
1499961,BINI,"BOLLINGER INNOVATIONS, INC.",0001499961
915661,GRLF,GREEN LEAF INNOVATIONS INC,0000915661
1575142,BDPT,"BIOADAPTIVES, INC.",0001575142
1130781,BMPA,"BMP AI Technologies, Inc.",0001130781
1434601,TMGI,"Transglobal Management Group, Inc.",0001434601
1804792,USAM,ARES STRATEGIC MINING INC.,0001804792
1899658,WLGSF,"WANG & LEE GROUP, Inc.",0001899658
1879373,GTIJF,GRAPHJET TECHNOLOGY,0001879373
1803096,STRG,"STARGUIDE GROUP, INC.",0001803096
2107523,KMCM,Titan Holdings Corp.,0002107523
2094919,BID,Tribeca Strategic Acquisition Corp.,0002094919
2099338,MSAV,MSAV Holdings Ltd,0002099338
2097702,GOW,GOWell Energy Technology,0002097702
2098395,IMC,IMC Rare Earths Ltd,0002098395
2129056,JONE,Jones Ventures INTL Acquisition1 Corp,0002129056
2129659,FDMM,Freedom Metals Acquisition Corp.,0002129659
2134539,ITHEY,Ithaca Energy PLC/ADR,0002134539
2135894,SXZTY,"Shanghai Xizhi Technology Co., Ltd./ADR",0002135894
2136530,MIAC,Meridian3 Industrials Acquisition Corp,0002136530
2118195,AADX,"Applied Aerospace & Defense, Inc.",0002118195
2123475,ISNR,Snow Rothschild Acquisition Corp.,0002123475
2125951,BHTGY,"Beijing Haizhi Technology Group Co., Ltd./ADR",0002125951
2131882,MCFN,"McCarthy Finney, Inc.",0002131882
2132082,SIGEY,"Sigenergy Technology Co., Ltd./ADR",0002132082
2133136,MTAK,Market Technology Acquisition Corp,0002133136
2133836,BDDD,Bridge III Acquisition Ltd,0002133836
2131101,PCAI,Powercheck AI Holdings Ltd,0002131101
2131812,OPNHY,Open House Group Co. Ltd/ADR,0002131812
2134552,ULIT,US Elemental Inc.,0002134552
2136449,CSCM,Crestone Strategic Capital Acquisition Corp,0002136449
2125567,SAMO,Samos Energy Acquisition Corp,0002125567
2111038,DGAC,DISCIPLINED GROWTH ACQUISITION Corp,0002111038
2113853,TELYF,TELYRX HOLDINGS INC.,0002113853
2117197,CMPLY,Com7 PCL/ADR,0002117197
2123531,EBGCY,Eastroc Beverage Group Co. Ltd/ADR,0002123531
2099681,MOT,MetaOptics Ltd,0002099681
2100835,NYB,NYB Holdings Ltd,0002100835
2104879,SHOT,RMG ML Sports Holdings,0002104879
2107730,HYPG,Grayscale Hyperliquid Staking ETF,0002107730
2109559,JNGDY,"Jingdong Industrials, Inc./ADR",0002109559
2109823,LEDR,Leader's Advantage Acquisition Corp.,0002109823
2104943,EFGH,Embed Financial Group Holdings,0002104943
2106762,GBNB,Grayscale BNB ETF,0002106762
2108383,SCOP,Sprott Physical Copper Trust,0002108383
2109556,MMXGY,Minimax Group Inc./ADR,0002109556
2098860,SICCY,"SICC Co., Ltd./ADR",0002098860
2097388,ININ,Sin Lian Seng Construction,0002097388
2098324,SWBKY,Shawbrook Group plc/ADR,0002098324
2113481,OSPR,Osprey Acquisition Corp. III,0002113481
2111860,XTND,"Xtend AI Robotics, Inc.",0002111860
2122791,LAWK,Lawaken Group Inc.,0002122791
2123524,MUYNY,Muyuan Foods Co. Ltd/ADR,0002123524
2128458,JXIRY,Jiaxin International Resources Investment Limited/ADR,0002128458
2127653,ATAYY,American Tungsten & Antimony Ltd,0002127653
2127839,BVGLY,Bellevue Gold Ltd./ADR,0002127839
2128739,JAB,JAB Acquisition Corp I,0002128739
2140589,LARS,Laris Growth Acquisition Corp.,0002140589
2142762,ORCRY,Organo Corporation/ADR,0002142762
2104177,LTGR,Long Table Growth Corp.,0002104177
2104277,HNUC,Holtec Nuclear Corp,0002104277
2092248,NGCOY,"Nagase & Co., Ltd./ADR",0002092248
2092314,WATR,Air Water Ventures Ltd,0002092314
2092967,FRTT,Fort Technology Inc,0002092967
2090910,LAGH,Lagarosse Holdings Ltd,0002090910
2091663,CDTHY,CONDUIT HOLDINGS LTD/ADR,0002091663
2093618,NBKBY,Noba Bank Group AG/ADR,0002093618
2093654,ZJGIY,Zijin Gold International Co Limited/ADR,0002093654
2098332,MDKGY,Merdeka Gold Resources Tbk PT/ADR,0002098332
2100704,EWAV,East West Ave Acquisition Corp.,0002100704
2101240,SNSC,SunScout Holding Ltd,0002101240
2102593,NRGFF,AE Fuels Corp,0002102593
2103029,SKAI,Sky Acquisition Group,0002103029
2103612,MSBT,Morgan Stanley Bitcoin Trust,0002103612
2105318,GDMT,Gold Mountain Acquisition Corp.,0002105318
2107375,SSHBY,"SBI Shinsei Bank, Limited/ADR",0002107375
2120882,SKHY,SK hynix Inc.,0002120882
2123372,WXILY,"Wuxi Lead Intelligent Equipment Co., Ltd./ADR",0002123372
2111790,SHILY,Shanghai Iluvatar CoreX Semiconductor Co Ltd/ADR,0002111790
2119292,PSQL,Bleichroeder Acquisition France Merger Sub 2,0002119292
2120046,CVCPY,CVC Capital Partners plc/ADR,0002120046
2109082,AIST,AI STRATEGY INC.,0002109082
2138369,SIAMY,Siam Global House Public Co Limited/ADR,0002138369
2089174,PTAXY,Paltac Corporation/ADR,0002089174
2089506,TEICY,TOSEI CORP/ADR,0002089506
2128813,HGZDY,"Hangzhou Diagens Biotechnology Co., Ltd./ADR",0002128813
2129595,TEAC,Tidewise Acquisition Corp,0002129595
2130606,OBX,"Gazelle Parent, Inc.",0002130606
2131853,FTRA,FutureCorp Space Acquisition 1,0002131853
2127859,EULLY,EUROPEAN LITHIUM LTD/ADR,0002127859
2133239,SCAT,Southern Cross Acquisition II Corp.,0002133239
2123232,CMBY,Cumberland Farms Ltd,0002123232
2128448,MTGLY,Mininglamp Technology Group Limited/ADR,0002128448
2128597,SXTEY,"Shenzhen Xunce Technology Co., Ltd./ADR",0002128597
2115027,BAGZ,Cryptex Digital Market Cap ETF,0002115027
2108124,ODKUY,"Odakyu Electric Railway Co., Ltd./ADR",0002108124
2109545,KNWAY,Knowledge Atlas Technology Joint Stock Co Limited/ADR,0002109545
2109547,GIDHF,GigaDevice Semiconductor Inc./ADR,0002109547
2110583,AELKY,ASELSAN Elektronik Sanayi ve Ticaret Anonim Sirketi/ADR,0002110583
2141099,RGKUY,Rigaku Holdings Corporation/ADR,0002141099
2131322,VGTHY,"Victory Giant Technology (HuiZhou) Co., Ltd./ADR",0002131322
2138474,ZABKY,Zabka Group S.A./ADR,0002138474
2140948,LNFGY,Lion Finance Group PLC/ADR,0002140948
2123969,RREV,RRE Ventures Acquisition Corp.,0002123969
2100603,MPJPY,Metaplanet Inc.,0002100603
2106436,MRCO,Mercator Acquisition Corp.,0002106436
2113605,CHWM,Chilwa Minerals Ltd,0002113605
2116230,NCO,Southern Cross Acquisition I Corp.,0002116230
2117702,SICOF,Silverco Mining Ltd.,0002117702
2126043,CGCF,Cartesian Growth Corp IV,0002126043
2127043,JMKE,Jersey Mike's Subs Inc.,0002127043
2127862,BCLGY,BALTIC CLASSIFIEDS GROUP PLC/ADR,0002127862
2099818,YARRF,Pirate Gold Corp.,0002099818
2091028,MTLMY,Metallium Limited/ADR,0002091028
2098397,ANJFY,"Anjoy Foods Group Co., Ltd./ADR",0002098397
2103596,GFTFF,Grafton Resources Inc.,0002103596
2104032,SUCH,Suchness Tech Ltd,0002104032
2101973,AFNDY,Allfunds Group PLC./ADR,0002101973
2097508,BLDC,"Blockfusion Digital Infrastructure, Inc.",0002097508
2099103,ETHB,iShares Staked Ethereum Trust ETF,0002099103
2101411,WSAT,WISeSat.Space Holdings Corp.,0002101411
2102713,KCAC-UN,Kensington Capital Acquisition Corp. VI,0002102713
2128045,BCCQ,Bleichroeder Acquisition Corp. III,0002128045
2096533,NATNF,Nation Gold Corp.,0002096533
2094900,TGRGF,Tiger Gold Corp.,0002094900
2140030,TBCV,"Thunder Bridge Capital Partners V, Ltd.",0002140030
2129466,GDHRY,"Guangdong Huayan Robotics Co, Ltd./ADR",0002129466
2130219,HCAX,Hall Chadwick Acquisition Corp II,0002130219
2131040,RVII,Robinhood Ventures Fund II,0002131040
2137137,BEMPY,Bangkok Expressway & Metro Public Co Limited/ADR,0002137137
2138373,CBAGY,Carabao Group Public Co Limited/ADR,0002138373
2111846,GYGY,Game Your Game Inc.,0002111846
2098710,FRTRY,"Fortior Technology (Shenzhen) Co., Ltd./ADR",0002098710
2105398,CSQR,"Csquare, Inc.",0002105398
2109801,VAT,"VARSAL TECH, INC.",0002109801
2109869,XLAB,D. Boral ARC Merger Corp,0002109869
2123346,MNTGY,"Montage Technology Co., Ltd./ADR",0002123346
2123471,CCCT,Columbus Circle Capital Corp III,0002123471
2128462,TLAC,Three Lions Acquisition Corp.,0002128462
2128619,TYOEY,Toyo Engineering Corporation/ADR,0002128619
2131961,MNYCY,Manycore Tech Inc./ADR,0002131961
2133810,THARY,Tharisa plc,0002133810
2138186,NARA,"Narragansett Bancorp, Inc.",0002138186
2138554,SHNTY,"Shanghai Top Numerical Control Technology Co., Ltd./ADR",0002138554
2112466,SIAI,Silentium Ltd.,0002112466
2114463,APBD,AParadise II Acquisition Corp.,0002114463
2115899,LTAFF,Lithium Africa Corp.,0002115899
2116276,BEJEF,Beijer Ref AB/ADR,0002116276
2122392,PLCI,Pelican Acquisition II Corp,0002122392
2123553,ICGSF,ICG Silver & Gold Ltd.,0002123553
2125904,SKBBY,"Sichuan Kelun-Biotech Biopharmaceutical Co., Ltd./ADR",0002125904
2131350,BRTM,B&R Technology Merger Corp.,0002131350
2131813,NWCL,newcleo Ltd.,0002131813
2133892,KGBMY,Kongsberg Maritime ASA/ADR,0002133892
2092291,TIWD,Timwood Holdings Ltd,0002092291
2126620,NTCMY,Natura Cosmeticos S.A./ADR,0002126620
2127860,DTRSY,DATELINE RESOURCES LTD/ADR,0002127860
2135939,NORT,Norient Acquisition,0002135939
2136116,HUAQY,Huaqin Co. LTD/ADR,0002136116
2137679,OCLT,OceanLight Acquisition Corp,0002137679
2137754,PRLG,Prologium Holding Inc.,0002137754
2093227,SMGSY,SMG Swiss Marketplace Group AG/ADR,0002093227
2095150,CHON,ChainOn Group Ltd,0002095150
2098707,BRKH,Burtech Acquisition Corp II,0002098707
2104391,CATL,Catalyst Acquisition Corp.,0002104391
2105274,IPVV,"InterPrivate Investment Partners V, Inc.",0002105274
2099326,SGPIY,"Seres Group Co., Ltd./ADR",0002099326
2053791,BWOW,Bitwise Dogecoin ETF,0002053791
2056450,BXRLY,Boxer Retail Limited/ADR,0002056450
2057388,SOEZ,Franklin Solana Trust,0002057388
2038919,DFSLY,Defeng Solife Holdings Limited/ADR,0002038919
2092252,RENGY,"Rengo Co., Ltd./ADR",0002092252
2045873,BLTG,BOUNDLESS GROUP,0002045873
2042444,OBNK,Osprey BONK Trust,0002042444
2077242,STJNY,Stella-Jones Inc./ADR,0002077242
2073615,ELFTY,Element Fleet Management Corp./ADR,0002073615
2073913,NWCYY,North West Co Inc./ADR,0002073913
2075036,EVON,EvoNexus Group LTD,0002075036
2063685,PSBTY,PT Sumber Alfaria Trijaya Tbk/ADR,0002063685
2070237,SOUD,Hacker Interstellar Inc.,0002070237
2071607,BMOK,BM Acquisition Corp.,0002071607
2071911,CPXXY,Capital Power Corp/ADR,0002071911
2082889,CLNK,Bitwise Chainlink ETF,0002082889
2084026,QMLS,"QumulusAI, Inc.",0002084026
2078895,ASKRY,Asker Healthcare Group AB/ADR,0002078895
2087419,PNSB,"PSB Financial, Inc.",0002087419
2087500,NHKSY,NHK Spring Co. Ltd/ADR,0002087500
2087852,SBCLY,Sumitomo Bakelite Co Limited/ADR,0002087852
2084227,ADBT,"Advasa Holdings, Inc.",0002084227
2086716,STDN,"Standard Nuclear, Inc.",0002086716
2086869,RSMIY,RESOLUTION MINERALS LTD/ADR,0002086869
2088339,OBBCY,"OBIC Business Consultants Co., Ltd./ADR",0002088339
2088688,EXCBF,Excalibur Metals Corp.,0002088688
2094687,CRAUY,"Chery Automobile Co., Ltd./ADR",0002094687
2094989,RUIH,RUI Holdings Inc,0002094989
2088139,BHYP,Bitwise Hyperliquid ETF,0002088139
2094265,MLAA,Mountain Lake Acquisition Corp. II,0002094265
2048270,SMFSY,"Sumitomo Forestry Co., Ltd./ADR",0002048270
2046098,ALEUY,ALLEGRO.EU SA/ADR,0002046098
2049323,AMPM,AM PM Group Ltd,0002049323
2075877,BKPOY,Bank Pekao S.A./ADR,0002075877
2065282,ACMIF,Allied Critical Metals Corp.,0002065282
2063413,SMPHY,SM Prime Holdings Inc./ADR,0002063413
2065485,JXAMY,JX Advanced Metals Corporation/ADR,0002065485
2064314,TDOG,21Shares Dogecoin ETF,0002064314
2064381,THCLY,"Toho Co., Ltd./ADR",0002064381
2074409,QSOL,Invesco Galaxy Solana ETF,0002074409
2073638,FNIGY,Finning International Inc./ADR,0002073638
2073655,TPZEY,Topaz Energy Corp./ADR,0002073655
2067171,IDXMF,IDEX METALS CORP.,0002067171
2075474,GGRPY,GPT Group/ADR,0002075474
2069858,APEX,APEX Global Solutions Ltd,0002069858
2071912,PRSKY,PrairieSky Royalty Ltd/ADR,0002071912
2074745,VIRMF,Viridian Metals Inc.,0002074745
2075038,IBL,I Bella Perfect Inc.,0002075038
2085795,APNA,APEIRON ACQUISITION VEHICLE I,0002085795
2082876,FHFFY,Foshan Haitian Flavouring & Food Co Ltd./ADR,0002082876
2084698,KHOBF,KHEOBA Ltd,0002084698
2093976,NEUC,Neucleus Group Ltd,0002093976
2094076,OTAI,Starlink AI Acquisition Corp,0002094076
2094201,DPDSY,DPC DASH LTD/ADR,0002094201
2086438,GHXI,"Gores Holdings XI, Inc.",0002086438
2086545,ARTC,Art Technology Acquisition Corp.,0002086545
2089778,PNIG,Pacipic Nexus IntelliTech Group,0002089778
2092243,JAYGF,Blue Jay Gold Corp.,0002092243
2087856,AKCLY,Aica Kogyo Co Limited/ADR,0002087856
2083583,BSTR,"BSTR Holdings, Inc.",0002083583
2089499,GLVPY,GLENVEAGH PROPERTIES PLC/ADR,0002089499
2091521,MDAT,Web3Labs Global Inc.,0002091521
2073268,BIREY,Birchcliff Energy Ltd./ADR,0002073268
2073643,METRY,METRO INC./ADR,0002073643
2072389,NPIXY,Northland Power Inc./ADR,0002072389
2088776,ZSHLY,"Zensho Holdings Co., Ltd./ADR",0002088776
2089855,TKNZ,T. Rowe Price Active Crypto ETF,0002089855
2087840,ZGJLY,"Zhejiang Leapmotor Technology Co., Ltd./ADR",0002087840
2084296,NTMJ,Nintech Mould Factory Inc.,0002084296
2085836,POCH,"POCHE TECHNOLOGY CO., Ltd",0002085836
2036060,SBMW,"Security Midwest Bancorp, Inc.",0002036060
2094256,CLYD,"BEACON TOPCO, INC.",0002094256
2032399,MYCRY,Mycronic AB/ADR,0002032399
2081438,GONYF,GO Residential Real Estate Investment Trust,0002081438
2078037,GRVT,GreenVector Holdings Ltd,0002078037
2073804,TCLXY,TCL Electronics Holdings Limited/ADR,0002073804
2060717,VAVX,VanEck Avalanche ETF,0002060717
2061626,TSUI,21Shares Sui ETF,0002061626
2090011,THYP,21Shares Hyperliquid ETF,0002090011
2059690,GGTKY,PT GoTo Gojek Tokopedia Tbk/ADR,0002059690
2087716,RKAM,"ROKIT America, Inc.",0002087716
2088375,TRBG,Turbogen Ltd.,0002088375
2089488,SNEVY,SUNEVISION HOLDINGS/ADR,0002089488
2091585,LKYLY,Locksley Resources Limited/ADR,0002091585
2092287,TKDG,3 KNIGHTS DYNAMICS GROUP Ltd,0002092287
2085208,DYBTY,Duality Biotherapeutics Inc/ADR,0002085208
2075918,CSCCY,Capstone Copper Corp./ADR,0002075918
2093314,ORNJY,OranjeBTC S.A. Educacao E Investmentimento/ADR,0002093314
2090231,MTMTY,Metlen Energy & Metals PLC/ADR,0002090231
2087064,MARH,Starrygazey Inc.,0002087064
2095443,BREZ,Breeze Acquisition Corp. II,0002095443
2088827,HRBAY,"Horiba, Ltd./ADR",0002088827
2083945,CCIL,CALM Chain International Ltd,0002083945
2075589,LSBA,Law's Business Group Holding Ltd,0002075589
2086017,BAVA,Bitwise Avalanche ETF,0002086017
2071913,GBNXY,Gibson Energy Inc/ADR,0002071913
2077638,STSUF,Satsuma Technology PLC,0002077638
2077697,UNID,"RiverNorth Short Prime Unicorn Fund I, Inc",0002077697
2080003,MLIZY,MELIUZ S.A.,0002080003
2110119,AMAC,AMR Resources Acquisition Corp.,0002110119
2101470,WLCO,Wilco 63 Corp,0002101470
2102972,FFGG,FF Global Holdings Ltd,0002102972
2105139,ADIG,ADI GLOBAL DISTRIBUTION INC.,0002105139
2053115,YLY,Zi Yun Dong Fang Ltd,0002053115
2076398,ZSICY,"Zhejiang Sanhua Intelligent Controls Co., Ltd./ADR",0002076398
2074158,GIVE,Wealth Management System Inc.,0002074158
2073972,SSRLY,Sienna Senior Living Inc./ADR,0002073972
2074157,SVICY,StorageVault Canada Inc./ADR,0002074157
2066601,TKCYY,"Tokyo Ohka Kogyo Co., Ltd./ADR",0002066601
2062925,SPGH,Smart Pointer Group Holdings Ltd,0002062925
2059986,ONWRY,Onward Medical N.V./ADR,0002059986
2060217,HZRBY,"Horizon Robotics, Inc./ADR",0002060217
2060703,SUIS,Canary Staked SUI ETF,0002060703
2077715,UNIU,"RiverNorth Long Prime Unicorn Fund I, Inc.",0002077715
2078570,AMTU,"AMATUHI HOLDINGS, INC.",0002078570
2089969,BITA,iShares Bitcoin Premium Income ETF,0002089969
2086775,BTECH,BTECH Corp,0002086775
2087843,GTLRY,Greatland Resources Limited/ADR,0002087843
2084585,UATCY,"Unisound AI Technology Co., Ltd./ADR",0002084585
2049977,STA,"Starton Holdings, Inc.",0002049977
2050338,CLBZ,Collab Z Inc.,0002050338
2090651,CNYGF,Canary Gold Corp.,0002090651
2063231,CLRLY,Central Retail Corp Public Co Limited/ADR,0002063231
2063417,MREGY,Meridian Energy Ltd/ADR,0002063417
2065932,FRLCY,Freelancer Ltd,0002065932
2066600,SCBXY,SCB X Public Co Ltd,0002066600
2066925,CAPI,"CAPSTONE 72, INC.",0002066925
1756404,PDSRX,Principal Real Asset Fund,0001756404
1705181,ETCG,Grayscale Ethereum Classic Trust (ETC),0001705181
1693687,MSYND,GREENLIT VENTURES INC.,0001693687
1723788,BITW,Bitwise 10 Crypto Index ETF,0001723788
1745648,APMD,"Apnimed, Inc.",0001745648
1782265,GIXI,Gix Internet Ltd.,0001782265
1763415,BITB,Bitwise Bitcoin ETF,0001763415
1767057,OBTC,Osprey Bitcoin Trust,0001767057
1793497,UVIX,VS Trust,0001793497
1690437,BAR,GraniteShares Gold Trust,0001690437
1690842,PLTM,GraniteShares Platinum Trust,0001690842
1708646,AAAU,Goldman Sachs Physical Gold ETF,0001708646
1729997,GDLC,Grayscale CoinDesk Crypto 5 ETF,0001729997
1812286,VCRDX,Harrison Street Infrastructure Income Fund,0001812286
1759124,IAUM,iShares Gold Trust Micro,0001759124
1732409,BCHG,Grayscale Bitcoin Cash Trust (BCH),0001732409
1720265,ZCSH,Grayscale Zcash Trust (ZEC),0001720265
1732406,LTCN,Grayscale Litecoin Trust (LTC),0001732406
1813744,WDSP,"World Scan Project, Inc.",0001813744
1718728,SYTN,Syntiant Corp.,0001718728
1748945,HZEN,Grayscale Horizen Trust (ZEN),0001748945
1787117,REF,Reformation Inc.,0001787117
1690012,ICR-PA,"InPoint Commercial Real Estate Income, Inc.",0001690012
1547870,BUHPY,Bumrungrad Hospital Public Co Limited/ADR,0001547870
1575356,PTMSY,PT MDS Retailing Tbk/ADR,0001575356
1630745,DCFBS,"DCFC Holdings, LLC",0001630745
1610718,ODRS,"Outdoor Specialty Products, Inc.",0001610718
1551047,BPRE,Bluerock Private Real Estate Fund,0001551047
1546652,OUNZ,VanEck Merk Gold ETF,0001546652
1582820,IPSAY,IPSOS/ADR,0001582820
1562294,EYUBY,Electricity Generating Public Co Limited/ADR,0001562294
1551468,CPPBY,Central Pattana Public Co Limited/ADR,0001551468
1563568,AZIO,"AZIO AI HOLDINGS, INC.",0001563568
1618755,QSP,Restaurant Brands International Limited Partnership,0001618755
1610940,BDRY,Amplify Commodity Trust,0001610940
1503658,WNHK,"Winning Catering Group, Inc.",0001503658
1503812,PRBRY,PREMIUM BRANDS HOLDINGS Corp,0001503812
1544088,DSRNY,DiaSorin SpA/ADR,0001544088
1618181,GLDM,World Gold Trust,0001618181
1643721,BOTX,DATZ WORLD HOLDINGS CORP.,0001643721
1545772,BPYPP,Brookfield Property Partners L.P.,0001545772
1516535,MROSY,Melrose Industries Plc/ADR,0001516535
1560143,WYTC,WYTEC INTERNATIONAL INC,0001560143
1588489,GBTC,Grayscale Bitcoin Trust ETF,0001588489
1896036,EIIA,Eagle Point Institutional Income Fund,0001896036
1852753,TSLVF,TIER ONE SILVER INC.,0001852753
1926314,OCAC,Ocean Capital Acquisition Corp,0001926314
1892704,FBDT,"First Breach, Inc.",0001892704
1838003,EMI,"Encore Medical, Inc.",0001838003
1841175,BRRR,CoinShares Bitcoin ETF,0001841175
1839290,AUGCF,AU Gold Corp.,0001839290
1852024,GLIV,Grayscale Livepeer Trust (LPT),0001852024
1903595,HODO,House of Doge Inc.,0001903595
1879270,TCRG,Cannaisseur Group Inc.,0001879270
1875994,XXC,XINXU COPPER INDUSTRY TECHNOLOGY Ltd,0001875994
1869699,ARKB,Ark 21Shares Bitcoin ETF,0001869699
1855781,BTCO,Invesco Galaxy Bitcoin ETF,0001855781
1923622,PGIM,PGIM Private Credit Fund,0001923622
1846253,OABIW,"OmniAb, Inc.",0001846253
1843588,REEAF,REE Automotive Ltd.,0001843588
1860788,ETHV,VanEck Ethereum ETF,0001860788
1857629,ODOT,Osprey Polkadot Trust,0001857629
1867090,VCX,"Fundrise Innovation Fund, LLC",0001867090
1807936,BABYD,Else Nutrition Holdings Inc.,0001807936
1725210,ETHE,Grayscale Ethereum Staking ETF,0001725210
1747570,NEPRY,NEPI Rockcastle plc/ADR,0001747570
1761325,GXLM,Grayscale Stellar Lumens Trust (XLM),0001761325
1779977,SEQC,"SeeQC, Inc.",0001779977
1858258,FGDL,Franklin Templeton Holdings Trust,0001858258
1852023,MANA,Grayscale Decentraland Trust (MANA),0001852023
1852025,GLNK,Grayscale Chainlink Trust ETF,0001852025
1852040,GBAT,Grayscale Basic Attention Token Trust (BAT),0001852040
1871890,GLEI,Galaxy Enterprises Inc. /WY/,0001871890
1868282,OSOL,Osprey Solana Trust,0001868282
1838028,HODL,VanEck Bitcoin ETF,0001838028
1853921,SCTX,"Scribe Therapeutics, Inc.",0001853921
1852317,FBTC,Fidelity Wise Origin Bitcoin Fund,0001852317
1854183,ORIB,Orion Bliss Corp.,0001854183
1856491,CBPHF,"Clover Biopharmaceuticals, Ltd.",0001856491
1850391,BTCW,WisdomTree Bitcoin Fund,0001850391
1861448,ITRE,"IntriEnergy, Inc.",0001861448
1916101,OBNB,Osprey BNB Chain Trust,0001916101
1896677,GSOL,Grayscale Solana Staking ETF,0001896677
1985840,DEFI,Hashdex Commodities Trust,0001985840
1997389,IDIA,Innovative Digital Investors Acquisition Corp.,0001997389
1991188,NOPFF,Nevada Organic Phosphate Inc.,0001991188
1972589,TDGGF,TDG Gold Corp.,0001972589
1976663,NXNT,"Nexscient, Inc.",0001976663
1980994,IBIT,iShares Bitcoin Trust ETF,0001980994
2015034,BTC,Grayscale Bitcoin Mini Trust ETF,0002015034
2029297,GTAO,Grayscale Bittensor Trust (TAO),0002029297
2031069,NCIQ,Hashdex Nasdaq CME Crypto Index ETF,0002031069
2033807,EZPZ,Franklin Crypto Trust,0002033807
2027166,NSNFY,"Nissin Foods Holdings Co., Ltd./ADR",0002027166
2039525,XRP,Bitwise XRP ETF,0002039525
1934387,CGL,CGL Logistics Holdings Ltd,0001934387
2055510,GDOG,Grayscale Dogecoin Trust ETF,0002055510
2021989,CUPPF,Super Copper Corp.,0002021989
2000046,FETH,Fidelity Ethereum Fund,0002000046
2028541,VSOL,VanEck Solana ETF,0002028541
1992604,CCEYF,CanCambria Energy Corp.,0001992604
1992870,EZBC,Franklin Templeton Digital Holdings Trust,0001992870
1995569,QETH,Invesco Galaxy Ethereum ETF,0001995569
1997950,INHI,Unitrend Entertainment Group Ltd,0001997950
2002326,NSURF,North Shore Uranium Ltd.,0002002326
2011535,EZET,Franklin Ethereum Trust,0002011535
1925062,FRBT,"Forbright, Inc.",0001925062
1952670,TVCN,TV Channels Network Inc.,0001952670
1976870,BRBF,BRB Foods Inc.,0001976870
2034467,PBRRY,PT Barito Renewables Energy Tbk/ADR,0002034467
2042187,KYTFY,Kyoto Financial Group Inc/ADR,0002042187
2041869,SOLC,Canary Marinade Solana ETF,0002041869
2027330,SGIHY,"Sugi Holdings Co., Ltd./ADR",0002027330
2028834,TSOL,21Shares Solana ETF,0002028834
2000208,KPL,Kepler Group Ltd,0002000208
2008257,KOGDF,KO Gold Inc.,0002008257
2020455,ETH,Grayscale Ethereum Staking Mini ETF,0002020455
2013744,ETHW,Bitwise Ethereum ETF,0002013744
1958928,CTWO,COTWO ADVISORS PHYSICAL EUROPEAN CARBON ALLOWANCE TRUST,0001958928
1977837,USDW,MADE IN USA INC.,0001977837
2045300,PRNCF,Prince Silver Corp.,0002045300
2045434,GHRTF,Greenheart Gold Inc.,0002045434
2025878,ITXP,"Independence Power Holdings, Inc.",0002025878
2031760,VZSLY,Vizsla Royalties Corp.,0002031760
2034300,DDHLY,Digital Domain Holdings Limited/ADR,0002034300
1981775,VTNMF,V Ten Metals Corp.,0001981775
2028835,TOXR,21Shares XRP ETF,0002028835
2030632,PMHMY,Perfect Medical Health Management Ltd./ADR,0002030632
2033615,MGNO,"Magnolia Bancorp, Inc.",0002033615
2037427,GXRP,Grayscale XRP Trust ETF,0002037427
2038688,XDT,Xdata Group,0002038688
1958489,CRGT,"Cortigent, Inc.",0001958489
2002660,PSUS,"Pershing Square USA, Ltd.",0002002660
2003813,NMCPF,Nuvau Minerals Corp,0002003813
1999119,LBRJ,"Libera Gaming Operations, Inc",0001999119
2000638,ETHA,iShares Ethereum Trust ETF,0002000638
2023870,LPCHY,Lapco Holdings Limited/ADR,0002023870
2034012,GSUI,Grayscale Sui Staking ETF,0002034012
2027982,CCLV,"C2 Capital Group, Inc.",0002027982
2028464,ENT,"ENTRATA, INC.",0002028464
2011589,MOGMF,Mogotes Metals Inc.,0002011589
1951593,NNRGF,Ninepoint Energy Fund,0001951593
1940243,GSMT,Global-Smart.Tech Inc.,0001940243
1992508,TETH,21Shares Ethereum ETF,0001992508
2024996,STCK,Grayscale Stacks Trust (STX),0002024996
2039072,DAVI,DAVION HEALTHCARE PLC,0002039072
1920576,MIMDF,MiMedia Holdings Inc.,0001920576
2035053,GAVA,Grayscale Avalanche Staking ETF,0002035053
2038958,MDDTY,Mandatum Oyj/ADR,0002038958
2025000,GSNR,Grayscale Near Trust (NEAR),0002025000
2032517,SCTAY,Sectra AB/ADR,0002032517
2033019,KKSIY,Kokusai Electric Corporation/ADR,0002033019
2032887,PDYTY,PT Dayamitra Telekomunikasi Tbk/ADR,0002032887
2045151,MENW,"Tailored Brands, Inc. / DE",0002045151
2045872,BSOL,Bitwise Solana Staking ETF,0002045872
2060863,NHLTY,Nightingale Health Plc,0002060863
2062803,IDPEY,IDP Education Ltd./ADR,0002062803
2063671,GRCPY,Canal Plus SA/ADR,0002063671
2065741,NEUT,Neutrans Inc.,0002065741
2070087,KOEI,"Koei Group Co., Ltd.",0002070087
2065660,DNCLY,"DeNA Co., Ltd./ADR",0002065660
2052373,MKAR,Mkango Rare Earths Ltd,0002052373
2053843,YGSHY,Yangzijiang Shipbuilding Holdings Ltd/ADR,0002053843
2053411,PCPGY,PC Partner Group Ltd/ADR,0002053411
2046370,UPX,Uptrend Holdings Ltd,0002046370
2075335,ROZE,ROZE AI INC.,0002075335
2072563,SAPUY,Saputo Inc./ADR,0002072563
2066824,VBNB,VanEck BNB ETF,0002066824
2059438,XRPZ,Franklin XRP Trust,0002059438
2062807,MNZLY,Mercury NZ Ltd./ADR,0002062807
2063380,FSOL,Fidelity Solana Fund,0002063380
2063675,LSHGY,Louis Hachette Group/ADR,0002063675
2073669,HNPHY,Hansoh Pharmaceutical Group Co Limited/ADR,0002073669
2070570,RECCY,Reece Limited/ADR,0002070570
2075141,VSGRY,VusionGroup,0002075141
2073901,TMKVY,Tamarack Valley Energy Ltd./ADR,0002073901
1383057,DBP,Invesco DB Precious Metals Fund,0001383057
1405528,USL,"United States 12 Month Oil Fund, LP",0001405528
1343491,GJP,"STRATS(SM) TRUST FOR DOMINION RESOURCES, INC. SECURITIES, SERIES 2005-6",0001343491
1356284,GJS,"STRATS(SM) Trust for Goldman Sachs Group Securities, Series 2006-2",0001356284
1353226,GJR,"STRATS(SM) Trust for Procter & Gamble Securities, Series 2006-1",0001353226
1353612,FXC,Invesco CurrencyShares Canadian Dollar Trust,0001353612
1450922,SIVR,abrdn Silver ETF Trust,0001450922
1353611,FXB,Invesco CurrencyShares British Pound Sterling Trust,0001353611
1353613,FXY,Invesco CurrencyShares Japanese Yen Trust,0001353613
1340909,GJO,"STRATS SM TRUST FOR WAL-MART STORES, INC. SECURITIES, SERIES 2005-4",0001340909
1278680,IAU,ISHARES GOLD TRUST,0001278680
1332174,GSG,iShares S&P GSCI Commodity-Indexed Trust,0001332174
1328598,FXE,Invesco CurrencyShares Euro Trust,0001328598
1357660,GJT,"STRATS(SM) Trust for Allstate Corp Securities, Series 2006-3",0001357660
1353615,FXF,Invesco CurrencyShares Swiss Franc Trust,0001353615
1405513,UNL,"United States 12 Month Natural Gas Fund, LP",0001405513
1427437,ETI-P,"ENTERGY TEXAS, INC.",0001427437
1383149,UDN,INVESCO DB US DOLLAR INDEX BEARISH FUND,0001383149
1483386,GLTR,abrdn Precious Metals Basket ETF Trust,0001483386
1383058,DBO,Invesco DB Oil Fund,0001383058
1383082,DBA,INVESCO DB AGRICULTURE FUND,0001383082
1383084,DBB,INVESCO DB BASE METALS FUND,0001383084
1459862,PALL,abrdn Palladium ETF Trust,0001459862
1472494,BNO,"United States Brent Oil Fund, LP",0001472494
1479247,USCI,United States Commodity Index Funds Trust,0001479247
1403528,OAK-PA,"Brookfield Oaktree Holdings, LLC",0001403528
1328237,DBC,Invesco DB Commodity Index Tracking Fund,0001328237
1283464,KTH,STRUCTURED PRODUCTS CORP CORTS TR FOR PECO ENERGY CAP TR III,0001283464
1396878,UGA,"United States Gasoline Fund, LP",0001396878
1406234,BIPH,Brookfield Infrastructure Partners L.P.,0001406234
1519061,TSEOQ,Trinseo PLC,0001519061
1460235,PPLT,abrdn Platinum ETF Trust,0001460235
1472033,JTGEY,"Citibank,N.A./ADR",0001472033
1181412,SPCX,SPACE EXPLORATION TECHNOLOGIES CORP,0001181412
1009919,IVHI,"Invech Holdings, Inc.",0001009919
1001233,SGMOQ,"SANGAMO THERAPEUTICS, INC",0001001233
936958,MDY,SPDR S&P MIDCAP 400 ETF TRUST,0000936958
1163609,SDSYA,SOUTH DAKOTA SOYBEAN PROCESSORS LLC,0001163609
1267332,IPB,MERRILL LYNCH DEPOSITOR INC INDEXPLUS TRUST SERIES 2003-1,0001267332
1283337,KTN,STRUCTURED PRODUCTS CORP CRED ENHANCE CORTS TR FOR AON CAP A,0001283337
1084201,SVA,SINOVAC BIOTECH LTD,0001084201
1294808,PYT,PPLUS Trust Series GSC-2,0001294808
1174511,AEBMY,ANADOLU EFES BIRACILIK VE MALT SANAYI A S/ADR,0001174511
1052354,MADL,MAN AHL DIVERSIFIED I LP,0001052354
884394,SPY,SPDR S&P 500 ETF TRUST,0000884394
912595,MAAI,MID AMERICA APARTMENT COMMUNITIES INC.,0000912595
1222333,GLD,SPDR GOLD TRUST,0001222333
1286405,GJH,STRATS SM TRUST FOR U S CELL CORP SEC SERIES 2004 6,0001286405
1327068,USO,"United States Oil Fund, LP",0001327068
1450923,SGOL,abrdn Gold ETF Trust,0001450923
1353614,FXA,Invesco CurrencyShares Australian Dollar Trust,0001353614
1348952,ELC,"ENTERGY LOUISIANA, LLC",0001348952
1383062,DBE,Invesco DB Energy Fund,0001383062
1376227,UNG,"United States Natural Gas Fund, LP",0001376227
1330568,SLV,iShares Silver Trust,0001330568
1291313,GEHDF,Great Eastern Holdings Ltd,0001291313
1284143,JBK,LEHMAN ABS CORP GOLDMAN SACHS CAP 1 SEC BACKED SER 2004-6,0001284143
1290877,CUVL,Clinuvel Pharmaceuticals Ltd,0001290877
1075822,NHFLF,NORTHFIELD CAPITAL CORP,0001075822
1046179,TSM,TAIWAN SEMICONDUCTOR MANUFACTURING CO LTD,0001046179
1124959,XSIAX,VOYA CREDIT INCOME FUND,0001124959
1041130,DIA,SPDR DOW JONES INDUSTRIAL AVERAGE ETF TRUST,0001041130
836412,ZTR,Virtus Total Return Fund Inc.,0000836412
1067839,QQQ,"INVESCO QQQ TRUST, SERIES 1",0001067839
18654,AILIH,Ameren Illinois Co,0000018654
100826,UELMO,UNION ELECTRIC CO,0000100826
7323,EAI,"ENTERGY ARKANSAS, LLC",0000007323
70502,NRUC,NATIONAL RURAL UTILITIES COOPERATIVE FINANCE CORP /DC/,0000070502
71508,ENJ,"ENTERGY NEW ORLEANS, LLC",0000071508
41091,GPJA,GEORGIA POWER CO,0000041091
201533,CMS-PB,CONSUMERS ENERGY CO,0000201533
823277,CHSCP,CHS INC,0000823277
66901,EMP,"ENTERGY MISSISSIPPI, LLC",0000066901
894556,CITR,CitroTech Inc.,0000894556
1652044,GOOG,Alphabet Inc.,0001652044
36104,USB-PA,US BANCORP DE,0000036104
1067983,BRK-A,BERKSHIRE HATHAWAY INC,0001067983
937966,ASMLF,ASML HOLDING NV,0000937966
1046179,TSMWF,TAIWAN SEMICONDUCTOR MANUFACTURING CO LTD,0001046179
1577552,BABAF,Alibaba Group Holding Ltd,0001577552
19617,JPM-PC,JPMORGAN CHASE & CO,0000019617
70858,BML-PG,BANK OF AMERICA CORP /DE/,0000070858
1108329,PCCYF,PETROCHINA CO LTD,0001108329
1114448,NVSEF,NOVARTIS AG,0001114448
67088,MBFJF,MITSUBISHI UFJ FINANCIAL GROUP INC,0000067088
70858,BML-PL,BANK OF AMERICA CORP /DE/,0000070858
70858,BAC-PB,BANK OF AMERICA CORP /DE/,0000070858
1094517,TOYOF,TOYOTA MOTOR CORP/,0001094517
1268896,CILJF,CHINA LIFE INSURANCE CO LTD,0001268896
70858,BAC-PK,BANK OF AMERICA CORP /DE/,0000070858
1306965,RYDAF,Shell plc,0001306965
353278,NONOF,NOVO NORDISK A S,0000353278
811809,BHPLF,BHP Group Ltd,0000811809
891478,BCDRF,"Banco Santander, S.A.",0000891478
1089113,HBCYF,HSBC HOLDINGS PLC,0001089113
72971,WFC-PY,WELLS FARGO & COMPANY/MN,0000072971
1091587,ABLZF,ABB LTD,0001091587
1091587,ABBNY,ABB LTD,0001091587
1000184,SAPGF,SAP SE,0001000184
72971,WFC-PL,WELLS FARGO & COMPANY/MN,0000072971
313838,SNEJF,Sony Group Corp,0000313838
732717,TBB,AT&T INC.,0000732717
1121404,SNYNF,Sanofi,0001121404
217410,UNLYF,UNILEVER PLC,0000217410
1668717,BUDFF,Anheuser-Busch InBev SA/NV,0001668717
1303523,BTAFF,British American Tobacco p.l.c.,0001303523
72971,WFC-PC,WELLS FARGO & COMPANY/MN,0000072971
946770,DTEGF,DEUTSCHE TELEKOM AG,0000946770
1131399,GLAXF,GSK plc,0001131399
313807,BPAQF,BP PLC,0000313807
863064,RTPPF,RIO TINTO PLC,0000863064
1022837,SMFNF,"SUMITOMO MITSUI FINANCIAL GROUP, INC.",0001022837
1438656,IDEXF,Industria de Diseno Textil Inditex SA / ADR,0001438656
1445162,BYDDF,BYD CO LTD,0001445162
70866,NCRRP,NCR Voyix Corp,0000070866
1274152,CMXHF,CSL LTD,0001274152
1161167,AIQUF,L AIR LIQUIDE SA /FI,0001161167
1123658,SNPMF,CHINA PETROLEUM & CHEMICAL CORP,0001123658
1067318,MBGAF,DAIMLER AG,0001067318
1110646,NETTF,"NetEase, Inc.",0001110646
36104,USB-PH,US BANCORP DE,0000036104
895728,EBBNF,ENBRIDGE INC,0000895728
30554,CTA-PB,"EIDP, Inc.",0000030554
36104,USB-PP,US BANCORP DE,0000036104
769594,NTTYY,NIPPON TELEGRAPH & TELEPHONE CORP,0000769594
1445465,PPRUF,Kering,0001445465
895564,BAESF,BAE SYSTEMS PLC /FI/,0000895564
1129137,AMXOF,AMERICA MOVIL SAB DE CV/,0001129137
1524684,GLCNF,Glencore plc/ADR,0001524684
895421,MS-PK,MORGAN STANLEY,0000895421
1119639,PBR-A,PETROBRAS - PETROLEO BRASILEIRO SA,0001119639
1106215,KDDIF,KDDI CORP,0001106215
1140625,STOHF,EQUINOR ASA,0001140625
924613,NOKBF,NOKIA CORP,0000924613
895421,MS-PE,MORGAN STANLEY,0000895421
929869,RLXXF,RELX PLC,0000929869
1329099,BAIDF,"Baidu, Inc.",0001329099
835403,DGEAF,DIAGEO PLC,0000835403
1002242,EIPAF,ENI SPA,0001002242
1166691,CCZ,COMCAST CORP,0001166691
719245,WEBNF,WESTPAC BANKING CORP,0000719245
1107457,IFNNF,INFINEON TECHNOLOGIES AG,0001107457
1335730,MZHOF,MIZUHO FINANCIAL GROUP INC,0001335730
47710,HTHIF,HITACHI LTD,0000047710
1004315,NGGTF,NATIONAL GRID PLC,0001004315
1395064,TKPHF,TAKEDA PHARMACEUTICAL CO LTD,0001395064
1446519,DKILF,Daikin Industries Ltd,0001446519
718940,BECEF,BCE INC,0000718940
1063761,SPG-PJ,SIMON PROPERTY GROUP INC.,0001063761
1512673,BSQKZ,"Block, Inc.",0001512673
30554,CTA-PA,"EIDP, Inc.",0000030554
1232384,TNCAF,TC ENERGY CORP,0001232384
1039765,INGVF,ING GROEP NV,0001039765
1099219,MET-PA,METLIFE INC,0001099219
1269238,TRPCF,Trip.com Group Ltd,0001269238
355363,ITOCF,ITOCHU CORP,0000355363
1099219,MET-PE,METLIFE INC,0001099219
1160106,LLDTF,Lloyds Banking Group plc,0001160106
842180,BBVXF,"BANCO BILBAO VIZCAYA ARGENTARIA, S.A.",0000842180
1900304,HLNCF,Haleon plc,0001900304
1232384,TCANF,TC ENERGY CORP,0001232384
1393311,PSA-PH,Public Storage,0001393311
1549802,JDCMF,"JD.com, Inc.",0001549802
715153,HNDAF,HONDA MOTOR CO LTD,0000715153
1446250,BAMXF,Bayerische Motoren Werke AG/ADR,0001446250
1359519,SVNDF,SEVEN & I HOLDINGS CO LTD,0001359519
1002788,BMDPF,BANCA MONTE DEI PASCHI DI SIENA SPA,0001002788
1001085,BAMGF,BROOKFIELD Corp /ON/,0001001085
1450468,MRAAF,"Murata Manufacturing Co., Ltd./ADR",0001450468
1569964,PINXF,People's Insurance Co (Group) of China Limited/ADR,0001569964
886986,TCKRF,TECK RESOURCES LTD,0000886986
46619,HEI-A,HEICO CORP,0000046619
1279967,CRARF,CREDIT AGRICOLE S A,0001279967
1136808,ENAKF,E.ON SE,0001136808
844150,RBSPF,NatWest Group plc,0000844150
717826,ERIXF,ERICSSON LM TELEPHONE CO,0000717826
1116578,PUKPF,PRUDENTIAL PLC,0001116578
844551,WOPEF,WOODSIDE ENERGY GROUP LTD,0000844551
1038143,FNCTF,ORANGE,0001038143
1406234,BIP,Brookfield Infrastructure Partners L.P.,0001406234
920760,LEN-B,LENNAR CORP /NEW/,0000920760
899051,ALL-PH,ALLSTATE CORP,0000899051
1535628,CIXPF,CaixaBank/ADR,0001535628
312069,BCLYF,BARCLAYS PLC,0000312069
943819,RSMDF,RESMED INC,0000943819
1012037,CODGF,COMPAGNIE DE SAINT GOBAIN,0001012037
1791706,LAAOF,Li Auto Inc.,0001791706
1330306,VWSYF,VESTAS WIND SYSTEMS A/S,0001330306
1070304,ORXCF,ORIX CORP,0001070304
814052,TEFOF,TELEFONICA S A,0000814052
839923,VODPF,VODAFONE GROUP PUBLIC LTD CO,0000839923
1160330,BBDO,BANK BRADESCO,0001160330
1560385,FWONK,Liberty Media Corp,0001560385
1434265,GNMSF,GENMAB A/S,0001434265
1712356,HRNNF,Hydro One Ltd,0001712356
1700171,ANNSF,Aena S.A./ADR,0001700171
1297996,DLR-PK,"DIGITAL REALTY TRUST, INC.",0001297996
932787,STMEF,STMicroelectronics N.V.,0000932787
1142231,HKHHF,HEINEKEN HOLDING N V,0001142231
1243429,AMSYF,ArcelorMittal,0001243429
1436778,SAXPF,Sampo OYJ,0001436778
16988,CAJPY,CANON INC,0000016988
1038683,RYAOF,RYANAIR HOLDINGS PLC,0001038683
63754,MKC-V,MCCORMICK & CO INC,0000063754
1190723,TNRSF,TENARIS SA,0001190723
1618755,RSTRF,Restaurant Brands International Limited Partnership,0001618755
801645,MARUF,MARUBENI CORP /FI,0000801645
92122,SOJC,SOUTHERN CO,0000092122
16988,CAJFF,CANON INC,0000016988
1396282,HMRZF,H&M HENNES & MAURITZ AB,0001396282
798941,FCNCB,FIRST CITIZENS BANCSHARES INC /DE/,0000798941
910631,COCSF,COCA COLA FEMSA SAB DE CV,0000910631
858446,ICHGF,INTERCONTINENTAL HOTELS GROUP PLC /NEW/,0000858446
1126113,TELNF,TELENOR ASA,0001126113
733099,RCIAF,ROGERS COMMUNICATIONS INC,0000733099
1754301,FOX,Fox Corp,0001754301
1810997,XPNGF,XPENG INC.,0001810997
1617640,Z,"ZILLOW GROUP, INC.",0001617640
93751,STT-PG,STATE STREET CORP,0000093751
57083,KYOCF,KYOCERA CORP,0000057083
1560385,FWONB,Liberty Media Corp,0001560385
1163420,MTNOF,MTN GROUP LTD/ADR,0001163420
1516534,EDRVY,EDP Renewables S.A./ADR,0001516534
1459334,BKZHY,Santander Bank Polska SA/ADR,0001459334
1450346,POAHF,Porsche Automobil Holding SE / ADR,0001450346
1163653,NRSCF,NOMURA HOLDINGS INC,0001163653
1564708,NWS,NEWS CORP,0001564708
1159152,JHIUF,James Hardie Industries plc,0001159152
1518542,SPXSF,Spirax-Sarco Engineering PLC/ADR,0001518542
313216,RYLPF,KONINKLIJKE PHILIPS NV,0000313216
1748790,AMCCF,Amcor plc,0001748790
912595,MAA,MID AMERICA APARTMENT COMMUNITIES INC.,0000912595
1450159,SURDF,"Sumitomo Realty & Development Co., Ltd./ADR",0001450159
12208,BIO-B,"BIO-RAD LABORATORIES, INC.",0000012208
1041668,CHKIF,CHINA SOUTHERN AIRLINES CO LTD,0001041668
1158838,ADTTF,ADVANTEST CORP,0001158838
91576,KEY-PK,KEYCORP /NEW/,0000091576
904868,FSNUF,Fresenius SE & Co. KGaA,0000904868
818686,TEVJF,TEVA PHARMACEUTICAL INDUSTRIES LTD,0000818686
3124,AKZOF,AKZO NOBEL NV,0000003124
1281721,SGIOF,SHIONOGI & CO LTD,0001281721
915191,FRFFF,FAIRFAX FINANCIAL HOLDINGS LTD/ CAN,0000915191
1858681,APO-PA,"Apollo Global Management, Inc.",0001858681
91576,KEY-PI,KEYCORP /NEW/,0000091576
1736541,NIOIF,NIO Inc.,0001736541
927971,FNGD,BANK OF MONTREAL /CAN/,0000927971
1172724,GFIOF,GOLD FIELDS LTD,0001172724
1003935,NCSYF,NICE Ltd.,0001003935
930157,RKLIF,RENTOKIL INITIAL PLC /FI,0000930157
930826,SVYSF,SOLVAY S A /ADR/,0000930826
1474968,GELYF,Geely Automobile Holdings Limited/ADR,0001474968
1333172,NMPGY,Navios Maritime Holdings Inc.,0001333172
105016,WSO-B,WATSCO INC,0000105016
1333141,FMCQF,Fresenius Medical Care AG,0001333141
912595,MAA-PI,MID AMERICA APARTMENT COMMUNITIES INC.,0000912595
1611983,LBRDB,Liberty Broadband Corp,0001611983
1281761,RF-PC,REGIONS FINANCIAL CORP,0001281761
845982,SNNUF,SMITH & NEPHEW PLC,0000845982
1442651,SHECF,"Shin-Etsu Chemical Co., Ltd.",0001442651
1611983,LBRDK,Liberty Broadband Corp,0001611983
1072397,BZLFF,BUNZL PLC,0001072397
1161611,ALMMF,ALUMINUM CORP OF CHINA LTD,0001161611
1127248,ERRAF,EMERA INC,0001127248
14693,BF-B,BROWN FORMAN CORP,0000014693
1437441,PIRBF,Piraeus Bank S.A.,0001437441
4457,UHAL-B,U-Haul Holding Co /NV/,0000004457
1786909,SBYSF,Sibanye Stillwater Ltd,0001786909
24545,TAP-A,MOLSON COORS BEVERAGE CO,0000024545
1446597,DQJCF,Don Quijote Holdings Co Ltd,0001446597
1504122,PBNNF,PT Bank Negara Indonesia (Persero) Tbk/ADR,0001504122
806968,WPPGF,WPP plc,0000806968
1437672,PRYMF,Prysmian S.p.A.,0001437672
1062066,AOMFF,ALSTOM,0001062066
1347557,GPAEF,Pacific Airport Group,0001347557
1034983,MNBEF,MINEBEA MITSUMI Inc.,0001034983
769218,AEGOF,AEGON LTD.,0000769218
1026214,FREJO,FEDERAL HOME LOAN MORTGAGE CORP,0001026214
95227,SMTOF,SUMITOMO ELECTRIC INDUSTRIES LTD/ADR/,0000095227
1447100,YAMHF,"Yamaha Motor Co., Ltd.",0001447100
2057463,GLIBB,Liberty Capital Corp/NV,0002057463
353991,NDEKF,NITTO DENKO CORP / ADR/,0000353991
1123452,ASRMF,SOUTHEAST AIRPORT GROUP,0001123452
1604982,SBMFF,Sino Biopharmaceutical Limited/ADR,0001604982
1567172,JGSHF,"JG Summit Holdings, Inc./ADR",0001567172
1570585,LBTYB,Liberty Global Ltd.,0001570585
100826,UEPCN,UNION ELECTRIC CO,0000100826
1076378,CXMSF,CEMEX SAB DE CV,0001076378
2072563,SAPIF,Saputo Inc./ADR,0002072563
1157557,CIG-C,ENERGY CO OF MINAS GERAIS,0001157557
1544379,DINRF,"SCREEN Holdings Co., Ltd./ADR",0001544379
938323,PSORF,PEARSON PLC,0000938323
100826,UEPEO,UNION ELECTRIC CO,0000100826
100826,UEPEP,UNION ELECTRIC CO,0000100826
1884082,PSNYW,Polestar Automotive Holding UK PLC,0001884082
314590,SASOF,SASOL LTD,0000314590
899689,VNORP,VORNADO REALTY TRUST,0000899689
1600520,OSCUF,"Japan Exchange Group, Inc./ADR",0001600520
1372920,NWOEF,New Oriental Education & Technology Group Inc.,0001372920
1346287,CLUS,Cluster Group Holdings Ltd Co,0001346287
899689,VNO-PL,VORNADO REALTY TRUST,0000899689
100826,UEPCP,UNION ELECTRIC CO,0000100826
899689,VNO-PM,VORNADO REALTY TRUST,0000899689
1453932,UNBLF,Unibail-Rodamco SE/ADR,0001453932
1447100,YMHAY,"Yamaha Motor Co., Ltd.",0001447100
100826,UEPEN,UNION ELECTRIC CO,0000100826
1723690,BLBLF,Bilibili Inc.,0001723690
1535929,VOYA-PB,"Voya Financial, Inc.",0001535929
1562805,XZJCF,Mitsui Kinzoku Co Ltd./ADR,0001562805
1438569,GIFLF,Grifols SA,0001438569
1668501,KOSCF,Kose Corporation/ADR,0001668501
1489079,PADEF,Adaro Energy PT/ADR/,0001489079
1438569,GIFOF,Grifols SA,0001438569
1710864,MSUXF,Misumi Group Inc./ADR,0001710864
1647435,ATDRF,Auto Trader Group plc/ADR,0001647435
1481045,DSECF,Daiwa Securities Group Inc.,0001481045
811156,CMSA,CMS ENERGY CORP,0000811156
1040971,SLG-PI,SL GREEN REALTY CORP,0001040971
1581285,BCUCF,Brunello Cucinelli S.p.A./ADR,0001581285
1671235,BMRPF,B&M European Value Retail S.A./ADR,0001671235
1581760,LIFX,"Life360, Inc.",0001581760
1438569,GIKLY,Grifols SA,0001438569
1012019,RUSHB,RUSH ENTERPRISES INC \TX\,0001012019
793742,HACBY,HACHIJUNI BANK LTD,0000793742
1506721,BLFBY,Balfour Beatty plc/ADR,0001506721
1642365,ALTB,Alpine Auto Brokers Inc.,0001642365
2084022,SFGRF,Sony Financial Group Inc./ADR,0002084022
5513,UNMA,Unum Group,0000005513
1370418,SLFPF,STANDARD LIFE PLC,0001370418
1516536,RTMVF,Rightmove PLC/ADR,0001516536
1446420,MITUF,Mitsui Chemicals Inc,0001446420
763901,BPOPO,"POPULAR, INC.",0000763901
1023514,HGMCF,HARMONY GOLD MINING CO LTD,0001023514
921638,SSRGF,SSR MINING INC.,0000921638
2068427,ZLDPF,Zealand Pharma A/S/ADR,0002068427
78150,PHTCF,PLDT Inc.,0000078150
1004980,PCG-PE,PG&E Corp,0001004980
925261,AKO-B,ANDINA BOTTLING CO INC,0000925261
1362898,AVLNF,Avalon Advanced Materials Inc.,0001362898
1469395,PPENF,Pampa Energy Inc.,0001469395
1004980,PCG-PD,PG&E Corp,0001004980
1004980,PCG-PC,PG&E Corp,0001004980
310522,FNMFN,FEDERAL NATIONAL MORTGAGE ASSOCIATION FANNIE MAE,0000310522
1004980,PCG-PH,PG&E Corp,0001004980
1004980,PCG-PG,PG&E Corp,0001004980
1378239,GAERF,Central North Airport Group,0001378239
1214816,AXS-PE,AXIS CAPITAL HOLDINGS LTD,0001214816
936340,DTW,DTE ENERGY CO,0000936340
908732,SPTJF,SINOPEC SHANGHAI PETROCHEMICAL CO LTD,0000908732
1445211,PIFMF,"Indofood Sukses Makmur, Tbk",0001445211
1004980,PCG-PI,PG&E Corp,0001004980
729580,BELFB,BEL FUSE INC /NJ,0000729580
1671750,DISPF,Disco Corporation/ADR,0001671750
932470,TCMFF,TELECOM ARGENTINA SA,0000932470
1032033,SLMBP,SLM Corp,0001032033
1049724,DLAKF,DEUTSCHE LUFTHANSA A G /FI,0001049724
720672,SF-PB,STIFEL FINANCIAL CORP,0000720672
1465740,TWO-PC,TWO HARBORS INVESTMENT CORP.,0001465740
8063,ATROB,ASTRONICS CORP,0000008063
2047190,TCGL,TechCreate Group Ltd.,0002047190
1570585,LBTYK,Liberty Global Ltd.,0001570585
1958140,BATRK,"Atlanta Braves Holdings, Inc.",0001958140
43920,GEF-B,"GREIF, INC",0000043920
1447101,TYTMF,Tokyo Tatemono Co Ltd,0001447101
67887,MOG-B,MOOG INC.,0000067887
714310,VLYPP,VALLEY NATIONAL BANCORP,0000714310
1592049,RYKKF,Ryohin Keikaku Co/ADR,0001592049
1465740,TWO-PB,TWO HARBORS INVESTMENT CORP.,0001465740
1465740,TWO-PA,TWO HARBORS INVESTMENT CORP.,0001465740
11544,WRB-PE,BERKLEY W R CORP,0000011544
1536787,SOHGY,ALSOK Co Ltd./ADR,0001536787
801337,WBS-PF,WEBSTER FINANCIAL CORP,0000801337
714310,VLYPO,VALLEY NATIONAL BANCORP,0000714310
1511337,RLJ-PA,RLJ Lodging Trust,0001511337
1474098,PEB-PF,Pebblebrook Hotel Trust,0001474098
1474098,PEB-PE,Pebblebrook Hotel Trust,0001474098
1409493,CIM-PA,CHIMERA INVESTMENT CORP,0001409493
1336917,UA,"Under Armour, Inc.",0001336917
99614,TY-P,TRI-CONTINENTAL Corp,0000099614
1545057,PTXAF,PT XLSMART Telecom Sejahtera Tbk/ADR,0001545057
1648257,HMDCF,HUTCHMED (China) Ltd,0001648257
1026214,FMCCG,FEDERAL HOME LOAN MORTGAGE CORP,0001026214
310522,FNMAM,FEDERAL NATIONAL MORTGAGE ASSOCIATION FANNIE MAE,0000310522
18654,AILLI,Ameren Illinois Co,0000018654
1660734,TRTN-PA,Triton International Ltd,0001660734
1618563,NSA-PA,National Storage Affiliates Trust,0001618563
1958140,BATRB,"Atlanta Braves Holdings, Inc.",0001958140
107815,WELPP,WISCONSIN ELECTRIC POWER CO,0000107815
887733,CENTA,CENTRAL GARDEN & PET CO,0000887733
18654,AILLM,Ameren Illinois Co,0000018654
18654,AILLN,Ameren Illinois Co,0000018654
1448611,CDGLF,ComfortDelGro Corp Ltd,0001448611
310522,FNMAN,FEDERAL NATIONAL MORTGAGE ASSOCIATION FANNIE MAE,0000310522
1628063,SRG-PA,Seritage Growth Properties,0001628063
98677,TROLB,TOOTSIE ROLL INDUSTRIES INC,0000098677
1174511,AEBZY,ANADOLU EFES BIRACILIK VE MALT SANAYI A S/ADR,0001174511
18654,AILIM,Ameren Illinois Co,0000018654
1026214,FMCCJ,FEDERAL HOME LOAN MORTGAGE CORP,0001026214
310522,FNMAI,FEDERAL NATIONAL MORTGAGE ASSOCIATION FANNIE MAE,0000310522
1770561,CODQL,Coronado Global Resources Inc.,0001770561
885275,WBHC,WILSON BANK HOLDING CO,0000885275
1421876,GLPGF,Lakefront Biotherapeutics NV,0001421876
1489088,TBNGY,PT Bukit Asam Tbk/ADR,0001489088
18654,AILLO,Ameren Illinois Co,0000018654
910108,LXP-PC,LXP Industrial Trust,0000910108
310522,FNMAT,FEDERAL NATIONAL MORTGAGE ASSOCIATION FANNIE MAE,0000310522
18654,AILIN,Ameren Illinois Co,0000018654
310522,FNMAK,FEDERAL NATIONAL MORTGAGE ASSOCIATION FANNIE MAE,0000310522
2035057,IFCNF,Inficon Holding AG/ADR,0002035057
310522,FNMAL,FEDERAL NATIONAL MORTGAGE ASSOCIATION FANNIE MAE,0000310522
310522,FNMFM,FEDERAL NATIONAL MORTGAGE ASSOCIATION FANNIE MAE,0000310522
18654,AILLP,Ameren Illinois Co,0000018654
107140,WLYB,"JOHN WILEY & SONS, INC.",0000107140
310522,FNMAO,FEDERAL NATIONAL MORTGAGE ASSOCIATION FANNIE MAE,0000310522
1562296,TUFBY,Thai Union Group Public Co Limited/ADR,0001562296
310522,FNMAG,FEDERAL NATIONAL MORTGAGE ASSOCIATION FANNIE MAE,0000310522
310522,FNMFO,FEDERAL NATIONAL MORTGAGE ASSOCIATION FANNIE MAE,0000310522
1423210,ARZTF,ARYZTA AG (fka IAWS GROUP PLC),0001423210
1754195,TCNNF,Trulieve Cannabis Corp.,0001754195
1260729,GDV-PH,GABELLI DIVIDEND & INCOME TRUST,0001260729
1553079,FISK,"Empire State Realty OP, L.P.",0001553079
912892,GRPFF,"GRUPO TELEVISA, S.A.B.",0000912892
1412558,EVOTF,Evotec SE,0001412558
1504461,NGL-PC,NGL Energy Partners LP,0001504461
907254,BFS-PD,"SAUL CENTERS, INC.",0000907254
1026214,FMCCL,FEDERAL HOME LOAN MORTGAGE CORP,0001026214
1553079,OGCP,"Empire State Realty OP, L.P.",0001553079
845877,AGM-A,FEDERAL AGRICULTURAL MORTGAGE CORP,0000845877
1671541,DRSHF,DroneShield Ltd,0001671541
1026214,FMCKL,FEDERAL HOME LOAN MORTGAGE CORP,0001026214
1569963,LTGHF,Life Healthcare Group Holdings Limited/ADR,0001569963
1464423,PMT-PA,PennyMac Mortgage Investment Trust,0001464423
1712184,LILAK,Liberty Latin America Ltd.,0001712184
1464423,PMT-PB,PennyMac Mortgage Investment Trust,0001464423
1868726,OLPX,"OLAPLEX HOLDINGS, INC.",0001868726
1578955,SBOEF,SBO AG/ADR,0001578955
1712184,LILAB,Liberty Latin America Ltd.,0001712184
1026214,FMCCS,FEDERAL HOME LOAN MORTGAGE CORP,0001026214
1412100,MHLA,"Maiden Holdings, Ltd.",0001412100
1026214,FMCCO,FEDERAL HOME LOAN MORTGAGE CORP,0001026214
1726173,BH,Biglari Holdings Inc.,0001726173
1345126,CODI-PB,Compass Diversified Holdings,0001345126
1026214,FMCKN,FEDERAL HOME LOAN MORTGAGE CORP,0001026214
1026214,FREJN,FEDERAL HOME LOAN MORTGAGE CORP,0001026214
1503154,CMGMF,Chemring Group PLC/ADR,0001503154
1026214,FMCCN,FEDERAL HOME LOAN MORTGAGE CORP,0001026214
1026214,FMCKO,FEDERAL HOME LOAN MORTGAGE CORP,0001026214
1026214,FMCKJ,FEDERAL HOME LOAN MORTGAGE CORP,0001026214
1026214,FMCKM,FEDERAL HOME LOAN MORTGAGE CORP,0001026214
1026214,FREGP,FEDERAL HOME LOAN MORTGAGE CORP,0001026214
1598655,GLOP-PA,GasLog Partners LP,0001598655
1026214,FMCCH,FEDERAL HOME LOAN MORTGAGE CORP,0001026214
1026214,FMCCK,FEDERAL HOME LOAN MORTGAGE CORP,0001026214
719413,HL-PB,HECLA MINING CO/DE/,0000719413
800457,DGICB,DONEGAL GROUP INC,0000800457
1026214,FMCCP,FEDERAL HOME LOAN MORTGAGE CORP,0001026214
1848731,GLASF,Glass House Brands Inc.,0001848731
1026214,FMCCM,FEDERAL HOME LOAN MORTGAGE CORP,0001026214
1579214,EEX,"Emerald Holding, Inc.",0001579214
1026214,FMCKP,FEDERAL HOME LOAN MORTGAGE CORP,0001026214
1175535,WSR,Whitestone REIT,0001175535
88948,SENEB,Seneca Foods Corp,0000088948
1897463,GRAF-UN,Graf Global Corp.,0001897463
1164009,FXCNF,FIH Mobile Ltd,0001164009
2079013,HCACU,Hall Chadwick Acquisition Corp,0002079013
2001201,FUEMF,Fuerte Metals Corp,0002001201
55135,KELYB,KELLY SERVICES INC,0000055135
1434868,ESPR,"Esperion Therapeutics, Inc.",0001434868
43196,GTN-A,"GRAY MEDIA, INC",0000043196
1072725,GDRZF,GOLD RESERVE LTD,0001072725
1345099,MEOBF,MESOBLAST LTD,0001345099
1023512,DRDGF,DRDGOLD LTD,0001023512
357294,HOVVB,HOVNANIAN ENTERPRISES INC,0000357294
1503584,CMRE-PC,Costamare Inc.,0001503584
1290877,CLVLF,Clinuvel Pharmaceuticals Ltd,0001290877
1561032,HLTC,"National Healthcare Properties, Inc.",0001561032
216085,HVT-A,HAVERTY FURNITURE COMPANIES INC,0000216085
921671,GGT-PE,GABELLI MULTIMEDIA TRUST INC.,0000921671
1505065,BRSYF,Brainsway Ltd.,0001505065
752642,UMH-PD,"UMH PROPERTIES, INC.",0000752642
1495222,OXLCM,Oxford Lane Capital Corp.,0001495222
1537543,MTGRF,MGX Resources Limited/ADR,0001537543
1271554,ERLFF,Entree Resources Ltd.,0001271554
2133810,TIHRF,Tharisa plc,0002133810
1587987,NEWTI,"NewtekOne, Inc.",0001587987
1782999,PTCHF,PureTech Health plc,0001782999
1495222,OXLCO,Oxford Lane Capital Corp.,0001495222
25475,CRD-B,CRAWFORD & CO,0000025475
1169445,TBRG,"TruBridge, Inc.",0001169445
1290877,CLVLY,Clinuvel Pharmaceuticals Ltd,0001290877
2034269,CEPT,"Cantor Equity Partners II, Inc.",0002034269
1762303,AVHHL,"AVITA Medical, Inc.",0001762303
1762506,VSOGF,"Vista Energy, S.A.B. de C.V.",0001762506
863110,ARTNB,ARTESIAN RESOURCES CORP,0000863110
1009759,CGEH,"Capstone Energy Plus, Inc.",0001009759
1815620,CKDXF,Opthea Ltd,0001815620
23426,CNTHP,CONNECTICUT LIGHT & POWER CO,0000023426
1400891,IHRTB,"iHeartMedia, Inc.",0001400891
23426,CNLPL,CONNECTICUT LIGHT & POWER CO,0000023426
1896084,GSCCF,ioneer Ltd,0001896084
1227857,NCZ-PA,Virtus Convertible & Income Fund II,0001227857
1799191,DFPH,"Oncology Institute, Inc.",0001799191
1318885,DSX-PB,DIANA SHIPPING INC.,0001318885
23426,CNTHO,CONNECTICUT LIGHT & POWER CO,0000023426
1846253,OABI,"OmniAb, Inc.",0001846253
1641601,RVRF,River Financial Corp,0001641601
1571776,CHMI-PB,Cherry Hill Mortgage Investment Corp,0001571776
1854078,RLFTY,MindMaze Therapeutics Holding SA,0001854078
2074850,SVAC,General Fusion Group Ltd.,0002074850
1506184,PRRUF,IMMUTEP Ltd,0001506184
23426,CNTHN,CONNECTICUT LIGHT & POWER CO,0000023426
1479615,SLNCF,Silence Therapeutics plc,0001479615
1944885,APLMW,Apollomics Inc.,0001944885
23426,CNLHP,CONNECTICUT LIGHT & POWER CO,0000023426
1243429,ARCXF,ArcelorMittal,0001243429
23426,CNLTP,CONNECTICUT LIGHT & POWER CO,0000023426
1577568,HEXEY,Euronext Athens Holding S.A./ADR,0001577568
23426,CNLTL,CONNECTICUT LIGHT & POWER CO,0000023426
1598599,IPHYF,Innate Pharma SA,0001598599
23426,CNPWM,CONNECTICUT LIGHT & POWER CO,0000023426
1653558,PRTHU,"Priority Technology Holdings, Inc.",0001653558
1571776,CHMI-PA,Cherry Hill Mortgage Investment Corp,0001571776
23426,CNLHO,CONNECTICUT LIGHT & POWER CO,0000023426
23426,CNPWP,CONNECTICUT LIGHT & POWER CO,0000023426
1495240,LANDP,GLADSTONE LAND Corp,0001495240
23426,CNLPM,CONNECTICUT LIGHT & POWER CO,0000023426
23426,CNLTN,CONNECTICUT LIGHT & POWER CO,0000023426
1697884,VSBC,VITASPRING BIOMEDICAL CO. LTD.,0001697884
71508,ENO,"ENTERGY NEW ORLEANS, LLC",0000071508
23426,CNLHN,CONNECTICUT LIGHT & POWER CO,0000023426
1851651,BNIGF,Beroni Group Ltd,0001851651
1756594,IVEVF,Inventiva S.A.,0001756594
1823635,ECXJ,"CXJ GROUP CO., Ltd",0001823635
1434754,SB-PC,"SAFE BULKERS, INC.",0001434754
1347123,EBRCZ,"EBR Systems, Inc.",0001347123
2129284,AMEGF,American Eagle Gold Corp.,0002129284
2031760,VROYF,Vizsla Royalties Corp.,0002031760
1855743,ARRKF,ARRAS MINERALS CORP.,0001855743
1394189,CHPGF,Chesapeake Gold Corp,0001394189
1726079,LUCN,"Lucent, Inc.",0001726079
1814974,BBXIB,"BBX Capital, Inc.",0001814974
895574,VFL,abrdn National Municipal Income Fund,0000895574
1335105,LIXT,"NOMAD POWER SOLUTIONS, INC.",0001335105
1357671,CRTD,"Creatd, Inc.",0001357671
2042320,AOAO,Alpha One Inc.,0002042320
1552800,TTSH,"TILE SHOP HOLDINGS, INC.",0001552800
1804583,RAASY,Cloopen Group Holding Ltd,0001804583
716634,RDIB,READING INTERNATIONAL INC,0000716634
818677,SFDL,SECURITY FEDERAL CORP,0000818677
1908984,ENDI,ENDI Corp.,0001908984
1859795,NVNXF,NOVONIX Ltd,0001859795
9521,BCV-PA,BANCROFT FUND LTD,0000009521
1668340,BCTF,"Bancorp 34, Inc.",0001668340
1526475,HUSIF,NICOLA MINING INC.,0001526475
1589150,RGBPP,Regen BioPharma Inc,0001589150
1007273,BKSC,BANK OF SOUTH CAROLINA CORP,0001007273
1282957,GLU-PB,GABELLI GLOBAL UTILITY & INCOME TRUST,0001282957
1389207,GFASY,Gafisa S.A.,0001389207
942149,OCGSF,Outcrop Silver & Gold Corp,0000942149
1882198,ATEK,Athena Technology Acquisition Corp. II,0001882198
1847360,BCOW,"1895 Bancorp of Wisconsin, Inc. /MD/",0001847360
1854078,RLFTF,MindMaze Therapeutics Holding SA,0001854078
202947,CPTP,CAPITAL PROPERTIES INC /RI/,0000202947
1430725,GSL-PB,"Global Ship Lease, Inc.",0001430725
1482430,KBSR,"KBS Real Estate Investment Trust III, Inc.",0001482430
1845799,CULL,"Cullman Bancorp, Inc. /MD/",0001845799
1429393,TKLS,"Trutankless, Inc.",0001429393
1865248,CMCAF,Piermont Valley Acquisition Corp,0001865248
1907425,JOCM,JOCOM HOLDINGS CORP.,0001907425
1489874,GGROU,Golden Growers Cooperative,0001489874
1845149,CBRRF,Chain Bridge I,0001845149
1605888,ATLN,CIRCLE8 GROUP INC,0001605888
1301236,SOHON,Sotherly Hotels Inc.,0001301236
797564,HSTC,"HST Global, Inc.",0000797564
1086303,HCIL,"Hongchang International Co., Ltd",0001086303
1876716,ASCBF,ASPAC II Acquisition Corp.,0001876716
1850059,FSHPU,Flag Ship Acquisition Corp,0001850059
1593549,LIVG,"Livento Group, Inc.",0001593549
1779474,MAPS,"WM TECHNOLOGY, INC.",0001779474
1050446,STRC,Strategy Inc,0001050446
1703118,FUUFF,F3 Uranium Corp.,0001703118
1087456,UBOH,UNITED BANCSHARES INC/OH,0001087456
1075706,CIZN,CITIZENS HOLDING CO /MS/,0001075706
1550453,TRLC,TriLinc Global Impact Fund LLC,0001550453
1807983,MDNAF,Medicenna Therapeutics Corp.,0001807983
1302084,NSRCF,NextSource Materials Inc.,0001302084
1804792,ARSMF,ARES STRATEGIC MINING INC.,0001804792
1468639,VICP,"Vicapsys Life Sciences, Inc.",0001468639
1445654,NZEOF,New Zealand Oil & Gas Ltd/ADR,0001445654
1846084,JETBF,Global Crossing Airlines Group Inc.,0001846084
1814974,BBXIA,"BBX Capital, Inc.",0001814974
1041657,UONEK,"URBAN ONE, INC.",0001041657
1452804,RMHI,"Retrieve Medical Holdings, Inc.",0001452804
1854463,WINV,WinVest Acquisition Corp.,0001854463
1408146,SCYYF,SCANDIUM INTERNATIONAL MINING CORP.,0001408146
1738699,WSKEF,Wisekey International Holding S.A.,0001738699
1823365,GBNY,"Generations Bancorp NY, Inc.",0001823365
1723059,BIOE,Bio Essence Corp,0001723059
1969475,BAYA,Bayview Acquisition Corp,0001969475
1620678,ANPCF,ANGLE plc,0001620678
1099234,MLMC,"FrankSpeech Network, Inc.",0001099234
1050606,SALM,"SALEM MEDIA GROUP, INC. /DE/",0001050606
943034,AATC,AUTOSCOPE TECHNOLOGIES CORP,0000943034
1563568,EVTV,"AZIO AI HOLDINGS, INC.",0001563568
1619312,LTSV,"Lightstone Value Plus REIT IV, Inc.",0001619312
1000045,OMCC,OLD MARKET CAPITAL Corp,0001000045
1569340,CLCS,"Cell Source, Inc.",0001569340
1365388,HSTI,"High Sierra Technologies, Inc.",0001365388
1800373,GWLL,"GOLDENWELL BIOTECH, INC.",0001800373
1076691,OSBK,OCONEE FINANCIAL CORP,0001076691
1891512,XTXXF,Adastra Holdings Ltd.,0001891512
838875,WVVIP,WILLAMETTE VALLEY VINEYARDS INC,0000838875
1861233,ILLMF,illumin Holdings Inc.,0001861233
1826000,LTCH,"Latch, Inc.",0001826000
1331421,HLLK,"HALLMARK VENTURE GROUP, INC.",0001331421
1913838,VWFB,"VWF Bancorp, Inc.",0001913838
1101026,ZIVO,"Zivo Bioscience, Inc.",0001101026
1301854,MRZLF,Mirasol Resources Ltd,0001301854
1158399,BRCNF,Burcon NutraScience Corp,0001158399
86115,SFES,SAFEGUARD SCIENTIFICS INC,0000086115
1956166,MSW,Ming Shing Group Holdings Ltd,0001956166
1497649,GSTX,Graphene & Solar Technologies Ltd,0001497649
1568628,BQST,Bioquest Corp,0001568628
1528188,WNFT,Worldwide NFT Inc.,0001528188
1095146,ABIT,Athena Bitcoin Global,0001095146
1527541,WHLRD,"Wheeler Real Estate Investment Trust, Inc.",0001527541
890066,GLBZ,GLEN BURNIE BANCORP,0000890066
1815974,ANEB,"Anebulo Pharmaceuticals, Inc.",0001815974
1131343,PRNAF,ALTERITY THERAPEUTICS LTD,0001131343
2123346,MNTCF,"Montage Technology Co., Ltd./ADR",0002123346
1895251,SGTM,"Sustainable Green Team, Ltd.",0001895251
1376986,TVE,Tennessee Valley Authority,0001376986
1827855,MCLE,Medicale Corp.,0001827855
1376986,TVC,Tennessee Valley Authority,0001376986
1001601,MGTI,"MGT CAPITAL INVESTMENTS, INC.",0001001601
1400271,CUBT,Curative Biotechnology Inc,0001400271
1133798,TXRP,"TX Rail Products, Inc.",0001133798
1673504,AGLY,Atlantis Glory Inc.,0001673504
942126,TAIT,TAITRON COMPONENTS INC,0000942126
2040753,XONI,"Xtreme One Entertainment, Inc.",0002040753
1420108,GLUC,"Glucose Health, Inc.",0001420108
1350156,PAXH,PREAXIA HEALTH CARE PAYMENT SYSTEMS INC.,0001350156
1816554,EVTK,EVENTIKO INC.,0001816554
1771755,SWISF,Sekur Private Data Ltd.,0001771755
1490054,APHD,"VERDE BIO HOLDINGS, INC.",0001490054
1763925,CJAX,CoJax Oil & Gas Corp,0001763925
936801,FEOVF,OCEANIC IRON ORE CORP,0000936801
1539680,HMMR,HAMMER TECHNOLOGY HOLDINGS CORP.,0001539680
1016178,CARV,CARVER BANCORP INC,0001016178
1737270,NEXCF,Nextech3D.AI Corp.,0001737270
1996210,BLMH,"BLUM HOLDINGS, INC.",0001996210
1092570,FULO,FULLNET COMMUNICATIONS INC,0001092570
1565228,VISL,"Vislink Technologies, Inc.",0001565228
1119643,NPHC,NUTRA PHARMA CORP,0001119643
1574676,NGHI,"Galenfeha, Inc.",0001574676
1777765,VQSSF,VIQ Solutions Inc.,0001777765
727346,GBCS,"SELECTIS HEALTH, INC.",0000727346
1468978,SITS,"SOUTHERN ITS INTERNATIONAL, INC.",0001468978
1854233,EGLXF,Enthusiast Gaming Holdings Inc. / Canada,0001854233
1138867,EESH,"EESTech, Inc.",0001138867
1397795,BRRN,Bryn Inc.,0001397795
924095,MVCO,"Metavesco, Inc.",0000924095
1508786,SLTN,"SILVERTON ENERGY, INC.",0001508786
1115864,ILXP,ECOMINAS CORP.,0001115864
1548958,BBBXF,Brixton Metals Corp,0001548958
1715433,LCHD,Leader Capital Holdings Corp.,0001715433
1377167,FGCO,"Financial Gravity Companies, Inc.",0001377167
1605057,VMNT,"Vemanti Group, Inc.",0001605057
1098482,INNI,"Innovaro, Inc.",0001098482
1545224,SILEF,Silver Elephant Mining Corp.,0001545224
1394108,SUIC,SUIC Worldwide Holdings Ltd.,0001394108
1811530,NXMH,"Next Meats Holdings, Inc.",0001811530
1103090,RSCF,"REFLECT SCIENTIFIC, INC.",0001103090
1629632,EGTYF,Eguana Technologies Inc.,0001629632
1014052,DTGI,"Digerati Technologies, Inc.",0001014052
1815632,TGCB,"Tego Cyber, Inc.",0001815632
1693687,GLVT,GREENLIT VENTURES INC.,0001693687
1828098,MTTCF,Steakholder Foods Ltd.,0001828098
1584618,ACRL,"Atacama Resources International, Inc.",0001584618
1205922,VCNX,"VACCINEX, INC.",0001205922
1410708,NUVI,Emo Capital Corp.,0001410708
1281984,WDLF,"Decentral Life, Inc.",0001281984
319016,FZMD,"Fuse Medical, Inc.",0000319016
1166708,BWMG,"Brownie's Marine Group, Inc",0001166708
1477009,CANN,TREES Corp (Colorado),0001477009
1127007,VYRE,CABO VERDE CAPITAL INC.,0001127007
1384365,RDAR,"Telvantis, Inc.",0001384365
930775,ECIA,ENCISION INC,0000930775
1816723,GRFXY,Graphex Group Ltd,0001816723
1730869,EBZT,"Everything Blockchain, Inc.",0001730869
1723517,UCASU,UC Asset LP,0001723517
1435064,CETXP,CEMTREX INC,0001435064
1883083,GPLL,"GPL Holdings, Inc.",0001883083
1843588,REE,REE Automotive Ltd.,0001843588
1498372,IWAL,iWallet Corp,0001498372
724742,TPHS,Trinity Place Holdings Inc.,0000724742
1108248,KNOS,KRONOS ADVANCED TECHNOLOGIES INC,0001108248
1543623,UCLE,US NUCLEAR CORP.,0001543623
1597892,JRSS,JRSIS HEALTH CARE Corp,0001597892
1789299,WTO,UTime Ltd,0001789299
1556801,MYCB,"My City Builders, Inc.",0001556801
1133818,BPTH,"BIO-PATH HOLDINGS, INC.",0001133818
1975222,SSHT,SSHT S&T Group Ltd.,0001975222
1378866,GOGR,Go Green Global Technologies Corp.,0001378866
1434740,RNGC,Ranger Gold Corp.,0001434740
1292490,SYIN,"Synbio International, Inc.",0001292490
1452011,TNBI,Tanke Biosciences Corp,0001452011
1857910,JFTH,"Japan Food Tech Holdings, Inc.",0001857910
841533,SRMX,"SADDLE RANCH MEDIA, INC.",0000841533
1514946,AXIM,"AXIM BIOTECHNOLOGIES, INC.",0001514946
1527541,WHLRP,"Wheeler Real Estate Investment Trust, Inc.",0001527541
1144392,BKTH,MEGOLA INC,0001144392
1539029,CLSDQ,"Clearside Biomedical, Inc.",0001539029
1608092,KITL,Kisses From Italy Inc.,0001608092
1338929,AHRO,"Authentic Holdings, Inc.",0001338929
1919847,SFWJ,"Software Effective Solutions, Corp.",0001919847
803097,SPQS,"SportsQuest, Inc.",0000803097
1631463,BRLL,Barrel Energy Inc.,0001631463
1162283,MGHL,MORGAN GROUP HOLDING CO,0001162283
890725,GSAC,GELSTAT CORP,0000890725
1898643,MOBBW,Mobilicom Ltd,0001898643
1119949,MNZO,Exxsun Corp,0001119949
812306,PCYN,PROCYON CORP,0000812306
1585380,INKW,"Greene Concepts, Inc",0001585380
1289223,NWPG,"Newport Gold, Inc.",0001289223
827099,CPWR,Ocean Thermal Energy Corp,0000827099
1552189,PLSH,"PANACEA LIFE SCIENCES HOLDINGS, INC.",0001552189
1626745,FVTI,"Fortune Valley Treasures, Inc.",0001626745
1327273,LYRA,"Lyra Therapeutics, Inc.",0001327273
1973160,GMZP,GEMZ Corp. NV,0001973160
1639068,HBUV,Hubilu Venture Corp,0001639068
946112,CDSG,"China Dongsheng International, Inc.",0000946112
1435181,PHBI,Pharmagreen Biotech Inc.,0001435181
1512886,NTRR,NEUTRA CORP.,0001512886
1533357,DTII,DEFENSE TECHNOLOGIES INTERNATIONAL CORP.,0001533357
1687919,FGNV,FORGE INNOVATION DEVELOPMENT CORP.,0001687919
1061040,NGCG,"New Generation Consumer Group, Inc.",0001061040
1051514,SSKN,"STRATA Skin Sciences, Inc.",0001051514
1492448,MAJI,Nextel Medical Corp.,0001492448
1318268,MDEX,Madison Technologies Inc.,0001318268
1171008,ADMG,ADAMANT DRI PROCESSING & MINERALS GROUP,0001171008
1100788,ILST,INTERNATIONAL STAR INC,0001100788
1416697,BLPG,"Blue Line Protection Group, Inc.",0001416697
1865468,KACLF,Kairous Acquisition Corp. Ltd,0001865468
1653606,EHVVF,"Ehave, Inc.",0001653606
1464865,ASII,"Accredited Solutions, Inc.",0001464865
1580262,RTON,"Right On Brands, Inc.",0001580262
1084551,CRDV,Community Redevelopment Inc.,0001084551
1553264,APSI,AQUA POWER SYSTEMS INC.,0001553264
1455684,TPICQ,"TPI COMPOSITES, INC",0001455684
1117228,MMMW,MASS MEGAWATTS WIND POWER INC,0001117228
1967478,CPTAF,Captivision Inc.,0001967478
1874138,SHGI,"Sparx Holdings Group, Inc.",0001874138
1946746,LTESF,Leet INC.,0001946746
1681556,GXXM,"GEX MANAGEMENT, INC.",0001681556
1091326,VGLS,"SB Technology Holdings, Inc.",0001091326
1652958,EDGM,"Edgemode, Inc.",0001652958
1584831,OXBRW,OXBRIDGE RE HOLDINGS Ltd,0001584831
897078,KOAN,"Resonate Blends, Inc.",0000897078
1451448,GMBL,"ESPORTS ENTERTAINMENT GROUP, INC.",0001451448
1715819,EMED,"Electromedical Technologies, Inc",0001715819
772263,NICH,NITCHES INC,0000772263
1729944,BACK,"IMAC Holdings, Inc.",0001729944
1791929,DPUI,"DISCOUNT PRINT USA, INC.",0001791929
1528172,ENDV,"ENDONOVO THERAPEUTICS, INC.",0001528172
1939365,IVPR,"INSPIRE VETERINARY PARTNERS, INC.",0001939365
1837774,GIPL,Global Innovative Platforms Inc.,0001837774
1407973,SONX,"Sonendo, Inc.",0001407973
819926,SEII,SHARING ECONOMY INTERNATIONAL INC.,0000819926
1394638,DWAY,"Driveitaway Holdings, Inc.",0001394638
1622996,ACBM,"ACRO BIOMEDICAL CO., LTD.",0001622996
1343465,SNPW,Sun Pacific Holding Corp.,0001343465
1413909,DSGT,DSG Global Inc.,0001413909
1782037,YGMZF,MingZhu Logistics Holdings Ltd,0001782037
1420368,DLTI,DLT Resolution Inc.,0001420368
1671132,SONG,Music Licensing Inc.,0001671132
1706509,COSG,Cosmos Group Holdings Inc.,0001706509
1534254,CICC,CION Investment Corp,0001534254
1545236,AHII,American Heritage International Inc.,0001545236
1545772,BPYPM,Brookfield Property Partners L.P.,0001545772
1545772,BPYPN,Brookfield Property Partners L.P.,0001545772
1545772,BPYPO,Brookfield Property Partners L.P.,0001545772
1539638,TFIN-P,"Triumph Financial, Inc.",0001539638
1533615,XRN-PA,Chiron Real Estate Inc.,0001533615
1533615,XRN-PB,Chiron Real Estate Inc.,0001533615
1536787,SOHGF,ALSOK Co Ltd./ADR,0001536787
1520504,CTTRF,"Controladora Vuela Compania de Aviacion, S.A.B. de C.V.",0001520504
1682220,SACH-PA,Sachem Capital Corp.,0001682220
1682220,SCCD,Sachem Capital Corp.,0001682220
1682220,SCCE,Sachem Capital Corp.,0001682220
1516324,BTDPF,Barratt Developments PLC/ADR,0001516324
1516535,MLSPF,Melrose Industries Plc/ADR,0001516535
1682220,SCCF,Sachem Capital Corp.,0001682220
1682220,SCCG,Sachem Capital Corp.,0001682220
1677576,IIPR-PA,INNOVATIVE INDUSTRIAL PROPERTIES INC,0001677576
1666244,CFTR-PA,"Cantor Fitzgerald Income Trust, Inc.",0001666244
1571283,REXR-PB,"Rexford Industrial Realty, Inc.",0001571283
1571283,REXR-PC,"Rexford Industrial Realty, Inc.",0001571283
1578453,DLNG-PA,Dynagas LNG Partners LP,0001578453
1556593,RITM-PA,Rithm Capital Corp.,0001556593
1556593,RITM-PB,Rithm Capital Corp.,0001556593
1556593,RITM-PC,Rithm Capital Corp.,0001556593
1556593,RITM-PD,Rithm Capital Corp.,0001556593
1564538,GRTUF,GRANITE REAL ESTATE INVESTMENT TRUST,0001564538
1556593,RITM-PF,Rithm Capital Corp.,0001556593
1556593,RITM-PE,Rithm Capital Corp.,0001556593
1608401,ISADY,ISS A/S / ADR,0001608401
1608401,ISFFF,ISS A/S / ADR,0001608401
1651721,GIPRW,"GENERATION INCOME PROPERTIES, INC.",0001651721
1628171,RVMDW,"Revolution Medicines, Inc.",0001628171
1630472,TRTX-PC,"TPG RE Finance Trust, Inc.",0001630472
1495240,LANDO,GLADSTONE LAND Corp,0001495240
1512922,PETVW,"PetVivo Holdings, Inc.",0001512922
1552198,WHFCL,"WhiteHorse Finance, Inc.",0001552198
1516534,EDRVF,EDP Renewables S.A./ADR,0001516534
1515964,GGAZD,Goldgroup Mining Inc.,0001515964
1516323,BCKIF,Babcock International Group PLC/ADR,0001516323
1533546,DUNNF,Duni AB/ADR,0001533546
1648087,AREBW,AMERICAN REBEL HOLDINGS INC,0001648087
1630805,BWNB,"Babcock & Wilcox Enterprises, Inc.",0001630805
1630805,BW-PA,"Babcock & Wilcox Enterprises, Inc.",0001630805
1587987,NEWTH,"NewtekOne, Inc.",0001587987
1587987,NEWTP,"NewtekOne, Inc.",0001587987
1587987,NEWTG,"NewtekOne, Inc.",0001587987
1587987,NEWTO,"NewtekOne, Inc.",0001587987
1604174,ECCC,Eagle Point Credit Co,0001604174
1604174,ECC-PD,Eagle Point Credit Co,0001604174
1604174,ECCU,Eagle Point Credit Co,0001604174
1604174,ECCV,Eagle Point Credit Co,0001604174
1574085,BHR-PB,Braemar Hotels & Resorts Inc.,0001574085
1574085,BHR-PD,Braemar Hotels & Resorts Inc.,0001574085
1593538,JSM,NAVIENT CORP,0001593538
1599407,LBRA,1847 Holdings LLC,0001599407
1601712,SYF-PA,Synchrony Financial,0001601712
1601712,SYF-PB,Synchrony Financial,0001601712
1605755,MONRF,Moncler S.p.A./ADR,0001605755
1631596,KREF-PA,KKR Real Estate Finance Trust Inc.,0001631596
1613780,DBVTF,DBV Technologies S.A.,0001613780
1629019,MBINM,Merchants Bancorp,0001629019
1629019,MBINN,Merchants Bancorp,0001629019
1629019,MBINL,Merchants Bancorp,0001629019
1497645,INN-PE,"Summit Hotel Properties, Inc.",0001497645
1497645,INN-PF,"Summit Hotel Properties, Inc.",0001497645
1503812,PRBZF,PREMIUM BRANDS HOLDINGS Corp,0001503812
1504461,NGL-PB,NGL Energy Partners LP,0001504461
1547546,LFT-PA,"Lument Finance Trust, Inc.",0001547546
1560968,SMSOF,Samsonite International SA/ADR,0001560968
1580864,VRMWW,"Vroom, Inc.",0001580864
1594968,LAAI,Loan Artificial Intelligence Corp.,0001594968
1567526,IHICF,IHI Corporation/ADR,0001567526
1562463,INBKZ,First Internet Bancorp,0001562463
1487918,OFSSH,OFS Capital Corp,0001487918
1487918,OFSSO,OFS Capital Corp,0001487918
1503584,CMRE-PB,Costamare Inc.,0001503584
1503584,CMRE-PD,Costamare Inc.,0001503584
1509470,NSLRL,Neostellar Capital Corp.,0001509470
1493507,SFDMF,Shanghai Fudan Microelectronics Co Limited/ADR/,0001493507
1546538,BTGRF,BTS Group Holdings Public Co Limited/ADR,0001546538
1546538,BTLWF,BTS Group Holdings Public Co Limited/ADR,0001546538
1533232,BEPH,Brookfield Renewable Partners L.P.,0001533232
1533232,BEPI,Brookfield Renewable Partners L.P.,0001533232
1533232,BEP-PA,Brookfield Renewable Partners L.P.,0001533232
1533232,BEPJ,Brookfield Renewable Partners L.P.,0001533232
1527469,ATH-PA,Athene Holding Ltd.,0001527469
1527469,ATHS,Athene Holding Ltd.,0001527469
1527469,ATH-PB,Athene Holding Ltd.,0001527469
1527469,ATH-PD,Athene Holding Ltd.,0001527469
1527469,ATH-PE,Athene Holding Ltd.,0001527469
1523872,PTWRY,PT Tower Bersama Infrastructure Tbk/ADR,0001523872
1523872,PTFRF,PT Tower Bersama Infrastructure Tbk/ADR,0001523872
1533082,EBOSF,EBOS Group Limited/ADR,0001533082
1527166,CGABL,Carlyle Group Inc.,0001527166
1529906,DPLMF,Diploma plc/ADR,0001529906
1534254,CICB,CION Investment Corp,0001534254
1551468,CPNNF,Central Pattana Public Co Limited/ADR,0001551468
1551468,CTPUF,Central Pattana Public Co Limited/ADR,0001551468
1554625,PRIF-PD,"Priority Income Fund, Inc.",0001554625
1554625,PRIF-PK,"Priority Income Fund, Inc.",0001554625
1554625,PRIF-PL,"Priority Income Fund, Inc.",0001554625
1562528,FBRT-PE,"Franklin BSP Realty Trust, Inc.",0001562528
1562296,THFRF,Thai Union Group Public Co Limited/ADR,0001562296
1562294,EYGPF,Electricity Generating Public Co Limited/ADR,0001562294
1562294,EYUUF,Electricity Generating Public Co Limited/ADR,0001562294
1562296,TUFUF,Thai Union Group Public Co Limited/ADR,0001562296
1552000,MPLXP,MPLX LP,0001552000
1582820,IPSOF,IPSOS/ADR,0001582820
1583771,CTRVP,"Hepion Pharmaceuticals, Inc.",0001583771
1569650,OZKAP,Bank OZK,0001569650
1653384,RWAYI,Runway Growth Finance Corp.,0001653384
1653384,RWAYL,Runway Growth Finance Corp.,0001653384
1657853,HTZWW,"HERTZ GLOBAL HOLDINGS, INC",0001657853
1663712,NRSAX,NEXPOINT REAL ESTATE STRATEGIES FUND,0001663712
1526113,GNL-PA,"Global Net Lease, Inc.",0001526113
1526113,GNL-PB,"Global Net Lease, Inc.",0001526113
1526113,GNL-PE,"Global Net Lease, Inc.",0001526113
1526113,GNL-PD,"Global Net Lease, Inc.",0001526113
1605888,SQLLW,CIRCLE8 GROUP INC,0001605888
1618563,NSA-PB,National Storage Affiliates Trust,0001618563
1527590,RC-PC,Ready Capital Corp,0001527590
1527590,RCD,Ready Capital Corp,0001527590
1527590,RC-PE,Ready Capital Corp,0001527590
1505880,PNDZF,Pandora A/S / ADR,0001505880
1526125,GDHLF,GDS Holdings Ltd,0001526125
1534281,MBUMF,"Mabuchi Motor Co., Ltd./ADR",0001534281
1561032,NHPBP,"National Healthcare Properties, Inc.",0001561032
1561032,NHPAP,"National Healthcare Properties, Inc.",0001561032
1564708,NWSLL,NEWS CORP,0001564708
1570299,NCHEF,Nichirei Corporation/ADR,0001570299
1648512,SHMZF,Shimadzu Corporation/ADR,0001648512
1668393,CEHCF,"Cosmo Energy Holdings Co., Ltd./ADR",0001668393
1659576,JPSTF,"Japan Post Bank Co., Ltd.",0001659576
1504619,PFLA,PennantPark Floating Rate Capital Ltd.,0001504619
1512228,NIOBW,NIOCORP DEVELOPMENTS LTD,0001512228
1676047,NTRBW,NutriBand Inc.,0001676047
1503290,ACP-PA,abrdn Income Credit Strategies Fund,0001503290
1621227,ADAPY,Adaptimmune Therapeutics PLC,0001621227
1638911,DUKRW,DUKE Robotics Corp.,0001638911
1643198,JBHIF,JB Hi-Fi Limited/ADR,0001643198
1610940,BWET,Amplify Commodity Trust,0001610940
1550405,IQEPF,IQE PLC/ADR,0001550405
1598655,GLOP-PB,GasLog Partners LP,0001598655
1598655,GLOP-PC,GasLog Partners LP,0001598655
1590364,FTAIM,FTAI Aviation Ltd.,0001590364
1585101,HGIT,"HINES GLOBAL INCOME TRUST, INC.",0001585101
1600928,HPHTF,Hamamatsu Photonics K.K./ADR,0001600928
1595761,WEIBF,WEIBO Corp,0001595761
1610820,BCTXL,BriaCell Therapeutics Corp.,0001610820
1610820,BCTXZ,BriaCell Therapeutics Corp.,0001610820
1527541,WHLRL,"Wheeler Real Estate Investment Trust, Inc.",0001527541
1517767,CCID,Carlyle Credit Income Fund,0001517767
1665275,JPHLF,"Japan Post Holdings Co., Ltd./ADR",0001665275
1666175,FINCF,Fortis Inc.,0001666175
1666175,FRTSF,Fortis Inc.,0001666175
1666175,FTPSF,Fortis Inc.,0001666175
1666175,FRTJF,Fortis Inc.,0001666175
1666175,FORFF,Fortis Inc.,0001666175
1666175,FTRSF,Fortis Inc.,0001666175
1655190,SHLAF,Schindler Holding AG/ADR,0001655190
1655190,SHLRF,Schindler Holding AG/ADR,0001655190
1659323,ITRMF,Iterum Therapeutics plc,0001659323
1674356,TPTS,"Terra Property Trust, Inc.",0001674356
1674356,TPTA,"Terra Property Trust, Inc.",0001674356
1673481,LTRYW,Sports Entertainment Gaming Global Corp,0001673481
1677250,ZTOEF,ZTO Express (Cayman) Inc.,0001677250
1569187,AHRT-PA,"AH Realty Trust, Inc.",0001569187
1560293,TNONW,"Tenon Medical, Inc.",0001560293
1560672,ELLA,Ellington Credit Co,0001560672
1562401,AMH-PG,American Homes 4 Rent,0001562401
1562401,AMH-PH,American Homes 4 Rent,0001562401
1546066,PBNAF,PEMBINA PIPELINE CORP,0001546066
1546066,PMBPF,PEMBINA PIPELINE CORP,0001546066
1577552,BBAAY,Alibaba Group Holding Ltd,0001577552
1580149,BIVIW,BIOVIE INC.,0001580149
1580226,HCTPF,Hutchison Port Holdings Trust/ADR,0001580226
1591890,FGNXP,FG Nexus Inc.,0001591890
1535759,NSKFF,Kongsberg Gruppen ASA/ADR,0001535759
1547870,BUHPF,Bumrungrad Hospital Public Co Limited/ADR,0001547870
1547870,BUGDF,Bumrungrad Hospital Public Co Limited/ADR,0001547870
1546066,PPLOF,PEMBINA PIPELINE CORP,0001546066
1546066,PBPRF,PEMBINA PIPELINE CORP,0001546066
1546066,PMMBF,PEMBINA PIPELINE CORP,0001546066
1546066,PPLAF,PEMBINA PIPELINE CORP,0001546066
1532619,PW-PA,Power REIT,0001532619
1654508,IBIDF,"Ibiden Co., Ltd./ADR",0001654508
1616736,GGBY,Alpha Investment Inc.,0001616736
1648960,MYSEW,"Myseum.AI, Inc.",0001648960
1642122,ACGP,"Associated Capital Group, Inc.",0001642122
1698538,STSR,"Strategic Student & Senior Housing Trust, Inc.",0001698538
1718224,BTBDW,"BT Brands, Inc.",0001718224
1690012,ICRL,"InPoint Commercial Real Estate Income, Inc.",0001690012
1690012,ICRP,"InPoint Commercial Real Estate Income, Inc.",0001690012
1687187,METCI,"Ramaco Resources, Inc.",0001687187
1687187,METCB,"Ramaco Resources, Inc.",0001687187
1687187,METCZ,"Ramaco Resources, Inc.",0001687187
1679920,SATLF,"Start Today Co., Ltd./ADR",0001679920
1815846,MSOGF,MINISO Group Holding Ltd,0001815846
1809158,KUKEY,Kuke Music Holding Ltd,0001809158
1807765,PMVCW,PMV Consumer Acquisition Corp.,0001807765
1799191,TOIIW,"Oncology Institute, Inc.",0001799191
1786248,NREF-PA,"NexPoint Real Estate Finance, Inc.",0001786248
1796026,DNOPF,Dino Polska S.A./ADR,0001796026
1775734,BENFW,Beneficient,0001775734
1766478,AOMD,"Angel Oak Mortgage REIT, Inc.",0001766478
1766478,AOMN,"Angel Oak Mortgage REIT, Inc.",0001766478
1733861,RTEZ,REST EZ Inc.,0001733861
1723701,PMFAX,PIMCO Flexible Municipal Income Fund,0001723701
1739016,SYAXF,Elevra Lithium Ltd,0001739016
1675033,GECCG,Great Elm Capital Corp.,0001675033
1675033,GECCH,Great Elm Capital Corp.,0001675033
1675033,GECCI,Great Elm Capital Corp.,0001675033
1679688,DBRG-PH,"DigitalBridge Group, Inc.",0001679688
1679688,DBRG-PI,"DigitalBridge Group, Inc.",0001679688
1679688,DBRG-PJ,"DigitalBridge Group, Inc.",0001679688
1811115,RENXF,Renalytix plc,0001811115
1812360,FOXOW,FOXO TECHNOLOGIES INC.,0001812360
1812360,FOXOD,FOXO TECHNOLOGIES INC.,0001812360
1818644,LIDRW,"AEye, Inc.",0001818644
1819848,JOBY-WT,"Joby Aviation, Inc.",0001819848
1691445,FVGPY,FinVolution Group,0001691445
1712762,BIAFW,"bioAffinity Technologies, Inc.",0001712762
1779372,BEATW,"HeartBeam, Inc.",0001779372
1788028,JSPRW,"Jasper Therapeutics, Inc.",0001788028
1794669,FOUR-PA,"Shift4 Payments, Inc.",0001794669
1805833,SSTPW,"System1, Inc.",0001805833
1744676,TCMEF,Tencent Music Entertainment Group,0001744676
1752564,MRCIF,"Mercari, Inc./ADR",0001752564
1754836,EICA,Eagle Point Income Co Inc.,0001754836
1766868,ADDTF,Addtech AB/ADR,0001766868
1760854,NNBXF,Nanobiotix S.A.,0001760854
1736510,NICHX,Variant Alternative Income Fund,0001736510
1743905,RVSNW,Rail Vision Ltd.,0001743905
1765651,PSPX,Pacific Sports Exchange Inc.,0001765651
1759824,ALTG-PA,ALTA EQUIPMENT GROUP INC.,0001759824
1787518,DFNSW,T3 Defense Inc.,0001787518
1794363,SDMHF,Sartorius Stedim Biotech S.A./ADR,0001794363
1814215,BURUW,"Nuburu, Inc.",0001814215
1819438,GWHWW,"ESS Tech, Inc.",0001819438
1818502,OPFI-WT,OppFi Inc.,0001818502
1822989,LSRCF,Lasertec Corporation/ADR,0001822989
1823593,TSPH,TuSimple Holdings Inc.,0001823593
1686009,CAHPF,Evolution Mining Limited/ADR,0001686009
1721056,HSCT,HOOPS SCOUTING USA,0001721056
1705012,FABTQ,"Fat Brands, Inc",0001705012
1705012,FATPQ,"Fat Brands, Inc",0001705012
1699967,MEIUF,Meitu Inc./ADR,0001699967
1712184,LILAP,Liberty Latin America Ltd.,0001712184
1710680,HFRO-PA,HIGHLAND OPPORTUNITIES & INCOME FUND,0001710680
1706795,BYCBF,Barry Callebaut AG/ADR,0001706795
1710680,HFRO-PB,HIGHLAND OPPORTUNITIES & INCOME FUND,0001710680
1809750,EDBLW,Edible Garden AG Inc,0001809750
1819142,SES-WT,SES AI Corp,0001819142
1824204,PVOZ,Park View OZ REIT Inc,0001824204
1769624,ILLRW,Triller Group Inc.,0001769624
1755101,ALDSD,APPlife Digital Solutions Inc,0001755101
1756770,CURLD,"Curaleaf Holdings, Inc.",0001756770
1741530,QFNHF,"Qfin Holdings, Inc.",0001741530
1753712,LARAX,Lord Abbett Credit Opportunities Fund,0001753712
1808377,LUCYW,Innovative Eyewear Inc,0001808377
1804469,GFAIW,"Guardforce AI Co., Ltd.",0001804469
1801729,NCLTF,"Nitori Holdings Co., Ltd.",0001801729
1786117,PINE-PA,"Alpine Income Property Trust, Inc.",0001786117
1788707,ADYYF,Adyen N.V./ADR,0001788707
1789444,PSKRF,Protector Forsikring/ADR,0001789444
1624517,FRQND,"Frequency Holdings, Inc",0001624517
1635077,ACONW,"Aclarion, Inc.",0001635077
1651308,BEIGF,BeOne Medicines Ltd.,0001651308
1652044,GOOGM,Alphabet Inc.,0001652044
1652044,GOOGN,Alphabet Inc.,0001652044
1645590,HPE-PC,Hewlett Packard Enterprise Co,0001645590
1645873,MDV-PA,"MODIV INDUSTRIAL, INC.",0001645873
1584273,SNROF,"Sanrio Company, Ltd./ADR",0001584273
1611983,LBRDP,Liberty Broadband Corp,0001611983
1614806,RPT-PC,Rithm Property Trust Inc.,0001614806
1705455,ZNKUF,"ZENKOKU HOSHO Co., Ltd./ADR",0001705455
1700173,FIGIF,"Fuyao Glass Industry Group Co., Ltd./ADR",0001700173
1712356,HYNLY,Hydro One Ltd,0001712356
1716885,ASCIX,Angel Oak Strategic Credit Fund,0001716885
1660734,TRTN-PB,Triton International Ltd,0001660734
1658645,LENDX,Stone Ridge Trust V,0001658645
1660734,TRTN-PC,Triton International Ltd,0001660734
1660734,TRTN-PD,Triton International Ltd,0001660734
1660734,TRTN-PE,Triton International Ltd,0001660734
1660734,TRTN-PF,Triton International Ltd,0001660734
1660734,TRTN-PG,Triton International Ltd,0001660734
1662972,BSTT,"Blackstone Real Estate Income Trust, Inc.",0001662972
1663038,QGAI,Quantum Genesis AI Corp.,0001663038
1678130,OPP-PC,"RiverNorth/DoubleLine Strategic Opportunity Fund, Inc.",0001678130
1678130,OPP-PA,"RiverNorth/DoubleLine Strategic Opportunity Fund, Inc.",0001678130
1678130,OPP-PB,"RiverNorth/DoubleLine Strategic Opportunity Fund, Inc.",0001678130
1782999,PRTCY,PureTech Health plc,0001782999
1781629,ANKM,"Ankam, Inc.",0001781629
1770450,XRXDW,Xerox Holdings Corp,0001770450
1758699,TRSO,TRANSUITE.ORG INC.,0001758699
1751162,CHWRF,China Tower Corp Limited/ADR,0001751162
1748137,NEOVW,NeoVolta Inc.,0001748137
1699880,AMLIF,American Lithium Corp.,0001699880
1692345,PRXA,"PROCACCIANTI HOTEL REIT, INC.",0001692345
1685040,BHFAL,"Brighthouse Financial, Inc.",0001685040
1685040,BHFAM,"Brighthouse Financial, Inc.",0001685040
1685040,BHFAN,"Brighthouse Financial, Inc.",0001685040
1685040,BHFAO,"Brighthouse Financial, Inc.",0001685040
1685040,BHFAP,"Brighthouse Financial, Inc.",0001685040
1793497,SVIX,VS Trust,0001793497
1801602,SBIGW,"SpringBig Holdings, Inc.",0001801602
1801417,BYNOU,byNordic Acquisition Corp,0001801417
1801417,BYNOW,byNordic Acquisition Corp,0001801417
1798562,TMCWW,TMC the metals Co Inc.,0001798562
1716951,OCCIM,"OFS Credit Company, Inc.",0001716951
1716951,OCCIN,"OFS Credit Company, Inc.",0001716951
1722556,BGFR,BestGofer Inc.,0001722556
1718405,HYMCW,HYCROFT MINING HOLDING CORP,0001718405
1713675,SCAFF,Schaeffler AG/ADR,0001713675
1705969,DRRKF,dormakaba Holding AG,0001705969
1829247,BFRGW,"BullFrog AI Holdings, Inc.",0001829247
1824403,RSVRW,"Reservoir Media, Inc.",0001824403
1815620,OPTEY,Opthea Ltd,0001815620
1802450,MSPRW,"MSP Recovery, Inc.",0001802450
1802450,MSPRZ,"MSP Recovery, Inc.",0001802450
1805526,DFDVW,DeFi Development Corp.,0001805526
1805526,DFUKF,DeFi Development Corp.,0001805526
1805385,EVLVW,"Evolv Technologies Holdings, Inc.",0001805385
1795589,KCLHF,Kingsoft Cloud Holdings Ltd,0001795589
1765048,GCGJ,GUOCHUN INTERNATIONAL INC.,0001765048
1781726,ACAT,NP Life Sciences Health Industry Group Inc.,0001781726
1774163,IVBXF,Innovent Biologics Inc/ADR,0001774163
1753539,BKSY-WT,BlackSky Technology Inc.,0001753539
1812173,RBOTW,Vicarious Surgical Inc.,0001812173
1693577,MNSBP,"MainStreet Bancshares, Inc.",0001693577
1800392,VENAF,MicroAlgo Inc.,0001800392
1805521,FFAIW,FARADAY FUTURE INTELLIGENT ELECTRIC INC.,0001805521
1711929,SWDS,"Starwood Real Estate Income Trust, Inc.",0001711929
1711929,SWDR,"Starwood Real Estate Income Trust, Inc.",0001711929
1703644,GPMT-PA,Granite Point Mortgage Trust Inc.,0001703644
1752828,CELUW,Celularity Inc,0001752828
1748680,OWSCX,1WS Credit Income Fund,0001748680
1756404,PDSKX,Principal Real Asset Fund,0001756404
1788841,MCOMW,micromobility.com Inc.,0001788841
1729514,VTTGF,VAT Group AG/ADR,0001729514
1719117,ASRRF,ASR Nederland N.V./ADR,0001719117
1727255,COBA,Chilean Cobalt Corp.,0001727255
1835856,BETRW,Better Home & Finance Holding Co,0001835856
1838359,RGTIW,"Rigetti Computing, Inc.",0001838359
1842939,XAGEW,"Longevity Health Holdings, Inc.",0001842939
1840199,WALDW,Waldencast plc,0001840199
1840317,VEEAW,VEEA INC.,0001840317
1844862,SLDPW,"Solid Power, Inc.",0001844862
1845097,AMPWF,Ardagh Metal Packaging S.A.,0001845097
1846416,HVIIU,Hennessy Capital Investment Corp. VII,0001846416
1846416,HVIIR,Hennessy Capital Investment Corp. VII,0001846416
1846702,FIGP,"Forge Group, Inc.",0001846702
1850059,FSHPR,Flag Ship Acquisition Corp,0001850059
1827899,CPTKW,Crown PropTech Acquisitions,0001827899
1823652,EVEX-WT,"Eve Holding, Inc.",0001823652
1825024,OPADW,Offerpad Solutions Inc.,0001825024
1832511,PIIIW,P3 Health Partners Inc.,0001832511
1834048,ASAIY,Sendas Distributor S.A.,0001834048
1833498,MDAIW,"Spectral AI, Inc.",0001833498
1923734,AKPPS,Ark7 Properties Plus LLC,0001923734
1819493,XOSWW,"Xos, Inc.",0001819493
1819175,PRIAF,Prime Impact Acquisition I,0001819175
1823587,SKYH-WT,Sky Harbour Group Corp,0001823587
1921158,FUFUW,Bitfufu Inc.,0001921158
1926599,TDACU,Translational Development Acquisition Corp.,0001926599
1926599,TDACW,Translational Development Acquisition Corp.,0001926599
1901799,BTMWQ,Bitcoin Depot Inc.,0001901799
1901336,ALCWF,Alchemy Investments Acquisition Corp 1,0001901336
1901336,ALCUF,Alchemy Investments Acquisition Corp 1,0001901336
1901297,ZRCN,ZRCN Inc.,0001901297
1871983,ANGHW,Anghami Inc,0001871983
1875091,NRSNW,NeuroSense Therapeutics Ltd.,0001875091
1853138,KDKRW,"Kodiak AI, Inc.",0001853138
1855612,GRABW,Grab Holdings Ltd,0001855612
1853070,SOARW,"Volato Group, Inc.",0001853070
1851959,CNDAU,Concord Acquisition Corp II,0001851959
1851959,CNDAW,Concord Acquisition Corp II,0001851959
1851961,GCTS-WT,"GCT Semiconductor Holding, Inc.",0001851961
1858681,APOS,"Apollo Global Management, Inc.",0001858681
1859690,ARQQW,Arqit Quantum Inc.,0001859690
1865631,NXNVW,NEXTNAV INC.,0001865631
1866501,WBXWF,Wallbox N.V.,0001866501
1865506,ZEOWW,Zeo Energy Corp.,0001865506
1941189,TANAF,Tian'an Technology Group Ltd,0001941189
1953530,OCSAW,Oculis Holding AG,0001953530
1820875,CXAIW,CXApp Inc.,0001820875
1828972,BZFDW,"BuzzFeed, Inc.",0001828972
1830033,PCTBP,"PureCycle Technologies, Inc.",0001830033
1830033,PCTTU,"PureCycle Technologies, Inc.",0001830033
1830033,PCTTW,"PureCycle Technologies, Inc.",0001830033
1848826,INPOF,InPost S.A./ADR,0001848826
1845550,PLMWF,Plum Acquisition Corp. III,0001845550
1845550,PLMUF,Plum Acquisition Corp. III,0001845550
1843973,FLYX-WT,FLYEXCLUSIVE INC.,0001843973
1844505,QTIWW,"QT IMAGING HOLDINGS, INC.",0001844505
1841408,DAVEW,Dave Inc./DE,0001841408
1843714,ZPTAW,"Zapata Quantum, Inc.",0001843714
1835724,ZHIHF,Zhihu Inc.,0001835724
1855485,CLDWW,"Calidi Biotherapeutics, Inc.",0001855485
1870404,CEROW,"CERO THERAPEUTICS HOLDINGS, INC.",0001870404
1861737,HSIGF,Hesai Group,0001861737
1871638,BZAIW,"Blaize Holdings, Inc.",0001871638
1875609,SWVLW,Swvl Holdings Corp,0001875609
1888654,FEAV,"5E Advanced Materials, Inc.",0001888654
1885680,RAJAF,"Cordyceps Sunshine Biotech Holdings Co., Ltd.",0001885680
1915760,HEMNF,Hemnet Group AB/ADR,0001915760
1917993,GSTK,Growth Stalk Holdings Corp,0001917993
1920406,SATA,"Strive, Inc.",0001920406
1927719,CRGOW,Freightos Ltd,0001927719
1894693,SVREW,SaverOne 2014 Ltd.,0001894693
1900679,TETWF,Technology & Telecommunication Acquisition Corp,0001900679
1889983,KVACU,Keen Vision Acquisition Corp.,0001889983
1889983,KVACW,Keen Vision Acquisition Corp.,0001889983
1903392,CLRRF,ClimateRock,0001903392
1900679,TETUF,Technology & Telecommunication Acquisition Corp,0001900679
1913847,CNCKW,Coincheck Group N.V.,0001913847
1915328,ISLUF,Israel Acquisitions Corp,0001915328
1915328,ISLWF,Israel Acquisitions Corp,0001915328
1810560,REVBW,"REVELATION BIOSCIENCES, INC.",0001810560
1805077,EOSER,"Eos Energy Enterprises, Inc.",0001805077
1801169,OPENW,Opendoor Technologies Inc.,0001801169
1801169,OPENL,Opendoor Technologies Inc.,0001801169
1801169,OPENZ,Opendoor Technologies Inc.,0001801169
1816708,OWLTW,"Owlet, Inc.",0001816708
1814287,ABXL,"Abacus Global Management, Inc.",0001814287
1819516,WSUPW,Wheels Up Experience Inc.,0001819516
1818382,HUMAW,"Humacyte, Inc.",0001818382
1818331,WGSWW,GeneDx Holdings Corp.,0001818331
1822928,HLLY-WT,Holley Inc.,0001822928
1826889,BODYW,"Beachbody Company, Inc.",0001826889
1828108,AUROW,"Aurora Innovation, Inc.",0001828108
1830214,DNABW,"Ginkgo Bioworks Holdings, Inc.",0001830214
1778788,WEBJF,Webjet Limited/ADR,0001778788
1781162,MNTSW,Momentus Inc.,0001781162
1786108,TRINI,Trinity Capital Inc.,0001786108
1786108,TRINZ,Trinity Capital Inc.,0001786108
1760689,MVSTW,"Microvast Holdings, Inc.",0001760689
1754088,MPNGF,Meituan Dianping/ADR,0001754088
1728918,AIBRF,AIB Group plc/ADR,0001728918
1737995,SKYAW,"SkyAI, Inc.",0001737995
1733968,WRLWF,West Red Lake Gold Mines Ltd.,0001733968
1733968,WRLRF,West Red Lake Gold Mines Ltd.,0001733968
1854463,WINVR,WinVest Acquisition Corp.,0001854463
1854816,MINR,Minerva Gold Inc.,0001854816
1854963,SHFSW,"SHF Holdings, Inc.",0001854963
1855467,MOBXW,"MOBIX LABS, INC",0001855467
1858007,GDSTR,Chi Special Acquisition Corp.,0001858007
1858007,GDSTU,Chi Special Acquisition Corp.,0001858007
1858007,GDSTW,Chi Special Acquisition Corp.,0001858007
1854463,WINVU,WinVest Acquisition Corp.,0001854463
1854463,WINVW,WinVest Acquisition Corp.,0001854463
1853044,AERTW,"Aeries Technology, Inc.",0001853044
1836934,ZENVF,Zenvia Inc.,0001836934
1834026,GROY-WT,Gold Royalty Corp.,0001834026
1834526,GPATW,GP-Act III Acquisition Corp.,0001834526
1840425,OSRHW,"OSR Health, Inc.",0001840425
1838987,SPWRW,SunPower Inc.,0001838987
1834526,GPATU,GP-Act III Acquisition Corp.,0001834526
1836981,BBAI-WT,"BigBear.ai Holdings, Inc.",0001836981
1841761,GROVW,"Grove Collaborative Holdings, Inc.",0001841761
1847345,ASBPW,"Aspire Biopharma Holdings, Inc.",0001847345
1847075,SAIHW,SAIHEAT Ltd,0001847075
1844971,GREEL,Greenidge Generation Holdings Inc.,0001844971
1845437,NPWR-WT,NET Power Inc.,0001845437
1879248,ADSEW,Ads-Tec Energy Public Ltd Co,0001879248
1888740,LSEB,LSEB Creative Corp.,0001888740
1889123,FLDDW,"Fold Holdings, Inc.",0001889123
1890361,ASPCU,ASPAC III Acquisition Corp.,0001890361
1890361,ASPCR,ASPAC III Acquisition Corp.,0001890361
1872964,MTEKW,Maris Tech Ltd.,0001872964
1872228,TVAIR,Thayer Ventures Acquisition Corp II,0001872228
1872228,TVAIU,Thayer Ventures Acquisition Corp II,0001872228
1866782,CDROW,"Codere Online Luxembourg, S.A.",0001866782
1849380,ONMDW,OneMedNet Corp,0001849380
1851909,CDAUF,Compass Digital Acquisition Corp.,0001851909
1851909,CDAWF,Compass Digital Acquisition Corp.,0001851909
1854149,ANSCU,Agriculture & Natural Solutions Acquisition Corp,0001854149
1854149,ANSCW,Agriculture & Natural Solutions Acquisition Corp,0001854149
1831096,GEGGL,"Great Elm Group, Inc.",0001831096
1837671,CPPTL,Copper Property CTL Pass Through Trust,0001837671
1840856,SOUNW,"SOUNDHOUND AI, INC.",0001840856
1839341,CORZW,"Core Scientific, Inc./tx",0001839341
1839341,CORZZ,"Core Scientific, Inc./tx",0001839341
1839341,CORZR,"Core Scientific, Inc./tx",0001839341
1839586,DMXCF,District Metals Corp.,0001839586
1892747,VMCWF,Valuence Merger Corp. I,0001892747
1892747,VMCUF,Valuence Merger Corp. I,0001892747
1889539,CRBD,"Corebridge Financial, Inc.",0001889539
1895262,NE-WTA,Noble Corp plc,0001895262
1895262,NE-WT,Noble Corp plc,0001895262
1870144,CDIOW,"Cardio Diagnostics Holdings, Inc.",0001870144
1872066,MIBE,MIAMI BREEZE CAR CARE INC,0001872066
1869601,EMCRF,Embrace Change Acquisition Corp.,0001869601
1869601,EMCWF,Embrace Change Acquisition Corp.,0001869601
1868640,RDZNW,Roadzen Inc.,0001868640
1863006,VLN-WT,Valens Semiconductor Ltd.,0001863006
1867729,WRDIF,WeRide Inc.,0001867729
1865782,BTSGU,"BrightSpring Health Services, Inc.",0001865782
1901203,UCFIW,CN Healthy Food Tech Group Corp.,0001901203
1926314,OCAC-UN,Ocean Capital Acquisition Corp,0001926314
1820302,BKKT-WT,"Bakkt, Inc.",0001820302
1822993,JXN-PA,Jackson Financial Inc.,0001822993
1825248,FRBP,Franklin BSP Capital Corp,0001825248
1825452,ONFOP,"Onfolio Holdings, Inc",0001825452
1848763,RNWWW,ReNew Energy Global plc,0001848763
1849635,DJTWW,Trump Media & Technology Group Corp.,0001849635
1847846,EUDAW,EUDA Health Holdings Ltd,0001847846
1842566,AISPW,"Airship AI Holdings, Inc.",0001842566
1845123,ANNAW,"AleAnna, Inc.",0001845123
1852039,FILG,Grayscale Filecoin Trust (FIL),0001852039
1850269,NRDMF,NordX Metals Corp.,0001850269
1852207,BEAGU,Bold Eagle Acquisition Corp.,0001852207
1852207,BEAGR,Bold Eagle Acquisition Corp.,0001852207
1852575,SGST,"Strategic Storage Trust VI, Inc.",0001852575
1853962,IAUX-WT,i-80 Gold Corp.,0001853962
1840877,COCHW,"Envoy Medical, Inc.",0001840877
1841209,HOLOW,MicroCloud Hologram Inc.,0001841209
1825452,ONFOW,"Onfolio Holdings, Inc",0001825452
1829311,BMNP,"BITMINE IMMERSION TECHNOLOGIES, INC.",0001829311
1830081,RUMBW,RUM Group Inc.,0001830081
1831283,LIANY,LianBio,0001831283
1831868,ICUCW,SeaStar Medical Holding Corp,0001831868
1899830,PERFF,Perfect Corp.,0001899830
1886190,GGROW,Gogoro Inc.,0001886190
1887912,WLSS,Welsis Corp.,0001887912
1817232,HGASW,Global Gas Corp,0001817232
1905660,HUBCW,Hub Cyber Security Ltd.,0001905660
1905660,HUBCZ,Hub Cyber Security Ltd.,0001905660
1906364,FGMCU,FG Merger II Corp.,0001906364
1906364,FGMCR,FG Merger II Corp.,0001906364
1910975,RPDL,Rapid Line Inc.,0001910975
1876716,ASUUF,ASPAC II Acquisition Corp.,0001876716
1876716,ASCWF,ASPAC II Acquisition Corp.,0001876716
1876716,ASCRF,ASPAC II Acquisition Corp.,0001876716
1882464,MSSWF,Metal Sky Star Acquisition Corp,0001882464
1882464,MSSUF,Metal Sky Star Acquisition Corp,0001882464
1885408,NEXRW,Nexera Technologies Ltd,0001885408
1883085,PGYWW,Pagaya Technologies Ltd.,0001883085
1875547,LCFYW,Locafy Ltd,0001875547
1860871,TVGNW,Tevogen Bio Holdings Inc.,0001860871
1854275,ZCARW,"Zoomcar Holdings, Inc.",0001854275
1862463,AMODW,"ALPHA MODUS HOLDINGS, INC.",0001862463
1860484,ACQC,Relativity Acquisition Corp,0001860484
1841425,VGASW,"Verde Clean Fuels, Inc.",0001841425
1838163,BNAIW,Brand Engagement Network Inc.,0001838163
1849820,KITTW,"Nauticus Robotics, Inc.",0001849820
1848334,OKMN,"OKMIN RESOURCES, INC.",0001848334
1848416,VRNOD,Verano Holdings Corp.,0001848416
1823466,NOTEW,"FiscalNote Holdings, Inc.",0001823466
1823584,AENTW,ALLIANCE ENTERTAINMENT HOLDING CORP,0001823584
1824502,ACHR-WT,Archer Aviation Inc.,0001824502
1818643,PHXE-P,"Phoenix Energy One, LLC",0001818643
1820190,SCLXW,Scilex Holding Co,0001820190
1826667,TLSIW,"TriSalus Life Sciences, Inc.",0001826667
1826681,PDYNW,Palladyne AI Corp.,0001826681
1824920,IONQ-WT,"IonQ, Inc.",0001824920
1831979,SDSTW,Stardust Power Inc.,0001831979
1861974,ECXWW,ECARX Holdings Inc.,0001861974
1864531,VSEEW,"VSEE HEALTH, INC.",0001864531
1876431,PRENW,Prenetics Global Ltd,0001876431
1855457,KORGW,"KORE Group Holdings, Inc.",0001855457
1861841,ARBEW,Arbe Robotics Ltd.,0001861841
1860805,ASTLW,Algoma Steel Group Inc.,0001860805
1880661,TPGXL,TPG Inc.,0001880661
1882198,ATEKU,Athena Technology Acquisition Corp. II,0001882198
1882198,ATEKW,Athena Technology Acquisition Corp. II,0001882198
1876581,IMPPP,Imperial Petroleum Inc./Marshall Islands,0001876581
1916558,TRWD,Tradewinds Universal,0001916558
1918080,DBHL,"Deep Isolation Nuclear, Inc.",0001918080
1924064,RLNDF,RoyaLand Co Ltd.,0001924064
1898795,LVWR-WT,"LiveWire Group, Inc.",0001898795
1843656,RMCOW,Royalty Management Holding Corp,0001843656
1841330,KTTAW,Pasithea Therapeutics Corp.,0001841330
1844417,ESLAW,"Estrella Immunopharma, Inc.",0001844417
1845149,CBGGF,Chain Bridge I,0001845149
1846235,IMAQR,International Media Acquisition Corp.,0001846235
1846235,IMAQU,International Media Acquisition Corp.,0001846235
1846235,IMAQW,International Media Acquisition Corp.,0001846235
1845149,CBRGF,Chain Bridge I,0001845149
1847064,PSQH-WT,"PSQ Holdings, Inc.",0001847064
1853816,DRMAW,"Dermata Therapeutics, Inc.",0001853816
1852973,BRLSW,Borealis Foods Inc.,0001852973
1853630,HMELF,Hold Me Ltd,0001853630
1828105,HIPOW,Hippo Holdings Inc.,0001828105
1824893,SRZNW,"Surrozen, Inc./DE",0001824893
1825079,VLDXW,"Velo3D, Inc.",0001825079
1930147,SPME,"Sound Point Meridian Capital, Inc.",0001930147
1930147,SPMA,"Sound Point Meridian Capital, Inc.",0001930147
1932737,AIIOW,ROBO.AI INC.,0001932737
1840780,LOCLW,Local Bounti Corporation/DE,0001840780
1856031,SEATW,Vivid Seats Inc.,0001856031
1856488,HNSDF,Hensoldt AG/ADR,0001856488
1859807,NVACW,"Profusa, Inc.",0001859807
1865248,CMCUF,Piermont Valley Acquisition Corp,0001865248
1865248,CMCWF,Piermont Valley Acquisition Corp,0001865248
1867102,EVBWF,Vertical Aerospace Ltd.,0001867102
1867102,EVAWF,Vertical Aerospace Ltd.,0001867102
1867102,EVTWF,Vertical Aerospace Ltd.,0001867102
1866816,OPTXW,"SYNTEC OPTICS HOLDINGS, INC.",0001866816
1871321,DRTSW,Alpha Tau Medical Ltd.,0001871321
1872525,SWAGW,"Stran & Company, Inc.",0001872525
1874315,SATLW,Satellogic Inc.,0001874315
1889112,REEUF,Cartesian Growth Corp II,0001889112
1889112,REEWF,Cartesian Growth Corp II,0001889112
1880431,VHABW,Vocodia Holdings Corp,0001880431
1880431,VHAIW,Vocodia Holdings Corp,0001880431
1883814,SLND-WT,"Southland Holdings, Inc.",0001883814
1884082,PLSAY,Polestar Automotive Holding UK PLC,0001884082
1903870,AFRIW,Forafric Global PLC,0001903870
1889823,DFSCW,DEFSEC Technologies Inc.,0001889823
1831359,JWSUF,Jaws Mustang Acquisition Corp,0001831359
1831359,JWSWF,Jaws Mustang Acquisition Corp,0001831359
1826779,TOMYF,Tomy Co Ltd/ADR,0001826779
1826011,BNZIW,"Banzai International, Inc.",0001826011
1837493,QTEXW,QTREX Quantum Ltd.,0001837493
1830056,SMEGF,Siemens Energy AG/ADR,0001830056
1834032,CSTUF,Constellation Acquisition Corp I,0001834032
1834032,CSTWF,Constellation Acquisition Corp I,0001834032
1834267,NNFSF,Nongfu Spring Co. Ltd./ADR,0001834267
1834868,ALBC,Alternative Ballistics Corp,0001834868
1833214,SABSW,"SAB Biotherapeutics, Inc.",0001833214
1843724,LNZAW,"LanzaTech Global, Inc.",0001843724
1847986,DFLIW,Dragonfly Energy Holdings Corp.,0001847986
1848672,GDLG,Glidelogic Corp.,0001848672
1839530,XBPEW,"XBP Global Holdings, Inc.",0001839530
1842556,EONR-WT,EON Resources Inc.,0001842556
1858685,BFRIW,Biofrontera Inc.,0001858685
1855474,AIRJW,AirJoule Technologies Corp.,0001855474
1859035,MCAGR,Mountain Crest Acquisition Corp. V,0001859035
1859035,MCAGU,Mountain Crest Acquisition Corp. V,0001859035
1848739,GDEVW,GDEV Inc.,0001848739
1852016,AEAEU,AltEnergy Acquisition Corp,0001852016
1852016,AEAEW,AltEnergy Acquisition Corp,0001852016
1852551,NVA-WT,Nova Minerals Corp,0001852551
1939937,LMMY,"Exousia Bio, Inc.",0001939937
1953984,BCGWW,"Binah Capital Group, Inc.",0001953984
1957783,MACT,"MachTen, Inc.",0001957783
1958217,LZM-WT,Lifezone Metals Ltd,0001958217
1973368,SVUWF,SRIVARU Holding Ltd,0001973368
1971387,LIMNW,"Liminatus Pharma, Inc.",0001971387
1965473,CCGWW,Cheche Group Inc.,0001965473
2000410,EURKR,Eureka Acquisition Corp,0002000410
2000410,EURKU,Eureka Acquisition Corp,0002000410
1987240,SHMDW,SCHMID Group N.V.,0001987240
1988776,MRNOW,Murano Global Investments Plc,0001988776
1999297,DSYWW,Big Tree Cloud Holdings Ltd,0001999297
2014982,SIMAU,SIM Acquisition Corp. I,0002014982
2014982,SIMAW,SIM Acquisition Corp. I,0002014982
2011674,YDESW,YD Bio Ltd,0002011674
2003750,MGSD,"Maitong Sunshine Cultural Development Co., Ltd",0002003750
2032732,AVSBS,"Arrived Homes 5, LLC",0002032732
2032732,AVPKS,"Arrived Homes 5, LLC",0002032732
2032732,AEHGS,"Arrived Homes 5, LLC",0002032732
2032732,ALOIS,"Arrived Homes 5, LLC",0002032732
2026514,NAMMW,Namib Minerals,0002026514
2022059,AGMWF,"Silver Mountain Resources, Inc.",0002022059
2025401,FERAU,Fifth Era Acquisition Corp I,0002025401
2025401,FERAR,Fifth Era Acquisition Corp I,0002025401
2033991,TVACU,Texas Ventures Acquisition III Corp,0002033991
2033991,TVACW,Texas Ventures Acquisition III Corp,0002033991
2034300,DGMDF,Digital Domain Holdings Limited/ADR,0002034300
2032966,TICAW,"TIC Solutions, Inc.",0002032966
2033264,VDTA,Vertical Data Inc.,0002033264
2033593,SVCCW,Stellar V Capital Corp. (Cayman Islands),0002033593
2033593,SVCCU,Stellar V Capital Corp. (Cayman Islands),0002033593
2039784,MGCOF,"Midea Group Co., Ltd./ADR",0002039784
1946573,NAKAW,Nakamoto Inc.,0001946573
2044523,ORIQU,Origin Investment Corp I,0002044523
2044523,ORIQW,Origin Investment Corp I,0002044523
2042292,BDCIU,BTC Development Corp.,0002042292
2042292,BDCIW,BTC Development Corp.,0002042292
2042556,SPGDF,Springer Nature AG & Co. KGaA/ADR,0002042556
2038439,VWAVW,"VisionWave Holdings, Inc.",0002038439
2034334,AACBR,Artius II Acquisition Inc.,0002034334
2034334,AACBU,Artius II Acquisition Inc.,0002034334
2041047,CCAQW,COLLECTIVE ACQUISITION CORP.,0002041047
2041047,CCAQU,COLLECTIVE ACQUISITION CORP.,0002041047
1968378,BCHMF,Bachem Holding AG/ADR,0001968378
1965052,MGTEW,Marblegate Capital Corp,0001965052
1969475,BAYAU,Bayview Acquisition Corp,0001969475
1969475,BAYAR,Bayview Acquisition Corp,0001969475
1937987,FBYDP,"Falcon's Beyond Global, Inc.",0001937987
1937987,FBYDW,"Falcon's Beyond Global, Inc.",0001937987
1937737,MLECW,Moolec Science SA,0001937737
1936258,NAMSW,NewAmsterdam Pharma Co N.V.,0001936258
2042187,KYFGF,Kyoto Financial Group Inc/ADR,0002042187
2032609,SHFH,Scientist Home Future Health Ltd,0002032609
2034313,OBAWU,Oxley Bridge Acquisition Ltd,0002034313
2034313,OBAWW,Oxley Bridge Acquisition Ltd,0002034313
2032528,DRDBW,Roman DBDR Acquisition Corp. II,0002032528
2032528,DRDBU,Roman DBDR Acquisition Corp. II,0002032528
2029769,OACCU,Oaktree Acquisition Corp. III Life Sciences,0002029769
2029769,OACCW,Oaktree Acquisition Corp. III Life Sciences,0002029769
2028516,ATIIU,Archimedes Tech SPAC Partners II Co.,0002028516
2028516,ATIIW,Archimedes Tech SPAC Partners II Co.,0002028516
2027330,SGIPF,"Sugi Holdings Co., Ltd./ADR",0002027330
2024203,CAPNR,Cayson Acquisition Corp,0002024203
2024203,CAPNU,Cayson Acquisition Corp,0002024203
2025608,SOUL-RI,Soulpower Acquisition Corp.,0002025608
2025608,SOUL-UN,Soulpower Acquisition Corp.,0002025608
1995306,SPHIF,SUPER HI INTERNATIONAL HOLDING LTD.,0001995306
1994373,HNIT,Huineng Technology Corp,0001994373
2001557,INVLW,"Innventure, Inc.",0002001557
1997296,MDCXW,Medicus Pharma Ltd.,0001997296
2007191,TLPPF,Telix Pharmaceuticals Ltd,0002007191
2012807,RFAIU,RF Acquisition Corp II,0002012807
2012807,RFAIR,RF Acquisition Corp II,0002012807
2015947,SBXD-UN,SilverBox Corp IV,0002015947
2013807,FOXXW,Foxx Development Holdings Inc.,0002013807
2015947,SBXD-WT,SilverBox Corp IV,0002015947
1957538,OIOWW,OIO Group,0001957538
1969302,PYAIF,Pony AI Inc.,0001969302
1965143,NVNIW,Nvni Group Ltd,0001965143
1978111,NPLY,Naploy Corp.,0001978111
1983324,RMSGW,Real Messenger Corp,0001983324
1984345,VTBAS,"Vestible Assets, LLC",0001984345
1986817,GTENW,"Gores Holdings X, Inc. / CI",0001986817
1986817,GTENU,"Gores Holdings X, Inc. / CI",0001986817
1982444,BDMDW,Baird Medical Investment Holdings Ltd,0001982444
1980295,IMAA,IMA Tech,0001980295
1997652,TBNRL,Tamboran Resources Corp,0001997652
1998781,IBACR,IB Acquisition Corp.,0001998781
1998043,PDPA,Pearl Diver Credit Co Inc.,0001998043
2001699,HPAIW,Helport AI Ltd,0002001699
2020385,TAVIU,Tavia Acquisition Corp.,0002020385
2020385,TAVIR,Tavia Acquisition Corp.,0002020385
2018145,RDACR,Rising Dragon Acquisition Corp.,0002018145
2018145,RDACU,Rising Dragon Acquisition Corp.,0002018145
2022308,KIDZW,KIDZ AI Inc.,0002022308
2023676,LPBBW,Launch Two Acquisition Corp.,0002023676
2023676,LPBBU,Launch Two Acquisition Corp.,0002023676
2020987,YHNAR,YHN Acquisition I Ltd,0002020987
2021938,SNNRF,Sunrise Communications AG,0002021938
2020987,YHNAU,YHN Acquisition I Ltd,0002020987
2026767,ALISU,Calisa Acquisition Corp,0002026767
2026767,ALISR,Calisa Acquisition Corp,0002026767
2054876,NMPAU,NMP Acquisition Corp.,0002054876
2054876,NMPAR,NMP Acquisition Corp.,0002054876
1938338,GLTK,GlobalTech Corp,0001938338
2049662,FACWW,Factorial Energy Inc.,0002049662
2054272,ONCHU,1RT Acquisition Corp.,0002054272
2054272,ONCHW,1RT Acquisition Corp.,0002054272
2053799,KCHVR,Kochav Defense Acquisition Corp.,0002053799
2053799,KCHVU,Kochav Defense Acquisition Corp.,0002053799
2041531,BDTB,Bodhi Tree Biotechnology Inc,0002041531
2028336,NUAIW,"New ERA Energy & Digital, Inc.",0002028336
2045473,COPL-WT,Copley Acquisition Corp,0002045473
2045473,COPL-UN,Copley Acquisition Corp,0002045473
2048951,TMSWW,Teamshares Inc,0002048951
2048958,SUNXF,Stardust Solar Energy Inc.,0002048958
2047177,CHECW,Chenghe Acquisition III Co.,0002047177
2047177,CHECU,Chenghe Acquisition III Co.,0002047177
2028027,NTWOW,Newbury Street II Acquisition Corp,0002028027
2028027,NTWOU,Newbury Street II Acquisition Corp,0002028027
2024460,CHPGR,ChampionsGate Acquisition Corp,0002024460
2024460,CHPGU,ChampionsGate Acquisition Corp,0002024460
2028293,RAINW,"Rain Enhancement Technologies Holdco, Inc.",0002028293
2034520,GIBOW,GIBO HOLDINGS Ltd,0002034520
2029472,PUIGF,Puig Brands S.A./ADR,0002029472
2015502,LPAAW,Launch One Acquisition Corp.,0002015502
2015502,LPAAU,Launch One Acquisition Corp.,0002015502
2019435,BGLWW,Blue Gold Ltd,0002019435
1862150,CINGW,Cingulate Inc.,0001862150
1863990,MSAIW,"MultiSensor AI Holdings, Inc.",0001863990
1864943,FGIWW,FGI Industries Ltd.,0001864943
1865111,ALSUF,Alpha Star Acquisition Corp,0001865111
1865111,ALSTF,Alpha Star Acquisition Corp,0001865111
1865111,ALSWF,Alpha Star Acquisition Corp,0001865111
1866364,BULLW,Webull Corp,0001866364
1868419,CYCUW,"Cycurion, Inc.",0001868419
1896511,DAZSF,ZKGC New Energy Ltd,0001896511
1907223,GRMLW,Greenland Mines Ltd,0001907223
1903145,GRRRW,Gorilla Technology Group Inc.,0001903145
1897463,GRAF-WT,Graf Global Corp.,0001897463
1898416,ALVOW,Alvotech,0001898416
1896212,CDTTW,CDT Equity Inc.,0001896212
1884046,SPKLU,Spark I Acquisition Corp,0001884046
1885514,YBZN,Yi Po International Holdings Ltd,0001885514
1887673,WLDSW,Wearable Devices Ltd.,0001887673
1893219,ABPWW,"Abpro Holdings, Inc.",0001893219
1884046,SPKLW,Spark I Acquisition Corp,0001884046
1890126,UMGNF,Universal Music Group N.V./ADR,0001890126
1904616,BAKR,Baker Global Asset Management Inc.,0001904616
1899287,AMPX-WT,"Amprius Technologies, Inc.",0001899287
1913510,VFSWW,VinFast Auto Ltd.,0001913510
1920294,RZLVW,REZOLVE AI PLC,0001920294
1936804,SDAWW,SunCar Technology Group Inc.,0001936804
1949257,RDPTF,Radiopharm Theranostics Ltd,0001949257
1981662,NIVFW,NewGenIvf Group Ltd,0001981662
1985406,NPEHF,"Nippon Express Holdings, Inc./ADR",0001985406
1980845,ENGNW,enGene Therapeutics Inc.,0001980845
1999261,STWI,StageWise Strategies Corp.,0001999261
1960355,EXYNW,"Exyn Technologies, Inc.",0001960355
1979005,AFJKR,"Aimei Health Technology Co., Ltd.",0001979005
1979005,AFJKU,"Aimei Health Technology Co., Ltd.",0001979005
1969796,THQQF,Embracer Group AB/ADR,0001969796
1969766,SEPSF,Asep Medical Holdings Inc.,0001969766
1995920,ESMR,E-Smart Corp.,0001995920
2012318,IPCXR,Inflection Point Acquisition Corp. III,0002012318
2012318,IPCXU,Inflection Point Acquisition Corp. III,0002012318
2014254,FSTWF,FST Corp.,0002014254
2013186,TNMWF,TNL Mediagene,0002013186
2000775,BKHAR,Black Hawk Acquisition Corp,0002000775
2000775,BKHAU,Black Hawk Acquisition Corp,0002000775
2010653,FVNNU,Future Vision II Acquisition Corp.,0002010653
2010653,FVNNR,Future Vision II Acquisition Corp.,0002010653
2006291,CCIXU,Churchill Capital Corp IX/Cayman,0002006291
2006291,CCIXW,Churchill Capital Corp IX/Cayman,0002006291
1946563,SXTPW,"60 DEGREES PHARMACEUTICALS, INC.",0001946563
1951089,CRMLW,Critical Metals Corp.,0001951089
1951089,CRTMF,Critical Metals Corp.,0001951089
1951593,NNPEF,Ninepoint Energy Fund,0001951593
1956237,ALMP,Almco Plumbing Inc,0001956237
1956648,NOEMW,CO2 Energy Transition Corp.,0001956648
1956648,NOEMU,CO2 Energy Transition Corp.,0001956648
1956648,NOEMR,CO2 Energy Transition Corp.,0001956648
1964979,ALURD,"ALLURION TECHNOLOGIES, INC.",0001964979
1964979,ALURW,"ALLURION TECHNOLOGIES, INC.",0001964979
1962746,LOTWW,Lotus Technology Inc.,0001962746
2028614,DMAAU,Drugs Made In America Acquisition Corp.,0002028614
2028614,DMAAR,Drugs Made In America Acquisition Corp.,0002028614
2025774,ALPWF,Alps Group Inc,0002025774
2028699,DYNCW,Dynamix Corp,0002028699
2028699,DYNCU,Dynamix Corp,0002028699
2029586,BLNH,"Blue Line Holdings, Inc.",0002029586
2028935,FACTW,FACT II Acquisition Corp.,0002028935
2028935,FACTU,FACT II Acquisition Corp.,0002028935
1938571,APTN,"ADAPTIN BIO, INC.",0001938571
1933359,NTCS,Natics Corp.,0001933359
2036973,UYSCR,UY Scuti Acquisition Corp.,0002036973
2036973,UYSCU,UY Scuti Acquisition Corp.,0002036973
2035016,RIBBU,Ribbon Acquisition Corp.,0002035016
2035016,RIBBR,Ribbon Acquisition Corp.,0002035016
2025341,POLEU,Andretti Acquisition Corp. II,0002025341
2025341,POLEW,Andretti Acquisition Corp. II,0002025341
2022416,SLXNW,Silexion Therapeutics Corp,0002022416
2023870,LACHF,Lapco Holdings Limited/ADR,0002023870
2000756,KWMWW,K Wave Media Ltd.,0002000756
2006971,LUMA,DeerHorse One Zero Eight Group Holding Ltd,0002006971
2007825,INFQ-WT,"Infleqtion, Inc.",0002007825
1991332,MKDWW,MKDWELL Tech Inc.,0001991332
1992818,ZOOZW,ZOOZ Strategy Ltd.,0001992818
1918414,NBRGR,Newbridge Acquisition Ltd,0001918414
1918414,NBRGU,Newbridge Acquisition Ltd,0001918414
2035173,RTACW,Renatus Tactical Acquisition Corp I,0002035173
2035173,RTACU,Renatus Tactical Acquisition Corp I,0002035173
1930313,SBCWW,SBC Medical Group Holdings Inc,0001930313
1946021,HSPUF,Horizon Space Acquisition I Corp.,0001946021
1946021,HSPWF,Horizon Space Acquisition I Corp.,0001946021
1947861,NMHIW,Nature's Miracle Holding Inc.,0001947861
1938569,PALX,Palomino Laboratories Inc.,0001938569
1940674,SMXWW,SMX (Security Matters) Public Ltd Co,0001940674
1941360,NELR,Neolara Corp.,0001941360
1957489,ABLVW,Able View Global Inc.,0001957489
1959994,COOTW,Australian Oilseeds Holdings Ltd,0001959994
1963088,ATCHW,"AtlasClear Holdings, Inc.",0001963088
1978528,QETAR,Quetta Acquisition Corp,0001978528
1978528,QETAU,Quetta Acquisition Corp,0001978528
1985062,PBMWW,PSYENCE BIOMEDICAL LTD.,0001985062
1968385,BWAGF,BAWAG Group AG/ADR,0001968385
2031561,ALDFU,Aldel Financial II Inc.,0002031561
2031561,ALDFW,Aldel Financial II Inc.,0002031561
2033122,TACOU,Berto Acquisition Corp.,0002033122
2033122,TACOW,Berto Acquisition Corp.,0002033122
2033383,FUSEW,Fusemachines Inc.,0002033383
2029014,MRCL,Mercalot Inc.,0002029014
2028735,SPEGU,Silver Pegasus Acquisition Corp.,0002028735
2029303,THTG,Tech Tonic Group Corp.,0002029303
2030482,PLMKW,"Plum Acquisition Corp, IV",0002030482
2030482,PLMKU,"Plum Acquisition Corp, IV",0002030482
2028735,SPEGR,Silver Pegasus Acquisition Corp.,0002028735
2021390,GDERF,Galderma Group AG/ADR,0002021390
2023730,HDRNW,"Hadron Energy, Inc.",0002023730
2024459,CHARR,Charlton Aria Acquisition Corp,0002024459
2024459,CHARU,Charlton Aria Acquisition Corp,0002024459
2019804,IMSRW,Terrestrial Energy Inc. /DE/,0002019804
2017950,DTSQR,DT Cloud Star Acquisition Corp,0002017950
2017950,DTSQU,DT Cloud Star Acquisition Corp,0002017950
2016221,MACIW,Melar Acquisition Corp. I/Cayman,0002016221
2016221,MACIU,Melar Acquisition Corp. I/Cayman,0002016221
1974044,MNYWW,MoneyHero Ltd,0001974044
2000366,SCAGW,Scage Future,0002000366
1989788,GAFC,Guru App Factory Corp,0001989788
2009183,TACHW,Titan Acquisition Corp.,0002009183
2002045,GCLWW,GCL Global Holdings Ltd,0002002045
2009183,TACHU,Titan Acquisition Corp.,0002009183
2010930,ALFUU,Centurion Acquisition Corp.,0002010930
2010930,ALFUW,Centurion Acquisition Corp.,0002010930
2074850,GFUZW,General Fusion Group Ltd.,0002074850
2074850,SVACU,General Fusion Group Ltd.,0002074850
2074850,SVACW,General Fusion Group Ltd.,0002074850
2079013,HCACR,Hall Chadwick Acquisition Corp,0002079013
2076739,SCIIU,SC II Acquisition Corp.,0002076739
2076739,SCIIR,SC II Acquisition Corp.,0002076739
2047497,RAC-UN,Rithm Acquisition Corp.,0002047497
2047497,RAC-WT,Rithm Acquisition Corp.,0002047497
2052243,TWLVU,Twelve Seas Investment Co III/Cayman,0002052243
2053456,TGE-WT,Generation Essentials Group,0002053456
2052243,TWLVR,Twelve Seas Investment Co III/Cayman,0002052243
2053411,PCPPF,PC Partner Group Ltd/ADR,0002053411
2057030,AXINU,Axiom Intelligence Acquisition Corp 1,0002057030
2057030,AXINR,Axiom Intelligence Acquisition Corp 1,0002057030
2058359,CRAQR,Cal Redwood Acquisition Corp.,0002058359
2058359,CRAQU,Cal Redwood Acquisition Corp.,0002058359
2073901,TNEYF,Tamarack Valley Energy Ltd./ADR,0002073901
2074878,NWAX-WT,New America Acquisition I Corp.,0002074878
2074878,NWAX-UN,New America Acquisition I Corp.,0002074878
2075141,SRBEF,VusionGroup,0002075141
2075816,EMISR,Emmis Acquisition Corp.,0002075816
2070602,HVMCU,Highview Merger Corp.,0002070602
2070602,HVMCW,Highview Merger Corp.,0002070602
2070570,REECF,Reece Limited/ADR,0002070570
2073669,HNSPF,Hansoh Pharmaceutical Group Co Limited/ADR,0002073669
2070829,CTATF,"Contemporary Amperex Technology Co., Limited/ADR",0002070829
2063675,LSHGF,Louis Hachette Group/ADR,0002063675
2063816,INACR,Indigo Acquisition Corp.,0002063816
2063816,INACU,Indigo Acquisition Corp.,0002063816
2062807,MGHTF,Mercury NZ Ltd./ADR,0002062807
2064177,BPACR,Blueport Acquisition Ltd,0002064177
2067592,MKLYU,McKinley Acquisition Corp,0002067592
2067592,MKLYR,McKinley Acquisition Corp,0002067592
2064177,BPACU,Blueport Acquisition Ltd,0002064177
2065779,BCARW,D. Boral ARC Acquisition I Corp.,0002065779
2065779,BCARU,D. Boral ARC Acquisition I Corp.,0002065779
2033770,DAICW,"CID Holdco, Inc.",0002033770
2040475,DMIIR,Drugs Made In America Acquisition II Corp.,0002040475
2040475,DMIIU,Drugs Made In America Acquisition II Corp.,0002040475
2035644,RANGU,Range Capital Acquisition Corp.,0002035644
2035644,RANGR,Range Capital Acquisition Corp.,0002035644
2033019,KOKSF,Kokusai Electric Corporation/ADR,0002033019
2032517,STKTF,Sectra AB/ADR,0002032517
2030829,PGACU,PANTAGES CAPITAL ACQUISITION Corp,0002030829
2030829,PGACR,PANTAGES CAPITAL ACQUISITION Corp,0002030829
2043766,GTERW,Globa Terra Acquisition Corp,0002043766
2043766,GTERU,Globa Terra Acquisition Corp,0002043766
2043766,GTERR,Globa Terra Acquisition Corp,0002043766
2044817,MTNE-WT,CH4 Natural Solutions Corp,0002044817
2044817,MTNE-UN,CH4 Natural Solutions Corp,0002044817
2043630,APACU,StoneBridge Acquisition II Corp,0002043630
2043630,APACR,StoneBridge Acquisition II Corp,0002043630
2042460,HAVAU,Harvard Ave Acquisition Corp,0002042460
2042460,HAVAR,Harvard Ave Acquisition Corp,0002042460
2056634,PCAPU,ProCap Acquisition Corp,0002056634
2056634,PCAPW,ProCap Acquisition Corp,0002056634
2053843,YSHLF,Yangzijiang Shipbuilding Holdings Ltd/ADR,0002053843
2051820,MLCIL,Mount Logan Capital Inc.,0002051820
2050501,BLUWU,Blue Water Acquisition Corp. III,0002050501
2050501,BLUWW,Blue Water Acquisition Corp. III,0002050501
2048948,NPACW,New Providence Acquisition Corp. III/Cayman,0002048948
2048948,NPACU,New Providence Acquisition Corp. III/Cayman,0002048948
2049248,LCCCU,Lakeshore Acquisition III Corp.,0002049248
2049248,LCCCR,Lakeshore Acquisition III Corp.,0002049248
2065660,DNACF,"DeNA Co., Ltd./ADR",0002065660
2068385,SHAZW,SharonAI Holdings Inc.,0002068385
2064658,MCGAW,Yorkville Acquisition Corp.,0002064658
2064658,MCGAU,Yorkville Acquisition Corp.,0002064658
2062803,IDPUF,IDP Education Ltd./ADR,0002062803
2060863,NGHLF,Nightingale Health Plc,0002060863
2028201,COLAU,Columbus Acquisition Corp/Cayman Islands,0002028201
2028201,COLAR,Columbus Acquisition Corp/Cayman Islands,0002028201
2038958,MANDF,Mandatum Oyj/ADR,0002038958
2039058,JACS-UN,Jackson Acquisition Co II,0002039058
2039058,JACS-RI,Jackson Acquisition Co II,0002039058
1913577,SMNRW,"Semnur Pharmaceuticals, Inc.",0001913577
1937441,AMBWQ,Ambipar Emergency Response,0001937441
1941536,BAERW,"Bridger Aerospace Group Holdings, Inc.",0001941536
1935418,FMSTW,Foremost Clean Energy Ltd.,0001935418
1934850,FGN,"F&G Annuities & Life, Inc.",0001934850
1934850,FGSN,"F&G Annuities & Life, Inc.",0001934850
1935033,KMFG,KEEMO Fashion Group Ltd,0001935033
1930021,HOVRW,New Horizon Aircraft Ltd.,0001930021
1922097,LANWF,Lanvin Group Holdings Ltd,0001922097
2018463,BRETF,Brazilian Rare Earths Limited/ADR,0002018463
2028355,IPEXU,Inflection Point Acquisition Corp. V,0002028355
2028355,IPEXR,Inflection Point Acquisition Corp. V,0002028355
2029976,KFIIR,K&F GROWTH ACQUISITION CORP. II,0002029976
2029976,KFIIU,K&F GROWTH ACQUISITION CORP. II,0002029976
2030663,SZZLU,Sizzle Acquisition Corp. II,0002030663
2030663,SZZLR,Sizzle Acquisition Corp. II,0002030663
2016072,MBAVU,M3-Brigade Acquisition V Corp.,0002016072
2016072,MBAVW,M3-Brigade Acquisition V Corp.,0002016072
2015955,CUBWU,Lionheart Holdings,0002015955
2015955,CUBWW,Lionheart Holdings,0002015955
1994582,OYCG,Oyocar Group Inc.,0001994582
1985554,LDXC,Londax Corp.,0001985554
1985273,TOYWF,"TOYO Co., Ltd",0001985273
1966287,GFRWF,Greenfire Resources Ltd.,0001966287
1956827,AAVXF,Abivax S.A.,0001956827
1969729,RKWBF,Rockwool A/S/ADR,0001969729
1969729,RKWAF,Rockwool A/S/ADR,0001969729
1969729,RCWBY,Rockwool A/S/ADR,0001969729
1429260,FBIOP,"Fortress Biotech, Inc.",0001429260
1447108,SKPJF,SKY Perfect JSAT Holdings Inc,0001447108
1436741,CYJBF,Cargotec Corp OYJ,0001436741
1336364,GIGGF,Giga Metals Corp,0001336364
1301236,SOHOB,Sotherly Hotels Inc.,0001301236
1468929,NXGLW,"NEXGEL, INC.",0001468929
1455632,NXPGF,Mobico Group PLC/ADR,0001455632
1462418,ASPSZ,ALTISOURCE PORTFOLIO SOLUTIONS S.A.,0001462418
1462418,ASPSW,ALTISOURCE PORTFOLIO SOLUTIONS S.A.,0001462418
1464790,RILYZ,"BRC Group Holdings, Inc.",0001464790
1466026,MSBIP,"Midland States Bancorp, Inc.",0001466026
1464790,RILYG,"BRC Group Holdings, Inc.",0001464790
1464790,RILYL,"BRC Group Holdings, Inc.",0001464790
1464790,RILYN,"BRC Group Holdings, Inc.",0001464790
1464790,RILYP,"BRC Group Holdings, Inc.",0001464790
1464790,RILYT,"BRC Group Holdings, Inc.",0001464790
1329213,SNIRF,SENIOR PLC,0001329213
1318885,DSX-WT,DIANA SHIPPING INC.,0001318885
1326380,GME-WT,GameStop Corp.,0001326380
1470419,EJTTF,easyJet plc,0001470419
1313510,GGN-PB,"GAMCO Global Gold, Natural Resources & Income Trust",0001313510
1447956,BYDIF,BYD Electronic (International) Co Ltd,0001447956
1449664,NWSZF,CTF Services Ltd,0001449664
1447391,RSNHF,RESONA HOLDINGS INC,0001447391
1465740,TWOD,TWO HARBORS INVESTMENT CORP.,0001465740
1454475,GBCMD,Global Bio-chem Technology Group Co. Ltd / ADR,0001454475
1454475,GBCYD,Global Bio-chem Technology Group Co. Ltd / ADR,0001454475
1471824,CANE,Teucrium Commodity Trust,0001471824
1471824,BTCK,Teucrium Commodity Trust,0001471824
1471824,SOYB,Teucrium Commodity Trust,0001471824
1471824,TAGS,Teucrium Commodity Trust,0001471824
1471824,WEAT,Teucrium Commodity Trust,0001471824
1471824,CORN,Teucrium Commodity Trust,0001471824
1414767,NCPLW,Netcapital Inc.,0001414767
1408534,FGBIP,"First Guaranty Bancshares, Inc.",0001408534
1411342,EFC-PD,Ellington Financial Inc.,0001411342
1411342,EFC-PB,Ellington Financial Inc.,0001411342
1411342,EFC-PC,Ellington Financial Inc.,0001411342
1400810,HCIIP,"HCI Group, Inc.",0001400810
1451448,GMBLP,"ESPORTS ENTERTAINMENT GROUP, INC.",0001451448
1451448,GMBLZ,"ESPORTS ENTERTAINMENT GROUP, INC.",0001451448
1445214,SLOIF,Soitec SA,0001445214
1468492,HSCSW,HeartSciences Inc.,0001468492
1460447,MIMTF,Mitsubishi Materials Corp / ADR,0001460447
1464423,PMTU,PennyMac Mortgage Investment Trust,0001464423
1464423,PMTW,PennyMac Mortgage Investment Trust,0001464423
1464423,PMTV,PennyMac Mortgage Investment Trust,0001464423
1464423,PMT-PC,PennyMac Mortgage Investment Trust,0001464423
1372514,KPHMW,KIORA PHARMACEUTICALS INC,0001372514
1472879,WCPRF,WHITECAP RESOURCES INC.,0001472879
1496254,LTAFX,Alternative Strategies Income Fund,0001496254
1496254,LTCFX,Alternative Strategies Income Fund,0001496254
1509397,LOMWF,Lion One Metals Ltd.,0001509397
1506721,BAFBF,Balfour Beatty plc/ADR,0001506721
1506307,EP-PC,"KINDER MORGAN, INC.",0001506307
1234006,GOODN,GLADSTONE COMMERCIAL CORP,0001234006
1234006,GOODO,GLADSTONE COMMERCIAL CORP,0001234006
1232384,TCEYF,TC ENERGY CORP,0001232384
1232384,TRPPF,TC ENERGY CORP,0001232384
1214935,NCV-PA,Virtus Convertible & Income Fund,0001214935
1212545,WAL-PA,WESTERN ALLIANCE BANCORPORATION,0001212545
1232384,TRPEF,TC ENERGY CORP,0001232384
1232384,TCENF,TC ENERGY CORP,0001232384
1232384,TCNCF,TC ENERGY CORP,0001232384
1232384,TRPRF,TC ENERGY CORP,0001232384
1432364,AZUXY,AZUL SA,0001432364
1434754,SB-PD,"SAFE BULKERS, INC.",0001434754
1437462,GRKZF,Greek Organisation of Football Prognostics S.A.,0001437462
1428205,ARR-PC,"Armour Residential REIT, Inc.",0001428205
1489088,PBATF,PT Bukit Asam Tbk/ADR,0001489088
1495222,OXLCI,Oxford Lane Capital Corp.,0001495222
1495222,OXLCG,Oxford Lane Capital Corp.,0001495222
1495222,OXLCL,Oxford Lane Capital Corp.,0001495222
1474098,PEB-PG,Pebblebrook Hotel Trust,0001474098
1474098,PEB-PH,Pebblebrook Hotel Trust,0001474098
1357878,RGPX,"REGENEREX PHARMA, INC.",0001357878
1409253,THRC,"Havana Roasters Coffee Companies, Inc.",0001409253
1297996,DLR-PL,"DIGITAL REALTY TRUST, INC.",0001297996
1287032,PSEC-PA,PROSPECT CAPITAL CORP,0001287032
1280784,HCXY,"Hercules Capital, Inc.",0001280784
1332174,ISMCF,iShares S&P GSCI Commodity-Indexed Trust,0001332174
1323468,GLP-PB,GLOBAL PARTNERS LP,0001323468
1297996,DLR-PJ,"DIGITAL REALTY TRUST, INC.",0001297996
1308106,SEAL-PA,Seapeak LLC,0001308106
1308106,SEAL-PB,Seapeak LLC,0001308106
1403528,OAK-PB,"Brookfield Oaktree Holdings, LLC",0001403528
1390777,BNY-PK,Bank of New York Mellon Corp,0001390777
1389207,GFSAY,Gafisa S.A.,0001389207
1356115,NXDT-PA,NEXPOINT DIVERSIFIED REAL ESTATE TRUST,0001356115
1375365,SMCIP,"Super Micro Computer, Inc.",0001375365
1347408,SGBAF,SES S.A.,0001347408
1355096,QVCAQ,"QVC Group, Inc.",0001355096
1355096,QVCPQ,"QVC Group, Inc.",0001355096
1355096,QVCGQ,"QVC Group, Inc.",0001355096
1341439,ORCL-PD,ORACLE CORP,0001341439
1332551,ACR-PC,ACRES Commercial Realty Corp.,0001332551
1332551,ACR-PD,ACRES Commercial Realty Corp.,0001332551
1487428,HTFC,Horizon Technology Finance Corp,0001487428
1482541,BNCWZ,CEA Industries Inc.,0001482541
1482541,BNCWW,CEA Industries Inc.,0001482541
1479247,CPER,United States Commodity Index Funds Trust,0001479247
1459334,BKZHF,Santander Bank Polska SA/ADR,0001459334
1454147,LOIMF,Loomis AB / ADR,0001454147
1448038,RWDMU,Redwood Mortgage Investors IX,0001448038
1402328,SBFMW,Sunshine Biopharma Inc.,0001402328
1439124,AXIA-PC,AXIA Energia S.A.,0001439124
1437071,IVR-PC,Invesco Mortgage Capital Inc.,0001437071
1409493,CIM-PB,CHIMERA INVESTMENT CORP,0001409493
1409493,CIM-PC,CHIMERA INVESTMENT CORP,0001409493
1409493,CIMO,CHIMERA INVESTMENT CORP,0001409493
1409493,CIMP,CHIMERA INVESTMENT CORP,0001409493
1409493,CIMN,CHIMERA INVESTMENT CORP,0001409493
1409493,CIM-PD,CHIMERA INVESTMENT CORP,0001409493
1406234,BIPJ,Brookfield Infrastructure Partners L.P.,0001406234
1406234,BRIPF,Brookfield Infrastructure Partners L.P.,0001406234
1406234,BIPI,Brookfield Infrastructure Partners L.P.,0001406234
1406234,BIP-PA,Brookfield Infrastructure Partners L.P.,0001406234
1406234,BIP-PB,Brookfield Infrastructure Partners L.P.,0001406234
1415311,AGQ,ProShares Trust II,0001415311
1415311,BOIL,ProShares Trust II,0001415311
1415311,EUO,ProShares Trust II,0001415311
1415311,VIXY,ProShares Trust II,0001415311
1415311,YCL,ProShares Trust II,0001415311
1415311,YCS,ProShares Trust II,0001415311
1415311,ZSL,ProShares Trust II,0001415311
1415311,UCO,ProShares Trust II,0001415311
1415311,UGL,ProShares Trust II,0001415311
1415311,ULE,ProShares Trust II,0001415311
1415311,UVXY,ProShares Trust II,0001415311
1415311,VIXM,ProShares Trust II,0001415311
1415311,SCO,ProShares Trust II,0001415311
1415311,SVXY,ProShares Trust II,0001415311
1415311,GLL,ProShares Trust II,0001415311
1415311,KOLD,ProShares Trust II,0001415311
1518461,AMPGZ,"AmpliTech Group, Inc.",0001518461
1518461,AMPGR,"AmpliTech Group, Inc.",0001518461
1514281,MITN,"TPG Mortgage Investment Trust, Inc.",0001514281
1514281,MITP,"TPG Mortgage Investment Trust, Inc.",0001514281
1514281,MITT-PA,"TPG Mortgage Investment Trust, Inc.",0001514281
1514281,MITT-PB,"TPG Mortgage Investment Trust, Inc.",0001514281
1514281,MITT-PC,"TPG Mortgage Investment Trust, Inc.",0001514281
1496099,NMFCZ,New Mountain Finance Corp,0001496099
1490349,PFXNZ,PhenixFIN Corp,0001490349
1494191,KRNGF,Karoon Gas Australia Ltd /ADR/,0001494191
1482512,HPP-PC,"Hudson Pacific Properties, Inc.",0001482512
1487139,SKLTF,Seek Ltd,0001487139
1488813,CUBB,"Customers Bancorp, Inc.",0001488813
1476045,CLDT-PA,Chatham Lodging Trust,0001476045
1462120,LOB-PA,"Live Oak Bancshares, Inc.",0001462120
1472033,JTGLF,"Citibank,N.A./ADR",0001472033
1464343,ATLCL,Atlanticus Holdings Corp,0001464343
1464343,ATLCP,Atlanticus Holdings Corp,0001464343
1464343,ATLCZ,Atlanticus Holdings Corp,0001464343
1447960,CMCLF,"China Molybdenum Co., Ltd.",0001447960
1445654,NZEOY,New Zealand Oil & Gas Ltd/ADR,0001445654
1431852,OSDVF,Osisko Development Corp.,0001431852
1431852,ODVWZ,Osisko Development Corp.,0001431852
1404912,KKRT,KKR & Co. Inc.,0001404912
1404912,KKR-PD,KKR & Co. Inc.,0001404912
1404912,KKRS,KKR & Co. Inc.,0001404912
1397183,IVDAW,"Iveda Solutions, Inc.",0001397183
1400891,IHETW,"iHeartMedia, Inc.",0001400891
1424657,CUENW,Cuentas Inc.,0001424657
1423689,AGNCL,AGNC Investment Corp.,0001423689
1423689,AGNCM,AGNC Investment Corp.,0001423689
1423689,AGNCN,AGNC Investment Corp.,0001423689
1423689,AGNCO,AGNC Investment Corp.,0001423689
1423689,AGNCP,AGNC Investment Corp.,0001423689
1423689,AGNCZ,AGNC Investment Corp.,0001423689
1495222,OXLCN,Oxford Lane Capital Corp.,0001495222
1495222,OXLCZ,Oxford Lane Capital Corp.,0001495222
1502292,PRHIZ,"Presurance Holdings, Inc.",0001502292
1321741,GAINZ,GLADSTONE INVESTMENT CORPORATION\DE,0001321741
1321741,GAING,GLADSTONE INVESTMENT CORPORATION\DE,0001321741
1321741,GAINI,GLADSTONE INVESTMENT CORPORATION\DE,0001321741
1317295,CITAF,CHINA SHIPPING CONTAINER LINES CO LTD,0001317295
1326160,DUKB,Duke Energy CORP,0001326160
1326160,DUK-PA,Duke Energy CORP,0001326160
1377936,SAT,SARATOGA INVESTMENT CORP.,0001377936
1377936,SAY,SARATOGA INVESTMENT CORP.,0001377936
1377936,SAV,SARATOGA INVESTMENT CORP.,0001377936
1377936,SAZ,SARATOGA INVESTMENT CORP.,0001377936
1377936,SAJ,SARATOGA INVESTMENT CORP.,0001377936
1509957,NASC,Can B Corp,0001509957
1501072,RIV-PA,"RIVERNORTH OPPORTUNITIES FUND, INC.",0001501072
1483994,HWLDF,H World Group Ltd,0001483994
1490078,FPHOY,First Phosphate Corp.,0001490078
1490078,FRSPF,First Phosphate Corp.,0001490078
1495651,PPURF,Ucore Rare Metals Inc.,0001495651
1268896,CILFY,CHINA LIFE INSURANCE CO LTD,0001268896
1516684,SMTGF,SMA Solar Technology AG/ADR,0001516684
1393311,PSA-PF,Public Storage,0001393311
1393311,PSA-PG,Public Storage,0001393311
1393311,PSA-PI,Public Storage,0001393311
1393311,PSA-PJ,Public Storage,0001393311
1393311,PSA-PK,Public Storage,0001393311
1393311,PSA-PL,Public Storage,0001393311
1393311,PSA-PM,Public Storage,0001393311
1393311,PSA-PN,Public Storage,0001393311
1393311,PSA-PO,Public Storage,0001393311
1393311,PSA-PP,Public Storage,0001393311
1393311,PSA-PQ,Public Storage,0001393311
1393311,PSA-PR,Public Storage,0001393311
1393311,PSA-PS,Public Storage,0001393311
1372612,BXCAP,BOX INC,0001372612
1333172,NMPRY,Navios Maritime Holdings Inc.,0001333172
1333986,EQH-PA,"Equitable Holdings, Inc.",0001333986
1333986,EQH-PC,"Equitable Holdings, Inc.",0001333986
1311307,LNXSF,LANXESS AG,0001311307
1376804,RDCT,"VNUE, Inc.",0001376804
1281761,RF-PE,REGIONS FINANCIAL CORP,0001281761
1281895,RCKTW,"ROCKET PHARMACEUTICALS, INC.",0001281895
1281761,RF-PF,REGIONS FINANCIAL CORP,0001281761
1267238,AIZN,"ASSURANT, INC.",0001267238
1283699,TMUSZ,"T-Mobile US, Inc.",0001283699
1283699,TMUSI,"T-Mobile US, Inc.",0001283699
1283699,TMUSL,"T-Mobile US, Inc.",0001283699
1259429,OXSQG,Oxford Square Capital Corp.,0001259429
1254699,QVCDQ,QVC INC,0001254699
1254699,QVCCQ,QVC INC,0001254699
1259429,OXSQH,Oxford Square Capital Corp.,0001259429
1232582,AHT-PD,ASHFORD HOSPITALITY TRUST INC,0001232582
1232582,AHT-PF,ASHFORD HOSPITALITY TRUST INC,0001232582
1232582,AHT-PG,ASHFORD HOSPITALITY TRUST INC,0001232582
1232582,AHT-PH,ASHFORD HOSPITALITY TRUST INC,0001232582
1232582,AHT-PI,ASHFORD HOSPITALITY TRUST INC,0001232582
1224608,CNO-PA,"CNO Financial Group, Inc.",0001224608
1419554,BBLGW,Bone Biologics Corp,0001419554
1412100,MHNC,"Maiden Holdings, Ltd.",0001412100
1438893,GNT-PA,"GAMCO Natural Resources, Gold & Income Trust",0001438893
1260729,GDV-PK,GABELLI DIVIDEND & INCOME TRUST,0001260729
1267395,AHL-PD,ASPEN INSURANCE HOLDINGS LTD,0001267395
1267395,AHL-PE,ASPEN INSURANCE HOLDINGS LTD,0001267395
1267395,AHL-PF,ASPEN INSURANCE HOLDINGS LTD,0001267395
1276187,ET-PI,Energy Transfer LP,0001276187
1282957,GLU-PA,GABELLI GLOBAL UTILITY & INCOME TRUST,0001282957
1451561,SBBTF,Vend Marketplaces ASA/ADR,0001451561
1446962,HCHDF,Hochschild Mining PLC,0001446962
1210708,STRRP,"Star Equity Holdings, Inc.",0001210708
1327978,ZARE,Ares Real Estate Income Trust Inc.,0001327978
1341317,BWBBP,Bridgewater Bancshares Inc,0001341317
1293818,CFOR,CapForce Inc.,0001293818
1373670,GRBK-PA,"Green Brick Partners, Inc.",0001373670
1349706,TOGIW,"TurnOnGreen, Inc.",0001349706
1345126,CODI-PC,Compass Diversified Holdings,0001345126
1345126,CODI-PA,Compass Diversified Holdings,0001345126
1084267,MOBQW,"Mobiquity Technologies, Inc.",0001084267
1174511,AEBMF,ANADOLU EFES BIRACILIK VE MALT SANAYI A S/ADR,0001174511
1130166,BGMSP,"Bio Green Med Solution, Inc.",0001130166
1157842,RQI-RI,COHEN & STEERS QUALITY INCOME REALTY FUND INC,0001157842
1050446,STRF,Strategy Inc,0001050446
1050446,STRK,Strategy Inc,0001050446
1045609,PLDGP,"Prologis, Inc.",0001045609
1050446,STRD,Strategy Inc,0001050446
1043219,NLY-PF,ANNALY CAPITAL MANAGEMENT INC,0001043219
1043219,NLY-PG,ANNALY CAPITAL MANAGEMENT INC,0001043219
1043219,NLY-PI,ANNALY CAPITAL MANAGEMENT INC,0001043219
1043219,NLY-PJ,ANNALY CAPITAL MANAGEMENT INC,0001043219
1026214,FMCCT,FEDERAL HOME LOAN MORTGAGE CORP,0001026214
1026214,FMCCI,FEDERAL HOME LOAN MORTGAGE CORP,0001026214
1026214,FREJP,FEDERAL HOME LOAN MORTGAGE CORP,0001026214
1026214,FMCKI,FEDERAL HOME LOAN MORTGAGE CORP,0001026214
1026214,FMCKK,FEDERAL HOME LOAN MORTGAGE CORP,0001026214
930236,RWT-PA,REDWOOD TRUST INC,0000930236
930236,RWTN,REDWOOD TRUST INC,0000930236
927971,BERZ,BANK OF MONTREAL /CAN/,0000927971
947484,ACGLN,ARCH CAPITAL GROUP LTD.,0000947484
947484,ACGLO,ARCH CAPITAL GROUP LTD.,0000947484
927971,FNGO,BANK OF MONTREAL /CAN/,0000927971
927971,FNGS,BANK OF MONTREAL /CAN/,0000927971
927971,FNGU,BANK OF MONTREAL /CAN/,0000927971
927971,GDXD,BANK OF MONTREAL /CAN/,0000927971
927971,DULL,BANK OF MONTREAL /CAN/,0000927971
927971,FLYD,BANK OF MONTREAL /CAN/,0000927971
927971,FLYU,BANK OF MONTREAL /CAN/,0000927971
930236,RWTO,REDWOOD TRUST INC,0000930236
930236,RWTP,REDWOOD TRUST INC,0000930236
930236,RWTQ,REDWOOD TRUST INC,0000930236
930236,RWTS,REDWOOD TRUST INC,0000930236
927628,COF-PI,CAPITAL ONE FINANCIAL CORP,0000927628
927628,COF-PJ,CAPITAL ONE FINANCIAL CORP,0000927628
927628,COF-PK,CAPITAL ONE FINANCIAL CORP,0000927628
927628,COF-PL,CAPITAL ONE FINANCIAL CORP,0000927628
927628,COF-PN,CAPITAL ONE FINANCIAL CORP,0000927628
909112,TXEMF,TEMPLETON EMERGING MARKETS INCOME FUND,0000909112
910073,FLG-PA,"FLAGSTAR BANK, NATIONAL ASSOCIATION",0000910073
910073,FLG-PU,"FLAGSTAR BANK, NATIONAL ASSOCIATION",0000910073
927971,BNKD,BANK OF MONTREAL /CAN/,0000927971
927971,BNKU,BANK OF MONTREAL /CAN/,0000927971
927971,BULZ,BANK OF MONTREAL /CAN/,0000927971
927971,AIQU,BANK OF MONTREAL /CAN/,0000927971
927971,AIQD,BANK OF MONTREAL /CAN/,0000927971
927971,JETU,BANK OF MONTREAL /CAN/,0000927971
927971,JETD,BANK OF MONTREAL /CAN/,0000927971
927971,CARD,BANK OF MONTREAL /CAN/,0000927971
927971,CARU,BANK OF MONTREAL /CAN/,0000927971
927971,WTID,BANK OF MONTREAL /CAN/,0000927971
927971,WTIU,BANK OF MONTREAL /CAN/,0000927971
927971,OILU,BANK OF MONTREAL /CAN/,0000927971
927971,SHNY,BANK OF MONTREAL /CAN/,0000927971
927971,GDXU,BANK OF MONTREAL /CAN/,0000927971
927971,NRGD,BANK OF MONTREAL /CAN/,0000927971
927971,NRGU,BANK OF MONTREAL /CAN/,0000927971
927971,OILD,BANK OF MONTREAL /CAN/,0000927971
1166663,TEN-PE,TSAKOS ENERGY NAVIGATION LTD,0001166663
1166663,TEN-PF,TSAKOS ENERGY NAVIGATION LTD,0001166663
1109354,BRKRP,BRUKER CORP,0001109354
907254,BFS-PE,"SAUL CENTERS, INC.",0000907254
1253986,ABR-PD,ARBOR REALTY TRUST INC,0001253986
1253986,ABR-PE,ARBOR REALTY TRUST INC,0001253986
1253986,ABR-PF,ARBOR REALTY TRUST INC,0001253986
1279956,YRAIF,YARA INTERNATIONAL ASA,0001279956
1278752,MFICL,MidCap Financial Investment Corp,0001278752
1099219,MET-PF,METLIFE INC,0001099219
1108329,PTCCY,PETROCHINA CO LTD,0001108329
1109262,BSCL,"BILI Social International, Inc.",0001109262
1113423,CSCIF,COSCIENS Biopharma Inc.,0001113423
1113423,CSCID,COSCIENS Biopharma Inc.,0001113423
1066764,BESS-WT,Bimergen Energy Corp,0001066764
1069336,SWZCF,SWISSCOM AG,0001069336
1097362,SLFQF,SUN LIFE FINANCIAL INC,0001097362
1097362,SLFIF,SUN LIFE FINANCIAL INC,0001097362
1097362,SUNFF,SUN LIFE FINANCIAL INC,0001097362
1137774,PFH,PRUDENTIAL FINANCIAL INC,0001137774
1137774,PRH,PRUDENTIAL FINANCIAL INC,0001137774
1137774,PRS,PRUDENTIAL FINANCIAL INC,0001137774
1004980,PCG-PA,PG&E Corp,0001004980
1004980,PCG-PB,PG&E Corp,0001004980
1004980,PCG-PX,PG&E Corp,0001004980
936528,WAFDP,WAFD INC,0000936528
911421,PREJF,PARTNERRE LTD,0000911421
912958,MLCMF,MILLICOM INTERNATIONAL CELLULAR SA,0000912958
913144,RNR-PF,RENAISSANCERE HOLDINGS LTD,0000913144
913144,RNR-PG,RENAISSANCERE HOLDINGS LTD,0000913144
1263364,COPR-WT,Idaho Copper Corp,0001263364
1273685,ADAMM,"ADAMAS TRUST, INC.",0001273685
1273685,ADAMH,"ADAMAS TRUST, INC.",0001273685
1273685,ADAMZ,"ADAMAS TRUST, INC.",0001273685
1273685,ADAMO,"ADAMAS TRUST, INC.",0001273685
1273685,ADAMI,"ADAMAS TRUST, INC.",0001273685
1273685,ADAMN,"ADAMAS TRUST, INC.",0001273685
1273685,ADAMG,"ADAMAS TRUST, INC.",0001273685
1273685,ADAML,"ADAMAS TRUST, INC.",0001273685
1126956,SRJN,SPIRE INC,0001126956
1042046,AFGB,AMERICAN FINANCIAL GROUP INC,0001042046
1042046,AFGC,AMERICAN FINANCIAL GROUP INC,0001042046
1042046,AFGD,AMERICAN FINANCIAL GROUP INC,0001042046
1042046,AFGE,AMERICAN FINANCIAL GROUP INC,0001042046
1053092,GLDI,CREDIT SUISSE AG,0001053092
1053092,USOI,CREDIT SUISSE AG,0001053092
1053092,SLVO,CREDIT SUISSE AG,0001053092
936340,DTK,DTE ENERGY CO,0000936340
936340,DTG,DTE ENERGY CO,0000936340
936340,DTB,DTE ENERGY CO,0000936340
1127248,EMICF,EMERA INC,0001127248
1127248,EMRJF,EMERA INC,0001127248
1128252,XAKJ,"SIPP International Industries, Inc.",0001128252
1160106,LLOBF,Lloyds Banking Group plc,0001160106
1236275,QXO-PB,"QXO, Inc.",0001236275
1174169,AGQPF,ALGONQUIN POWER & UTILITIES CORP.,0001174169
1174169,AQNB,ALGONQUIN POWER & UTILITIES CORP.,0001174169
1039610,ELCPF,EDP ENERGIAS DE PORTUGAL SA,0001039610
1078716,TGOPF,3i GROUP PLC,0001078716
1089907,SWKHL,SWK Holdings Corp,0001089907
1114446,AMUB,UBS AG,0001114446
1114446,BDCX,UBS AG,0001114446
1114446,BDCZ,UBS AG,0001114446
1114446,CEFD,UBS AG,0001114446
1114446,UCIB,UBS AG,0001114446
1114446,USML,UBS AG,0001114446
1114446,SCDL,UBS AG,0001114446
1114446,SMHB,UBS AG,0001114446
1114446,MTUL,UBS AG,0001114446
1114446,MVRL,UBS AG,0001114446
1114446,PFFL,UBS AG,0001114446
1114446,QULL,UBS AG,0001114446
1114446,MLPB,UBS AG,0001114446
1114446,MLPR,UBS AG,0001114446
1114446,IWDL,UBS AG,0001114446
1114446,IWFL,UBS AG,0001114446
1114446,IWML,UBS AG,0001114446
1114446,HDLB,UBS AG,0001114446
1114446,IFED,UBS AG,0001114446
1004315,NMPWP,NATIONAL GRID PLC,0001004315
1004315,NEWEN,NATIONAL GRID PLC,0001004315
1004434,MGRE,"AFFILIATED MANAGERS GROUP, INC.",0001004434
1004434,MGRD,"AFFILIATED MANAGERS GROUP, INC.",0001004434
1004434,MGR,"AFFILIATED MANAGERS GROUP, INC.",0001004434
1004434,MGRB,"AFFILIATED MANAGERS GROUP, INC.",0001004434
1295810,SHO-PH,"Sunstone Hotel Investors, Inc.",0001295810
1295810,SHO-PI,"Sunstone Hotel Investors, Inc.",0001295810
879911,AERGP,"APPLIED ENERGETICS, INC.",0000879911
898174,RZC,REINSURANCE GROUP OF AMERICA INC,0000898174
1038143,ORANY,ORANGE,0001038143
1032208,SREA,SEMPRA,0001032208
1004315,NMKCP,NATIONAL GRID PLC,0001004315
1004315,NMKBP,NATIONAL GRID PLC,0001004315
1087711,SNTUF,Santander UK plc,0001087711
1087711,STNDF,Santander UK plc,0001087711
1101215,BFH-PA,"BREAD FINANCIAL HOLDINGS, INC.",0001101215
1101215,BFH-PB,"BREAD FINANCIAL HOLDINGS, INC.",0001101215
13372,NSARO,NSTAR ELECTRIC CO,0000013372
13372,NSARP,NSTAR ELECTRIC CO,0000013372
61004,LGLGR,LGL GROUP INC,0000061004
886163,LGNZZ,LIGAND PHARMACEUTICALS INC,0000886163
886163,LGNDZ,LIGAND PHARMACEUTICALS INC,0000886163
886163,LGNXZ,LIGAND PHARMACEUTICALS INC,0000886163
886163,LGNYZ,LIGAND PHARMACEUTICALS INC,0000886163
314808,VAL-WT,Valaris Ltd,0000314808
92230,TFC-PI,TRUIST FINANCIAL CORP,0000092230
92230,TFC-PO,TRUIST FINANCIAL CORP,0000092230
92230,TFC-PR,TRUIST FINANCIAL CORP,0000092230
81023,PNMXO,PUBLIC SERVICE CO OF NEW MEXICO,0000081023
769520,MIDDV,MIDDLEBY Corp,0000769520
769218,AEFC,AEGON LTD.,0000769218
771992,PAASF,PAN AMERICAN SILVER CORP,0000771992
753308,NEE-PN,NEXTERA ENERGY INC,0000753308
753308,NEE-PW,NEXTERA ENERGY INC,0000753308
753308,NEE-PT,NEXTERA ENERGY INC,0000753308
753308,NEE-PU,NEXTERA ENERGY INC,0000753308
753308,NEE-PV,NEXTERA ENERGY INC,0000753308
753308,NEE-PS,NEXTERA ENERGY INC,0000753308
700564,FULTP,FULTON FINANCIAL CORP,0000700564
72903,XELLL,XCEL ENERGY INC,0000072903
46195,BOH-PA,BANK OF HAWAII CORP,0000046195
46195,BOH-PB,BANK OF HAWAII CORP,0000046195
11544,WRB-PF,BERKLEY W R CORP,0000011544
11544,WRB-PG,BERKLEY W R CORP,0000011544
11544,WRB-PH,BERKLEY W R CORP,0000011544
7789,ASBA,ASSOCIATED BANC-CORP,0000007789
7789,ASB-PE,ASSOCIATED BANC-CORP,0000007789
7789,ASB-PF,ASSOCIATED BANC-CORP,0000007789
860748,KMPB,KEMPER Corp,0000860748
725394,DHTI,"Dalrada Technology Group, Inc.",0000725394
763901,BPOPM,"POPULAR, INC.",0000763901
719245,WBKCY,WESTPAC BANKING CORP,0000719245
801337,WBS-PG,WEBSTER FINANCIAL CORP,0000801337
794685,GAB-PG,GABELLI EQUITY TRUST INC,0000794685
794685,GAB-PH,GABELLI EQUITY TRUST INC,0000794685
794685,GAB-PK,GABELLI EQUITY TRUST INC,0000794685
814052,TELFY,TELEFONICA S A,0000814052
811156,CMSC,CMS ENERGY CORP,0000811156
811156,CMSD,CMS ENERGY CORP,0000811156
811156,CMS-PC,CMS ENERGY CORP,0000811156
720672,SF-PC,STIFEL FINANCIAL CORP,0000720672
720672,SF-PD,STIFEL FINANCIAL CORP,0000720672
720672,SFB,STIFEL FINANCIAL CORP,0000720672
727273,CDZIP,CADIZ INC,0000727273
313807,BPPFF,BP PLC,0000313807
36966,FHN-PH,FIRST HORIZON CORP,0000036966
36966,FHN-PE,FIRST HORIZON CORP,0000036966
36966,FHN-PF,FIRST HORIZON CORP,0000036966
14272,CELG-RI,BRISTOL MYERS SQUIBB CO,0000014272
70858,BAC-PL,BANK OF AMERICA CORP /DE/,0000070858
70858,MER-PK,BANK OF AMERICA CORP /DE/,0000070858
70858,BACRP,BANK OF AMERICA CORP /DE/,0000070858
70858,BAC-PM,BANK OF AMERICA CORP /DE/,0000070858
70858,BAC-PN,BANK OF AMERICA CORP /DE/,0000070858
70858,BAC-PO,BANK OF AMERICA CORP /DE/,0000070858
70858,BAC-PP,BANK OF AMERICA CORP /DE/,0000070858
70858,BAC-PQ,BANK OF AMERICA CORP /DE/,0000070858
70858,BAC-PS,BANK OF AMERICA CORP /DE/,0000070858
70858,BAC-PE,BANK OF AMERICA CORP /DE/,0000070858
70858,BML-PH,BANK OF AMERICA CORP /DE/,0000070858
70858,BML-PJ,BANK OF AMERICA CORP /DE/,0000070858
78814,PBI-PB,PITNEY BOWES INC /DE/,0000078814
99070,TCPA,TRANSCANADA PIPELINES LTD,0000099070
310522,FNMAJ,FEDERAL NATIONAL MORTGAGE ASSOCIATION FANNIE MAE,0000310522
310522,FNMAP,FEDERAL NATIONAL MORTGAGE ASSOCIATION FANNIE MAE,0000310522
310522,FNMAS,FEDERAL NATIONAL MORTGAGE ASSOCIATION FANNIE MAE,0000310522
310522,FNMAH,FEDERAL NATIONAL MORTGAGE ASSOCIATION FANNIE MAE,0000310522
316709,SCHW-PD,SCHWAB CHARLES CORP,0000316709
316709,SCHW-PJ,SCHWAB CHARLES CORP,0000316709
320335,GL-PD,GLOBE LIFE INC.,0000320335
92108,SOCGM,SOUTHERN CALIFORNIA GAS CO,0000092108
92108,SOCGP,SOUTHERN CALIFORNIA GAS CO,0000092108
73124,NTRSO,NORTHERN TRUST CORP,0000073124
66004,MSEXP,MIDDLESEX WATER CO,0000066004
72573,MOVAA,MOVADO GROUP INC,0000072573
28917,DDT,"DILLARD'S, INC.",0000028917
39263,CFR-PB,"CULLEN/FROST BANKERS, INC.",0000039263
40417,GAM-PB,GENERAL AMERICAN INVESTORS CO INC,0000040417
12927,BA-PA,BOEING CO,0000012927
886128,FCELB,FUELCELL ENERGY INC,0000886128
14930,BC-PC,BRUNSWICK CORP,0000014930
876779,RMTHF,MAGIC SOFTWARE ENTERPRISES LTD,0000876779
879101,KIM-PN,KIMCO REALTY CORP,0000879101
850918,GWLPF,GREAT-WEST LIFECO INC.,0000850918
850918,GRWFF,GREAT-WEST LIFECO INC.,0000850918
850918,GRWLF,GREAT-WEST LIFECO INC.,0000850918
850918,GRWTF,GREAT-WEST LIFECO INC.,0000850918
886982,GSCE,GOLDMAN SACHS GROUP INC,0000886982
886982,GS-PA,GOLDMAN SACHS GROUP INC,0000886982
886982,GS-PC,GOLDMAN SACHS GROUP INC,0000886982
886982,GS-PD,GOLDMAN SACHS GROUP INC,0000886982
879101,KIM-PL,KIMCO REALTY CORP,0000879101
879101,KIM-PM,KIMCO REALTY CORP,0000879101
88948,SENEM,Seneca Foods Corp,0000088948
88948,SENEL,Seneca Foods Corp,0000088948
72971,WFC-PD,WELLS FARGO & COMPANY/MN,0000072971
72971,WFCNP,WELLS FARGO & COMPANY/MN,0000072971
72971,WFC-PA,WELLS FARGO & COMPANY/MN,0000072971
203596,WSBCO,WESBANCO INC,0000203596
34903,FRT-PC,FEDERAL REALTY INVESTMENT TRUST,0000034903
36104,USB-PQ,US BANCORP DE,0000036104
36104,USB-PR,US BANCORP DE,0000036104
36104,USB-PS,US BANCORP DE,0000036104
72971,WFC-PZ,WELLS FARGO & COMPANY/MN,0000072971
66570,MNESP,MSA Safety Inc,0000066570
845877,AGM-PD,FEDERAL AGRICULTURAL MORTGAGE CORP,0000845877
845877,AGM-PE,FEDERAL AGRICULTURAL MORTGAGE CORP,0000845877
845877,AGM-PF,FEDERAL AGRICULTURAL MORTGAGE CORP,0000845877
845877,AGM-PG,FEDERAL AGRICULTURAL MORTGAGE CORP,0000845877
845877,AGM-PH,FEDERAL AGRICULTURAL MORTGAGE CORP,0000845877
845877,AGM-PI,FEDERAL AGRICULTURAL MORTGAGE CORP,0000845877
826675,DX-PC,DYNEX CAPITAL INC,0000826675
827054,MCHPP,MICROCHIP TECHNOLOGY INC,0000827054
769594,NPPXF,NIPPON TELEGRAPH & TELEPHONE CORP,0000769594
790500,ABAKF,"ABRDN ASIA-PACIFIC INCOME FUND, INC.",0000790500
793040,ECF-PA,ELLSWORTH GROWTH & INCOME FUND LTD,0000793040
102752,VSECU,VSE CORP,0000102752
98222,TDDWW,TIDEWATER INC,0000098222
98222,TDGMW,TIDEWATER INC,0000098222
230557,SIGIP,SELECTIVE INSURANCE GROUP INC,0000230557
314489,BUSEP,FIRST BUSEY CORP /NV/,0000314489
714310,VLYPN,VALLEY NATIONAL BANCORP,0000714310
718940,BCEFF,BCE INC,0000718940
718940,BCEPF,BCE INC,0000718940
718940,BCEXF,BCE INC,0000718940
718940,BCAEF,BCE INC,0000718940
718940,BCENF,BCE INC,0000718940
718940,BCEIF,BCE INC,0000718940
718940,BCPPF,BCE INC,0000718940
748592,ERNAW,Ernexa Therapeutics Inc.,0000748592
707179,ONBPO,OLD NATIONAL BANCORP /IN/,0000707179
707179,ONBPP,OLD NATIONAL BANCORP /IN/,0000707179
787496,UBYHD,UBUYHOLDINGS INC,0000787496
791908,XOMAO,XOMA Royalty Corp,0000791908
791908,XOMAP,XOMA Royalty Corp,0000791908
849399,GENVR,Gen Digital Inc.,0000849399
827876,CLSKW,"CLEANSPARK, INC.",0000827876
831001,C-PN,CITIGROUP INC,0000831001
831001,C-PR,CITIGROUP INC,0000831001
899689,VNO-PN,VORNADO REALTY TRUST,0000899689
899689,VNO-PO,VORNADO REALTY TRUST,0000899689
861967,WOLTF,WOLTERS KLUWER N V /FI,0000861967
895728,EBGEF,ENBRIDGE INC,0000895728
895728,EBRGF,ENBRIDGE INC,0000895728
895728,EBRZF,ENBRIDGE INC,0000895728
895728,ENBHF,ENBRIDGE INC,0000895728
895728,ENBMF,ENBRIDGE INC,0000895728
895728,ENBOF,ENBRIDGE INC,0000895728
895728,ENBSF,ENBRIDGE INC,0000895728
895728,ENBNF,ENBRIDGE INC,0000895728
895728,ENFFF,ENBRIDGE INC,0000895728
895728,ENBFF,ENBRIDGE INC,0000895728
895728,ENBGF,ENBRIDGE INC,0000895728
895728,ENBRF,ENBRIDGE INC,0000895728
895728,ENNPF,ENBRIDGE INC,0000895728
895728,EBBGF,ENBRIDGE INC,0000895728
37996,F-PB,FORD MOTOR CO,0000037996
37996,F-PC,FORD MOTOR CO,0000037996
37996,F-PD,FORD MOTOR CO,0000037996
51434,INPAP,INTERNATIONAL PAPER CO /NEW/,0000051434
64463,SLNHP,"Soluna Holdings, Inc",0000064463
59558,LNC-PD,LINCOLN NATIONAL CORP,0000059558
49196,HBANZ,HUNTINGTON BANCSHARES INC /MD/,0000049196
49196,HBANL,HUNTINGTON BANCSHARES INC /MD/,0000049196
49196,HBANM,HUNTINGTON BANCSHARES INC /MD/,0000049196
49196,HBANP,HUNTINGTON BANCSHARES INC /MD/,0000049196
107815,WELPM,WISCONSIN ELECTRIC POWER CO,0000107815
91576,KEY-PJ,KEYCORP /NEW/,0000091576
92103,SCE-PN,SOUTHERN CALIFORNIA EDISON Co,0000092103
92103,SCE-PM,SOUTHERN CALIFORNIA EDISON Co,0000092103
92103,SCE-PG,SOUTHERN CALIFORNIA EDISON Co,0000092103
92103,SCE-PL,SOUTHERN CALIFORNIA EDISON Co,0000092103
91576,KEY-PL,KEYCORP /NEW/,0000091576
823277,CHSCL,CHS INC,0000823277
823277,CHSCM,CHS INC,0000823277
823277,CHSCN,CHS INC,0000823277
823277,CHSCO,CHS INC,0000823277
798941,FCNCO,FIRST CITIZENS BANCSHARES INC /DE/,0000798941
798941,FCNCP,FIRST CITIZENS BANCSHARES INC /DE/,0000798941
798941,FCNCN,FIRST CITIZENS BANCSHARES INC /DE/,0000798941
712771,CNOBP,"ConnectOne Bancorp, Inc.",0000712771
701818,KGCRF,KINROSS GOLD CORP,0000701818
759944,CFG-PE,CITIZENS FINANCIAL GROUP INC/RI,0000759944
759944,CFG-PH,CITIZENS FINANCIAL GROUP INC/RI,0000759944
759944,CFG-PI,CITIZENS FINANCIAL GROUP INC/RI,0000759944
761648,CDR-PB,"CEDAR REALTY TRUST, INC.",0000761648
761648,CDR-PC,"CEDAR REALTY TRUST, INC.",0000761648
750577,HWCPZ,HANCOCK WHITNEY CORP,0000750577
1051512,TDS-PU,TELEPHONE & DATA SYSTEMS INC /DE/,0001051512
1051512,TDS-PV,TELEPHONE & DATA SYSTEMS INC /DE/,0001051512
1014763,AIMDW,"Ainos, Inc.",0001014763
922224,PPLC,PPL Corp,0000922224
874766,HIG-PG,"HARTFORD INSURANCE GROUP, INC.",0000874766
732717,T-PA,AT&T INC.,0000732717
732717,T-PC,AT&T INC.,0000732717
736772,CCNEP,CNB FINANCIAL CORP/PA,0000736772
793742,HACBF,HACHIJUNI BANK LTD,0000793742
92122,SOJF,SOUTHERN CO,0000092122
92122,SOJE,SOUTHERN CO,0000092122
92122,SOMN,SOUTHERN CO,0000092122
57083,KYOAY,KYOCERA CORP,0000057083
68622,CTGG,QWEST CORP,0000068622
68622,CTHH,QWEST CORP,0000068622
95666,SRGBF,SURUGA BANK LTD/ADR/,0000095666
92122,SOJD,SOUTHERN CO,0000092122
101382,UMBFO,UMB FINANCIAL CORP,0000101382
831609,CWLXF,C21 Investments Inc.,0000831609
842622,WEXPF,WESTERN EXPLORATION INC.,0000842622
821130,UZE,"ARRAY DIGITAL INFRASTRUCTURE, INC.",0000821130
821130,UZF,"ARRAY DIGITAL INFRASTRUCTURE, INC.",0000821130
821130,UZD,"ARRAY DIGITAL INFRASTRUCTURE, INC.",0000821130
846617,DCOM-P,"Dime Commercial Bancshares, Inc. /NY/",0000846617
846617,DCBG,"Dime Commercial Bancshares, Inc. /NY/",0000846617
862831,FIISO,FINANCIAL INSTITUTIONS INC,0000862831
862831,FIISP,FINANCIAL INSTITUTIONS INC,0000862831
36270,MTB-PK,M&T BANK CORP,0000036270
36270,MTB-PJ,M&T BANK CORP,0000036270
36270,MTB-PH,M&T BANK CORP,0000036270
18654,AILIO,Ameren Illinois Co,0000018654
18654,AILIP,Ameren Illinois Co,0000018654
803016,CFNBD,CALIFORNIA FIRST LEASING CORP,0000803016
797468,OXY-WT,OCCIDENTAL PETROLEUM CORP /DE/,0000797468
760498,BANFP,BANCFIRST CORP /OK/,0000760498
750004,LAWIL,"Light & Wonder, Inc.",0000750004
750004,LNWO,"Light & Wonder, Inc.",0000750004
357294,HOVNP,HOVNANIAN ENTERPRISES INC,0000357294
712534,FRMEP,FIRST MERCHANTS CORP,0000712534
109380,ZIONP,"ZIONS BANCORPORATION, NATIONAL ASSOCIATION /UT/",0000109380
353184,AIRTP,AIR T INC,0000353184
312070,ATMP,BARCLAYS BANK PLC,0000312070
312070,BWVTF,BARCLAYS BANK PLC,0000312070
312070,DJP,BARCLAYS BANK PLC,0000312070
312070,GBUG,BARCLAYS BANK PLC,0000312070
312070,VXX,BARCLAYS BANK PLC,0000312070
312070,VXZ,BARCLAYS BANK PLC,0000312070
312070,TAPR,BARCLAYS BANK PLC,0000312070
312070,GRN,BARCLAYS BANK PLC,0000312070
312070,JJETF,BARCLAYS BANK PLC,0000312070
883948,AUB-PA,Atlantic Union Bankshares Corp,0000883948
862651,INVUP,"Investview, Inc.",0000862651
899051,ALL-PI,ALLSTATE CORP,0000899051
899051,ALL-PJ,ALLSTATE CORP,0000899051
899051,ALL-PB,ALLSTATE CORP,0000899051
106640,WHR-PA,WHIRLPOOL CORP /DE/,0000106640
100826,UEPCO,UNION ELECTRIC CO,0000100826
100826,UEPEM,UNION ELECTRIC CO,0000100826
19617,VYLD,JPMORGAN CHASE & CO,0000019617
19617,AMJB,JPMORGAN CHASE & CO,0000019617
19617,JPM-PD,JPMORGAN CHASE & CO,0000019617
19617,JPM-PJ,JPMORGAN CHASE & CO,0000019617
19617,JPM-PK,JPMORGAN CHASE & CO,0000019617
19617,JPM-PL,JPMORGAN CHASE & CO,0000019617
19617,JPM-PM,JPMORGAN CHASE & CO,0000019617
23795,CTO-PA,"CTO Realty Growth, Inc.",0000023795
35527,FITB-PI,FIFTH THIRD BANCORP,0000035527
35527,FITB-PM,FIFTH THIRD BANCORP,0000035527
35527,FITB-PA,FIFTH THIRD BANCORP,0000035527
35527,FITB-PK,FIFTH THIRD BANCORP,0000035527
1080657,SQFTP,"Presidio Property Trust, Inc.",0001080657
1080657,SQFTW,"Presidio Property Trust, Inc.",0001080657
1070050,APCXW,AppTech Payments Corp.,0001070050
1055160,MFAN,"MFA FINANCIAL, INC.",0001055160
1055160,MFAO,"MFA FINANCIAL, INC.",0001055160
1045450,EPR-PC,EPR PROPERTIES,0001045450
1045450,EPR-PE,EPR PROPERTIES,0001045450
1045450,EPR-PG,EPR PROPERTIES,0001045450
1061219,EPDU,ENTERPRISE PRODUCTS PARTNERS L.P.,0001061219
1055160,MFA-PB,"MFA FINANCIAL, INC.",0001055160
1055160,MFA-PC,"MFA FINANCIAL, INC.",0001055160
1164727,NEMCL,NEWMONT Corp /DE/,0001164727
921671,GGT-PG,GABELLI MULTIMEDIA TRUST INC.,0000921671
1004724,RHEPB,"REGIONAL HEALTH PROPERTIES, INC",0001004724
1004724,RHEPZ,"REGIONAL HEALTH PROPERTIES, INC",0001004724
1004724,RHEPA,"REGIONAL HEALTH PROPERTIES, INC",0001004724
1023458,XAEIU,AEI INCOME & GROWTH FUND XXII LTD PARTNERSHIP,0001023458
1029974,IPGLF,INTERPUMP GROUP SPA /FI,0001029974
1131312,ZNOGW,ZION OIL & GAS INC,0001131312
1086888,MNUPF,MANULIFE FINANCIAL CORP,0001086888
1086888,MNLCF,MANULIFE FINANCIAL CORP,0001086888
1086888,MNQFF,MANULIFE FINANCIAL CORP,0001086888
1086888,MNUFF,MANULIFE FINANCIAL CORP,0001086888
1077428,TCBIO,TEXAS CAPITAL BANCSHARES INC/TX,0001077428
1075415,DHCNI,DIVERSIFIED HEALTHCARE TRUST,0001075415
1075415,DHCNL,DIVERSIFIED HEALTHCARE TRUST,0001075415
1076930,NOVTU,NOVANTA INC,0001076930
1000209,MBNKO,MEDALLION FINANCIAL CORP,0001000209
1000275,RYLBF,ROYAL BANK OF CANADA,0001000275
947263,TDBCP,TORONTO DOMINION BANK,0000947263
1015383,POWWP,Outdoor Holding Co,0001015383
1015328,WTFCN,WINTRUST FINANCIAL CORP,0001015328
1039828,ANG-PD,American National Group Inc.,0001039828
1065823,FNFPA,FIRST NILES FINANCIAL INC,0001065823
1075124,TMSOF,THOMSON REUTERS CORP /CAN/,0001075124
1169770,BANC-PF,"BANC OF CALIFORNIA, INC.",0001169770
1163420,MTNOY,MTN GROUP LTD/ADR,0001163420
1159508,DGP,DEUTSCHE BANK AKTIENGESELLSCHAFT,0001159508
1159508,DGZ,DEUTSCHE BANK AKTIENGESELLSCHAFT,0001159508
1159508,ADZCF,DEUTSCHE BANK AKTIENGESELLSCHAFT,0001159508
1159508,DEENF,DEUTSCHE BANK AKTIENGESELLSCHAFT,0001159508
1159508,DZZ,DEUTSCHE BANK AKTIENGESELLSCHAFT,0001159508
1159508,OLOXF,DEUTSCHE BANK AKTIENGESELLSCHAFT,0001159508
1130713,BBBY-WT,"BED BATH & BEYOND, INC.",0001130713
1144800,TRNTF,TRANSALTA CORP,0001144800
1144800,TSLTF,TRANSALTA CORP,0001144800
1144800,TACPF,TRANSALTA CORP,0001144800
897802,SPE-PC,"SPECIAL OPPORTUNITIES FUND, INC.",0000897802
1025835,EFSCP,ENTERPRISE FINANCIAL SERVICES CORP,0001025835
1001085,BAMKF,BROOKFIELD Corp /ON/,0001001085
1001085,BKAMF,BROOKFIELD Corp /ON/,0001001085
1001085,BKFAF,BROOKFIELD Corp /ON/,0001001085
1001085,BKFPF,BROOKFIELD Corp /ON/,0001001085
1001085,BRPSF,BROOKFIELD Corp /ON/,0001001085
1001085,BRFCF,BROOKFIELD Corp /ON/,0001001085
1001085,BRFAF,BROOKFIELD Corp /ON/,0001001085
1001085,BKPA,BROOKFIELD Corp /ON/,0001001085
1001085,BRCFF,BROOKFIELD Corp /ON/,0001001085
1001085,BKFDF,BROOKFIELD Corp /ON/,0001001085
1001085,BKFOF,BROOKFIELD Corp /ON/,0001001085
948320,LFMDP,"LifeMD, Inc.",0000948320
1001085,BNH,BROOKFIELD Corp /ON/,0001001085
1001085,BNJ,BROOKFIELD Corp /ON/,0001001085
1001085,BROXF,BROOKFIELD Corp /ON/,0001001085
1001085,BXDIF,BROOKFIELD Corp /ON/,0001001085
1080720,GUT-PC,GABELLI UTILITY TRUST,0001080720
1070423,PAAPU,PLAINS ALL AMERICAN PIPELINE LP,0001070423
1045520,CNDIF,CANADIAN IMPERIAL BANK OF COMMERCE /CAN/,0001045520
1058623,CMLSQ,CUMULUS MEDIA INC,0001058623
1176948,ARES-PB,Ares Management Corp,0001176948
895421,MS-PF,MORGAN STANLEY,0000895421
895421,MS-PI,MORGAN STANLEY,0000895421
896493,GPUS-PD,"Hyperscale Data, Inc.",0000896493
895421,MS-PL,MORGAN STANLEY,0000895421
895421,MS-PO,MORGAN STANLEY,0000895421
895421,MS-PP,MORGAN STANLEY,0000895421
895421,MS-PQ,MORGAN STANLEY,0000895421
895421,MS-PA,MORGAN STANLEY,0000895421
917251,ADC-PA,AGREE REALTY CORP,0000917251
915913,ALB-PA,ALBEMARLE CORP,0000915913
910606,REGCP,REGENCY CENTERS CORP,0000910606
910606,REGCO,REGENCY CENTERS CORP,0000910606
2123471,CCCTU,Columbus Circle Capital Corp III,0002123471
2109876,MCAHR,Mountain Crest Acquisition 6 Corp.,0002109876
2109876,MCAHU,Mountain Crest Acquisition 6 Corp.,0002109876
2133892,KMRRF,Kongsberg Maritime ASA/ADR,0002133892
2120422,PFSEF,Pfisterer Holdings SE/ADR,0002120422
2108185,YMATF,Azbil Corporation/ADR,0002108185
2111762,GSRVR,GSR V Acquisition Corp.,0002111762
2111762,GSRVU,GSR V Acquisition Corp.,0002111762
2105274,IPVVU,"InterPrivate Investment Partners V, Inc.",0002105274
2098707,BRKHU,Burtech Acquisition Corp II,0002098707
2098707,BRKHW,Burtech Acquisition Corp II,0002098707
2099093,HCICR,Hennessy Capital Investment Corp. VIII,0002099093
2099093,HCICU,Hennessy Capital Investment Corp. VIII,0002099093
2098425,BGTCF,"Beijing Geekplus Technology Co., Ltd./ADR",0002098425
2095096,ENRDW,Einride AB,0002095096
2127860,DTREF,DATELINE RESOURCES LTD/ADR,0002127860
2138373,CGPCF,Carabao Group Public Co Limited/ADR,0002138373
2094691,OBCKF,Ottobock SE & Co. KGaA/ADR,0002094691
2095161,DBCAU,D. Boral Acquisition I Corp.,0002095161
2095161,DBCAW,D. Boral Acquisition I Corp.,0002095161
2097376,MZYX-WT,MOZAYYX Acquisition Corp.,0002097376
2097376,MZYX-UN,MOZAYYX Acquisition Corp.,0002097376
2102713,KCAC-WT,Kensington Capital Acquisition Corp. VI,0002102713
2104260,WENC-RI,West Enclave Merger Corp.,0002104260
2104260,WENC-UN,West Enclave Merger Corp.,0002104260
2102713,KCA-UN,Kensington Capital Acquisition Corp. VI,0002102713
2098242,SVIVU,Spring Valley Acquisition Corp. IV,0002098242
2098242,SVIVW,Spring Valley Acquisition Corp. IV,0002098242
2098669,UAC-UN,United Acquisition Corp. I,0002098669
2098669,UAC-WT,United Acquisition Corp. I,0002098669
2098712,GIXXU,GigCapital9 Corp.,0002098712
2098712,GIXXR,GigCapital9 Corp.,0002098712
2098780,TRGSU,TRG Latin America Acquisitions Corp.,0002098780
2098780,TRGSR,TRG Latin America Acquisitions Corp.,0002098780
2102041,IPFXW,Inflection Point Acquisition Corp. VI,0002102041
2102041,IPFXU,Inflection Point Acquisition Corp. VI,0002102041
2106436,MRCOU,Mercator Acquisition Corp.,0002106436
2099767,NHIVU,NewHold Investment Corp IV,0002099767
2099767,NHIVW,NewHold Investment Corp IV,0002099767
2100603,MTPLF,Metaplanet Inc.,0002100603
2128045,BCCQU,Bleichroeder Acquisition Corp. III,0002128045
2128115,AAC-UN,Ares Acquisition Corp III,0002128115
2126043,CGCFU,Cartesian Growth Corp IV,0002126043
2123969,RREVU,RRE Ventures Acquisition Corp.,0002123969
2123969,RREVW,RRE Ventures Acquisition Corp.,0002123969
2051587,BSAAR,BEST SPAC I Acquisition Corp.,0002051587
2051587,BSAAU,BEST SPAC I Acquisition Corp.,0002051587
2053927,WTGUU,Wintergreen Acquisition Corp.,0002053927
2053927,WTGUR,Wintergreen Acquisition Corp.,0002053927
2056016,RDSC,Radiant Strategies Corp,0002056016
2043699,NHICU,NewHold Investment Corp. III,0002043699
2043699,NHICW,NewHold Investment Corp. III,0002043699
2044635,GSHRU,Gesher Acquisition Corp. II,0002044635
2044635,GSHRW,Gesher Acquisition Corp. II,0002044635
2041493,ALUB-WT,Alussa Energy Acquisition Corp. II,0002041493
2041493,ALUB-UN,Alussa Energy Acquisition Corp. II,0002041493
2071911,CPWPF,Capital Power Corp/ADR,0002071911
2071911,CPRHF,Capital Power Corp/ADR,0002071911
2071911,CPXWF,Capital Power Corp/ADR,0002071911
2063685,PSBAF,PT Sumber Alfaria Trijaya Tbk/ADR,0002063685
2064355,BCSS-WT,Bain Capital GSS Investment Corp.,0002064355
2064355,BCSS-UN,Bain Capital GSS Investment Corp.,0002064355
2061379,LWACU,LightWave Acquisition Corp.,0002061379
2061379,LWACW,LightWave Acquisition Corp.,0002061379
2073913,NNWWF,North West Co Inc./ADR,0002073913
2073515,ARCLR,ARC Group Acquisition I Corp.,0002073515
2073515,ARCLW,ARC Group Acquisition I Corp.,0002073515
2073515,ARCLU,ARC Group Acquisition I Corp.,0002073515
2073615,ELEEF,Element Fleet Management Corp./ADR,0002073615
2077242,STLJF,Stella-Jones Inc./ADR,0002077242
2075068,IGACU,Invest Green Acquisition Corp,0002075068
2075068,IGACR,Invest Green Acquisition Corp,0002075068
2075336,YCY-UN,AA Mission Acquisition Corp. II,0002075336
2075336,YCY-WT,AA Mission Acquisition Corp. II,0002075336
2088256,HQWWW,Horizon Quantum Holdings Ltd.,0002088256
2088339,OBIBF,"OBIC Business Consultants Co., Ltd./ADR",0002088339
2088805,CMIIU,Columbus Circle Capital Corp II,0002088805
2088805,CMIIW,Columbus Circle Capital Corp II,0002088805
2088807,XSLLU,Xsolla SPAC 1,0002088807
2088807,XSLLW,Xsolla SPAC 1,0002088807
2094687,CRYAF,"Chery Automobile Co., Ltd./ADR",0002094687
2089509,JELLF,JEOL LTD/ADR,0002089509
2091028,MTMCF,Metallium Limited/ADR,0002091028
2086869,RLMLF,RESOLUTION MINERALS LTD/ADR,0002086869
2087450,LEGO-UN,Legato Merger Corp. IV,0002087450
2087450,LEGO-WT,Legato Merger Corp. IV,0002087450
2083910,ARCIU,Archimedes Tech SPAC Partners III Co.,0002083910
2083910,ARCIW,Archimedes Tech SPAC Partners III Co.,0002083910
2083493,XCBEU,X3 Acquisition Corp. Ltd.,0002083493
2083493,XCBEW,X3 Acquisition Corp. Ltd.,0002083493
2084261,URSB,"URSB Bancorp, Inc.",0002084261
2087852,SBKLF,Sumitomo Bakelite Co Limited/ADR,0002087852
2088103,XFLH-RI,XFLH Capital Corp,0002088103
2088103,XFLH-UN,XFLH Capital Corp,0002088103
2087500,NHKGF,NHK Spring Co. Ltd/ADR,0002087500
2080215,USDEW,StableCoinX Inc.,0002080215
2085932,ETSS-WT,Energy Transition Special Opportunities,0002085932
2085932,ETSS-UN,Energy Transition Special Opportunities,0002085932
2086264,VHCPW,Vine Hill Capital Investment Corp. II,0002086264
2086264,VHCPU,Vine Hill Capital Investment Corp. II,0002086264
2079933,BEBE-UN,TGE Value Creative Solutions Corp,0002079933
2079933,BEBE-WT,TGE Value Creative Solutions Corp,0002079933
2085177,QRED-UN,QuasarEdge Acquisition Corp,0002085177
2085177,QRED-RI,QuasarEdge Acquisition Corp,0002085177
2083125,FTW-WT,PRESIDIO PRODUCTION Co,0002083125
2081468,MESHU,Meshflow Acquisition Corp,0002081468
2081468,MESHW,Meshflow Acquisition Corp,0002081468
2081536,WPAC-RI,White Pearl Acquisition Corp.,0002081536
2081536,WPAC-UN,White Pearl Acquisition Corp.,0002081536
2082119,KRAQU,KRAKacquisition Corp,0002082119
2082119,KRAQW,KRAKacquisition Corp,0002082119
2080985,ITHAU,ITHAX Acquisition Corp III,0002080985
2080985,ITHAW,ITHAX Acquisition Corp III,0002080985
2081300,SSACU,SPACSphere Acquisition Corp.,0002081300
2081300,SSACR,SPACSphere Acquisition Corp.,0002081300
2081300,SSACW,SPACSphere Acquisition Corp.,0002081300
2127861,ELSSF,ELIS S.A./ADR,0002127861
2114227,CXIIW,Churchill Capital Corp XII,0002114227
2114227,CXIIU,Churchill Capital Corp XII,0002114227
2111453,VUECF,Verdera Energy Corp.,0002111453
2108962,GCGRW,General Catalyst Global Resilience Merger Corp.,0002108962
2108962,GCGRU,General Catalyst Global Resilience Merger Corp.,0002108962
2109545,KATJF,Knowledge Atlas Technology Joint Stock Co Limited/ADR,0002109545
2141099,RGAKF,Rigaku Holdings Corporation/ADR,0002141099
2130386,YICCW,Yorkville International Capital Corp.,0002130386
2130386,YICCU,Yorkville International Capital Corp.,0002130386
2137358,OSOPF,Osotspa Public Co Limited/ADR,0002137358
2127859,EULIF,EUROPEAN LITHIUM LTD/ADR,0002127859
2131853,FTRA-UN,FutureCorp Space Acquisition 1,0002131853
2089506,TOETF,TOSEI CORP/ADR,0002089506
2090646,BRUNW,Boost Run Inc.,0002090646
2087587,CSHRW,CoinShares PLC,0002087587
2089174,PCCOF,Paltac Corporation/ADR,0002089174
2120046,CVCCF,CVC Capital Partners plc/ADR,0002120046
2108164,PONOU,"Pono Capital Four, Inc.",0002108164
2124215,TKMSF,TKMS AG & CO. KGAA/ADR,0002124215
2120882,SKHYV,SK hynix Inc.,0002120882
2125551,ALPXR,Alpex Acquisition Corp,0002125551
2125551,ALPXW,Alpex Acquisition Corp,0002125551
2125551,ALPXU,Alpex Acquisition Corp,0002125551
2127852,CSGNF,CSG N.V./ADR,0002127852
2100704,EWAVU,East West Ave Acquisition Corp.,0002100704
2107724,MTAL-UN,Metals Acquisition Corp. II,0002107724
2107724,MTAL-WT,Metals Acquisition Corp. II,0002107724
2107960,SWCPF,SWCC Corp/ADR,0002107960
2108124,ODERF,"Odakyu Electric Railway Co., Ltd./ADR",0002108124
2097364,TMTSU,Spartacus Acquisition Corp. II,0002097364
2097364,TMTSW,Spartacus Acquisition Corp. II,0002097364
2093654,ZJNGF,Zijin Gold International Co Limited/ADR,0002093654
2093667,MAWAF,"Maruwa Co., Ltd./ADR",0002093667
2093484,MUZEW,Muzero Acquisition Corp,0002093484
2093484,MUZEU,Muzero Acquisition Corp,0002093484
2091712,RFAMR,RF Acquisition Corp III,0002091712
2091712,RFAMU,RF Acquisition Corp III,0002091712
2091663,CNDHF,CONDUIT HOLDINGS LTD/ADR,0002091663
2092248,NGSCF,"Nagase & Co., Ltd./ADR",0002092248
2105838,SUMAU,SUMA Acquisition Corp,0002105838
2105838,SUMAR,SUMA Acquisition Corp,0002105838
2107946,YMTKF,Yamato Kogyo Co. Ltd/ADR,0002107946
2107989,KELRF,Keisei Electric Railway Co. Ltd/ADR,0002107989
2108164,PONOR,"Pono Capital Four, Inc.",0002108164
2104177,LTGRU,Long Table Growth Corp.,0002104177
2102123,AACPW,Apogee Acquisition Corp,0002102123
2102123,AACPU,Apogee Acquisition Corp,0002102123
2102123,AACPR,Apogee Acquisition Corp,0002102123
2102155,QLEP-WT,Quantum Leap Acquisition Corp,0002102155
2142762,ORGJF,Organo Corporation/ADR,0002142762
2127839,BELGF,Bellevue Gold Ltd./ADR,0002127839
2127653,ATALF,American Tungsten & Antimony Ltd,0002127653
2128739,JABRU,JAB Acquisition Corp I,0002128739
2096900,ACAAW,Averin Capital Acquisition Corp.,0002096900
2096900,ACAAU,Averin Capital Acquisition Corp.,0002096900
2101562,PALOW,PALOMA ACQUISITION CORP I,0002101562
2101562,PALOU,PALOMA ACQUISITION CORP I,0002101562
2097986,FTHAU,Forefront Tech Holdings Acquisition Corp,0002097986
2097986,FTHAW,Forefront Tech Holdings Acquisition Corp,0002097986
2115404,CAIIU,Collective Acquisition Corp. II,0002115404
2115404,CAIIW,Collective Acquisition Corp. II,0002115404
2122505,IACQW,Irenic Acquisition Corp.,0002122505
2122505,IACQU,Irenic Acquisition Corp.,0002122505
2113481,OSPRU,Osprey Acquisition Corp. III,0002113481
2111542,ACGCU,ACP Holdings Acquisition Corp.,0002111542
2111542,ACGCW,ACP Holdings Acquisition Corp.,0002111542
2098324,SWBGF,Shawbrook Group plc/ADR,0002098324
2097288,BHAVU,BHAV Acquisition Corp,0002097288
2097288,BHAVR,BHAV Acquisition Corp,0002097288
2109556,MNMXF,Minimax Group Inc./ADR,0002109556
2106126,EURBF,Eurobank SA/ADR,0002106126
2109666,EXOSF,Exosens SAS/ADR,0002109666
2111038,DGAC-UN,DISCIPLINED GROWTH ACQUISITION Corp,0002111038
2109234,BLHWF,BELIMO Holding AG/ADR,0002109234
2108180,NOFCF,NOF Corporation/ADR,0002108180
2104879,SHOTU,RMG ML Sports Holdings,0002104879
2101135,ILLUU,Illumination Acquisition Corp. I,0002101135
2101135,ILLUW,Illumination Acquisition Corp. I,0002101135
2102771,KEYYU,Keystone Acquisition Corp.,0002102771
2102771,KEYYW,Keystone Acquisition Corp.,0002102771
2099906,AACOU,Abony Acquisition Corp. I,0002099906
2099906,AACOW,Abony Acquisition Corp. I,0002099906
2123531,ERBGF,Eastroc Beverage Group Co. Ltd/ADR,0002123531
2113060,IQMXW,IQM Quantum Computers Oyj,0002113060
2125567,SAMO-UN,Samos Energy Acquisition Corp,0002125567
2139246,VII-UN,Viking Acquisition Corp. II,0002139246
2095297,KPET-UN,KPET Ultra Paceline Corp,0002095297
2095297,KPET-WT,KPET Ultra Paceline Corp,0002095297
2131812,OPPPF,Open House Group Co. Ltd/ADR,0002131812
2134539,ITHLF,Ithaca Energy PLC/ADR,0002134539
2129056,JONEU,Jones Ventures INTL Acquisition1 Corp,0002129056
2121703,FXACU,FortuneX Acquisition Corp,0002121703
2121703,FXACW,FortuneX Acquisition Corp,0002121703
2123475,ISNRU,Snow Rothschild Acquisition Corp.,0002123475
2116105,FWACU,Futurewave Acquisition Corp,0002116105
2136530,MIACU,Meridian3 Industrials Acquisition Corp,0002136530
2094919,BIDWU,Tribeca Strategic Acquisition Corp.,0002094919
2129659,FDMMU,Freedom Metals Acquisition Corp.,0002129659
2096755,TVIVW,Texas Ventures Acquisition IV Corp,0002096755
2096755,TVIVU,Texas Ventures Acquisition IV Corp,0002096755
2099095,PTACU,Patriot Acquisition Corp./CI,0002099095
2099095,PTACW,Patriot Acquisition Corp./CI,0002099095
2069238,PAII-WT,Pyrophyte Acquisition Corp. II,0002069238
2069238,PAII-UN,Pyrophyte Acquisition Corp. II,0002069238
2069856,HCMAU,HCM III ACQUISITION CORP.,0002069856
2069856,HCMAW,HCM III ACQUISITION CORP.,0002069856
2072389,NPIFF,Northland Power Inc./ADR,0002072389
2072389,NPICF,Northland Power Inc./ADR,0002072389
2073268,BIREF,Birchcliff Energy Ltd./ADR,0002073268
2073804,TCLHF,TCL Electronics Holdings Limited/ADR,0002073804
2071489,YSGL,Yellowstone Group Ltd.,0002071489
2057381,RADC,Readvantage Corp.,0002057381
2061911,MXUGF,Mixue Bingcheng Co Ltd/ADR,0002061911
2061911,MXUBY,Mixue Bingcheng Co Ltd/ADR,0002061911
2065948,SOCAW,Solarius Capital Acquisition Corp.,0002065948
2065948,SOCAU,Solarius Capital Acquisition Corp.,0002065948
2062522,GMWKF,GAMES WORKSHOP GROUP PLC/ADR,0002062522
2055459,RDAGU,Republic Digital Acquisition Co,0002055459
2055459,RDAGW,Republic Digital Acquisition Co,0002055459
2042902,EVAC-UN,EQV Ventures Acquisition Corp. II,0002042902
2042902,EVAC-WT,EQV Ventures Acquisition Corp. II,0002042902
2044863,TKMEF,"Tokyo Metro Co., Ltd./ADR",0002044863
2091222,SAAQU,Space Asset Acquisition Corp.,0002091222
2091222,SAAQW,Space Asset Acquisition Corp.,0002091222
2092258,AWTRF,Air Water Inc./ADR,0002092258
2093912,PTORU,Praetorian Acquisition Corp.,0002093912
2093912,PTORW,Praetorian Acquisition Corp.,0002093912
2089982,HACQW,HCM IV Acquisition Corp.,0002089982
2089982,HACQU,HCM IV Acquisition Corp.,0002089982
2089499,GLVHF,GLENVEAGH PROPERTIES PLC/ADR,0002089499
2088281,MFPVV,"Midera Food Processing, Inc.",0002088281
2082847,BWIV-UN,Blue Water Acquisition Corp. IV,0002082847
2082847,BWIV-WT,Blue Water Acquisition Corp. IV,0002082847
2082866,PNFP-PC,"Pinnacle Financial Partners, Inc.",0002082866
2082866,PNFP-PA,"Pinnacle Financial Partners, Inc.",0002082866
2082866,PNFP-PB,"Pinnacle Financial Partners, Inc.",0002082866
2086524,KTWOR,K2 Capital Acquisition Corp,0002086524
2086524,KTWOU,K2 Capital Acquisition Corp,0002086524
2088295,BBCQU,Bleichroeder Acquisition Corp. II,0002088295
2088295,BBCQW,Bleichroeder Acquisition Corp. II,0002088295
2088749,KBONW,Karbon Capital Partners Corp.,0002088749
2088749,KBONU,Karbon Capital Partners Corp.,0002088749
2073893,DLMAF,Dollarama Inc./ADR,0002073893
2074697,FCRS-UN,FutureCrest Acquisition Corp.,0002074697
2074697,FCRS-WT,FutureCrest Acquisition Corp.,0002074697
2074872,KRSP-WT,Rice Acquisition Corp 3,0002074872
2074872,KRSP-UN,Rice Acquisition Corp 3,0002074872
2078416,LLYVB,"Liberty Live Holdings, Inc.",0002078416
2078416,LLYVK,"Liberty Live Holdings, Inc.",0002078416
2079109,VRXAW,Veraxa Biotech Holding AG,0002079109
2083989,ALOVW,"Aldabra 4 Liquidity Opportunity Vehicle, Inc.",0002083989
2083989,ALOVU,"Aldabra 4 Liquidity Opportunity Vehicle, Inc.",0002083989
2083946,WLIIU,Willow Lane Acquisition Corp. II,0002083946
2083946,WLIIW,Willow Lane Acquisition Corp. II,0002083946
2082149,DSACU,Daedalus Special Acquisition Corp.,0002082149
2082149,DSACW,Daedalus Special Acquisition Corp.,0002082149
2082542,BIXIW,Bitcoin Infrastructure Acquisition Corp Ltd,0002082542
2082542,BIXIU,Bitcoin Infrastructure Acquisition Corp Ltd,0002082542
2083221,SPIWF,SPIE SA/ADR,0002083221
2083689,AEAQW,Activate Energy Acquisition Corp.,0002083689
2083689,AEAQU,Activate Energy Acquisition Corp.,0002083689
2083728,LPCVW,Launchpad Cadenza Acquisition Corp I,0002083728
2083728,LPCVU,Launchpad Cadenza Acquisition Corp I,0002083728
2034037,SDHIU,Siddhi Acquisition Corp (Cayman Islands),0002034037
2034037,SDHIR,Siddhi Acquisition Corp (Cayman Islands),0002034037
2094692,VSRPF,Verisure plc/ADR,0002094692
2032399,MICLF,Mycronic AB/ADR,0002032399
2034288,RMGL,Rocky Mountains Group Ltd,0002034288
2093524,APURR,Aperture AC,0002093524
2093856,APXCF,APEX CRITICAL METALS CORP.,0002093856
2092252,RNGOF,"Rengo Co., Ltd./ADR",0002092252
2091484,GLED-RI,GalaxyEdge Acquisition Corp,0002091484
2091484,GLED-UN,GalaxyEdge Acquisition Corp,0002091484
2090441,IDACW,Iron Dome Acquisition I Corp.,0002090441
2090441,IDACU,Iron Dome Acquisition I Corp.,0002090441
2084396,IEAGR,Infinite Eagle Acquisition Corp.,0002084396
2084396,IEAGU,Infinite Eagle Acquisition Corp.,0002084396
2087840,ZJLMF,"Zhejiang Leapmotor Technology Co., Ltd./ADR",0002087840
2087447,ZKPU,Lafayette Digital Acquisition Corp. I,0002087447
2087447,ZKPW,Lafayette Digital Acquisition Corp. I,0002087447
2088776,ZSHOF,"Zensho Holdings Co., Ltd./ADR",0002088776
2088626,PECER,Peace Acquisition Corp.,0002088626
2088626,PECEW,Peace Acquisition Corp.,0002088626
2088626,PECEU,Peace Acquisition Corp.,0002088626
2087856,AIKCF,Aica Kogyo Co Limited/ADR,0002087856
2086545,ARTCU,Art Technology Acquisition Corp.,0002086545
2086545,ARTCW,Art Technology Acquisition Corp.,0002086545
2086438,GHXIU,"Gores Holdings XI, Inc.",0002086438
2094201,DPCDF,DPC DASH LTD/ADR,0002094201
2094265,MLAAW,Mountain Lake Acquisition Corp. II,0002094265
2094265,MLAAU,Mountain Lake Acquisition Corp. II,0002094265
2094076,OTAI-UN,Starlink AI Acquisition Corp,0002094076
2094076,OTAI-RI,Starlink AI Acquisition Corp,0002094076
2092897,AACIU,Armada Acquisition Corp. III,0002092897
2092897,AACIW,Armada Acquisition Corp. III,0002092897
2085659,SVAQU,Silicon Valley Acquisition Corp.,0002085659
2085659,SVAQW,Silicon Valley Acquisition Corp.,0002085659
2086263,SORNW,Soren Acquisition Corp.,0002086263
2086263,SORNU,Soren Acquisition Corp.,0002086263
2081690,VECA-UN,Vernal Capital Acquisition Corp.,0002081690
2081690,VECA-RI,Vernal Capital Acquisition Corp.,0002081690
2082876,FHFLF,Foshan Haitian Flavouring & Food Co Ltd./ADR,0002082876
2082526,AESPU,Aeon Acquisition I Corp.,0002082526
2082526,AESPR,Aeon Acquisition I Corp.,0002082526
2082526,AESPW,Aeon Acquisition I Corp.,0002082526
2082844,SAC-UN,Safeguard Acquisition Corp.,0002082844
2082844,SAC-WT,Safeguard Acquisition Corp.,0002082844
2075349,TNDEF,Top End Energy Ltd/ADR,0002075349
2074059,WIPKF,Winpak Ltd./ADR,0002074059
2073620,PARXF,Parex Resources Inc./ADR,0002073620
2071912,PREKF,PrairieSky Royalty Ltd/ADR,0002071912
2072098,TMTNF,Toromont Industries Ltd./ADR,0002072098
2070887,CRACR,Crown Reserve Acquisition Corp. I,0002070887
2070887,CRACW,Crown Reserve Acquisition Corp. I,0002070887
2070887,CRACU,Crown Reserve Acquisition Corp. I,0002070887
2076192,WSTNR,Westin Acquisition Corp,0002076192
2075474,GPTGF,GPT Group/ADR,0002075474
2076192,WSTNU,Westin Acquisition Corp,0002076192
2077010,OTGAU,OTG Acquisition Corp. I,0002077010
2077010,OTGAW,OTG Acquisition Corp. I,0002077010
2077146,OBIIF,"OBIC Co., Ltd./ADR",0002077146
2081515,GUACW,Berto Acquisition Corp. II,0002081515
2081515,GUACU,Berto Acquisition Corp. II,0002081515
2081358,CRANU,Crane Harbor Acquisition Corp. II,0002081358
2081358,CRANR,Crane Harbor Acquisition Corp. II,0002081358
2068440,LPUGF,Laopu Gold Co. Ltd./ADR,0002068440
2073638,FINGF,Finning International Inc./ADR,0002073638
2073655,TPZEF,Topaz Energy Corp./ADR,0002073655
2063413,SPHXF,SM Prime Holdings Inc./ADR,0002063413
2065485,JXADF,JX Advanced Metals Corporation/ADR,0002065485
2075877,BKPKF,Bank Pekao S.A./ADR,0002075877
2075310,BLZRW,Trailblazer Acquisition Corp.,0002075310
2075310,BLZRU,Trailblazer Acquisition Corp.,0002075310
2076163,BRRWW,"ProCap Financial, Inc.",0002076163
2077785,IRAB-UN,Iris Acquisition Corp II,0002077785
2077785,IRAB-WT,Iris Acquisition Corp II,0002077785
2081125,DNMXU,Dynamix Corp III,0002081125
2081125,DNMXW,Dynamix Corp III,0002081125
2078653,RNGTU,Range Capital Acquisition Corp II,0002078653
2078653,RNGTW,Range Capital Acquisition Corp II,0002078653
2079253,APXTU,Apex Treasury Corp,0002079253
2079253,APXTW,Apex Treasury Corp,0002079253
2057043,WENNU,WEN Acquisition Corp,0002057043
2059033,FIGXW,FIGX Capital Acquisition Corp.,0002059033
2059033,FIGXU,FIGX Capital Acquisition Corp.,0002059033
2059165,SSEAR,STARRY SEA ACQUISITION CORP,0002059165
2059165,SSEAU,STARRY SEA ACQUISITION CORP,0002059165
2060337,JENA-UN,JENA ACQUISITION Corp II,0002060337
2060337,JENA-RI,JENA ACQUISITION Corp II,0002060337
2061473,PMTRU,Perimeter Acquisition Corp. I,0002061473
2061473,PMTRW,Perimeter Acquisition Corp. I,0002061473
2057043,WENNW,WEN Acquisition Corp,0002057043
2046098,ALEGF,ALLEGRO.EU SA/ADR,0002046098
2048270,SMFRF,"Sumitomo Forestry Co., Ltd./ADR",0002048270
2043508,LKSPU,Lake Superior Acquisition Corp,0002043508
2043508,LKSPR,Lake Superior Acquisition Corp,0002043508
2041918,LTMGF,Lottomatica Group S.p.A./ADR,0002041918
2040381,PACHW,Pioneer Acquisition I Corp,0002040381
2040381,PACHU,Pioneer Acquisition I Corp,0002040381
2085485,TRAD-RI,APEX Tech Acquisition Inc.,0002085485
2085485,TRAD-UN,APEX Tech Acquisition Inc.,0002085485
2083452,SAGU-UN,Shreya Acquisition Group,0002083452
2083452,SAGU-RI,Shreya Acquisition Group,0002083452
2083452,SAGU-WT,Shreya Acquisition Group,0002083452
2082141,AVVOF,Avio S.p.A./ADR,0002082141
2083143,SCPQW,Social Commerce Partners Corp,0002083143
2083143,SCPQU,Social Commerce Partners Corp,0002083143
2081909,SBXE-WT,SilverBox Corp V,0002081909
2076427,LATAU,Galata Acquisition Corp. II,0002076427
2076427,LATAW,Galata Acquisition Corp. II,0002076427
2081909,SBXE-UN,SilverBox Corp V,0002081909
2071913,GBNXF,Gibson Energy Inc/ADR,0002071913
2071881,TRMLF,Tourmaline Oil Corp/ADR,0002071881
2073553,AIIA-RI,AI Infrastructure Acquisition Corp.,0002073553
2073553,AIIA-UN,AI Infrastructure Acquisition Corp.,0002073553
2073928,MBVIW,M3-Brigade Acquisition VI Corp.,0002073928
2073928,MBVIU,M3-Brigade Acquisition VI Corp.,0002073928
2093907,RNKGF,RENK Group AG/ADR,0002093907
2094073,CTAAU,Clearthink 1 Acquisition Corp.,0002094073
2094073,CTAAR,Clearthink 1 Acquisition Corp.,0002094073
2095443,BREZR,Breeze Acquisition Corp. II,0002095443
2099232,FMACU,Future Money Acquisition Corp,0002099232
2099232,FMACR,Future Money Acquisition Corp,0002099232
2100125,CAQUU,Cambridge Acquisition Corp.,0002100125
2100125,CAQUW,Cambridge Acquisition Corp.,0002100125
2087087,BIII-UN,Black Spade Acquisition III Co,0002087087
2087087,BIII-WT,Black Spade Acquisition III Co,0002087087
2088325,OIMAW,OneIM Acquisition Corp.,0002088325
2088325,OIMAU,OneIM Acquisition Corp.,0002088325
2088827,HRIBF,"Horiba, Ltd./ADR",0002088827
2090231,MTLPF,Metlen Energy & Metals PLC/ADR,0002090231
2091176,IACOU,Idea Acquisition Corp.,0002091176
2091176,IACOW,Idea Acquisition Corp.,0002091176
2093507,GLNDW,Greenland Energy Co,0002093507
2075918,CSCCF,Capstone Copper Corp./ADR,0002075918
2076616,TDWDU,Tailwind 2.0 Acquisition Corp.,0002076616
2076616,TDWDR,Tailwind 2.0 Acquisition Corp.,0002076616
2074973,CCXIU,Churchill Capital Corp XI,0002074973
2074973,CCXIW,Churchill Capital Corp XI,0002074973
2079292,DYORW,Insight Digital Partners II,0002079292
2079292,DYORU,Insight Digital Partners II,0002079292
2080019,GIWWU,GigCapital8 Corp.,0002080019
2080019,GIWWR,GigCapital8 Corp.,0002080019
2080087,MYXXU,Maywood Acquisition Corp. 2,0002080087
2080087,MYXXW,Maywood Acquisition Corp. 2,0002080087
2080087,MYXXR,Maywood Acquisition Corp. 2,0002080087
2085208,DUTBF,Duality Biotherapeutics Inc/ADR,0002085208
2085408,GPACU,General Purpose Acquisition Corp.,0002085408
2085408,GPACW,General Purpose Acquisition Corp.,0002085408
2084563,LFACU,Leapfrog Acquisition Corp,0002084563
2084563,LFACW,Leapfrog Acquisition Corp,0002084563
2083002,ADACU,American Drive Acquisition Co,0002083002
2083002,ADACW,American Drive Acquisition Co,0002083002
2077954,EVOXW,Evolution Global Acquisition Corp,0002077954
2077954,EVOXU,Evolution Global Acquisition Corp,0002077954
2081532,BLRKW,Bluerock Acquisition Corp.,0002081532
2081532,BLRKU,Bluerock Acquisition Corp.,0002081532
2091585,LKYRF,Locksley Resources Limited/ADR,0002091585
2091024,CLBR-UN,Colombier Acquisition Corp. III,0002091024
2091024,CLBR-WT,Colombier Acquisition Corp. III,0002091024
2089488,SVNHF,SUNEVISION HOLDINGS/ADR,0002089488
2087446,PAACU,Proem Acquisition Corp. I,0002087446
2087446,PAACW,Proem Acquisition Corp. I,0002087446
2059654,BACCR,Blue Acquisition Corp/Cayman,0002059654
2059654,BACCU,Blue Acquisition Corp/Cayman,0002059654
2065661,PLUN-UN,Plutonian Acquisition Corp. II,0002065661
2065661,PLUN-RI,Plutonian Acquisition Corp. II,0002065661
2059986,ONWRF,Onward Medical N.V./ADR,0002059986
2053383,KXHCF,Kioxia Holdings Corporation/ADR,0002053383
2057463,GLIBK,Liberty Capital Corp/NV,0002057463
2052547,EGHAR,EGH Acquisition Corp.,0002052547
2052547,EGHAU,EGH Acquisition Corp.,0002052547
2051380,PEW-WT,GrabAGun Digital Holdings Inc.,0002051380
2052162,DAAQW,Digital Asset Acquisition Corp.,0002052162
2052162,DAAQU,Digital Asset Acquisition Corp.,0002052162
2101470,WLCOU,Wilco 63 Corp,0002101470
2101393,APMCU,AmperCap Acquisition Co,0002101393
2101393,APMCR,AmperCap Acquisition Co,0002101393
2043424,FKURF,Fujikura Ltd/ADR,0002043424
2044009,XRPNW,Armada Acquisition Corp. II,0002044009
2044009,XRPNU,Armada Acquisition Corp. II,0002044009
2062440,KYIVW,Kyivstar Group Ltd.,0002062440
2060217,HRZRF,"Horizon Robotics, Inc./ADR",0002060217
2064683,CCIIW,Cohen Circle Acquisition Corp. II,0002064683
2064683,CCIIU,Cohen Circle Acquisition Corp. II,0002064683
2066601,TOKCF,"Tokyo Ohka Kogyo Co., Ltd./ADR",0002066601
2068441,STHRF,Strathcona Resources Ltd.,0002068441
2070900,QUMSU,Quantumsphere Acquisition Corp,0002070900
2070900,QUMSR,Quantumsphere Acquisition Corp,0002070900
2074157,SVAUF,StorageVault Canada Inc./ADR,0002074157
2073972,LWSCF,Sienna Senior Living Inc./ADR,0002073972
2076398,ZSINF,"Zhejiang Sanhua Intelligent Controls Co., Ltd./ADR",0002076398
2073340,TLNCU,Talon Capital Corp.,0002073340
2073340,TLNCW,Talon Capital Corp.,0002073340
2071868,JNGHF,"Jiangsu Hengrui Pharmaceuticals Co., Ltd./ADR",0002071868
2072404,GSRFR,GSR IV Acquisition Corp.,0002072404
2072404,GSRFU,GSR IV Acquisition Corp.,0002072404
2068454,KOYNW,"CSLM Digital Asset Acquisition Corp III, Ltd",0002068454
2068454,KOYNU,"CSLM Digital Asset Acquisition Corp III, Ltd",0002068454
2066600,SCXBF,SCB X Public Co Ltd,0002066600
2065932,FLNCF,Freelancer Ltd,0002065932
2063417,MDDNF,Meridian Energy Ltd/ADR,0002063417
2064124,FGRS,"Figure Technology Solutions, Inc.",0002064124
2090787,OHACR,Oceanhawk Acquisition Corp.,0002090787
2090787,OHACU,Oceanhawk Acquisition Corp.,0002090787
2047455,QSEAR,Quartzsea Acquisition Corp,0002047455
2047455,QSEAU,Quartzsea Acquisition Corp,0002047455
2051985,IRHOR,Iron Horse Acquisition II Corp.,0002051985
2051985,IRHOU,Iron Horse Acquisition II Corp.,0002051985
2042182,OYSER,Oyster Enterprises II Acquisition Corp,0002042182
2042182,OYSEU,Oyster Enterprises II Acquisition Corp,0002042182
2055879,VNMEW,Vendome Acquisition Corp I,0002055879
2055879,VNMEU,Vendome Acquisition Corp I,0002055879
2085236,AMVIF,AUMOVIO SE,0002085236
2087361,MEVOU,M Evo Global Acquisition Corp II,0002087361
2087361,MEVOW,M Evo Global Acquisition Corp II,0002087361
2087843,GGPSF,Greatland Resources Limited/ADR,0002087843
2087844,MSOKF,Mitsui-Soko Holdings Co Limited/ADR,0002087844
2090452,FGIIW,FG Imperii Acquisition Corp.,0002090452
2090452,FGIIU,FG Imperii Acquisition Corp.,0002090452
2089283,NUCLW,Eagle Nuclear Energy Corp.,0002089283
2079106,LAFAU,LaFayette Acquisition Corp.,0002079106
2079106,LAFAR,LaFayette Acquisition Corp.,0002079106
2077033,MMTXU,Miluna Acquisition Corp,0002077033
2077033,MMTXW,Miluna Acquisition Corp,0002077033
2079706,MBGCF,"Mitsubishi Gas Chemical Company, Inc./ADR",0002079706
2083217,QADRW,QDRO Acquisition Corp.,0002083217
2083632,OCTLF,Octave Intelligence plc,0002083632
2083217,QADRU,QDRO Acquisition Corp.,0002083217
2080023,VACI-UN,Viking Acquisition Corp I,0002080023
2080023,VACI-WT,Viking Acquisition Corp I,0002080023
