economy,time,Country,CO2 per capita
ZWE,2023,Zimbabwe,0.7689943627070902
ZWE,2022,Zimbabwe,0.7192208428422927
ZWE,2021,Zimbabwe,0.6889254494939296
ZWE,2020,Zimbabwe,0.5844442234657711
ZWE,2019,Zimbabwe,0.731473434469001
ZWE,2018,Zimbabwe,0.8162851562531178
ZWE,2017,Zimbabwe,0.7147890542584288
ZWE,2016,Zimbabwe,0.771813225130946
ZWE,2015,Zimbabwe,0.8814423599728676
ZWE,2014,Zimbabwe,0.8868713741941764
ZWE,2013,Zimbabwe,0.9075905706714407
ZWE,2012,Zimbabwe,0.9222611242949085
ZWE,2011,Zimbabwe,1.1657893126393115
ZWE,2010,Zimbabwe,0.7538325022303667
ZWE,2009,Zimbabwe,0.6043922180906793
ZWE,2008,Zimbabwe,0.6411763611947051
ZWE,2007,Zimbabwe,0.8253399039585732
ZWE,2006,Zimbabwe,0.8487751104048646
ZWE,2005,Zimbabwe,0.9221822973041388
ZWE,2004,Zimbabwe,0.8382166565204818
ZWE,2003,Zimbabwe,0.893403485176119
ZWE,2002,Zimbabwe,1.1029519129975025
ZWE,2001,Zimbabwe,1.2191714582337425
ZWE,2000,Zimbabwe,1.2324362778342346
ZWE,1999,Zimbabwe,1.4303780774709767
ZWE,1998,Zimbabwe,1.2913935187273535
ZWE,1997,Zimbabwe,1.298128810579088
ZWE,1996,Zimbabwe,1.40881814173409
ZWE,1995,Zimbabwe,1.4824140727146384
ZMB,2023,Zambia,0.5480900976236931
ZMB,2022,Zambia,0.5245488275704515
ZMB,2021,Zambia,0.49379688135963956
ZMB,2020,Zambia,0.5000683390002674
ZMB,2019,Zambia,0.48795930438846313
ZMB,2018,Zambia,0.5064714748640072
ZMB,2017,Zambia,0.4608825478805503
ZMB,2016,Zambia,0.3740358154694369
ZMB,2015,Zambia,0.3566051748362363
ZMB,2014,Zambia,0.3463976649723519
ZMB,2013,Zambia,0.307539510527861
ZMB,2012,Zambia,0.2896209903035673
ZMB,2011,Zambia,0.23945483091740596
ZMB,2010,Zambia,0.23003676034116416
ZMB,2009,Zambia,0.21310727214760078
ZMB,2008,Zambia,0.20026381341866617
ZMB,2007,Zambia,0.1741890325453429
ZMB,2006,Zambia,0.19859759052951087
ZMB,2005,Zambia,0.21107075721538152
ZMB,2004,Zambia,0.20315397561411433
ZMB,2003,Zambia,0.20386767720404841
ZMB,2002,Zambia,0.19419702329528438
ZMB,2001,Zambia,0.19058254162031962
ZMB,2000,Zambia,0.19487641339554232
ZMB,1999,Zambia,0.1980491796462117
ZMB,1998,Zambia,0.24722623198664306
ZMB,1997,Zambia,0.270692102024204
ZMB,1996,Zambia,0.2203896400876361
ZMB,1995,Zambia,0.26828631730676095
YEM,2023,"Yemen, Rep.",0.2697431956127623
YEM,2022,"Yemen, Rep.",0.2873697939422455
YEM,2021,"Yemen, Rep.",0.30207405823819616
YEM,2020,"Yemen, Rep.",0.31319615076442936
YEM,2019,"Yemen, Rep.",0.35151823020028133
YEM,2018,"Yemen, Rep.",0.35186257770312035
YEM,2017,"Yemen, Rep.",0.2969394535739879
YEM,2016,"Yemen, Rep.",0.33104726679520796
YEM,2015,"Yemen, Rep.",0.4574000014570252
YEM,2014,"Yemen, Rep.",0.9381165262354726
YEM,2013,"Yemen, Rep.",0.9820948773770721
YEM,2012,"Yemen, Rep.",0.7738296814334088
YEM,2011,"Yemen, Rep.",0.8338863028056842
YEM,2010,"Yemen, Rep.",0.9846871094448921
YEM,2009,"Yemen, Rep.",1.0658436506035007
YEM,2008,"Yemen, Rep.",1.0053703136687044
YEM,2007,"Yemen, Rep.",1.000239245841839
YEM,2006,"Yemen, Rep.",0.9746387081080248
YEM,2005,"Yemen, Rep.",0.9663500596860433
YEM,2004,"Yemen, Rep.",0.9251299164201836
YEM,2003,"Yemen, Rep.",0.9104984582906557
YEM,2002,"Yemen, Rep.",0.8071288978600808
YEM,2001,"Yemen, Rep.",0.8291445721224115
YEM,2000,"Yemen, Rep.",0.8023383036230732
YEM,1999,"Yemen, Rep.",0.7746163571984853
YEM,1998,"Yemen, Rep.",0.7093131724454493
YEM,1997,"Yemen, Rep.",0.6875150498468832
YEM,1996,"Yemen, Rep.",0.6598384571474086
YEM,1995,"Yemen, Rep.",0.6664493038196164
VIR,2023,Virgin Islands (U.S.),
VIR,2022,Virgin Islands (U.S.),
VIR,2021,Virgin Islands (U.S.),
VIR,2020,Virgin Islands (U.S.),
VIR,2019,Virgin Islands (U.S.),
VIR,2018,Virgin Islands (U.S.),
VIR,2017,Virgin Islands (U.S.),
VIR,2016,Virgin Islands (U.S.),
VIR,2015,Virgin Islands (U.S.),
VIR,2014,Virgin Islands (U.S.),
VIR,2013,Virgin Islands (U.S.),
VIR,2012,Virgin Islands (U.S.),
VIR,2011,Virgin Islands (U.S.),
VIR,2010,Virgin Islands (U.S.),
VIR,2009,Virgin Islands (U.S.),
VIR,2008,Virgin Islands (U.S.),
VIR,2007,Virgin Islands (U.S.),
VIR,2006,Virgin Islands (U.S.),
VIR,2005,Virgin Islands (U.S.),
VIR,2004,Virgin Islands (U.S.),
VIR,2003,Virgin Islands (U.S.),
VIR,2002,Virgin Islands (U.S.),
VIR,2001,Virgin Islands (U.S.),
VIR,2000,Virgin Islands (U.S.),
VIR,1999,Virgin Islands (U.S.),
VIR,1998,Virgin Islands (U.S.),
VIR,1997,Virgin Islands (U.S.),
VIR,1996,Virgin Islands (U.S.),
VIR,1995,Virgin Islands (U.S.),
VNM,2023,Viet Nam,3.893540262678069
VNM,2022,Viet Nam,3.4510196587291686
VNM,2021,Viet Nam,3.397887168414186
VNM,2020,Viet Nam,3.551533168743205
VNM,2019,Viet Nam,3.463164794584086
VNM,2018,Viet Nam,2.931267235322713
VNM,2017,Viet Nam,2.4087117202724353
VNM,2016,Viet Nam,2.380902355685366
VNM,2015,Viet Nam,2.163448180775908
VNM,2014,Viet Nam,1.9518218113962087
VNM,2013,Viet Nam,1.8014166766328334
VNM,2012,Viet Nam,1.7453209548177866
VNM,2011,Viet Nam,1.772006189696347
VNM,2010,Viet Nam,1.7927348636933362
VNM,2009,Viet Nam,1.6287794434648395
VNM,2008,Viet Nam,1.4768469180467108
VNM,2007,Viet Nam,1.3668466685698144
VNM,2006,Viet Nam,1.255478158337191
VNM,2005,Viet Nam,1.239999899862265
VNM,2004,Viet Nam,1.1442441800754455
VNM,2003,Viet Nam,0.9759001260083467
VNM,2002,Viet Nam,0.9277610341432025
VNM,2001,Viet Nam,0.7963602523303994
VNM,2000,Viet Nam,0.7327629408664185
VNM,1999,Viet Nam,0.6698847406779296
VNM,1998,Viet Nam,0.6625833370296759
VNM,1997,Viet Nam,0.6014532011438604
VNM,1996,Viet Nam,0.5290934919242319
VNM,1995,Viet Nam,0.4770593840883143
VEN,2023,"Venezuela, RB",3.4059148886461164
VEN,2022,"Venezuela, RB",3.261047905652912
VEN,2021,"Venezuela, RB",2.686927810944086
VEN,2020,"Venezuela, RB",2.6953133335984147
VEN,2019,"Venezuela, RB",4.159651404871184
VEN,2018,"Venezuela, RB",4.62269142706999
VEN,2017,"Venezuela, RB",4.971709279826684
VEN,2016,"Venezuela, RB",5.296082783045546
VEN,2015,"Venezuela, RB",5.754368454317941
VEN,2014,"Venezuela, RB",6.343686747165564
VEN,2013,"Venezuela, RB",6.451127396254866
VEN,2012,"Venezuela, RB",6.557326959967891
VEN,2011,"Venezuela, RB",5.9263403671695105
VEN,2010,"Venezuela, RB",6.13592407148401
VEN,2009,"Venezuela, RB",5.810773204500494
VEN,2008,"Venezuela, RB",5.8496213832216615
VEN,2007,"Venezuela, RB",5.6410051833743875
VEN,2006,"Venezuela, RB",5.839703715958377
VEN,2005,"Venezuela, RB",5.82165836799224
VEN,2004,"Venezuela, RB",5.683342344689262
VEN,2003,"Venezuela, RB",5.522826257266381
VEN,2002,"Venezuela, RB",5.822354755256899
VEN,2001,"Venezuela, RB",5.735758502368422
VEN,2000,"Venezuela, RB",5.616134868160864
VEN,1999,"Venezuela, RB",5.481980768943906
VEN,1998,"Venezuela, RB",5.74365765803861
VEN,1997,"Venezuela, RB",5.785250836677052
VEN,1996,"Venezuela, RB",5.888550639563046
VEN,1995,"Venezuela, RB",5.403292204618574
VUT,2023,Vanuatu,0.8479786772531358
VUT,2022,Vanuatu,0.8653680289797665
VUT,2021,Vanuatu,0.9510638576117803
VUT,2020,Vanuatu,0.8415367833553059
VUT,2019,Vanuatu,0.7500385293765091
VUT,2018,Vanuatu,0.8020781114706285
VUT,2017,Vanuatu,0.5974715177715462
VUT,2016,Vanuatu,0.609731446191843
VUT,2015,Vanuatu,0.5982690782823064
VUT,2014,Vanuatu,0.673608976329542
VUT,2013,Vanuatu,0.5933622024347498
VUT,2012,Vanuatu,0.5934515414873656
VUT,2011,Vanuatu,0.7380664875921042
VUT,2010,Vanuatu,0.6501628555119036
VUT,2009,Vanuatu,0.6200291323459273
VUT,2008,Vanuatu,0.5672202242437064
VUT,2007,Vanuatu,0.592020824671451
VUT,2006,Vanuatu,0.3718918318104139
VUT,2005,Vanuatu,0.42323021446194725
VUT,2004,Vanuatu,0.4248678971955802
VUT,2003,Vanuatu,0.5589152461319279
VUT,2002,Vanuatu,0.49064907613995495
VUT,2001,Vanuatu,0.511435316781046
VUT,2000,Vanuatu,0.4509316570127925
VUT,1999,Vanuatu,0.29442784320618737
VUT,1998,Vanuatu,0.301155832721114
VUT,1997,Vanuatu,0.2983519063598777
VUT,1996,Vanuatu,0.29606052272820355
VUT,1995,Vanuatu,0.30035240551164616
UZB,2023,Uzbekistan,3.720112698457353
UZB,2022,Uzbekistan,3.689526489844931
UZB,2021,Uzbekistan,3.9236623289729007
UZB,2020,Uzbekistan,3.690339045848715
UZB,2019,Uzbekistan,3.4921323873072594
UZB,2018,Uzbekistan,3.484174860356421
UZB,2017,Uzbekistan,3.716808774884128
UZB,2016,Uzbekistan,3.644218453008525
UZB,2015,Uzbekistan,3.497645120647444
UZB,2014,Uzbekistan,3.744152548222059
UZB,2013,Uzbekistan,4.084804686034699
UZB,2012,Uzbekistan,4.209770635901568
UZB,2011,Uzbekistan,4.811340144236607
UZB,2010,Uzbekistan,4.784181053527811
UZB,2009,Uzbekistan,4.4565137715552785
UZB,2008,Uzbekistan,4.99330891026782
UZB,2007,Uzbekistan,4.852812866653016
UZB,2006,Uzbekistan,5.034727274681718
UZB,2005,Uzbekistan,4.762655805531553
UZB,2004,Uzbekistan,5.07679600143684
UZB,2003,Uzbekistan,5.016094311056491
UZB,2002,Uzbekistan,5.388984558255558
UZB,2001,Uzbekistan,5.286245675267991
UZB,2000,Uzbekistan,5.30608034339216
UZB,1999,Uzbekistan,5.07541099022357
UZB,1998,Uzbekistan,5.114359358587714
UZB,1997,Uzbekistan,4.546255391650139
UZB,1996,Uzbekistan,4.630403733199338
UZB,1995,Uzbekistan,4.577793938097066
URY,2023,Uruguay,2.4175337012308735
URY,2022,Uruguay,2.3866728518248626
URY,2021,Uruguay,2.5176826297327253
URY,2020,Uruguay,2.033999731683264
URY,2019,Uruguay,2.1064663137884483
URY,2018,Uruguay,2.0241364499515986
URY,2017,Uruguay,1.890930275247769
URY,2016,Uruguay,2.020902067095298
URY,2015,Uruguay,2.0472283839422425
URY,2014,Uruguay,2.0061769776190332
URY,2013,Uruguay,2.289425549653144
URY,2012,Uruguay,2.662798266235454
URY,2011,Uruguay,2.3407603345532153
URY,2010,Uruguay,1.9459829204057157
URY,2009,Uruguay,2.3662793560660416
URY,2008,Uruguay,2.397327581168423
URY,2007,Uruguay,1.8565450526879936
URY,2006,Uruguay,1.9724846223110704
URY,2005,Uruguay,1.6945185772228193
URY,2004,Uruguay,1.7528908230759015
URY,2003,Uruguay,1.400469220580607
URY,2002,Uruguay,1.4054854923972213
URY,2001,Uruguay,1.532411534729622
URY,2000,Uruguay,1.705526228290561
URY,1999,Uruguay,2.1167081282661573
URY,1998,Uruguay,1.822719863673409
URY,1997,Uruguay,1.7595075922682804
URY,1996,Uruguay,1.7429929102610966
URY,1995,Uruguay,1.4946197451590248
USA,2023,United States,13.714025884903428
USA,2022,United States,14.418622129423325
USA,2021,United States,14.316097932935088
USA,2020,United States,13.471566566409946
USA,2019,United States,15.043966208050458
USA,2018,United States,15.579645664597194
USA,2017,United States,15.184712721396759
USA,2016,United States,15.504548218926928
USA,2015,United States,15.950102294913606
USA,2014,United States,16.42489531023165
USA,2013,United States,16.495975221911014
USA,2012,United States,16.185422100481365
USA,2011,United States,17.0203888981196
USA,2010,United States,17.847084306937994
USA,2009,United States,17.18906320019026
USA,2008,United States,18.7089026291301
USA,2007,United States,19.49566068697524
USA,2006,United States,19.404817707701447
USA,2005,United States,19.924991421547865
USA,2004,United States,20.081559794727486
USA,2003,United States,19.968165779182605
USA,2002,United States,19.910379338711127
USA,2001,United States,20.62550778557615
USA,2000,United States,21.01187532027432
USA,1999,United States,20.648908041857798
USA,1998,United States,20.825786466754153
USA,1997,United States,20.90361736540782
USA,1996,United States,20.14326339859091
USA,1995,United States,19.796846904363107
GBR,2023,United Kingdom,4.4477512185156
GBR,2022,United Kingdom,4.805057957300845
GBR,2021,United Kingdom,5.045161097673863
GBR,2020,United Kingdom,4.790176805513934
GBR,2019,United Kingdom,5.388321726601429
GBR,2018,United Kingdom,5.640353312112481
GBR,2017,United Kingdom,5.771508701716088
GBR,2016,United Kingdom,5.972950644758101
GBR,2015,United Kingdom,6.389673821193172
GBR,2014,United Kingdom,6.664561506677603
GBR,2013,United Kingdom,7.331374536156413
GBR,2012,United Kingdom,7.555834942160694
GBR,2011,United Kingdom,7.2591722797188245
GBR,2010,United Kingdom,7.977973553192064
GBR,2009,United Kingdom,7.763306954639384
GBR,2008,United Kingdom,8.638357195653986
GBR,2007,United Kingdom,8.975790812577113
GBR,2006,United Kingdom,9.202296849695678
GBR,2005,United Kingdom,9.263450799310199
GBR,2004,United Kingdom,9.354780767889794
GBR,2003,United Kingdom,9.400836181493172
GBR,2002,United Kingdom,9.216043212317691
GBR,2001,United Kingdom,9.525001939709647
GBR,2000,United Kingdom,9.372301545829746
GBR,1999,United Kingdom,9.27036024696031
GBR,1998,United Kingdom,9.359428254494437
GBR,1997,United Kingdom,9.375307907885587
GBR,1996,United Kingdom,9.758531262168637
GBR,1995,United Kingdom,9.451026671766144
ARE,2023,United Arab Emirates,18.38048232927318
ARE,2022,United Arab Emirates,19.373145963509394
ARE,2021,United Arab Emirates,20.82692786495713
ARE,2020,United Arab Emirates,20.814105846609703
ARE,2019,United Arab Emirates,20.945786930361002
ARE,2018,United Arab Emirates,20.037583314155444
ARE,2017,United Arab Emirates,22.16390687639085
ARE,2016,United Arab Emirates,23.774845147141694
ARE,2015,United Arab Emirates,24.32053333728384
ARE,2014,United Arab Emirates,24.581583832127293
ARE,2013,United Arab Emirates,25.354557910919635
ARE,2012,United Arab Emirates,25.03031882250947
ARE,2011,United Arab Emirates,24.949855993450946
ARE,2010,United Arab Emirates,25.03012443670433
ARE,2009,United Arab Emirates,24.6511808903397
ARE,2008,United Arab Emirates,26.06071020127362
ARE,2007,United Arab Emirates,24.38275550324599
ARE,2006,United Arab Emirates,25.393224331716276
ARE,2005,United Arab Emirates,26.252264303430593
ARE,2004,United Arab Emirates,25.969870626717245
ARE,2003,United Arab Emirates,25.956044391152968
ARE,2002,United Arab Emirates,26.16197932383178
ARE,2001,United Arab Emirates,27.193998265115116
ARE,2000,United Arab Emirates,25.3198800655489
ARE,1999,United Arab Emirates,27.297046640104178
ARE,1998,United Arab Emirates,28.442804466881395
ARE,1997,United Arab Emirates,29.921665643268106
ARE,1996,United Arab Emirates,31.14102289683719
ARE,1995,United Arab Emirates,31.791887333847573
UKR,2023,Ukraine,3.225180317747651
UKR,2022,Ukraine,2.9073955597106136
UKR,2021,Ukraine,4.382443795114252
UKR,2020,Ukraine,4.451592159304158
UKR,2019,Ukraine,4.624587537845223
UKR,2018,Ukraine,4.828758633779843
UKR,2017,Ukraine,4.524630568054994
UKR,2016,Ukraine,4.981628272651639
UKR,2015,Ukraine,4.938462675551343
UKR,2014,Ukraine,5.858515482557135
UKR,2013,Ukraine,6.834963731473069
UKR,2012,Ukraine,7.031318031728851
UKR,2011,Ukraine,7.197595621632469
UKR,2010,Ukraine,6.8001696142477
UKR,2009,Ukraine,6.267906787639968
UKR,2008,Ukraine,7.5232701131534245
UKR,2007,Ukraine,7.813016132190016
UKR,2006,Ukraine,7.537839348946483
UKR,2005,Ukraine,7.504235108653559
UKR,2004,Ukraine,7.686973523925538
UKR,2003,Ukraine,8.133743015853252
UKR,2002,Ukraine,7.4070612119851145
UKR,2001,Ukraine,7.334383356458075
UKR,2000,Ukraine,7.285141896164915
UKR,1999,Ukraine,7.290722513561689
UKR,1998,Ukraine,7.237263732114807
UKR,1997,Ukraine,7.526307234633508
UKR,1996,Ukraine,7.762309255227642
UKR,1995,Ukraine,8.984555450007015
UGA,2023,Uganda,0.166813953979235
UGA,2022,Uganda,0.16811758377276942
UGA,2021,Uganda,0.1766572796499657
UGA,2020,Uganda,0.16014970999491826
UGA,2019,Uganda,0.16429441020630012
UGA,2018,Uganda,0.16496963575683113
UGA,2017,Uganda,0.15565720698418722
UGA,2016,Uganda,0.15468894784092188
UGA,2015,Uganda,0.14908564940450203
UGA,2014,Uganda,0.13332403182708738
UGA,2013,Uganda,0.12483784013387425
UGA,2012,Uganda,0.1260723062681613
UGA,2011,Uganda,0.12780268043246762
UGA,2010,Uganda,0.11731108109024284
UGA,2009,Uganda,0.12179840413471672
UGA,2008,Uganda,0.11396368506114023
UGA,2007,Uganda,0.10485464919235313
UGA,2006,Uganda,0.0895533698457974
UGA,2005,Uganda,0.07945059681641885
UGA,2004,Uganda,0.0667402824171229
UGA,2003,Uganda,0.0656873047500839
UGA,2002,Uganda,0.0641643497186176
UGA,2001,Uganda,0.05809903920183874
UGA,2000,Uganda,0.05891213179917625
UGA,1999,Uganda,0.06008870942394341
UGA,1998,Uganda,0.060286538265607724
UGA,1997,Uganda,0.053152340546867446
UGA,1996,Uganda,0.05206402735551573
UGA,1995,Uganda,0.04899914432957814
TUV,2023,Tuvalu,0.0
TUV,2022,Tuvalu,0.0
TUV,2021,Tuvalu,0.0
TUV,2020,Tuvalu,0.0
TUV,2019,Tuvalu,0.0
TUV,2018,Tuvalu,0.0
TUV,2017,Tuvalu,0.0
TUV,2016,Tuvalu,0.0
TUV,2015,Tuvalu,0.0
TUV,2014,Tuvalu,0.0
TUV,2013,Tuvalu,0.0
TUV,2012,Tuvalu,0.0
TUV,2011,Tuvalu,0.0
TUV,2010,Tuvalu,0.0
TUV,2009,Tuvalu,0.0
TUV,2008,Tuvalu,0.0
TUV,2007,Tuvalu,0.0
TUV,2006,Tuvalu,0.0
TUV,2005,Tuvalu,0.0
TUV,2004,Tuvalu,0.0
TUV,2003,Tuvalu,0.0
TUV,2002,Tuvalu,0.0
TUV,2001,Tuvalu,0.0
TUV,2000,Tuvalu,0.0
TUV,1999,Tuvalu,0.0
TUV,1998,Tuvalu,0.0
TUV,1997,Tuvalu,0.0
TUV,1996,Tuvalu,0.0
TUV,1995,Tuvalu,0.0
TCA,2023,Turks and Caicos Islands,
TCA,2022,Turks and Caicos Islands,
TCA,2021,Turks and Caicos Islands,
TCA,2020,Turks and Caicos Islands,
TCA,2019,Turks and Caicos Islands,
TCA,2018,Turks and Caicos Islands,
TCA,2017,Turks and Caicos Islands,
TCA,2016,Turks and Caicos Islands,
TCA,2015,Turks and Caicos Islands,
TCA,2014,Turks and Caicos Islands,
TCA,2013,Turks and Caicos Islands,
TCA,2012,Turks and Caicos Islands,
TCA,2011,Turks and Caicos Islands,
TCA,2010,Turks and Caicos Islands,
TCA,2009,Turks and Caicos Islands,
TCA,2008,Turks and Caicos Islands,
TCA,2007,Turks and Caicos Islands,
TCA,2006,Turks and Caicos Islands,
TCA,2005,Turks and Caicos Islands,
TCA,2004,Turks and Caicos Islands,
TCA,2003,Turks and Caicos Islands,
TCA,2002,Turks and Caicos Islands,
TCA,2001,Turks and Caicos Islands,
TCA,2000,Turks and Caicos Islands,
TCA,1999,Turks and Caicos Islands,
TCA,1998,Turks and Caicos Islands,
TCA,1997,Turks and Caicos Islands,
TCA,1996,Turks and Caicos Islands,
TCA,1995,Turks and Caicos Islands,
TKM,2023,Turkmenistan,12.862991038827403
TKM,2022,Turkmenistan,14.005338446705364
TKM,2021,Turkmenistan,13.456249489745057
TKM,2020,Turkmenistan,11.05413996608878
TKM,2019,Turkmenistan,10.765902835179126
TKM,2018,Turkmenistan,11.153411812503418
TKM,2017,Turkmenistan,11.09115159670395
TKM,2016,Turkmenistan,10.580073304558885
TKM,2015,Turkmenistan,10.925565135132091
TKM,2014,Turkmenistan,10.405572876193586
TKM,2013,Turkmenistan,10.990209183140017
TKM,2012,Turkmenistan,11.758140505386374
TKM,2011,Turkmenistan,11.637365338492671
TKM,2010,Turkmenistan,11.0800243550197
TKM,2009,Turkmenistan,10.020907654131124
TKM,2008,Turkmenistan,11.58800073863023
TKM,2007,Turkmenistan,11.591660332498991
TKM,2006,Turkmenistan,10.677633349232238
TKM,2005,Turkmenistan,10.470231423302497
TKM,2004,Turkmenistan,10.351520231669717
TKM,2003,Turkmenistan,9.900007504320124
TKM,2002,Turkmenistan,9.061854945994991
TKM,2001,Turkmenistan,8.616978749880492
TKM,2000,Turkmenistan,8.58454567057639
TKM,1999,Turkmenistan,8.584136397331356
TKM,1998,Turkmenistan,7.393254335612662
TKM,1997,Turkmenistan,7.264551862809075
TKM,1996,Turkmenistan,7.391800636940733
TKM,1995,Turkmenistan,8.269630461707534
TUR,2023,Turkiye,5.2321541279960915
TUR,2022,Turkiye,5.229561720073778
TUR,2021,Turkiye,5.475006345419113
TUR,2020,Turkiye,5.073959629034974
TUR,2019,Turkiye,5.019136724589075
TUR,2018,Turkiye,5.274019729261307
TUR,2017,Turkiye,5.394164444581354
TUR,2016,Turkiye,4.935332469823076
TUR,2015,Turkiye,4.702763396869428
TUR,2014,Turkiye,4.6044600310611745
TUR,2013,Turkiye,4.384562281286676
TUR,2012,Turkiye,4.578038097272944
TUR,2011,Turkiye,4.483322959053916
TUR,2010,Turkiye,4.26801919276368
TUR,2009,Turkiye,4.183513627287897
TUR,2008,Turkiye,4.215939840294834
TUR,2007,Turkiye,4.2807936450741435
TUR,2006,Turkiye,3.9117672181203638
TUR,2005,Turkiye,3.5495611200861994
TUR,2004,Turkiye,3.4388934307609227
TUR,2003,Turkiye,3.3862544859168415
TUR,2002,Turkiye,3.2420851112984206
TUR,2001,Turkiye,3.1206808144441958
TUR,2000,Turkiye,3.470432784319362
TUR,1999,Turkiye,3.167182373560855
TUR,1998,Turkiye,3.2322286700414122
TUR,1997,Turkiye,3.252828195888162
TUR,1996,Turkiye,3.1400103184551877
TUR,1995,Turkiye,2.9230143832551985
TUN,2023,Tunisia,2.55804077741188
TUN,2022,Tunisia,2.5049891355416065
TUN,2021,Tunisia,2.5743856849355886
TUN,2020,Tunisia,2.3983934601280086
TUN,2019,Tunisia,2.5469384166726945
TUN,2018,Tunisia,2.5658122543562483
TUN,2017,Tunisia,2.6004296125367343
TUN,2016,Tunisia,2.5902198292709118
TUN,2015,Tunisia,2.6942982551535377
TUN,2014,Tunisia,2.6790694011009832
TUN,2013,Tunisia,2.532814438020633
TUN,2012,Tunisia,2.5651503631315338
TUN,2011,Tunisia,2.4126231451579936
TUN,2010,Tunisia,2.5757989518836184
TUN,2009,Tunisia,2.381556634735375
TUN,2008,Tunisia,2.411892283096209
TUN,2007,Tunisia,2.392588871048034
TUN,2006,Tunisia,2.342648319562051
TUN,2005,Tunisia,2.2863209026361733
TUN,2004,Tunisia,2.2442587237682496
TUN,2003,Tunisia,2.1411822830699134
TUN,2002,Tunisia,2.1839509843790035
TUN,2001,Tunisia,2.230295885062905
TUN,2000,Tunisia,2.163967297273356
TUN,1999,Tunisia,2.088284721057858
TUN,1998,Tunisia,2.010214776935728
TUN,1997,Tunisia,1.950172322839702
TUN,1996,Tunisia,1.918406633132611
TUN,1995,Tunisia,1.8868806008956411
TTO,2023,Trinidad and Tobago,19.706985689318543
TTO,2022,Trinidad and Tobago,20.866009423014265
TTO,2021,Trinidad and Tobago,20.974759388632876
TTO,2020,Trinidad and Tobago,21.80519124183724
TTO,2019,Trinidad and Tobago,24.35737929669315
TTO,2018,Trinidad and Tobago,24.001595064129962
TTO,2017,Trinidad and Tobago,23.989612518639895
TTO,2016,Trinidad and Tobago,24.90488553395943
TTO,2015,Trinidad and Tobago,27.235310635882776
TTO,2014,Trinidad and Tobago,27.65153570502095
TTO,2013,Trinidad and Tobago,27.847379857775536
TTO,2012,Trinidad and Tobago,28.51712934599766
TTO,2011,Trinidad and Tobago,31.066046494816717
TTO,2010,Trinidad and Tobago,31.131793393710623
TTO,2009,Trinidad and Tobago,28.573718462475554
TTO,2008,Trinidad and Tobago,29.537432360248115
TTO,2007,Trinidad and Tobago,30.25142957117469
TTO,2006,Trinidad and Tobago,29.704132073494698
TTO,2005,Trinidad and Tobago,27.052964324284236
TTO,2004,Trinidad and Tobago,21.481217202574737
TTO,2003,Trinidad and Tobago,20.275280139298385
TTO,2002,Trinidad and Tobago,17.63994441487345
TTO,2001,Trinidad and Tobago,16.393739433766832
TTO,2000,Trinidad and Tobago,14.524380689421067
TTO,1999,Trinidad and Tobago,14.034827505423257
TTO,1998,Trinidad and Tobago,13.702608330630236
TTO,1997,Trinidad and Tobago,11.37194869799883
TTO,1996,Trinidad and Tobago,11.432070030009347
TTO,1995,Trinidad and Tobago,10.66826028109073
TON,2023,Tonga,1.5468894901383405
TON,2022,Tonga,1.5365282458445193
TON,2021,Tonga,1.9575315195753151
TON,2020,Tonga,1.7643608567320064
TON,2019,Tonga,1.5662114716709725
TON,2018,Tonga,1.3962696676044597
TON,2017,Tonga,1.470253236645279
TON,2016,Tonga,1.3570372616655926
TON,2015,Tonga,1.2696168528205853
TON,2014,Tonga,1.236293371103753
TON,2013,Tonga,1.1150749920618614
TON,2012,Tonga,1.0999441652707984
TON,2011,Tonga,1.1155526633819839
TON,2010,Tonga,1.175046554934823
TON,2009,Tonga,1.2201151087189723
TON,2008,Tonga,1.1558587179966362
TON,2007,Tonga,1.070029795926016
TON,2006,Tonga,1.2526705128325788
TON,2005,Tonga,1.1469561185187989
TON,2004,Tonga,1.0640424094183933
TON,2003,Tonga,1.2013708071680196
TON,2002,Tonga,1.0069892369601632
TON,2001,Tonga,0.9168538455580513
TON,2000,Tonga,0.9719800929127264
TON,1999,Tonga,1.4464065225486544
TON,1998,Tonga,1.4587525150905432
TON,1997,Tonga,1.4045334445835072
TON,1996,Tonga,1.3054101221640486
TON,1995,Tonga,1.1494138189074583
TGO,2023,Togo,0.30779987475452497
TGO,2022,Togo,0.3227815030483543
TGO,2021,Togo,0.3192973542925459
TGO,2020,Togo,0.3109634319433327
TGO,2019,Togo,0.2762888086168827
TGO,2018,Togo,0.2596200748544623
TGO,2017,Togo,0.22601211896806095
TGO,2016,Togo,0.29550538517215386
TGO,2015,Togo,0.21862399247005798
TGO,2014,Togo,0.2500416567929977
TGO,2013,Togo,0.284077537841705
TGO,2012,Togo,0.33758569269091354
TGO,2011,Togo,0.35644500753932495
TGO,2010,Togo,0.3991597568555886
TGO,2009,Togo,0.4421340523958293
TGO,2008,Togo,0.2676993021388654
TGO,2007,Togo,0.2118660652980294
TGO,2006,Togo,0.21934895893181347
TGO,2005,Togo,0.24222477320985142
TGO,2004,Togo,0.26091961858020346
TGO,2003,Togo,0.27888412203692897
TGO,2002,Togo,0.238505867164764
TGO,2001,Togo,0.22968330456854447
TGO,2000,Togo,0.26153275629311235
TGO,1999,Togo,0.2902210446585911
TGO,1998,Togo,0.22991738133659662
TGO,1997,Togo,0.19138081199533027
TGO,1996,Togo,0.2632636206356545
TGO,1995,Togo,0.17939641645075358
TLS,2023,Timor-Leste,0.47995862126757044
TLS,2022,Timor-Leste,0.5072683388166903
TLS,2021,Timor-Leste,0.5263902457450678
TLS,2020,Timor-Leste,0.5123475456863338
TLS,2019,Timor-Leste,0.5598238203767262
TLS,2018,Timor-Leste,0.5224305796659611
TLS,2017,Timor-Leste,0.49676320980296446
TLS,2016,Timor-Leste,0.5380554777613505
TLS,2015,Timor-Leste,0.5768667472664798
TLS,2014,Timor-Leste,0.6295778926020156
TLS,2013,Timor-Leste,0.654615753067028
TLS,2012,Timor-Leste,0.5540649493120449
TLS,2011,Timor-Leste,0.3339917691025187
TLS,2010,Timor-Leste,0.3082939745307137
TLS,2009,Timor-Leste,0.31847915812697986
TLS,2008,Timor-Leste,0.3011345090073991
TLS,2007,Timor-Leste,0.31177572846354173
TLS,2006,Timor-Leste,0.3490692680808972
TLS,2005,Timor-Leste,0.36865543054968253
TLS,2004,Timor-Leste,0.5551764445028061
TLS,2003,Timor-Leste,0.2878245524486355
TLS,2002,Timor-Leste,0.2834527087819154
TLS,2001,Timor-Leste,0.3269933234759292
TLS,2000,Timor-Leste,0.46920632193781137
TLS,1999,Timor-Leste,0.3639644086416987
TLS,1998,Timor-Leste,0.20105460834137906
TLS,1997,Timor-Leste,0.13443322168725141
TLS,1996,Timor-Leste,0.13426248652331887
TLS,1995,Timor-Leste,0.1115019823854513
THA,2023,Thailand,3.8357748938372875
THA,2022,Thailand,3.9633748665180026
THA,2021,Thailand,3.744412241626386
THA,2020,Thailand,3.8473993643124422
THA,2019,Thailand,4.005331430261771
THA,2018,Thailand,3.876000249327229
THA,2017,Thailand,3.949975567096247
THA,2016,Thailand,3.919904364448122
THA,2015,Thailand,3.9901407405459492
THA,2014,Thailand,3.8811862766981378
THA,2013,Thailand,3.9509936228323714
THA,2012,Thailand,3.8136373965023207
THA,2011,Thailand,3.575658357312471
THA,2010,Thailand,3.5923240967516112
THA,2009,Thailand,3.4059589190306436
THA,2008,Thailand,3.5340136170114596
THA,2007,Thailand,3.5447766587880607
THA,2006,Thailand,3.4979298589719665
THA,2005,Thailand,3.472186583480542
THA,2004,Thailand,3.3786979954958474
THA,2003,Thailand,3.1283526653119806
THA,2002,Thailand,3.0353557643159834
THA,2001,Thailand,2.883302594685616
THA,2000,Thailand,2.774938315191536
THA,1999,Thailand,2.80177979620008
THA,1998,Thailand,2.7149131953559205
THA,1997,Thailand,3.0863052104235082
THA,1996,Thailand,3.068965346899496
THA,1995,Thailand,2.7673924323150647
TZA,2023,Tanzania,0.3238393165914728
TZA,2022,Tanzania,0.3231619768511846
TZA,2021,Tanzania,0.30147502454702985
TZA,2020,Tanzania,0.27351541256151635
TZA,2019,Tanzania,0.28734653689518413
TZA,2018,Tanzania,0.2597813662221547
TZA,2017,Tanzania,0.2551080456019445
TZA,2016,Tanzania,0.2626467112364884
TZA,2015,Tanzania,0.25380922405856315
TZA,2014,Tanzania,0.22356826146551467
TZA,2013,Tanzania,0.2374563658361702
TZA,2012,Tanzania,0.22379452470603234
TZA,2011,Tanzania,0.19305935708392427
TZA,2010,Tanzania,0.16384154889235758
TZA,2009,Tanzania,0.13927676827661523
TZA,2008,Tanzania,0.14750511196331903
TZA,2007,Tanzania,0.15065338157279196
TZA,2006,Tanzania,0.16387681002425566
TZA,2005,Tanzania,0.15754397495426226
TZA,2004,Tanzania,0.1428377701952166
TZA,2003,Tanzania,0.10664188340895435
TZA,2002,Tanzania,0.10352339439351359
TZA,2001,Tanzania,0.09338519455158899
TZA,2000,Tanzania,0.09083442422694199
TZA,1999,Tanzania,0.0800232310010141
TZA,1998,Tanzania,0.08793213223576299
TZA,1997,Tanzania,0.10378715444116964
TZA,1996,Tanzania,0.11336608870707401
TZA,1995,Tanzania,0.0967828028485332
TJK,2023,Tajikistan,0.897072214775281
TJK,2022,Tajikistan,0.9389502605619874
TJK,2021,Tajikistan,0.9458098740351571
TJK,2020,Tajikistan,0.9629501985268701
TJK,2019,Tajikistan,0.9486392711159725
TJK,2018,Tajikistan,0.8814984915657363
TJK,2017,Tajikistan,0.7631566377348049
TJK,2016,Tajikistan,0.6446805647561916
TJK,2015,Tajikistan,0.5890553272619576
TJK,2014,Tajikistan,0.5659213782076237
TJK,2013,Tajikistan,0.4373884287703956
TJK,2012,Tajikistan,0.4369931735180215
TJK,2011,Tajikistan,0.393927756481488
TJK,2010,Tajikistan,0.40132558979245153
TJK,2009,Tajikistan,0.40719710876702053
TJK,2008,Tajikistan,0.5165701583845967
TJK,2007,Tajikistan,0.5629735142665686
TJK,2006,Tajikistan,0.4944622551174158
TJK,2005,Tajikistan,0.4608272969881815
TJK,2004,Tajikistan,0.49364211749068226
TJK,2003,Tajikistan,0.4229583657163883
TJK,2002,Tajikistan,0.4218523626962726
TJK,2001,Tajikistan,0.42792862040114077
TJK,2000,Tajikistan,0.4430735743034511
TJK,1999,Tajikistan,0.4825421165297816
TJK,1998,Tajikistan,0.5205947739434496
TJK,1997,Tajikistan,0.4848017754240387
TJK,1996,Tajikistan,0.4451643882335895
TJK,1995,Tajikistan,0.5120042013359818
SYR,2023,Syrian Arab Republic,1.3289934744878102
SYR,2022,Syrian Arab Republic,1.3874703930024936
SYR,2021,Syrian Arab Republic,1.4811844500761226
SYR,2020,Syrian Arab Republic,1.508316448868993
SYR,2019,Syrian Arab Republic,1.6369196622070645
SYR,2018,Syrian Arab Republic,1.736896987385486
SYR,2017,Syrian Arab Republic,1.616709323666864
SYR,2016,Syrian Arab Republic,1.348203803367269
SYR,2015,Syrian Arab Republic,1.4484557688599076
SYR,2014,Syrian Arab Republic,1.5284512775912824
SYR,2013,Syrian Arab Republic,1.439752596089236
SYR,2012,Syrian Arab Republic,2.031993918390099
SYR,2011,Syrian Arab Republic,2.5621928885871545
SYR,2010,Syrian Arab Republic,2.7884808313126066
SYR,2009,Syrian Arab Republic,2.8397501038473503
SYR,2008,Syrian Arab Republic,3.081792469451249
SYR,2007,Syrian Arab Republic,3.1135036780329557
SYR,2006,Syrian Arab Republic,3.13534302706388
SYR,2005,Syrian Arab Republic,3.1258326538337675
SYR,2004,Syrian Arab Republic,2.619410341184089
SYR,2003,Syrian Arab Republic,2.570358274579391
SYR,2002,Syrian Arab Republic,2.623484600590371
SYR,2001,Syrian Arab Republic,2.698509641882649
SYR,2000,Syrian Arab Republic,2.758865788734724
SYR,1999,Syrian Arab Republic,2.785810331868977
SYR,1998,Syrian Arab Republic,2.9085903130341793
SYR,1997,Syrian Arab Republic,2.810759328562231
SYR,1996,Syrian Arab Republic,2.8983552118163516
SYR,1995,Syrian Arab Republic,2.771659818040897
CHE,2023,Switzerland,3.7874647506722487
CHE,2022,Switzerland,3.928466935730848
CHE,2021,Switzerland,4.323039937981831
CHE,2020,Switzerland,4.160616482640356
CHE,2019,Switzerland,4.477451465141663
CHE,2018,Switzerland,4.523891430551956
CHE,2017,Switzerland,4.71119898152355
CHE,2016,Switzerland,4.871235342464379
CHE,2015,Switzerland,4.8562879630483735
CHE,2014,Switzerland,4.9941693678652
CHE,2013,Switzerland,5.514252944552007
CHE,2012,Switzerland,5.452164292964452
CHE,2011,Switzerland,5.344460680567383
CHE,2010,Switzerland,5.920145525015052
CHE,2009,Switzerland,5.761747641445171
CHE,2008,Switzerland,6.0123763104472925
CHE,2007,Switzerland,5.908569553352173
CHE,2006,Switzerland,6.227607031275262
CHE,2005,Switzerland,6.3241727470934626
CHE,2004,Switzerland,6.279466143410525
CHE,2003,Switzerland,6.248588874698341
CHE,2002,Switzerland,6.119342687391048
CHE,2001,Switzerland,6.388607570775288
CHE,2000,Switzerland,6.230893969447054
CHE,1999,Switzerland,6.378073544605529
CHE,1998,Switzerland,6.370871115208001
CHE,1997,Switzerland,6.183507017867073
CHE,1996,Switzerland,6.380961134639451
CHE,1995,Switzerland,6.331072521758175
SWE,2023,Sweden,3.480077884470104
SWE,2022,Sweden,3.59996303974629
SWE,2021,Sweden,3.8862552325498227
SWE,2020,Sweden,3.6740245417900637
SWE,2019,Sweden,3.842351803264303
SWE,2018,Sweden,3.896556868484535
SWE,2017,Sweden,4.159619825530653
SWE,2016,Sweden,4.281934499200601
SWE,2015,Sweden,4.378006499723549
SWE,2014,Sweden,4.411996151033765
SWE,2013,Sweden,4.579871273832002
SWE,2012,Sweden,4.803750750837187
SWE,2011,Sweden,5.128691669877693
SWE,2010,Sweden,5.639026389707283
SWE,2009,Sweden,5.046042298151909
SWE,2008,Sweden,5.608951849188856
SWE,2007,Sweden,5.77642857111625
SWE,2006,Sweden,6.067779269985535
SWE,2005,Sweden,6.039444615979583
SWE,2004,Sweden,6.45636291240893
SWE,2003,Sweden,6.659642212763259
SWE,2002,Sweden,6.654227392442631
SWE,2001,Sweden,6.526378266089326
SWE,2000,Sweden,6.535548650270189
SWE,1999,Sweden,6.963894496580105
SWE,1998,Sweden,7.1183691196019785
SWE,1997,Sweden,6.985741225869771
SWE,1996,Sweden,7.663784111250789
SWE,1995,Sweden,7.096729681716391
SUR,2023,Suriname,3.968922825440541
SUR,2022,Suriname,4.593975261728855
SUR,2021,Suriname,4.40057873816953
SUR,2020,Suriname,4.253352430195471
SUR,2019,Suriname,4.393266068858044
SUR,2018,Suriname,3.5882457928351847
SUR,2017,Suriname,4.127246666318575
SUR,2016,Suriname,5.0372858170978825
SUR,2015,Suriname,4.68702450195744
SUR,2014,Suriname,4.555653463057877
SUR,2013,Suriname,4.021475519313908
SUR,2012,Suriname,4.345461428675531
SUR,2011,Suriname,3.5173630024322766
SUR,2010,Suriname,3.1817181678162214
SUR,2009,Suriname,2.671238925028699
SUR,2008,Suriname,2.717754469562304
SUR,2007,Suriname,2.664326498636576
SUR,2006,Suriname,2.9169690493469487
SUR,2005,Suriname,3.251988685051212
SUR,2004,Suriname,2.712274017703041
SUR,2003,Suriname,2.43832121544823
SUR,2002,Suriname,2.2519338396257385
SUR,2001,Suriname,3.1252055244985204
SUR,2000,Suriname,3.1054688729300546
SUR,1999,Suriname,2.7317547481774023
SUR,1998,Suriname,2.8477982361403216
SUR,1997,Suriname,2.860732881466388
SUR,1996,Suriname,2.8373174122097393
SUR,1995,Suriname,2.935713188363291
SDN,2023,Sudan,0.4337008301555363
SDN,2022,Sudan,0.4342233108303354
SDN,2021,Sudan,0.4910486886991146
SDN,2020,Sudan,0.4631087012308452
SDN,2019,Sudan,0.5152961671900137
SDN,2018,Sudan,0.5346321808550805
SDN,2017,Sudan,0.5539759910883253
SDN,2016,Sudan,0.5801348195482431
SDN,2015,Sudan,0.5386285191662062
SDN,2014,Sudan,0.47692986982720026
SDN,2013,Sudan,0.4664047643867946
SDN,2012,Sudan,0.4746259923780125
SDN,2011,Sudan,0.44933419581179235
SDN,2010,Sudan,0.47757128392889003
SDN,2009,Sudan,0.4607610267581931
SDN,2008,Sudan,0.4573135006623249
SDN,2007,Sudan,0.4395202253927961
SDN,2006,Sudan,0.415110634748496
SDN,2005,Sudan,0.3476567602967957
SDN,2004,Sudan,0.30218639570840206
SDN,2003,Sudan,0.27476218836377464
SDN,2002,Sudan,0.27365201365081687
SDN,2001,Sudan,0.2296332999845354
SDN,2000,Sudan,0.2156974153517962
SDN,1999,Sudan,0.20064050893357993
SDN,1998,Sudan,0.18603500457443609
SDN,1997,Sudan,0.21238907045130273
SDN,1996,Sudan,0.17960862298945984
SDN,1995,Sudan,0.18635997691809747
VCT,2023,St. Vincent and the Grenadines,1.258352003000306
VCT,2022,St. Vincent and the Grenadines,1.2455167277502301
VCT,2021,St. Vincent and the Grenadines,1.141568051652551
VCT,2020,St. Vincent and the Grenadines,1.1958348627397948
VCT,2019,St. Vincent and the Grenadines,1.1183964211314523
VCT,2018,St. Vincent and the Grenadines,1.050263995577836
VCT,2017,St. Vincent and the Grenadines,1.032527942609996
VCT,2016,St. Vincent and the Grenadines,0.9515839359091294
VCT,2015,St. Vincent and the Grenadines,0.8891174270755423
VCT,2014,St. Vincent and the Grenadines,0.8573952666573673
VCT,2013,St. Vincent and the Grenadines,0.7629352198640588
VCT,2012,St. Vincent and the Grenadines,0.8056209535020601
VCT,2011,St. Vincent and the Grenadines,0.631007142269248
VCT,2010,St. Vincent and the Grenadines,0.8821469820569485
VCT,2009,St. Vincent and the Grenadines,1.1229956202265898
VCT,2008,St. Vincent and the Grenadines,0.7340490687033902
VCT,2007,St. Vincent and the Grenadines,0.7011503528167057
VCT,2006,St. Vincent and the Grenadines,0.652596996803971
VCT,2005,St. Vincent and the Grenadines,0.5895953757225434
VCT,2004,St. Vincent and the Grenadines,0.5698586431515044
VCT,2003,St. Vincent and the Grenadines,0.5311955878063656
VCT,2002,St. Vincent and the Grenadines,0.4905290832576072
VCT,2001,St. Vincent and the Grenadines,0.4273090104932996
VCT,2000,St. Vincent and the Grenadines,0.3690166894182923
VCT,1999,St. Vincent and the Grenadines,0.5962987139001111
VCT,1998,St. Vincent and the Grenadines,0.5902102845025623
VCT,1997,St. Vincent and the Grenadines,0.5285440291317913
VCT,1996,St. Vincent and the Grenadines,0.4384762948753083
VCT,1995,St. Vincent and the Grenadines,0.49183083142409795
MAF,2023,St. Martin (French part),
MAF,2022,St. Martin (French part),
MAF,2021,St. Martin (French part),
MAF,2020,St. Martin (French part),
MAF,2019,St. Martin (French part),
MAF,2018,St. Martin (French part),
MAF,2017,St. Martin (French part),
MAF,2016,St. Martin (French part),
MAF,2015,St. Martin (French part),
MAF,2014,St. Martin (French part),
MAF,2013,St. Martin (French part),
MAF,2012,St. Martin (French part),
MAF,2011,St. Martin (French part),
MAF,2010,St. Martin (French part),
MAF,2009,St. Martin (French part),
MAF,2008,St. Martin (French part),
MAF,2007,St. Martin (French part),
MAF,2006,St. Martin (French part),
MAF,2005,St. Martin (French part),
MAF,2004,St. Martin (French part),
MAF,2003,St. Martin (French part),
MAF,2002,St. Martin (French part),
MAF,2001,St. Martin (French part),
MAF,2000,St. Martin (French part),
MAF,1999,St. Martin (French part),
MAF,1998,St. Martin (French part),
MAF,1997,St. Martin (French part),
MAF,1996,St. Martin (French part),
MAF,1995,St. Martin (French part),
LCA,2023,St. Lucia,1.6565803051008172
LCA,2022,St. Lucia,1.656216264591875
LCA,2021,St. Lucia,1.5807575536908616
LCA,2020,St. Lucia,1.5573632538569424
LCA,2019,St. Lucia,1.6587771092136148
LCA,2018,St. Lucia,1.4642661439296791
LCA,2017,St. Lucia,1.1131778022252214
LCA,2016,St. Lucia,1.1181581134782461
LCA,2015,St. Lucia,1.042851833852663
LCA,2014,St. Lucia,1.021029298602258
LCA,2013,St. Lucia,0.9615329153424199
LCA,2012,St. Lucia,0.8453707405540394
LCA,2011,St. Lucia,0.821881129911933
LCA,2010,St. Lucia,1.066668226978573
LCA,2009,St. Lucia,0.9495552455127186
LCA,2008,St. Lucia,0.8862139235107341
LCA,2007,St. Lucia,0.8249979136613456
LCA,2006,St. Lucia,0.7681275091665216
LCA,2005,St. Lucia,0.6974916893321245
LCA,2004,St. Lucia,0.669755660957507
LCA,2003,St. Lucia,0.6964215590025525
LCA,2002,St. Lucia,0.6031885474601122
LCA,2001,St. Lucia,0.6465423092044909
LCA,2000,St. Lucia,0.6102789125939375
LCA,1999,St. Lucia,0.5602991665709436
LCA,1998,St. Lucia,0.560522896099614
LCA,1997,St. Lucia,0.5551586495290656
LCA,1996,St. Lucia,0.5484059666569172
LCA,1995,St. Lucia,0.561373205225089
KNA,2023,St. Kitts and Nevis,2.790966251764404
KNA,2022,St. Kitts and Nevis,2.7853304502344303
KNA,2021,St. Kitts and Nevis,2.48487051728931
KNA,2020,St. Kitts and Nevis,2.551738852144229
KNA,2019,St. Kitts and Nevis,2.7730448117226105
KNA,2018,St. Kitts and Nevis,2.363427501701838
KNA,2017,St. Kitts and Nevis,2.210414452709883
KNA,2016,St. Kitts and Nevis,2.3685608072225173
KNA,2015,St. Kitts and Nevis,2.1640792575445453
KNA,2014,St. Kitts and Nevis,2.0662999851345325
KNA,2013,St. Kitts and Nevis,1.9333319169729546
KNA,2012,St. Kitts and Nevis,1.6966810537282333
KNA,2011,St. Kitts and Nevis,1.6593439406219341
KNA,2010,St. Kitts and Nevis,2.1069034709473593
KNA,2009,St. Kitts and Nevis,1.9289794526387587
KNA,2008,St. Kitts and Nevis,1.7166648873705561
KNA,2007,St. Kitts and Nevis,1.6379051941934655
KNA,2006,St. Kitts and Nevis,1.4881144108741866
KNA,2005,St. Kitts and Nevis,1.3093007730904236
KNA,2004,St. Kitts and Nevis,1.4120695239123393
KNA,2003,St. Kitts and Nevis,1.305873180873181
KNA,2002,St. Kitts and Nevis,1.2603215993046502
KNA,2001,St. Kitts and Nevis,1.1101156006206159
KNA,2000,St. Kitts and Nevis,1.0983910891089108
KNA,1999,St. Kitts and Nevis,0.9304724109324903
KNA,1998,St. Kitts and Nevis,0.9318605391154143
KNA,1997,St. Kitts and Nevis,0.9210647508519849
KNA,1996,St. Kitts and Nevis,0.909578561932971
KNA,1995,St. Kitts and Nevis,0.7962009166942305
LKA,2023,Sri Lanka,0.9792757634886782
LKA,2022,Sri Lanka,0.937608764257698
LKA,2021,Sri Lanka,1.0299512547391225
LKA,2020,Sri Lanka,1.0317258999041927
LKA,2019,Sri Lanka,1.0995275879466129
LKA,2018,Sri Lanka,1.0144393170281496
LKA,2017,Sri Lanka,1.0912553022887241
LKA,2016,Sri Lanka,1.107360082983639
LKA,2015,Sri Lanka,0.9399666189794945
LKA,2014,Sri Lanka,0.8605496197901626
LKA,2013,Sri Lanka,0.7207675491863007
LKA,2012,Sri Lanka,0.8452790808342849
LKA,2011,Sri Lanka,0.7571975655441407
LKA,2010,Sri Lanka,0.6474611990973361
LKA,2009,Sri Lanka,0.6155777714236573
LKA,2008,Sri Lanka,0.6449249221183498
LKA,2007,Sri Lanka,0.6892262527665549
LKA,2006,Sri Lanka,0.6482966563519182
LKA,2005,Sri Lanka,0.7137775020077636
LKA,2004,Sri Lanka,0.6610394818098027
LKA,2003,Sri Lanka,0.6445222898043713
LKA,2002,Sri Lanka,0.6007699177491468
LKA,2001,Sri Lanka,0.5803056086413098
LKA,2000,Sri Lanka,0.5943434357256243
LKA,1999,Sri Lanka,0.5293345152274793
LKA,1998,Sri Lanka,0.4879919625738929
LKA,1997,Sri Lanka,0.4815707850637323
LKA,1996,Sri Lanka,0.4920743447451435
LKA,1995,Sri Lanka,0.3554643491473615
ESP,2023,Spain,4.570462169010067
ESP,2022,Spain,4.994221960184156
ESP,2021,Spain,4.915133205649688
ESP,2020,Spain,4.528234971776683
ESP,2019,Spain,5.3981216422822955
ESP,2018,Spain,5.809692533311575
ESP,2017,Spain,5.977615107970517
ESP,2016,Spain,5.662041262565426
ESP,2015,Spain,5.849337117118037
ESP,2014,Spain,5.493692921289038
ESP,2013,Spain,5.500723464884505
ESP,2012,Spain,6.092657407133231
ESP,2011,Spain,6.19393014485236
ESP,2010,Spain,6.177996357292758
ESP,2009,Spain,6.479366086874634
ESP,2008,Spain,7.40131034210523
ESP,2007,Spain,8.21432370534791
ESP,2006,Spain,8.071068435461159
ESP,2005,Spain,8.426284423199194
ESP,2004,Spain,8.212531156883916
ESP,2003,Spain,7.963641962000961
ESP,2002,Spain,7.930918262837231
ESP,2001,Spain,7.601827859165778
ESP,2000,Spain,7.649717520251991
ESP,1999,Spain,7.29748464074034
ESP,1998,Spain,6.777412184501357
ESP,1997,Spain,6.590314710726652
ESP,1996,Spain,6.136859068817803
ESP,1995,Spain,6.420521069729799
SSD,2023,South Sudan,
SSD,2022,South Sudan,
SSD,2021,South Sudan,
SSD,2020,South Sudan,
SSD,2019,South Sudan,
SSD,2018,South Sudan,
SSD,2017,South Sudan,
SSD,2016,South Sudan,
SSD,2015,South Sudan,
SSD,2014,South Sudan,
SSD,2013,South Sudan,
SSD,2012,South Sudan,
SSD,2011,South Sudan,
SSD,2010,South Sudan,
SSD,2009,South Sudan,
SSD,2008,South Sudan,
SSD,2007,South Sudan,
SSD,2006,South Sudan,
SSD,2005,South Sudan,
SSD,2004,South Sudan,
SSD,2003,South Sudan,
SSD,2002,South Sudan,
SSD,2001,South Sudan,
SSD,2000,South Sudan,
SSD,1999,South Sudan,
SSD,1998,South Sudan,
SSD,1997,South Sudan,
SSD,1996,South Sudan,
SSD,1995,South Sudan,
ZAF,2023,South Africa,6.75922774879049
ZAF,2022,South Africa,6.882639361920254
ZAF,2021,South Africa,7.2934067522312835
ZAF,2020,South Africa,7.444583461802798
ZAF,2019,South Africa,8.014122333759623
ZAF,2018,South Africa,8.077016906197995
ZAF,2017,South Africa,8.147514185871465
ZAF,2016,South Africa,8.037015519035418
ZAF,2015,South Africa,8.149486517386954
ZAF,2014,South Africa,8.75262375978144
ZAF,2013,South Africa,8.688727225150242
ZAF,2012,South Africa,8.576675040445727
ZAF,2011,South Africa,8.377586236339685
ZAF,2010,South Africa,8.871174300208443
ZAF,2009,South Africa,8.833539705643208
ZAF,2008,South Africa,9.545699458583252
ZAF,2007,South Africa,9.102810005520835
ZAF,2006,South Africa,8.812431676395569
ZAF,2005,South Africa,8.815015338543015
ZAF,2004,South Africa,8.690233745210207
ZAF,2003,South Africa,8.11491084558816
ZAF,2002,South Africa,7.7213102242082705
ZAF,2001,South Africa,7.513198281154082
ZAF,2000,South Africa,7.363979416416794
ZAF,1999,South Africa,7.2921882541608145
ZAF,1998,South Africa,7.728827610317437
ZAF,1997,South Africa,7.690458008062656
ZAF,1996,South Africa,7.453794424832133
ZAF,1995,South Africa,7.300564771494052
SOM,2023,Somalia,0.046278000818689206
SOM,2022,Somalia,0.04678714858309763
SOM,2021,Somalia,0.047315129823348165
SOM,2020,Somalia,0.0474200313959524
SOM,2019,Somalia,0.052804037883918575
SOM,2018,Somalia,0.05540855656438993
SOM,2017,Somalia,0.05609176175126431
SOM,2016,Somalia,0.05838840204784532
SOM,2015,Somalia,0.059571391623197655
SOM,2014,Somalia,0.05796323113078303
SOM,2013,Somalia,0.06081776938728603
SOM,2012,Somalia,0.06245806971421601
SOM,2011,Somalia,0.06383600713589871
SOM,2010,Somalia,0.06430563452738743
SOM,2009,Somalia,0.06484298692079499
SOM,2008,Somalia,0.06542866363647899
SOM,2007,Somalia,0.0697367437921845
SOM,2006,Somalia,0.07101269718688039
SOM,2005,Somalia,0.07087409251286236
SOM,2004,Somalia,0.07218170842947348
SOM,2003,Somalia,0.07592976879869802
SOM,2002,Somalia,0.07731886166614817
SOM,2001,Somalia,0.0720444098832276
SOM,2000,Somalia,0.07074559384380961
SOM,1999,Somalia,0.05133030752612529
SOM,1998,Somalia,0.05125427675862559
SOM,1997,Somalia,0.05215652068336417
SOM,1996,Somalia,0.05433866077241116
SOM,1995,Somalia,0.054440579123671395
SLB,2023,Solomon Islands,0.3747476578271386
SLB,2022,Solomon Islands,0.38281015944875335
SLB,2021,Solomon Islands,0.4361446699475866
SLB,2020,Solomon Islands,0.4132986253824725
SLB,2019,Solomon Islands,0.43851035573860775
SLB,2018,Solomon Islands,0.4586088582585556
SLB,2017,Solomon Islands,0.42571375234806147
SLB,2016,Solomon Islands,0.4885420582476196
SLB,2015,Solomon Islands,0.5217268909862921
SLB,2014,Solomon Islands,0.6070597236540943
SLB,2013,Solomon Islands,0.6607333450991268
SLB,2012,Solomon Islands,0.6483544453858572
SLB,2011,Solomon Islands,0.6742081038801327
SLB,2010,Solomon Islands,0.6726482640608817
SLB,2009,Solomon Islands,0.632839323659004
SLB,2008,Solomon Islands,0.6454529373611902
SLB,2007,Solomon Islands,0.6471980742008493
SLB,2006,Solomon Islands,0.6098528460477548
SLB,2005,Solomon Islands,0.618738097209572
SLB,2004,Solomon Islands,0.6036522541618293
SLB,2003,Solomon Islands,0.5963694401420989
SLB,2002,Solomon Islands,0.585136484505245
SLB,2001,Solomon Islands,0.5688839409963818
SLB,2000,Solomon Islands,0.5285275467740068
SLB,1999,Solomon Islands,0.4225319396051103
SLB,1998,Solomon Islands,0.43477119628893435
SLB,1997,Solomon Islands,0.4346289579212416
SLB,1996,Solomon Islands,0.43382852409919975
SLB,1995,Solomon Islands,0.44264463926931147
SVN,2023,Slovenia,5.950875776541045
SVN,2022,Slovenia,6.339402559377598
SVN,2021,Slovenia,6.574753602687565
SVN,2020,Slovenia,6.440485935486694
SVN,2019,Slovenia,7.099313584420497
SVN,2018,Slovenia,7.449753941136818
SVN,2017,Slovenia,7.425662557080277
SVN,2016,Slovenia,7.272830286260522
SVN,2015,Slovenia,6.927397746871746
SVN,2014,Slovenia,6.85069690297675
SVN,2013,Slovenia,7.529783446515527
SVN,2012,Slovenia,7.542926920087363
SVN,2011,Slovenia,7.83269836027402
SVN,2010,Slovenia,8.376912236409265
SVN,2009,Slovenia,8.28055924760341
SVN,2008,Slovenia,9.348216706343788
SVN,2007,Slovenia,8.887222873542829
SVN,2006,Slovenia,8.941594564266309
SVN,2005,Slovenia,8.816060593639307
SVN,2004,Slovenia,8.712666724085784
SVN,2003,Slovenia,8.580656831349685
SVN,2002,Slovenia,8.66214095551333
SVN,2001,Slovenia,8.516912141200566
SVN,2000,Slovenia,7.589024221627261
SVN,1999,Slovenia,7.802646939429009
SVN,1998,Slovenia,8.090414502411905
SVN,1997,Slovenia,8.164178863982889
SVN,1996,Slovenia,7.903891527223794
SVN,1995,Slovenia,7.522091873246119
SVK,2023,Slovak Republic,5.7397811577484825
SVK,2022,Slovak Republic,6.110128002898511
SVK,2021,Slovak Republic,6.727857209338956
SVK,2020,Slovak Republic,5.980020982529764
SVK,2019,Slovak Republic,6.381822858826504
SVK,2018,Slovak Republic,6.837574041574356
SVK,2017,Slovak Republic,6.936420435826235
SVK,2016,Slovak Republic,6.526591488028094
SVK,2015,Slovak Republic,6.365646527223252
SVK,2014,Slovak Republic,6.272818187706936
SVK,2013,Slovak Republic,6.720424694826332
SVK,2012,Slovak Republic,6.676999078515543
SVK,2011,Slovak Republic,7.019563632375911
SVK,2010,Slovak Republic,7.402714086138218
SVK,2009,Slovak Republic,6.91125028451253
SVK,2008,Slovak Republic,7.652057458749231
SVK,2007,Slovak Republic,7.690773416251413
SVK,2006,Slovak Republic,7.864503129877347
SVK,2005,Slovak Republic,7.862631209347367
SVK,2004,Slovak Republic,7.7881085870431175
SVK,2003,Slovak Republic,7.890014728176375
SVK,2002,Slovak Republic,7.8021734408151
SVK,2001,Slovak Republic,7.804338720403386
SVK,2000,Slovak Republic,7.735510473730311
SVK,1999,Slovak Republic,8.133494686824735
SVK,1998,Slovak Republic,8.286182621478167
SVK,1997,Slovak Republic,8.463911759553774
SVK,1996,Slovak Republic,8.558702830500314
SVK,1995,Slovak Republic,8.534391744571382
SXM,2023,Sint Maarten (Dutch part),
SXM,2022,Sint Maarten (Dutch part),
SXM,2021,Sint Maarten (Dutch part),
SXM,2020,Sint Maarten (Dutch part),
SXM,2019,Sint Maarten (Dutch part),
SXM,2018,Sint Maarten (Dutch part),
SXM,2017,Sint Maarten (Dutch part),
SXM,2016,Sint Maarten (Dutch part),
SXM,2015,Sint Maarten (Dutch part),
SXM,2014,Sint Maarten (Dutch part),
SXM,2013,Sint Maarten (Dutch part),
SXM,2012,Sint Maarten (Dutch part),
SXM,2011,Sint Maarten (Dutch part),
SXM,2010,Sint Maarten (Dutch part),
SXM,2009,Sint Maarten (Dutch part),
SXM,2008,Sint Maarten (Dutch part),
SXM,2007,Sint Maarten (Dutch part),
SXM,2006,Sint Maarten (Dutch part),
SXM,2005,Sint Maarten (Dutch part),
SXM,2004,Sint Maarten (Dutch part),
SXM,2003,Sint Maarten (Dutch part),
SXM,2002,Sint Maarten (Dutch part),
SXM,2001,Sint Maarten (Dutch part),
SXM,2000,Sint Maarten (Dutch part),
SXM,1999,Sint Maarten (Dutch part),
SXM,1998,Sint Maarten (Dutch part),
SXM,1997,Sint Maarten (Dutch part),
SXM,1996,Sint Maarten (Dutch part),
SXM,1995,Sint Maarten (Dutch part),
SGP,2023,Singapore,9.480337458395633
SGP,2022,Singapore,9.995827584139285
SGP,2021,Singapore,10.21678292698759
SGP,2020,Singapore,9.475664580243402
SGP,2019,Singapore,9.79870673958709
SGP,2018,Singapore,9.614260510800763
SGP,2017,Singapore,10.136410457618357
SGP,2016,Singapore,9.44707088976961
SGP,2015,Singapore,9.968307147856496
SGP,2014,Singapore,9.847498703773718
SGP,2013,Singapore,9.747049634739613
SGP,2012,Singapore,9.440394304911287
SGP,2011,Singapore,9.903508853156286
SGP,2010,Singapore,9.629403324816042
SGP,2009,Singapore,8.773946767295437
SGP,2008,Singapore,8.867945503943053
SGP,2007,Singapore,9.44913687162465
SGP,2006,Singapore,9.535541814868797
SGP,2005,Singapore,9.782894591868931
SGP,2004,Singapore,10.685526838737177
SGP,2003,Singapore,10.314555220560967
SGP,2002,Singapore,10.828003208850681
SGP,2001,Singapore,11.093877929788507
SGP,2000,Singapore,11.301036995327824
SGP,1999,Singapore,10.459989244006211
SGP,1998,Singapore,10.455888183299454
SGP,1997,Singapore,11.114667450641958
SGP,1996,Singapore,11.583826971610895
SGP,1995,Singapore,11.729643813913212
SLE,2023,Sierra Leone,0.16670385905722962
SLE,2022,Sierra Leone,0.17721809871850341
SLE,2021,Sierra Leone,0.18189899886368718
SLE,2020,Sierra Leone,0.15553756446398245
SLE,2019,Sierra Leone,0.1561434823191077
SLE,2018,Sierra Leone,0.16027399599420905
SLE,2017,Sierra Leone,0.14155816155436987
SLE,2016,Sierra Leone,0.14693293629380924
SLE,2015,Sierra Leone,0.14527566355554514
SLE,2014,Sierra Leone,0.1755282753947023
SLE,2013,Sierra Leone,0.16721648375920886
SLE,2012,Sierra Leone,0.14873883390219628
SLE,2011,Sierra Leone,0.135958333248529
SLE,2010,Sierra Leone,0.11414633550569735
SLE,2009,Sierra Leone,0.10778371126713814
SLE,2008,Sierra Leone,0.10972527627257062
SLE,2007,Sierra Leone,0.1160478606980404
SLE,2006,Sierra Leone,0.12651867750645127
SLE,2005,Sierra Leone,0.10314971049011654
SLE,2004,Sierra Leone,0.11436377239499398
SLE,2003,Sierra Leone,0.11914586571185164
SLE,2002,Sierra Leone,0.11662628597175664
SLE,2001,Sierra Leone,0.11707505845229074
SLE,2000,Sierra Leone,0.09756734938944676
SLE,1999,Sierra Leone,0.15757138129472079
SLE,1998,Sierra Leone,0.1522888133367941
SLE,1997,Sierra Leone,0.14559034970834914
SLE,1996,Sierra Leone,0.15233817789536602
SLE,1995,Sierra Leone,0.13579222139085212
SYC,2023,Seychelles,7.009092199410552
SYC,2022,Seychelles,7.02714426333439
SYC,2021,Seychelles,7.940921638558101
SYC,2020,Seychelles,8.519022567081716
SYC,2019,Seychelles,9.165685019206146
SYC,2018,Seychelles,10.38940906554226
SYC,2017,Seychelles,12.028004131757145
SYC,2016,Seychelles,11.621618766965577
SYC,2015,Seychelles,10.563161669467668
SYC,2014,Seychelles,10.136932321938724
SYC,2013,Seychelles,8.919498827113141
SYC,2012,Seychelles,10.040428977497934
SYC,2011,Seychelles,8.9397422261868
SYC,2010,Seychelles,10.214993873231592
SYC,2009,Seychelles,11.686407477834544
SYC,2008,Seychelles,10.59386356318138
SYC,2007,Seychelles,10.201921606905554
SYC,2006,Seychelles,12.405437352245864
SYC,2005,Seychelles,11.637983055347703
SYC,2004,Seychelles,12.87056683843589
SYC,2003,Seychelles,9.243667025041978
SYC,2002,Seychelles,9.060831551664418
SYC,2001,Seychelles,10.32240585207261
SYC,2000,Seychelles,9.299774438870468
SYC,1999,Seychelles,4.927247854744435
SYC,1998,Seychelles,4.815716713593588
SYC,1997,Seychelles,4.799596476933225
SYC,1996,Seychelles,4.607613489145086
SYC,1995,Seychelles,4.515032401997238
SRB,2023,Serbia,
SRB,2022,Serbia,
SRB,2021,Serbia,
SRB,2020,Serbia,
SRB,2019,Serbia,
SRB,2018,Serbia,
SRB,2017,Serbia,
SRB,2016,Serbia,
SRB,2015,Serbia,
SRB,2014,Serbia,
SRB,2013,Serbia,
SRB,2012,Serbia,
SRB,2011,Serbia,
SRB,2010,Serbia,
SRB,2009,Serbia,
SRB,2008,Serbia,
SRB,2007,Serbia,
SRB,2006,Serbia,
SRB,2005,Serbia,
SRB,2004,Serbia,
SRB,2003,Serbia,
SRB,2002,Serbia,
SRB,2001,Serbia,
SRB,2000,Serbia,
SRB,1999,Serbia,
SRB,1998,Serbia,
SRB,1997,Serbia,
SRB,1996,Serbia,
SRB,1995,Serbia,
SEN,2023,Senegal,0.7587854851975981
SEN,2022,Senegal,0.823959839790182
SEN,2021,Senegal,0.7621044863769054
SEN,2020,Senegal,0.6441574203064478
SEN,2019,Senegal,0.6744238124538232
SEN,2018,Senegal,0.6745735869268387
SEN,2017,Senegal,0.6593149390223019
SEN,2016,Senegal,0.6848971111217976
SEN,2015,Senegal,0.6316858022339108
SEN,2014,Senegal,0.5923289699296966
SEN,2013,Senegal,0.5718756001178337
SEN,2012,Senegal,0.5532551569269212
SEN,2011,Senegal,0.5771324519363029
SEN,2010,Senegal,0.5522652880440078
SEN,2009,Senegal,0.5343918393105705
SEN,2008,Senegal,0.5348428855970047
SEN,2007,Senegal,0.5284042675388247
SEN,2006,Senegal,0.48818731394717296
SEN,2005,Senegal,0.5116473967448809
SEN,2004,Senegal,0.47167817207898466
SEN,2003,Senegal,0.4238061197764126
SEN,2002,Senegal,0.4472008693879181
SEN,2001,Senegal,0.4419196740762848
SEN,2000,Senegal,0.4001801718655011
SEN,1999,Senegal,0.41580998731153695
SEN,1998,Senegal,0.3858590467467372
SEN,1997,Senegal,0.3521303129909587
SEN,1996,Senegal,0.3277374447640646
SEN,1995,Senegal,0.3113323412560503
SAU,2023,Saudi Arabia,18.85407446654694
SAU,2022,Saudi Arabia,19.282874301046046
SAU,2021,Saudi Arabia,19.175989331993435
SAU,2020,Saudi Arabia,18.290288157740857
SAU,2019,Saudi Arabia,19.285945864659354
SAU,2018,Saudi Arabia,19.20908405906012
SAU,2017,Saudi Arabia,19.476469182084784
SAU,2016,Saudi Arabia,19.690702372582873
SAU,2015,Saudi Arabia,20.50712591487458
SAU,2014,Saudi Arabia,20.697380678055563
SAU,2013,Saudi Arabia,19.808728669457185
SAU,2012,Saudi Arabia,20.61009457003115
SAU,2011,Saudi Arabia,20.294025948726734
SAU,2010,Saudi Arabia,20.304742330072784
SAU,2009,Saudi Arabia,18.33456287714739
SAU,2008,Saudi Arabia,18.056317456503226
SAU,2007,Saudi Arabia,17.340592471144337
SAU,2006,Saudi Arabia,17.09031357448368
SAU,2005,Saudi Arabia,16.84754636333171
SAU,2004,Saudi Arabia,16.625716592406103
SAU,2003,Saudi Arabia,16.411929737564744
SAU,2002,Saudi Arabia,16.39912768251306
SAU,2001,Saudi Arabia,16.18357344764634
SAU,2000,Saudi Arabia,16.395398561058226
SAU,1999,Saudi Arabia,16.43718764289858
SAU,1998,Saudi Arabia,16.720259130951668
SAU,1997,Saudi Arabia,16.223841722363698
SAU,1996,Saudi Arabia,16.666925746342873
SAU,1995,Saudi Arabia,16.340996046050773
STP,2023,Sao Tome and Principe,0.6306552143837901
STP,2022,Sao Tome and Principe,0.6239367225646804
STP,2021,Sao Tome and Principe,0.7131883529088443
STP,2020,Sao Tome and Principe,0.7087175477728976
STP,2019,Sao Tome and Principe,0.7455762165404514
STP,2018,Sao Tome and Principe,0.725544396180544
STP,2017,Sao Tome and Principe,0.7203942600376866
STP,2016,Sao Tome and Principe,0.7187427892522424
STP,2015,Sao Tome and Principe,0.7024778946632649
STP,2014,Sao Tome and Principe,0.6688113352340586
STP,2013,Sao Tome and Principe,0.690662082962288
STP,2012,Sao Tome and Principe,0.7010172139844488
STP,2011,Sao Tome and Principe,0.6857025892948521
STP,2010,Sao Tome and Principe,0.6798605075851751
STP,2009,Sao Tome and Principe,0.6443523584083485
STP,2008,Sao Tome and Principe,0.6024408347862111
STP,2007,Sao Tome and Principe,0.5763111373011196
STP,2006,Sao Tome and Principe,0.5747473405860974
STP,2005,Sao Tome and Principe,0.5524656796936382
STP,2004,Sao Tome and Principe,0.5237627215370471
STP,2003,Sao Tome and Principe,0.4745991912309673
STP,2002,Sao Tome and Principe,0.4295567028187991
STP,2001,Sao Tome and Principe,0.38121263877028183
STP,2000,Sao Tome and Principe,0.37981363440681026
STP,1999,Sao Tome and Principe,0.4099914351104309
STP,1998,Sao Tome and Principe,0.39786573452408863
STP,1997,Sao Tome and Principe,0.3937461309223881
STP,1996,Sao Tome and Principe,0.40230136826272983
STP,1995,Sao Tome and Principe,0.39438081470773567
SMR,2023,San Marino,
SMR,2022,San Marino,
SMR,2021,San Marino,
SMR,2020,San Marino,
SMR,2019,San Marino,
SMR,2018,San Marino,
SMR,2017,San Marino,
SMR,2016,San Marino,
SMR,2015,San Marino,
SMR,2014,San Marino,
SMR,2013,San Marino,
SMR,2012,San Marino,
SMR,2011,San Marino,
SMR,2010,San Marino,
SMR,2009,San Marino,
SMR,2008,San Marino,
SMR,2007,San Marino,
SMR,2006,San Marino,
SMR,2005,San Marino,
SMR,2004,San Marino,
SMR,2003,San Marino,
SMR,2002,San Marino,
SMR,2001,San Marino,
SMR,2000,San Marino,
SMR,1999,San Marino,
SMR,1998,San Marino,
SMR,1997,San Marino,
SMR,1996,San Marino,
SMR,1995,San Marino,
WSM,2023,Samoa,1.5383337256476648
WSM,2022,Samoa,1.5441719586920064
WSM,2021,Samoa,1.606799545324845
WSM,2020,Samoa,1.4777488393160458
WSM,2019,Samoa,1.7804366479168652
WSM,2018,Samoa,1.6605486024799838
WSM,2017,Samoa,1.54078329235937
WSM,2016,Samoa,1.7405490936073396
WSM,2015,Samoa,1.6294813214260935
WSM,2014,Samoa,1.4322350365182441
WSM,2013,Samoa,1.4061774971251033
WSM,2012,Samoa,1.3643904772567659
WSM,2011,Samoa,1.3748440011709542
WSM,2010,Samoa,1.3630499992228906
WSM,2009,Samoa,1.295995572102155
WSM,2008,Samoa,1.2845397591882466
WSM,2007,Samoa,1.2614369043141036
WSM,2006,Samoa,1.165101300417135
WSM,2005,Samoa,1.1648429226967878
WSM,2004,Samoa,1.130744326144033
WSM,2003,Samoa,1.155692174944723
WSM,2002,Samoa,1.125380141051981
WSM,2001,Samoa,1.0968192786870925
WSM,2000,Samoa,1.0237498967994056
WSM,1999,Samoa,0.7804742754125641
WSM,1998,Samoa,0.7875688214415472
WSM,1997,Samoa,0.7716266678682264
WSM,1996,Samoa,0.755377092195762
WSM,1995,Samoa,0.7549936701972263
RWA,2023,Rwanda,0.16398328535707302
RWA,2022,Rwanda,0.16124790583567686
RWA,2021,Rwanda,0.12778485780134569
RWA,2020,Rwanda,0.11138972574049408
RWA,2019,Rwanda,0.11858858683277679
RWA,2018,Rwanda,0.11684020398469058
RWA,2017,Rwanda,0.10748185142508723
RWA,2016,Rwanda,0.10156736413896825
RWA,2015,Rwanda,0.09512009513384082
RWA,2014,Rwanda,0.08440127668369857
RWA,2013,Rwanda,0.08501497294773261
RWA,2012,Rwanda,0.07822786191674329
RWA,2011,Rwanda,0.07204645700813515
RWA,2010,Rwanda,0.07086951721982916
RWA,2009,Rwanda,0.06923161947717553
RWA,2008,Rwanda,0.06913315005942819
RWA,2007,Rwanda,0.07097431992454817
RWA,2006,Rwanda,0.08007100790752282
RWA,2005,Rwanda,0.08193690493861193
RWA,2004,Rwanda,0.07788501191582839
RWA,2003,Rwanda,0.08250964407889948
RWA,2002,Rwanda,0.09743838822501423
RWA,2001,Rwanda,0.0839377470558437
RWA,2000,Rwanda,0.08284705581286232
RWA,1999,Rwanda,0.0630468272116832
RWA,1998,Rwanda,0.061521854178604674
RWA,1997,Rwanda,0.06213864745350175
RWA,1996,Rwanda,0.07034082582126902
RWA,1995,Rwanda,0.08290275246302597
RUS,2023,Russian Federation,13.54623391451887
RUS,2022,Russian Federation,13.141383836829087
RUS,2021,Russian Federation,13.392075741217617
RUS,2020,Russian Federation,12.284053027368598
RUS,2019,Russian Federation,12.77387391667886
RUS,2018,Russian Federation,12.593924710408539
RUS,2017,Russian Federation,12.135732242500444
RUS,2016,Russian Federation,11.961746699282958
RUS,2015,Russian Federation,12.148127778902865
RUS,2014,Russian Federation,12.134169416170748
RUS,2013,Russian Federation,12.26827560126676
RUS,2012,Russian Federation,12.69229816668331
RUS,2011,Russian Federation,12.813840225014726
RUS,2010,Russian Federation,12.228934587281767
RUS,2009,Russian Federation,11.640562027414745
RUS,2008,Russian Federation,12.360419330586128
RUS,2007,Russian Federation,12.457859177228064
RUS,2006,Russian Federation,12.416647376742382
RUS,2005,Russian Federation,12.118983229613367
RUS,2004,Russian Federation,12.069846570890514
RUS,2003,Russian Federation,12.010155534289307
RUS,2002,Russian Federation,11.529386053536202
RUS,2001,Russian Federation,11.538001032248468
RUS,2000,Russian Federation,11.467858157325312
RUS,1999,Russian Federation,11.282231615119938
RUS,1998,Russian Federation,10.92444189908276
RUS,1997,Russian Federation,10.866897725382287
RUS,1996,Russian Federation,11.657599191210208
RUS,1995,Russian Federation,11.919479827257799
ROU,2023,Romania,3.6856918045804585
ROU,2022,Romania,3.972779591802022
ROU,2021,Romania,4.222688571351025
ROU,2020,Romania,3.929411764705882
ROU,2019,Romania,4.189225408184167
ROU,2018,Romania,4.262197179106264
ROU,2017,Romania,4.175786926299147
ROU,2016,Romania,3.994794101612774
ROU,2015,Romania,4.052561373817499
ROU,2014,Romania,3.9675665939473843
ROU,2013,Romania,3.9798049339528987
ROU,2012,Romania,4.369012218794114
ROU,2011,Romania,4.458060562069948
ROU,2010,Romania,4.116418778980712
ROU,2009,Romania,4.207293712768787
ROU,2008,Romania,5.130506442365629
ROU,2007,Romania,5.128022425149818
ROU,2006,Romania,5.229935603687123
ROU,2005,Romania,4.901165284571512
ROU,2004,Romania,4.921752763457785
ROU,2003,Romania,4.998876905818518
ROU,2002,Romania,4.758248500172292
ROU,2001,Romania,4.717537571214853
ROU,2000,Romania,4.3445228352342475
ROU,1999,Romania,4.146864281124455
ROU,1998,Romania,4.842197284584089
ROU,1997,Romania,5.512171733075203
ROU,1996,Romania,6.037471853314142
ROU,1995,Romania,5.881053258491457
QAT,2023,Qatar,48.64263683570078
QAT,2022,Qatar,45.19595398845384
QAT,2021,Qatar,47.28397427452483
QAT,2020,Qatar,41.27809264219361
QAT,2019,Qatar,44.59219216442304
QAT,2018,Qatar,44.52089986802204
QAT,2017,Qatar,44.82080429881138
QAT,2016,Qatar,46.043357731359045
QAT,2015,Qatar,48.65912835559127
QAT,2014,Qatar,51.47668520201046
QAT,2013,Qatar,53.29368313725654
QAT,2012,Qatar,53.59925872513263
QAT,2011,Qatar,51.19811467655858
QAT,2010,Qatar,44.66302002929185
QAT,2009,Qatar,39.762993791421856
QAT,2008,Qatar,43.35044690098659
QAT,2007,Qatar,46.45683624373756
QAT,2006,Qatar,50.35509764799847
QAT,2005,Qatar,52.773900907187716
QAT,2004,Qatar,53.236384890318774
QAT,2003,Qatar,51.39012356952364
QAT,2002,Qatar,50.89981088434418
QAT,2001,Qatar,47.836560091455546
QAT,2000,Qatar,49.22905661957026
QAT,1999,Qatar,53.11444897959184
QAT,1998,Qatar,51.74699417783443
QAT,1997,Qatar,50.67702089009991
QAT,1996,Qatar,43.068018350947696
QAT,1995,Qatar,40.792300588149516
PRI,2023,Puerto Rico,
PRI,2022,Puerto Rico,
PRI,2021,Puerto Rico,
PRI,2020,Puerto Rico,
PRI,2019,Puerto Rico,
PRI,2018,Puerto Rico,
PRI,2017,Puerto Rico,
PRI,2016,Puerto Rico,
PRI,2015,Puerto Rico,
PRI,2014,Puerto Rico,
PRI,2013,Puerto Rico,
PRI,2012,Puerto Rico,
PRI,2011,Puerto Rico,
PRI,2010,Puerto Rico,
PRI,2009,Puerto Rico,
PRI,2008,Puerto Rico,
PRI,2007,Puerto Rico,
PRI,2006,Puerto Rico,
PRI,2005,Puerto Rico,
PRI,2004,Puerto Rico,
PRI,2003,Puerto Rico,
PRI,2002,Puerto Rico,
PRI,2001,Puerto Rico,
PRI,2000,Puerto Rico,
PRI,1999,Puerto Rico,
PRI,1998,Puerto Rico,
PRI,1997,Puerto Rico,
PRI,1996,Puerto Rico,
PRI,1995,Puerto Rico,
PRT,2023,Portugal,3.536659540673088
PRT,2022,Portugal,3.801719170906197
PRT,2021,Portugal,3.7601462521440467
PRT,2020,Portugal,3.9471768746890503
PRT,2019,Portugal,4.51358282400518
PRT,2018,Portugal,4.969728180826156
PRT,2017,Portugal,5.353591642961855
PRT,2016,Portugal,4.893054560710756
PRT,2015,Portugal,4.993350116372963
PRT,2014,Portugal,4.583262747592506
PRT,2013,Portugal,4.6033701832070335
PRT,2012,Portugal,4.7341358559385185
PRT,2011,Portugal,4.868331318979006
PRT,2010,Portugal,5.036224002421239
PRT,2009,Portugal,5.53453188594097
PRT,2008,Portugal,5.61287237370618
PRT,2007,Portugal,5.817917997253903
PRT,2006,Portugal,5.981921422413072
PRT,2005,Portugal,6.458104239322196
PRT,2004,Portugal,6.158580316927133
PRT,2003,Portugal,6.004825974170511
PRT,2002,Portugal,6.50103636107651
PRT,2001,Portugal,6.127521321135508
PRT,2000,Portugal,6.243482685639838
PRT,1999,Portugal,6.335739846080791
PRT,1998,Portugal,5.710470546040647
PRT,1997,Portugal,5.301683840016651
PRT,1996,Portugal,5.078227275685628
PRT,1995,Portugal,5.266903353781142
POL,2023,Poland,7.649777840336423
POL,2022,Poland,8.363578818594412
POL,2021,Poland,8.761455946191992
POL,2020,Poland,7.913474096264854
POL,2019,Poland,8.21985501300853
POL,2018,Poland,8.680317842777109
POL,2017,Poland,8.695816012428866
POL,2016,Poland,8.34151367627891
POL,2015,Poland,8.050094333731757
POL,2014,Poland,7.959918167376469
POL,2013,Poland,8.283077721260952
POL,2012,Poland,8.399903381652665
POL,2011,Poland,8.589341610432424
POL,2010,Poland,8.658233672321755
POL,2009,Poland,8.161615122698777
POL,2008,Poland,8.513349203093897
POL,2007,Poland,8.664644485810282
POL,2006,Poland,8.671733427208908
POL,2005,Poland,8.30851048638369
POL,2004,Poland,8.315042534716811
POL,2003,Poland,8.25299957570521
POL,2002,Poland,7.9129379987069965
POL,2001,Poland,8.098694951348664
POL,2000,Poland,8.181877087127194
POL,1999,Poland,8.397545894078187
POL,1998,Poland,8.640383415037048
POL,1997,Poland,9.38347969943332
POL,1996,Poland,9.642883495575461
POL,1995,Poland,9.235453257440252
PHL,2023,Philippines,1.4139699247111173
PHL,2022,Philippines,1.3311216707107094
PHL,2021,Philippines,1.2874463035014294
PHL,2020,Philippines,1.21683584867494
PHL,2019,Philippines,1.3350013374434726
PHL,2018,Philippines,1.2911472108961812
PHL,2017,Philippines,1.2545910577086081
PHL,2016,Philippines,1.1364255671524544
PHL,2015,Philippines,1.074771477388089
PHL,2014,Philippines,1.002373294895985
PHL,2013,Philippines,0.9550391777385113
PHL,2012,Philippines,0.8934528829760311
PHL,2011,Philippines,0.8609536211879794
PHL,2010,Philippines,0.8819943505683816
PHL,2009,Philippines,0.8332491914699751
PHL,2008,Philippines,0.8388668735115483
PHL,2007,Philippines,0.8450282131738542
PHL,2006,Philippines,0.7929148029897244
PHL,2005,Philippines,0.8962499324838374
PHL,2004,Philippines,0.8760707741316508
PHL,2003,Philippines,0.8824805930380241
PHL,2002,Philippines,0.8780796382144945
PHL,2001,Philippines,0.8807197725918721
PHL,2000,Philippines,0.9326722728930319
PHL,1999,Philippines,0.9516385918084435
PHL,1998,Philippines,0.9972275872667983
PHL,1997,Philippines,1.0400086268470565
PHL,1996,Philippines,0.951577361383551
PHL,1995,Philippines,0.9262973397620619
PER,2023,Peru,1.9228161803048238
PER,2022,Peru,1.9040826291802366
PER,2021,Peru,1.7984380569336083
PER,2020,Peru,1.4474682354556208
PER,2019,Peru,1.7927010635636766
PER,2018,Peru,1.7351408181886128
PER,2017,Peru,1.762740299273061
PER,2016,Peru,1.8628905505108548
PER,2015,Peru,1.802551744063879
PER,2014,Peru,1.7682563314052884
PER,2013,Peru,1.6876932290278206
PER,2012,Peru,1.662297516044302
PER,2011,Peru,1.6782403655244529
PER,2010,Peru,1.5763002836517435
PER,2009,Peru,1.4525720502514967
PER,2008,Peru,1.3577960350416993
PER,2007,Peru,1.2048110002492403
PER,2006,Peru,1.1117587249846785
PER,2005,Peru,1.1330378297281467
PER,2004,Peru,1.1424738952305007
PER,2003,Peru,0.999006906693826
PER,2002,Peru,1.0298217725254823
PER,2001,Peru,0.9990728214372614
PER,2000,Peru,1.089786423065417
PER,1999,Peru,1.1194545098498065
PER,1998,Peru,1.0596938118380557
PER,1997,Peru,1.1225304656176922
PER,1996,Peru,1.146604487148148
PER,1995,Peru,1.0632217389199086
PRY,2023,Paraguay,1.1312441318463984
PRY,2022,Paraguay,1.1841051146785193
PRY,2021,Paraguay,1.1934295026676414
PRY,2020,Paraguay,1.1894625150994005
PRY,2019,Paraguay,1.3080159838945409
PRY,2018,Paraguay,1.3602583446883971
PRY,2017,Paraguay,1.3360552545806212
PRY,2016,Paraguay,1.2021201044754097
PRY,2015,Paraguay,1.0814886518377758
PRY,2014,Paraguay,0.9802446896616716
PRY,2013,Paraguay,0.9429255095533682
PRY,2012,Paraguay,0.9178044187832203
PRY,2011,Paraguay,0.9374635617148893
PRY,2010,Paraguay,0.9138944759393173
PRY,2009,Paraguay,0.831000508531121
PRY,2008,Paraguay,0.8136883917447245
PRY,2007,Paraguay,0.703512941896821
PRY,2006,Paraguay,0.7476638230252846
PRY,2005,Paraguay,0.7010704838772144
PRY,2004,Paraguay,0.7685162415845811
PRY,2003,Paraguay,0.7683374023455836
PRY,2002,Paraguay,0.7536310224338798
PRY,2001,Paraguay,0.7299782234440036
PRY,2000,Paraguay,0.7141137547570335
PRY,1999,Paraguay,0.8831262798225512
PRY,1998,Paraguay,0.9023831511063719
PRY,1997,Paraguay,0.8803165017941721
PRY,1996,Paraguay,0.8135178706627331
PRY,1995,Paraguay,0.8427649555461519
PNG,2023,Papua New Guinea,0.5291812465019223
PNG,2022,Papua New Guinea,0.5419394699823162
PNG,2021,Papua New Guinea,0.5379762258591321
PNG,2020,Papua New Guinea,0.5577161430216308
PNG,2019,Papua New Guinea,0.5241330792662303
PNG,2018,Papua New Guinea,0.5220068352665008
PNG,2017,Papua New Guinea,0.629630686826063
PNG,2016,Papua New Guinea,0.7388092327832677
PNG,2015,Papua New Guinea,0.6832588262986081
PNG,2014,Papua New Guinea,0.6497258560245798
PNG,2013,Papua New Guinea,0.5512304554495419
PNG,2012,Papua New Guinea,0.5272484065241252
PNG,2011,Papua New Guinea,0.5686478238774575
PNG,2010,Papua New Guinea,0.5543181044977529
PNG,2009,Papua New Guinea,0.6683644688580395
PNG,2008,Papua New Guinea,0.7102879826568335
PNG,2007,Papua New Guinea,0.7588163447308729
PNG,2006,Papua New Guinea,0.7880439615158898
PNG,2005,Papua New Guinea,0.8001646290758511
PNG,2004,Papua New Guinea,0.7615310962745027
PNG,2003,Papua New Guinea,0.739598664075113
PNG,2002,Papua New Guinea,0.6860057295717102
PNG,2001,Papua New Guinea,0.6184411623768097
PNG,2000,Papua New Guinea,0.5263619853409677
PNG,1999,Papua New Guinea,0.5016139395322744
PNG,1998,Papua New Guinea,0.6369824964820697
PNG,1997,Papua New Guinea,0.528260185734108
PNG,1996,Papua New Guinea,0.5218598812763057
PNG,1995,Papua New Guinea,0.5282629506674665
PAN,2023,Panama,2.857050582908832
PAN,2022,Panama,2.6002477292057553
PAN,2021,Panama,2.478733282628432
PAN,2020,Panama,2.2623129597757976
PAN,2019,Panama,3.1086263489739534
PAN,2018,Panama,2.381581914939561
PAN,2017,Panama,2.4759759602235536
PAN,2016,Panama,2.6468534054621817
PAN,2015,Panama,2.6846479892223174
PAN,2014,Panama,2.7676311585953193
PAN,2013,Panama,2.6827234990768116
PAN,2012,Panama,2.7791403405354678
PAN,2011,Panama,2.706805595227298
PAN,2010,Panama,2.5298915402497153
PAN,2009,Panama,2.433886837574322
PAN,2008,Panama,2.0733018572561424
PAN,2007,Panama,2.1754245103258483
PAN,2006,Panama,2.219599030999483
PAN,2005,Panama,2.1436596030336013
PAN,2004,Panama,1.694443974525976
PAN,2003,Panama,1.7183798267418686
PAN,2002,Panama,1.7289246564136125
PAN,2001,Panama,2.0216729754357092
PAN,2000,Panama,1.7241407946999188
PAN,1999,Panama,1.6959017176509965
PAN,1998,Panama,1.9763890703040934
PAN,1997,Panama,1.6357415936503572
PAN,1996,Panama,1.5874962727863589
PAN,1995,Panama,1.6088120013638914
PLW,2023,Palau,78.8571106222147
PLW,2022,Palau,78.72627963286222
PLW,2021,Palau,74.73429680031491
PLW,2020,Palau,71.74010791366906
PLW,2019,Palau,71.26081582200247
PLW,2018,Palau,69.07488492197149
PLW,2017,Palau,67.16820121266562
PLW,2016,Palau,64.30297241108052
PLW,2015,Palau,67.27068092290376
PLW,2014,Palau,71.56082416031612
PLW,2013,Palau,103.37148685403446
PLW,2012,Palau,202.86518435125245
PLW,2011,Palau,131.081978094922
PLW,2010,Palau,114.73689932594043
PLW,2009,Palau,116.19006895077236
PLW,2008,Palau,73.53358935241202
PLW,2007,Palau,71.6868718267537
PLW,2006,Palau,86.65339662124228
PLW,2005,Palau,87.55234875624402
PLW,2004,Palau,76.78102926337033
PLW,2003,Palau,87.39508622005188
PLW,2002,Palau,74.04501871506947
PLW,2001,Palau,122.13724679619678
PLW,2000,Palau,110.64761706121598
PLW,1999,Palau,128.03026294905033
PLW,1998,Palau,123.018786439214
PLW,1997,Palau,139.06560636182903
PLW,1996,Palau,125.27472527472527
PLW,1995,Palau,136.65018900843268
PAK,2023,Pakistan,0.8439826517090124
PAK,2022,Pakistan,0.9658262445379355
PAK,2021,Pakistan,0.9568177052034982
PAK,2020,Pakistan,0.9472257282718232
PAK,2019,Pakistan,0.8615248071455736
PAK,2018,Pakistan,0.8915233235263846
PAK,2017,Pakistan,0.955309760765795
PAK,2016,Pakistan,0.8939702511145362
PAK,2015,Pakistan,0.8204858737676537
PAK,2014,Pakistan,0.78969023760602
PAK,2013,Pakistan,0.7618129980949144
PAK,2012,Pakistan,0.7565472869140939
PAK,2011,Pakistan,0.7619253898228661
PAK,2010,Pakistan,0.781255493557947
PAK,2009,Pakistan,0.8235320216173831
PAK,2008,Pakistan,0.8252123058750148
PAK,2007,Pakistan,0.877889118869624
PAK,2006,Pakistan,0.8087089524316449
PAK,2005,Pakistan,0.7632861118552791
PAK,2004,Pakistan,0.767369779199701
PAK,2003,Pakistan,0.7031142698082765
PAK,2002,Pakistan,0.6943360503455929
PAK,2001,Pakistan,0.7156146853612129
PAK,2000,Pakistan,0.7224336950194715
PAK,1999,Pakistan,0.7277855120702816
PAK,1998,Pakistan,0.6828841873113206
PAK,1997,Pakistan,0.6953241116628258
PAK,1996,Pakistan,0.6940734581814116
PAK,1995,Pakistan,0.6826650464827633
OMN,2023,Oman,18.96009105476456
OMN,2022,Oman,19.683076453429496
OMN,2021,Oman,19.49311887057753
OMN,2020,Oman,18.168281814227846
OMN,2019,Oman,18.60627660364594
OMN,2018,Oman,18.351317357989352
OMN,2017,Oman,17.9309674535791
OMN,2016,Oman,18.36261867503918
OMN,2015,Oman,18.954931963645443
OMN,2014,Oman,18.745644843056947
OMN,2013,Oman,18.423109757576658
OMN,2012,Oman,19.011780307664896
OMN,2011,Oman,19.416867662540145
OMN,2010,Oman,18.674236956952193
OMN,2009,Oman,17.545580276675736
OMN,2008,Oman,17.029395068548645
OMN,2007,Oman,17.73051163073006
OMN,2006,Oman,16.7589405895908
OMN,2005,Oman,13.433073068482749
OMN,2004,Oman,13.214081214360654
OMN,2003,Oman,13.614795862248688
OMN,2002,Oman,13.029771430038423
OMN,2001,Oman,12.32871197813885
OMN,2000,Oman,11.531853342336614
OMN,1999,Oman,11.194060656688752
OMN,1998,Oman,9.965583631685016
OMN,1997,Oman,10.03761320479112
OMN,1996,Oman,9.716837758921725
OMN,1995,Oman,9.50301057095214
NOR,2023,Norway,7.537537586503082
NOR,2022,Norway,7.979858266080302
NOR,2021,Norway,8.214713626412639
NOR,2020,Norway,8.124937842447451
NOR,2019,Norway,8.479334676665365
NOR,2018,Norway,8.780334628785546
NOR,2017,Norway,8.984022643305778
NOR,2016,Norway,9.04975223129384
NOR,2015,Norway,9.24221086700149
NOR,2014,Norway,9.147046502863798
NOR,2013,Norway,9.228578577583415
NOR,2012,Norway,9.243603709660096
NOR,2011,Norway,9.47669413505272
NOR,2010,Norway,9.814364242219463
NOR,2009,Norway,9.345094337512627
NOR,2008,Norway,9.878923168684613
NOR,2007,Norway,9.535854961603498
NOR,2006,Norway,9.443263285569886
NOR,2005,Norway,9.368369847366303
NOR,2004,Norway,9.776084461585702
NOR,2003,Norway,9.73649765436142
NOR,2002,Norway,9.163231169291336
NOR,2001,Norway,9.367707700313996
NOR,2000,Norway,9.300780878594743
NOR,1999,Norway,10.470733068977365
NOR,1998,Norway,10.177968274141458
NOR,1997,Norway,9.830319328005789
NOR,1996,Norway,9.344957793695805
NOR,1995,Norway,9.324818589901229
MNP,2023,Northern Mariana Islands,
MNP,2022,Northern Mariana Islands,
MNP,2021,Northern Mariana Islands,
MNP,2020,Northern Mariana Islands,
MNP,2019,Northern Mariana Islands,
MNP,2018,Northern Mariana Islands,
MNP,2017,Northern Mariana Islands,
MNP,2016,Northern Mariana Islands,
MNP,2015,Northern Mariana Islands,
MNP,2014,Northern Mariana Islands,
MNP,2013,Northern Mariana Islands,
MNP,2012,Northern Mariana Islands,
MNP,2011,Northern Mariana Islands,
MNP,2010,Northern Mariana Islands,
MNP,2009,Northern Mariana Islands,
MNP,2008,Northern Mariana Islands,
MNP,2007,Northern Mariana Islands,
MNP,2006,Northern Mariana Islands,
MNP,2005,Northern Mariana Islands,
MNP,2004,Northern Mariana Islands,
MNP,2003,Northern Mariana Islands,
MNP,2002,Northern Mariana Islands,
MNP,2001,Northern Mariana Islands,
MNP,2000,Northern Mariana Islands,
MNP,1999,Northern Mariana Islands,
MNP,1998,Northern Mariana Islands,
MNP,1997,Northern Mariana Islands,
MNP,1996,Northern Mariana Islands,
MNP,1995,Northern Mariana Islands,
MKD,2023,North Macedonia,4.387914319603286
MKD,2022,North Macedonia,4.478979228175608
MKD,2021,North Macedonia,4.1554307462683315
MKD,2020,North Macedonia,4.083994388305953
MKD,2019,North Macedonia,4.62504703500897
MKD,2018,North Macedonia,3.992851437044315
MKD,2017,North Macedonia,4.203128843177046
MKD,2016,North Macedonia,3.9977170590558844
MKD,2015,North Macedonia,4.148021104040409
MKD,2014,North Macedonia,4.35528122501704
MKD,2013,North Macedonia,4.575142662774949
MKD,2012,North Macedonia,4.985073745181548
MKD,2011,North Macedonia,5.28745255234082
MKD,2010,North Macedonia,4.714129079925068
MKD,2009,North Macedonia,4.656669297553275
MKD,2008,North Macedonia,5.1444768000697945
MKD,2007,North Macedonia,5.225189151625395
MKD,2006,North Macedonia,4.837518371227411
MKD,2005,North Macedonia,4.81870814279944
MKD,2004,North Macedonia,4.563666249046467
MKD,2003,North Macedonia,4.668009739336786
MKD,2002,North Macedonia,4.301695363281171
MKD,2001,North Macedonia,4.531663261063787
MKD,2000,North Macedonia,4.459989636538604
MKD,1999,North Macedonia,4.643550131820169
MKD,1998,North Macedonia,5.064798759466267
MKD,1997,North Macedonia,4.633153201336692
MKD,1996,North Macedonia,5.104958726552791
MKD,1995,North Macedonia,4.3616971239918865
NGA,2023,Nigeria,0.5523392722522521
NGA,2022,Nigeria,0.5782710368324041
NGA,2021,Nigeria,0.5990066704377555
NGA,2020,Nigeria,0.5557005711237436
NGA,2019,Nigeria,0.6019796841350096
NGA,2018,Nigeria,0.592412108680957
NGA,2017,Nigeria,0.5794614064730076
NGA,2016,Nigeria,0.6317911500856769
NGA,2015,Nigeria,0.6212447333213973
NGA,2014,Nigeria,0.6601836291904037
NGA,2013,Nigeria,0.6330287356918298
NGA,2012,Nigeria,0.5803373285423931
NGA,2011,Nigeria,0.6069666472201668
NGA,2010,Nigeria,0.5665024308328409
NGA,2009,Nigeria,0.4993376590249012
NGA,2008,Nigeria,0.5811395784386935
NGA,2007,Nigeria,0.550572897626193
NGA,2006,Nigeria,0.6219899263827726
NGA,2005,Nigeria,0.7100506861759407
NGA,2004,Nigeria,0.7369210095107267
NGA,2003,Nigeria,0.7843536892773
NGA,2002,Nigeria,0.7208950785921082
NGA,2001,Nigeria,0.8188970811803045
NGA,2000,Nigeria,0.7927909699265786
NGA,1999,Nigeria,0.7313227138957598
NGA,1998,Nigeria,0.7622415966376388
NGA,1997,Nigeria,0.8635371471519558
NGA,1996,Nigeria,0.9110201866771681
NGA,1995,Nigeria,0.801782698246737
NER,2023,Niger,0.1209065780036267
NER,2022,Niger,0.12712560968676762
NER,2021,Niger,0.11667552303594707
NER,2020,Niger,0.10159538398741896
NER,2019,Niger,0.1034131571116079
NER,2018,Niger,0.09139145907649737
NER,2017,Niger,0.09208579098377519
NER,2016,Niger,0.10477742821351488
NER,2015,Niger,0.10881918892842739
NER,2014,Niger,0.11459254932982874
NER,2013,Niger,0.10999520623709699
NER,2012,Niger,0.11521705528619
NER,2011,Niger,0.08580436174695072
NER,2010,Niger,0.08712395766831925
NER,2009,Niger,0.07112538357687297
NER,2008,Niger,0.05925042548406237
NER,2007,Niger,0.058803224348655495
NER,2006,Niger,0.056179377612952545
NER,2005,Niger,0.058068395672290704
NER,2004,Niger,0.06277026189680017
NER,2003,Niger,0.06226467111313103
NER,2002,Niger,0.05939682944825973
NER,2001,Niger,0.05923336208177291
NER,2000,Niger,0.0609576502459245
NER,1999,Niger,0.06121029437519221
NER,1998,Niger,0.06461905896365776
NER,1997,Niger,0.061826070551635894
NER,1996,Niger,0.06356489871627775
NER,1995,Niger,0.056811812492401845
NIC,2023,Nicaragua,0.811432301333619
NIC,2022,Nicaragua,0.7816773823167853
NIC,2021,Nicaragua,0.7814450555710147
NIC,2020,Nicaragua,0.7229256631908496
NIC,2019,Nicaragua,0.8211261021364948
NIC,2018,Nicaragua,0.8094117573530331
NIC,2017,Nicaragua,0.8996662724970002
NIC,2016,Nicaragua,0.9181143350213216
NIC,2015,Nicaragua,0.8939221392857242
NIC,2014,Nicaragua,0.8092156059877768
NIC,2013,Nicaragua,0.7752373265016056
NIC,2012,Nicaragua,0.8213632043315298
NIC,2011,Nicaragua,0.8388996762530523
NIC,2010,Nicaragua,0.814142171173605
NIC,2009,Nicaragua,0.8035567649194277
NIC,2008,Nicaragua,0.8335017455998671
NIC,2007,Nicaragua,0.8800411406226721
NIC,2006,Nicaragua,0.8611597837550553
NIC,2005,Nicaragua,0.8255734396834207
NIC,2004,Nicaragua,0.8806519054366923
NIC,2003,Nicaragua,0.8687837545574589
NIC,2002,Nicaragua,0.8024801991646843
NIC,2001,Nicaragua,0.7849326578646082
NIC,2000,Nicaragua,0.7506421432742547
NIC,1999,Nicaragua,0.7313255624020745
NIC,1998,Nicaragua,0.7354532619523697
NIC,1997,Nicaragua,0.6421567985349219
NIC,1996,Nicaragua,0.6098553607271414
NIC,1995,Nicaragua,0.585664529582714
NZL,2023,New Zealand,6.110769230769231
NZL,2022,New Zealand,6.321624653167247
NZL,2021,New Zealand,6.826358022263305
NZL,2020,New Zealand,6.835009068685435
NZL,2019,New Zealand,7.493571816590548
NZL,2018,New Zealand,7.271252499693915
NZL,2017,New Zealand,7.534153232507895
NZL,2016,New Zealand,7.369932754926709
NZL,2015,New Zealand,7.67750683386124
NZL,2014,New Zealand,7.81374958485553
NZL,2013,New Zealand,7.7847639629904775
NZL,2012,New Zealand,7.891517887525238
NZL,2011,New Zealand,7.461382299270074
NZL,2010,New Zealand,7.6871537913439205
NZL,2009,New Zealand,7.766582996327802
NZL,2008,New Zealand,8.495328419174609
NZL,2007,New Zealand,8.307661347601686
NZL,2006,New Zealand,8.675620130956364
NZL,2005,New Zealand,8.75495294999879
NZL,2004,New Zealand,8.690324159021406
NZL,2003,New Zealand,8.919894715931665
NZL,2002,New Zealand,8.864910725591997
NZL,2001,New Zealand,8.99577374049736
NZL,2000,New Zealand,8.553853332296445
NZL,1999,New Zealand,8.352220281087845
NZL,1998,New Zealand,7.981625163826998
NZL,1997,New Zealand,8.28789040806072
NZL,1996,New Zealand,7.986093247588425
NZL,1995,New Zealand,7.8438231611041545
NCL,2023,New Caledonia,
NCL,2022,New Caledonia,
NCL,2021,New Caledonia,
NCL,2020,New Caledonia,
NCL,2019,New Caledonia,
NCL,2018,New Caledonia,
NCL,2017,New Caledonia,
NCL,2016,New Caledonia,
NCL,2015,New Caledonia,
NCL,2014,New Caledonia,
NCL,2013,New Caledonia,
NCL,2012,New Caledonia,
NCL,2011,New Caledonia,
NCL,2010,New Caledonia,
NCL,2009,New Caledonia,
NCL,2008,New Caledonia,
NCL,2007,New Caledonia,
NCL,2006,New Caledonia,
NCL,2005,New Caledonia,
NCL,2004,New Caledonia,
NCL,2003,New Caledonia,
NCL,2002,New Caledonia,
NCL,2001,New Caledonia,
NCL,2000,New Caledonia,
NCL,1999,New Caledonia,
NCL,1998,New Caledonia,
NCL,1997,New Caledonia,
NCL,1996,New Caledonia,
NCL,1995,New Caledonia,
NLD,2023,Netherlands,6.875705965341056
NLD,2022,Netherlands,7.5201477522546485
NLD,2021,Netherlands,8.321133512241229
NLD,2020,Netherlands,8.150698047759654
NLD,2019,Netherlands,9.107843619965184
NLD,2018,Netherlands,9.464865296503683
NLD,2017,Netherlands,9.816887175377742
NLD,2016,Netherlands,10.028805106000982
NLD,2015,Netherlands,9.997341782486261
NLD,2014,Netherlands,9.591640869663388
NLD,2013,Netherlands,10.078043697043732
NLD,2012,Netherlands,10.241855517189475
NLD,2011,Netherlands,10.427827732627316
NLD,2010,Netherlands,11.201726543469267
NLD,2009,Netherlands,10.571657483175834
NLD,2008,Netherlands,10.941818881204222
NLD,2007,Netherlands,10.918454352955884
NLD,2006,Netherlands,10.869876553436198
NLD,2005,Netherlands,11.163282693217862
NLD,2004,Netherlands,11.470042677768811
NLD,2003,Netherlands,11.357884124437252
NLD,2002,Netherlands,11.25974360281106
NLD,2001,Netherlands,11.308417330479902
NLD,2000,Netherlands,11.105105373999569
NLD,1999,Netherlands,11.140268129041528
NLD,1998,Netherlands,11.514337142900436
NLD,1997,Netherlands,11.537661788586638
NLD,1996,Netherlands,12.095755074949947
NLD,1995,Netherlands,11.489567957991607
NPL,2023,Nepal,0.5196902037521013
NPL,2022,Nepal,0.506315976652673
NPL,2021,Nepal,0.5897538287518816
NPL,2020,Nepal,0.5681099877396615
NPL,2019,Nepal,0.4737513085069422
NPL,2018,Nepal,0.531555032536151
NPL,2017,Nepal,0.4712319596642179
NPL,2016,Nepal,0.3850410341993275
NPL,2015,Nepal,0.2631612145202195
NPL,2014,Nepal,0.2656946260837073
NPL,2013,Nepal,0.22820952928010574
NPL,2012,Nepal,0.22608023304230285
NPL,2011,Nepal,0.1951865561404481
NPL,2010,Nepal,0.17500579329522634
NPL,2009,Nepal,0.14956003258377285
NPL,2008,Nepal,0.11431625677282324
NPL,2007,Nepal,0.10422012556735183
NPL,2006,Nepal,0.10210640334193788
NPL,2005,Nepal,0.12451035669377909
NPL,2004,Nepal,0.11250100704717778
NPL,2003,Nepal,0.13189037788436483
NPL,2002,Nepal,0.11782155784316788
NPL,2001,Nepal,0.14651609099510685
NPL,2000,Nepal,0.13930290453929722
NPL,1999,Nepal,0.13828694221340931
NPL,1998,Nepal,0.10830073212156388
NPL,1997,Nepal,0.10411524159710325
NPL,1996,Nepal,0.0962278286624024
NPL,1995,Nepal,0.09267517714530155
NRU,2023,Nauru,0.0
NRU,2022,Nauru,0.0
NRU,2021,Nauru,0.0
NRU,2020,Nauru,0.0
NRU,2019,Nauru,0.0
NRU,2018,Nauru,0.0
NRU,2017,Nauru,0.0
NRU,2016,Nauru,0.0
NRU,2015,Nauru,0.0
NRU,2014,Nauru,0.0
NRU,2013,Nauru,0.0
NRU,2012,Nauru,0.0
NRU,2011,Nauru,0.0
NRU,2010,Nauru,0.0
NRU,2009,Nauru,0.0
NRU,2008,Nauru,0.0
NRU,2007,Nauru,0.0
NRU,2006,Nauru,0.0
NRU,2005,Nauru,0.0
NRU,2004,Nauru,0.0
NRU,2003,Nauru,0.0
NRU,2002,Nauru,0.0
NRU,2001,Nauru,0.0
NRU,2000,Nauru,0.0
NRU,1999,Nauru,0.0
NRU,1998,Nauru,0.0
NRU,1997,Nauru,0.0
NRU,1996,Nauru,0.0
NRU,1995,Nauru,0.0
NAM,2023,Namibia,1.2196031514345642
NAM,2022,Namibia,1.238864614615827
NAM,2021,Namibia,1.3183549969614468
NAM,2020,Namibia,1.2989040451310887
NAM,2019,Namibia,1.4554267996833798
NAM,2018,Namibia,1.4781981487021243
NAM,2017,Namibia,1.4973753945684092
NAM,2016,Namibia,1.59834340010487
NAM,2015,Namibia,1.501958471970686
NAM,2014,Namibia,1.3865948370751067
NAM,2013,Namibia,1.378108313044837
NAM,2012,Namibia,1.3631305891498158
NAM,2011,Namibia,1.3261738087195556
NAM,2010,Namibia,1.2723888537883252
NAM,2009,Namibia,1.4708331688644523
NAM,2008,Namibia,1.4480307329159534
NAM,2007,Namibia,1.2873278509858317
NAM,2006,Namibia,1.2702019390648471
NAM,2005,Namibia,1.306632522823864
NAM,2004,Namibia,1.2345513732169908
NAM,2003,Namibia,1.1865672575860615
NAM,2002,Namibia,1.1277956792964967
NAM,2001,Namibia,1.3196212483468386
NAM,2000,Namibia,1.0532005386421883
NAM,1999,Namibia,1.1217833241760715
NAM,1998,Namibia,1.2083716876978434
NAM,1997,Namibia,1.2011148050275149
NAM,1996,Namibia,1.1916629761321131
NAM,1995,Namibia,1.1173595810681762
MMR,2023,Myanmar,0.5771071152258705
MMR,2022,Myanmar,0.5772480412566324
MMR,2021,Myanmar,0.5963556515953985
MMR,2020,Myanmar,0.6548637800118234
MMR,2019,Myanmar,0.6533175187045813
MMR,2018,Myanmar,0.6412331958869112
MMR,2017,Myanmar,0.6504276004723235
MMR,2016,Myanmar,0.44626253813522593
MMR,2015,Myanmar,0.38639586529060155
MMR,2014,Myanmar,0.35007355919108685
MMR,2013,Myanmar,0.2829257457892497
MMR,2012,Myanmar,0.25197318498223203
MMR,2011,Myanmar,0.18560367075396067
MMR,2010,Myanmar,0.1760838107046408
MMR,2009,Myanmar,0.16006219752263331
MMR,2008,Myanmar,0.17276633594328575
MMR,2007,Myanmar,0.2269878491329348
MMR,2006,Myanmar,0.21880444619440753
MMR,2005,Myanmar,0.23698540200531784
MMR,2004,Myanmar,0.2258631264057622
MMR,2003,Myanmar,0.23482021373816533
MMR,2002,Myanmar,0.1913063479182127
MMR,2001,Myanmar,0.19171032645702787
MMR,2000,Myanmar,0.22172253326009114
MMR,1999,Myanmar,0.2064137038979699
MMR,1998,Myanmar,0.1903709929684022
MMR,1997,Myanmar,0.17723205291529637
MMR,1996,Myanmar,0.18031572805473126
MMR,1995,Myanmar,0.173689503413868
MOZ,2023,Mozambique,0.3186843767058043
MOZ,2022,Mozambique,0.3336942035529742
MOZ,2021,Mozambique,0.2883801462100808
MOZ,2020,Mozambique,0.2583641050416052
MOZ,2019,Mozambique,0.2887561997270815
MOZ,2018,Mozambique,0.27759394960012607
MOZ,2017,Mozambique,0.2951105595949045
MOZ,2016,Mozambique,0.30478355334260887
MOZ,2015,Mozambique,0.24326895129995316
MOZ,2014,Mozambique,0.22454992007088437
MOZ,2013,Mozambique,0.20427428798890418
MOZ,2012,Mozambique,0.19319293909576057
MOZ,2011,Mozambique,0.1796648058299536
MOZ,2010,Mozambique,0.15677043171218522
MOZ,2009,Mozambique,0.1519756499549276
MOZ,2008,Mozambique,0.144341849016611
MOZ,2007,Mozambique,0.1523889337636614
MOZ,2006,Mozambique,0.1360027020621023
MOZ,2005,Mozambique,0.13129064694749246
MOZ,2004,Mozambique,0.1401338779282363
MOZ,2003,Mozambique,0.13023608384179947
MOZ,2002,Mozambique,0.10482458958163948
MOZ,2001,Mozambique,0.1023102668077627
MOZ,2000,Mozambique,0.0866536165915586
MOZ,1999,Mozambique,0.07273955079436664
MOZ,1998,Mozambique,0.0747615519400173
MOZ,1997,Mozambique,0.07913872710897274
MOZ,1996,Mozambique,0.07357292535749627
MOZ,1995,Mozambique,0.07878811041989207
MAR,2023,Morocco,1.8573653487086048
MAR,2022,Morocco,1.937514425756831
MAR,2021,Morocco,1.9789123050484703
MAR,2020,Morocco,1.847428267409807
MAR,2019,Morocco,1.9847450344921023
MAR,2018,Morocco,1.8191249048542735
MAR,2017,Morocco,1.8016389369050594
MAR,2016,Morocco,1.7420039375324943
MAR,2015,Morocco,1.7668350651885938
MAR,2014,Morocco,1.7384295411343094
MAR,2013,Morocco,1.7311809718431668
MAR,2012,Morocco,1.7553373396402683
MAR,2011,Morocco,1.7099384588048803
MAR,2010,Morocco,1.602912937856685
MAR,2009,Morocco,1.5283768630284285
MAR,2008,Morocco,1.5652217767163594
MAR,2007,Morocco,1.4756368050399296
MAR,2006,Morocco,1.4748249157052096
MAR,2005,Morocco,1.4710813678201144
MAR,2004,Morocco,1.429872609164125
MAR,2003,Morocco,1.2885856155344613
MAR,2002,Morocco,1.3109395796485954
MAR,2001,Morocco,1.2839513576482624
MAR,2000,Morocco,1.1810184096327556
MAR,1999,Morocco,1.1722442704633242
MAR,1998,Morocco,1.1298601734407736
MAR,1997,Morocco,1.1195135679244335
MAR,1996,Morocco,1.078931086033042
MAR,1995,Morocco,1.1088497406515876
MNE,2023,Montenegro,
MNE,2022,Montenegro,
MNE,2021,Montenegro,
MNE,2020,Montenegro,
MNE,2019,Montenegro,
MNE,2018,Montenegro,
MNE,2017,Montenegro,
MNE,2016,Montenegro,
MNE,2015,Montenegro,
MNE,2014,Montenegro,
MNE,2013,Montenegro,
MNE,2012,Montenegro,
MNE,2011,Montenegro,
MNE,2010,Montenegro,
MNE,2009,Montenegro,
MNE,2008,Montenegro,
MNE,2007,Montenegro,
MNE,2006,Montenegro,
MNE,2005,Montenegro,
MNE,2004,Montenegro,
MNE,2003,Montenegro,
MNE,2002,Montenegro,
MNE,2001,Montenegro,
MNE,2000,Montenegro,
MNE,1999,Montenegro,
MNE,1998,Montenegro,
MNE,1997,Montenegro,
MNE,1996,Montenegro,
MNE,1995,Montenegro,
MNG,2023,Mongolia,7.7999049163421805
MNG,2022,Mongolia,7.26765621705495
MNG,2021,Mongolia,7.35537974094353
MNG,2020,Mongolia,6.767093331217443
MNG,2019,Mongolia,7.753376791374167
MNG,2018,Mongolia,7.155656976568401
MNG,2017,Mongolia,6.692872501879218
MNG,2016,Mongolia,6.1889579831497485
MNG,2015,Mongolia,5.955305557170722
MNG,2014,Mongolia,6.591142491022111
MNG,2013,Mongolia,6.615738953732842
MNG,2012,Mongolia,6.218779767616707
MNG,2011,Mongolia,5.827046958404231
MNG,2010,Mongolia,5.44277377454793
MNG,2009,Mongolia,5.17581002669897
MNG,2008,Mongolia,4.996214816807348
MNG,2007,Mongolia,5.077310375309875
MNG,2006,Mongolia,4.953863557040287
MNG,2005,Mongolia,4.387742188063666
MNG,2004,Mongolia,3.8179533505660155
MNG,2003,Mongolia,3.7746323739887613
MNG,2002,Mongolia,3.943606991674653
MNG,2001,Mongolia,3.7275550708075396
MNG,2000,Mongolia,3.7853300612695477
MNG,1999,Mongolia,3.671865353763748
MNG,1998,Mongolia,3.6992282928588365
MNG,1997,Mongolia,3.739194938365878
MNG,1996,Mongolia,3.8693396391336696
MNG,1995,Mongolia,4.649058740777862
MCO,2023,Monaco,
MCO,2022,Monaco,
MCO,2021,Monaco,
MCO,2020,Monaco,
MCO,2019,Monaco,
MCO,2018,Monaco,
MCO,2017,Monaco,
MCO,2016,Monaco,
MCO,2015,Monaco,
MCO,2014,Monaco,
MCO,2013,Monaco,
MCO,2012,Monaco,
MCO,2011,Monaco,
MCO,2010,Monaco,
MCO,2009,Monaco,
MCO,2008,Monaco,
MCO,2007,Monaco,
MCO,2006,Monaco,
MCO,2005,Monaco,
MCO,2004,Monaco,
MCO,2003,Monaco,
MCO,2002,Monaco,
MCO,2001,Monaco,
MCO,2000,Monaco,
MCO,1999,Monaco,
MCO,1998,Monaco,
MCO,1997,Monaco,
MCO,1996,Monaco,
MCO,1995,Monaco,
MDA,2023,Moldova,3.339350951650329
MDA,2022,Moldova,3.277712174144822
MDA,2021,Moldova,3.718570973442191
MDA,2020,Moldova,3.357860902498169
MDA,2019,Moldova,3.419419688434606
MDA,2018,Moldova,3.27363703423792
MDA,2017,Moldova,3.0146026279866827
MDA,2016,Moldova,3.004937952743771
MDA,2015,Moldova,2.9263978775575836
MDA,2014,Moldova,2.813653088111022
MDA,2013,Moldova,2.6207197056328284
MDA,2012,Moldova,2.920228617457323
MDA,2011,Moldova,2.9834666282611346
MDA,2010,Moldova,2.9712956538569304
MDA,2009,Moldova,2.725102810855598
MDA,2008,Moldova,2.763318743196275
MDA,2007,Moldova,2.792193853179506
MDA,2006,Moldova,2.815721249150025
MDA,2005,Moldova,2.8837463676689215
MDA,2004,Moldova,2.7250128883644917
MDA,2003,Moldova,2.7110792994484014
MDA,2002,Moldova,2.510592037810183
MDA,2001,Moldova,2.4610581758554693
MDA,2000,Moldova,2.3577376987746987
MDA,1999,Moldova,2.541985967484036
MDA,1998,Moldova,2.9939422061734917
MDA,1997,Moldova,3.2804309203099153
MDA,1996,Moldova,3.583627416751575
MDA,1995,Moldova,4.151936882026277
FSM,2023,"Micronesia, Fed. Sts.",0.0017757258279321672
FSM,2022,"Micronesia, Fed. Sts.",0.0017838985318515083
FSM,2021,"Micronesia, Fed. Sts.",0.0017917293771948686
FSM,2020,"Micronesia, Fed. Sts.",0.0018031663601283854
FSM,2019,"Micronesia, Fed. Sts.",0.0018135325801128016
FSM,2018,"Micronesia, Fed. Sts.",0.001819687195771047
FSM,2017,"Micronesia, Fed. Sts.",0.0018268009974333446
FSM,2016,"Micronesia, Fed. Sts.",0.0018336007334402934
FSM,2015,"Micronesia, Fed. Sts.",0.001839655616468597
FSM,2014,"Micronesia, Fed. Sts.",0.0018450865345584707
FSM,2013,"Micronesia, Fed. Sts.",0.0018497794138049037
FSM,2012,"Micronesia, Fed. Sts.",0.0018537399202891835
FSM,2011,"Micronesia, Fed. Sts.",0.0018570446990659065
FSM,2010,"Micronesia, Fed. Sts.",0.001859773107680863
FSM,2009,"Micronesia, Fed. Sts.",0.0018525894569134007
FSM,2008,"Micronesia, Fed. Sts.",0.001835940368656826
FSM,2007,"Micronesia, Fed. Sts.",0.0018201674554058974
FSM,2006,"Micronesia, Fed. Sts.",0.0018062115615602055
FSM,2005,"Micronesia, Fed. Sts.",0.0017951387642264748
FSM,2004,"Micronesia, Fed. Sts.",0.0017869108778199687
FSM,2003,"Micronesia, Fed. Sts.",0.0017811818141336777
FSM,2002,"Micronesia, Fed. Sts.",0.0017785998861696074
FSM,2001,"Micronesia, Fed. Sts.",0.001779913674186802
FSM,2000,"Micronesia, Fed. Sts.",0.0017850130305951234
FSM,1999,"Micronesia, Fed. Sts.",0.0017908309455587394
FSM,1998,"Micronesia, Fed. Sts.",0.0017957028830009787
FSM,1997,"Micronesia, Fed. Sts.",0.001800650034662513
FSM,1996,"Micronesia, Fed. Sts.",0.0018065215427693975
FSM,1995,"Micronesia, Fed. Sts.",0.0018143880976140797
MEX,2023,Mexico,3.6657652493404123
MEX,2022,Mexico,3.52183828963573
MEX,2021,Mexico,3.5466248989370373
MEX,2020,Mexico,3.462471415599047
MEX,2019,Mexico,3.9254237785169566
MEX,2018,Mexico,3.8383170587251754
MEX,2017,Mexico,4.057433295999207
MEX,2016,Mexico,4.06104469144067
MEX,2015,Mexico,4.050696779493074
MEX,2014,Mexico,4.014819609731532
MEX,2013,Mexico,4.174431170841867
MEX,2012,Mexico,4.333504242763252
MEX,2011,Mexico,4.2217997814436465
MEX,2010,Mexico,4.197558092864181
MEX,2009,Mexico,4.121220980541549
MEX,2008,Mexico,4.2791007630327815
MEX,2007,Mexico,4.328991685172866
MEX,2006,Mexico,4.325712279149507
MEX,2005,Mexico,4.227583798449741
MEX,2004,Mexico,4.123393680052761
MEX,2003,Mexico,4.085414321618447
MEX,2002,Mexico,3.948307561508662
MEX,2001,Mexico,3.9439505844103553
MEX,2000,Mexico,4.022721211233373
MEX,1999,Mexico,3.841792553700917
MEX,1998,Mexico,4.017852112228433
MEX,1997,Mexico,3.8366620841189585
MEX,1996,Mexico,3.6982607604048177
MEX,1995,Mexico,3.5906833025808074
MUS,2023,Mauritius,3.461746994947331
MUS,2022,Mauritius,3.2077831453367582
MUS,2021,Mauritius,3.149169176536364
MUS,2020,Mauritius,2.958103148938321
MUS,2019,Mauritius,3.3216823264098707
MUS,2018,Mauritius,3.2963620546201455
MUS,2017,Mauritius,3.3260678621884803
MUS,2016,Mauritius,3.216545716824649
MUS,2015,Mauritius,3.160001868745937
MUS,2014,Mauritius,3.164030041040019
MUS,2013,Mauritius,3.063879001721307
MUS,2012,Mauritius,2.980932922042039
MUS,2011,Mauritius,2.919585054024101
MUS,2010,Mauritius,2.9396193218170183
MUS,2009,Mauritius,2.756229011831535
MUS,2008,Mauritius,2.803505446817472
MUS,2007,Mauritius,2.7542895864088477
MUS,2006,Mauritius,2.6923101857704563
MUS,2005,Mauritius,2.425638345163134
MUS,2004,Mauritius,2.2808297768310153
MUS,2003,Mauritius,2.2758927614824827
MUS,2002,Mauritius,2.18923628261503
MUS,2001,Mauritius,2.159682417346339
MUS,2000,Mauritius,2.0586027317160305
MUS,1999,Mauritius,1.8796579841006342
MUS,1998,Mauritius,1.5533155639203358
MUS,1997,Mauritius,1.431179046298651
MUS,1996,Mauritius,1.4430385997834208
MUS,1995,Mauritius,1.3916791467290062
MRT,2023,Mauritania,0.9611660943354038
MRT,2022,Mauritania,1.0309011930133436
MRT,2021,Mauritania,0.9316192996899179
MRT,2020,Mauritania,1.0076669555714826
MRT,2019,Mauritania,1.004139035048844
MRT,2018,Mauritania,1.0225500468567912
MRT,2017,Mauritania,0.9046216691207903
MRT,2016,Mauritania,0.6422608993120783
MRT,2015,Mauritania,0.695166036764374
MRT,2014,Mauritania,0.6970742473588507
MRT,2013,Mauritania,0.6200061162439835
MRT,2012,Mauritania,0.6981144692202395
MRT,2011,Mauritania,0.6466235260766282
MRT,2010,Mauritania,0.6213275571997942
MRT,2009,Mauritania,0.6385547891152485
MRT,2008,Mauritania,0.6605787949431857
MRT,2007,Mauritania,0.6080711683805579
MRT,2006,Mauritania,0.5609126444257149
MRT,2005,Mauritania,0.5233988157434063
MRT,2004,Mauritania,0.5182551877807927
MRT,2003,Mauritania,0.48643027273642186
MRT,2002,Mauritania,0.4745760236320384
MRT,2001,Mauritania,0.4369559049709567
MRT,2000,Mauritania,0.40490678764127447
MRT,1999,Mauritania,0.9905976241079782
MRT,1998,Mauritania,0.9859976214827869
MRT,1997,Mauritania,0.9900029278739405
MRT,1996,Mauritania,1.0301129511302747
MRT,1995,Mauritania,1.0608486010267226
MHL,2023,Marshall Islands,0.0025755273392227057
MHL,2022,Marshall Islands,0.002495196746263443
MHL,2021,Marshall Islands,0.0024173858389537556
MHL,2020,Marshall Islands,0.0023415913454783873
MHL,2019,Marshall Islands,0.0022723657599927286
MHL,2018,Marshall Islands,0.002208236722976703
MHL,2017,Marshall Islands,0.0021491972748178554
MHL,2016,Marshall Islands,0.002096040579345616
MHL,2015,Marshall Islands,0.0020491803278688526
MHL,2014,Marshall Islands,0.0020081934291911
MHL,2013,Marshall Islands,0.0019731260235591247
MHL,2012,Marshall Islands,0.001944806394523425
MHL,2011,Marshall Islands,0.001926522434353748
MHL,2010,Marshall Islands,0.0019214510798555068
MHL,2009,Marshall Islands,0.0019223745170034027
MHL,2008,Marshall Islands,0.0019219680953296175
MHL,2007,Marshall Islands,0.0019217834150091284
MHL,2006,Marshall Islands,0.001923372826588706
MHL,2005,Marshall Islands,0.001926559549955689
MHL,2004,Marshall Islands,0.001930837404182194
MHL,2003,Marshall Islands,0.0019365208466469142
MHL,2002,Marshall Islands,0.0019445794846864365
MHL,2001,Marshall Islands,0.0019560667409972026
MHL,2000,Marshall Islands,0.001972153196860332
MHL,1999,Marshall Islands,0.0019919525118521175
MHL,1998,Marshall Islands,0.002011384435907235
MHL,1997,Marshall Islands,0.0020300858726324126
MHL,1996,Marshall Islands,0.0020502306509482316
MHL,1995,Marshall Islands,0.0020718518211577507
MLT,2023,Malta,3.2342102263784334
MLT,2022,Malta,3.382142783174202
MLT,2021,Malta,3.140789346714272
MLT,2020,Malta,3.143416943102679
MLT,2019,Malta,3.3200241311975107
MLT,2018,Malta,3.239078906309736
MLT,2017,Malta,3.335859526531451
MLT,2016,Malta,3.004367388697594
MLT,2015,Malta,3.764350997253613
MLT,2014,Malta,5.465983514848402
MLT,2013,Malta,5.608860431722417
MLT,2012,Malta,6.48623425104993
MLT,2011,Malta,6.202254316930439
MLT,2010,Malta,6.259710307159331
MLT,2009,Malta,6.1057949897812485
MLT,2008,Malta,6.675232486277997
MLT,2007,Malta,6.695941227958025
MLT,2006,Malta,6.561429826206243
MLT,2005,Malta,6.524710648434753
MLT,2004,Malta,6.496655601742476
MLT,2003,Malta,6.55699454566438
MLT,2002,Malta,5.869651412105493
MLT,2001,Malta,6.347893788737698
MLT,2000,Malta,5.47313804356464
MLT,1999,Malta,6.237970163425168
MLT,1998,Malta,6.187595221224697
MLT,1997,Malta,6.471155277945407
MLT,1996,Malta,6.136270909832722
MLT,1995,Malta,6.321621328020052
MLI,2023,Mali,0.30194630202447065
MLI,2022,Mali,0.32474827327952066
MLI,2021,Mali,0.32609409329646344
MLI,2020,Mali,0.31515389542409733
MLI,2019,Mali,0.290188080208255
MLI,2018,Mali,0.2828486211985796
MLI,2017,Mali,0.26049044236638236
MLI,2016,Mali,0.2386238881609255
MLI,2015,Mali,0.18992071326543905
MLI,2014,Mali,0.16153478747013017
MLI,2013,Mali,0.1570023164886511
MLI,2012,Mali,0.13393852568429868
MLI,2011,Mali,0.13149514583386085
MLI,2010,Mali,0.12460804814088856
MLI,2009,Mali,0.13004404964413616
MLI,2008,Mali,0.10451260181695979
MLI,2007,Mali,0.0935206143407267
MLI,2006,Mali,0.08110712838521476
MLI,2005,Mali,0.06978540765558035
MLI,2004,Mali,0.06976579650352847
MLI,2003,Mali,0.07070580857401544
MLI,2002,Mali,0.07105277078136889
MLI,2001,Mali,0.06995373970022896
MLI,2000,Mali,0.06886236092355154
MLI,1999,Mali,0.037960652563390596
MLI,1998,Mali,0.037473992801733184
MLI,1997,Mali,0.0369980918602789
MLI,1996,Mali,0.03808872982925987
MLI,1995,Mali,0.03572773287947953
MDV,2023,Maldives,3.4110655254622677
MDV,2022,Maldives,3.414385639546199
MDV,2021,Maldives,3.2563924720141664
MDV,2020,Maldives,2.4058089931052065
MDV,2019,Maldives,3.106835530241055
MDV,2018,Maldives,2.9302534987391646
MDV,2017,Maldives,3.5089365397665655
MDV,2016,Maldives,3.9117272866720203
MDV,2015,Maldives,3.709880089874204
MDV,2014,Maldives,5.302248215136225
MDV,2013,Maldives,4.052540805359063
MDV,2012,Maldives,3.7283683799616356
MDV,2011,Maldives,3.062294941580094
MDV,2010,Maldives,2.920519301980088
MDV,2009,Maldives,2.8259277869499675
MDV,2008,Maldives,2.843501799684683
MDV,2007,Maldives,2.705876189214094
MDV,2006,Maldives,2.6652774724311854
MDV,2005,Maldives,2.234775429218514
MDV,2004,Maldives,2.45145365329299
MDV,2003,Maldives,1.947782563383037
MDV,2002,Maldives,2.304743223965763
MDV,2001,Maldives,1.934322986954566
MDV,2000,Maldives,2.2260911498870644
MDV,1999,Maldives,1.2357071792135885
MDV,1998,Maldives,1.2587863876534067
MDV,1997,Maldives,1.1325815163593034
MDV,1996,Maldives,1.2975181724967315
MDV,1995,Maldives,1.3052846494628851
MYS,2023,Malaysia,8.038951329286109
MYS,2022,Malaysia,7.983299156463924
MYS,2021,Malaysia,7.523262884840702
MYS,2020,Malaysia,7.467786980284606
MYS,2019,Malaysia,7.630399290730344
MYS,2018,Malaysia,7.726445716408151
MYS,2017,Malaysia,7.350569192812234
MYS,2016,Malaysia,7.785044111006448
MYS,2015,Malaysia,8.09596053481984
MYS,2014,Malaysia,8.189620081510583
MYS,2013,Malaysia,7.859525327294634
MYS,2012,Malaysia,7.409842303993169
MYS,2011,Malaysia,7.4848229919725435
MYS,2010,Malaysia,7.520347730244681
MYS,2009,Malaysia,7.036937322669711
MYS,2008,Malaysia,7.83922878075814
MYS,2007,Malaysia,7.588619454294106
MYS,2006,Malaysia,7.106050671913511
MYS,2005,Malaysia,7.0102416114276815
MYS,2004,Malaysia,6.714666466482732
MYS,2003,Malaysia,6.343169553544664
MYS,2002,Malaysia,6.080308675328266
MYS,2001,Malaysia,5.88304152527669
MYS,2000,Malaysia,5.693236135294709
MYS,1999,Malaysia,5.334257522141999
MYS,1998,Malaysia,5.0510590064333245
MYS,1997,Malaysia,5.298083977435926
MYS,1996,Malaysia,4.960645967568385
MYS,1995,Malaysia,4.47298675262839
MWI,2023,Malawi,0.22292421107516402
MWI,2022,Malawi,0.2723697838777391
MWI,2021,Malawi,0.3052237867143726
MWI,2020,Malawi,0.26652656143006453
MWI,2019,Malawi,0.29472685232100154
MWI,2018,Malawi,0.29459068103167296
MWI,2017,Malawi,0.29978300654971546
MWI,2016,Malawi,0.2794152481706215
MWI,2015,Malawi,0.28731819398420433
MWI,2014,Malawi,0.2991179275949073
MWI,2013,Malawi,0.31080046945219525
MWI,2012,Malawi,0.3617538524430034
MWI,2011,Malawi,0.3759837358898009
MWI,2010,Malawi,0.3025064035839161
MWI,2009,Malawi,0.28882753761030655
MWI,2008,Malawi,0.3065020169332383
MWI,2007,Malawi,0.3004785603899371
MWI,2006,Malawi,0.2868918691316668
MWI,2005,Malawi,0.2779043134708943
MWI,2004,Malawi,0.25172915804884144
MWI,2003,Malawi,0.2592029568592696
MWI,2002,Malawi,0.26350034173818476
MWI,2001,Malawi,0.273146222506607
MWI,2000,Malawi,0.27380840234069775
MWI,1999,Malawi,0.24833894591178482
MWI,1998,Malawi,0.24711670920707327
MWI,1997,Malawi,0.2379086984657786
MWI,1996,Malawi,0.21546086504277148
MWI,1995,Malawi,0.2057020623506113
MDG,2023,Madagascar,0.1472692016382136
MDG,2022,Madagascar,0.14403398518677485
MDG,2021,Madagascar,0.13818963760937922
MDG,2020,Madagascar,0.10803854283045579
MDG,2019,Madagascar,0.14213902884503418
MDG,2018,Madagascar,0.11912379760542
MDG,2017,Madagascar,0.13262469261386703
MDG,2016,Madagascar,0.12457111032234848
MDG,2015,Madagascar,0.13443741150543237
MDG,2014,Madagascar,0.1265407835489955
MDG,2013,Madagascar,0.1264906598244909
MDG,2012,Madagascar,0.12150058744960775
MDG,2011,Madagascar,0.10053325037353816
MDG,2010,Madagascar,0.08873325657903634
MDG,2009,Madagascar,0.08241875540671491
MDG,2008,Madagascar,0.08937174056005016
MDG,2007,Madagascar,0.08875618934647166
MDG,2006,Madagascar,0.08688905310951461
MDG,2005,Madagascar,0.09332606182338801
MDG,2004,Madagascar,0.0900701514214735
MDG,2003,Madagascar,0.08574659799708431
MDG,2002,Madagascar,0.06645616989668268
MDG,2001,Madagascar,0.10041719752533605
MDG,2000,Madagascar,0.1025772177827797
MDG,1999,Madagascar,0.10672162492861163
MDG,1998,Madagascar,0.10746083570635954
MDG,1997,Madagascar,0.0994675806130341
MDG,1996,Madagascar,0.09365495598389355
MDG,1995,Madagascar,0.10068125490391441
LUX,2023,Luxembourg,10.416097714688714
LUX,2022,Luxembourg,11.124891479598164
LUX,2021,Luxembourg,13.09337816218378
LUX,2020,Luxembourg,12.6787105084079
LUX,2019,Luxembourg,15.63174898105003
LUX,2018,Luxembourg,15.699975326918333
LUX,2017,Luxembourg,15.40809208231601
LUX,2016,Luxembourg,15.534849677155533
LUX,2015,Luxembourg,16.343635227280707
LUX,2014,Luxembourg,17.651563221820574
LUX,2013,Luxembourg,18.999558303886925
LUX,2012,Luxembourg,20.468936577354384
LUX,2011,Luxembourg,21.39512720243389
LUX,2010,Luxembourg,22.119210262095304
LUX,2009,Luxembourg,21.3143076400761
LUX,2008,Luxembourg,22.9460759234626
LUX,2007,Luxembourg,23.62888625459121
LUX,2006,Luxembourg,25.267171211733316
LUX,2005,Luxembourg,26.043408906221114
LUX,2004,Luxembourg,25.93414029840972
LUX,2003,Luxembourg,23.147930828332928
LUX,2002,Luxembourg,22.4851235501765
LUX,2001,Luxembourg,21.141045240926335
LUX,2000,Luxembourg,20.171441668576666
LUX,1999,Luxembourg,18.97020732911319
LUX,1998,Luxembourg,18.380739345420295
LUX,1997,Luxembourg,20.38025986410776
LUX,1996,Luxembourg,22.08437443418432
LUX,1995,Luxembourg,22.21719180177424
LTU,2023,Lithuania,4.519942819035481
LTU,2022,Lithuania,4.651122547754145
LTU,2021,Lithuania,5.103226771305877
LTU,2020,Lithuania,5.071967417801719
LTU,2019,Lithuania,5.085751465001642
LTU,2018,Lithuania,4.972474460839955
LTU,2017,Lithuania,4.912407097770768
LTU,2016,Lithuania,4.698878298419539
LTU,2015,Lithuania,4.692575922097043
LTU,2014,Lithuania,4.497978212976546
LTU,2013,Lithuania,4.513094132545378
LTU,2012,Lithuania,4.847917744875699
LTU,2011,Lithuania,4.729113656515687
LTU,2010,Lithuania,4.533329545065642
LTU,2009,Lithuania,4.176683794321443
LTU,2008,Lithuania,4.950017681649637
LTU,2007,Lithuania,4.818007894051114
LTU,2006,Lithuania,4.3408241636082225
LTU,2005,Lithuania,4.200987922449412
LTU,2004,Lithuania,3.8689990598372854
LTU,2003,Lithuania,3.65786848433758
LTU,2002,Lithuania,3.6219742456362307
LTU,2001,Lithuania,3.5701382210187917
LTU,2000,Lithuania,3.330927300076353
LTU,1999,Lithuania,3.7828602949063033
LTU,1998,Lithuania,4.48670467758572
LTU,1997,Lithuania,4.214328010367155
LTU,1996,Lithuania,4.330698495368603
LTU,1995,Lithuania,4.165493281809109
LIE,2023,Liechtenstein,
LIE,2022,Liechtenstein,
LIE,2021,Liechtenstein,
LIE,2020,Liechtenstein,
LIE,2019,Liechtenstein,
LIE,2018,Liechtenstein,
LIE,2017,Liechtenstein,
LIE,2016,Liechtenstein,
LIE,2015,Liechtenstein,
LIE,2014,Liechtenstein,
LIE,2013,Liechtenstein,
LIE,2012,Liechtenstein,
LIE,2011,Liechtenstein,
LIE,2010,Liechtenstein,
LIE,2009,Liechtenstein,
LIE,2008,Liechtenstein,
LIE,2007,Liechtenstein,
LIE,2006,Liechtenstein,
LIE,2005,Liechtenstein,
LIE,2004,Liechtenstein,
LIE,2003,Liechtenstein,
LIE,2002,Liechtenstein,
LIE,2001,Liechtenstein,
LIE,2000,Liechtenstein,
LIE,1999,Liechtenstein,
LIE,1998,Liechtenstein,
LIE,1997,Liechtenstein,
LIE,1996,Liechtenstein,
LIE,1995,Liechtenstein,
LBY,2023,Libya,8.651402974050663
LBY,2022,Libya,8.053013612632125
LBY,2021,Libya,8.179322861737798
LBY,2020,Libya,6.486857593161154
LBY,2019,Libya,8.268497646321057
LBY,2018,Libya,8.361518486856946
LBY,2017,Libya,8.220313202557737
LBY,2016,Libya,7.712835974467312
LBY,2015,Libya,8.340999651092597
LBY,2014,Libya,9.615337939137909
LBY,2013,Libya,9.930673149946356
LBY,2012,Libya,10.171996048761288
LBY,2011,Libya,6.973968829312257
LBY,2010,Libya,9.798673066537967
LBY,2009,Libya,9.465929370476257
LBY,2008,Libya,9.164307834423608
LBY,2007,Libya,8.804481372391628
LBY,2006,Libya,9.611216059098918
LBY,2005,Libya,9.852891326855781
LBY,2004,Libya,9.278899881865737
LBY,2003,Libya,9.57214634023075
LBY,2002,Libya,9.058294498775508
LBY,2001,Libya,9.021494589109302
LBY,2000,Libya,9.290180001172475
LBY,1999,Libya,9.151677316263315
LBY,1998,Libya,9.0292107851376
LBY,1997,Libya,9.25534870303688
LBY,1996,Libya,10.14987188697582
LBY,1995,Libya,9.811420499901871
LBR,2023,Liberia,0.1528300131566707
LBR,2022,Liberia,0.16165130737309366
LBR,2021,Liberia,0.15986848497420675
LBR,2020,Liberia,0.16211399130355922
LBR,2019,Liberia,0.20014984968438979
LBR,2018,Liberia,0.12981507974354897
LBR,2017,Liberia,0.25378821078898933
LBR,2016,Liberia,0.29127716161634853
LBR,2015,Liberia,0.26462458613508816
LBR,2014,Liberia,0.2590105411725321
LBR,2013,Liberia,0.20298690964845503
LBR,2012,Liberia,0.2234370894592164
LBR,2011,Liberia,0.20977556502000153
LBR,2010,Liberia,0.1956938966072005
LBR,2009,Liberia,0.13253773495902132
LBR,2008,Liberia,0.14671540430614685
LBR,2007,Liberia,0.18241779207151715
LBR,2006,Liberia,0.20539780857439885
LBR,2005,Liberia,0.20636077085381316
LBR,2004,Liberia,0.17270150515126903
LBR,2003,Liberia,0.16162680812378266
LBR,2002,Liberia,0.15044678429692301
LBR,2001,Liberia,0.15261970631484761
LBR,2000,Liberia,0.13633335006763733
LBR,1999,Liberia,0.10766620216863405
LBR,1998,Liberia,0.10827212518969156
LBR,1997,Liberia,0.11230884185547468
LBR,1996,Liberia,0.12359510798109026
LBR,1995,Liberia,0.11723421302788821
LSO,2023,Lesotho,0.42894744128416873
LSO,2022,Lesotho,0.42915695220264993
LSO,2021,Lesotho,0.33799947115729
LSO,2020,Lesotho,0.31452856274491475
LSO,2019,Lesotho,0.3545751005361172
LSO,2018,Lesotho,0.346995310044912
LSO,2017,Lesotho,0.33345541024797065
LSO,2016,Lesotho,0.3086243007253962
LSO,2015,Lesotho,0.28347281279058223
LSO,2014,Lesotho,0.2880165223699563
LSO,2013,Lesotho,0.2825669193933005
LSO,2012,Lesotho,0.2833331858663733
LSO,2011,Lesotho,0.2702073327378378
LSO,2010,Lesotho,0.2616404450141791
LSO,2009,Lesotho,0.2585715562201301
LSO,2008,Lesotho,0.22196333562331017
LSO,2007,Lesotho,0.27430951615446525
LSO,2006,Lesotho,0.2130522250436104
LSO,2005,Lesotho,0.20885003962979423
LSO,2004,Lesotho,0.2064806514439187
LSO,2003,Lesotho,0.19747523877124054
LSO,2002,Lesotho,0.19321404596930133
LSO,2001,Lesotho,0.1824721756170993
LSO,2000,Lesotho,0.17505750000124756
LSO,1999,Lesotho,0.06584353101035625
LSO,1998,Lesotho,0.06331176062248724
LSO,1997,Lesotho,0.06473419746193661
LSO,1996,Lesotho,0.06565545437123368
LSO,1995,Lesotho,0.06410660451759395
LBN,2023,Lebanon,1.8738742733385145
LBN,2022,Lebanon,1.816523628124277
LBN,2021,Lebanon,2.9231625348322403
LBN,2020,Lebanon,3.826583132219112
LBN,2019,Lebanon,4.660257474466719
LBN,2018,Lebanon,4.594444061022182
LBN,2017,Lebanon,4.755858969164277
LBN,2016,Lebanon,4.406995979794593
LBN,2015,Lebanon,4.1568990133440575
LBN,2014,Lebanon,3.934053779823192
LBN,2013,Lebanon,4.022783574153173
LBN,2012,Lebanon,4.476328283555607
LBN,2011,Lebanon,4.117370026020306
LBN,2010,Lebanon,4.0980003522909225
LBN,2009,Lebanon,4.318601875252765
LBN,2008,Lebanon,3.71794595880824
LBN,2007,Lebanon,3.0858249117796057
LBN,2006,Lebanon,3.3958404895166123
LBN,2005,Lebanon,3.5485844667917767
LBN,2004,Lebanon,3.628894876783948
LBN,2003,Lebanon,3.6395251096672463
LBN,2002,Lebanon,3.688985156056767
LBN,2001,Lebanon,3.752546049244897
LBN,2000,Lebanon,3.535989319388175
LBN,1999,Lebanon,3.982490446567873
LBN,1998,Lebanon,3.9331487168645203
LBN,1997,Lebanon,4.031199455749859
LBN,1996,Lebanon,3.737823688571945
LBN,1995,Lebanon,3.666819416093225
LVA,2023,Latvia,3.6631965642269777
LVA,2022,Latvia,3.6856776931578077
LVA,2021,Latvia,3.9959883045280153
LVA,2020,Latvia,3.829147743506929
LVA,2019,Latvia,4.131941215013726
LVA,2018,Latvia,4.207144762226971
LVA,2017,Latvia,3.8265453227394235
LVA,2016,Latvia,3.817534448188526
LVA,2015,Latvia,3.867456676950555
LVA,2014,Latvia,3.798760345915451
LVA,2013,Latvia,3.8652580407791333
LVA,2012,Latvia,3.945988805098905
LVA,2011,Latvia,3.9973607922284167
LVA,2010,Latvia,4.2334527580921595
LVA,2009,Latvia,3.6195602588448543
LVA,2008,Latvia,3.89409559082212
LVA,2007,Latvia,4.05135604967448
LVA,2006,Latvia,3.849695968683129
LVA,2005,Latvia,3.586744500064543
LVA,2004,Latvia,3.5162929793444633
LVA,2003,Latvia,3.4594648933217655
LVA,2002,Latvia,3.3179333322655924
LVA,2001,Latvia,3.2814044335670918
LVA,2000,Latvia,3.0541699224937173
LVA,1999,Latvia,3.290717102241305
LVA,1998,Latvia,3.492794040212961
LVA,1997,Latvia,3.6231976393128886
LVA,1996,Latvia,3.764698509129415
LVA,1995,Latvia,3.7164152437611064
LAO,2023,Lao PDR,3.3586071115785754
LAO,2022,Lao PDR,3.1791874250149523
LAO,2021,Lao PDR,3.1954890748852103
LAO,2020,Lao PDR,2.645846687138001
LAO,2019,Lao PDR,2.676302041163717
LAO,2018,Lao PDR,2.7865003658085774
LAO,2017,Lao PDR,2.7420628265552147
LAO,2016,Lao PDR,2.2972144808897403
LAO,2015,Lao PDR,1.3125501257416405
LAO,2014,Lao PDR,0.6545110285100845
LAO,2013,Lao PDR,0.5966072161884386
LAO,2012,Lao PDR,0.5116906361702709
LAO,2011,Lao PDR,0.4864477117724952
LAO,2010,Lao PDR,0.46752593936971304
LAO,2009,Lao PDR,0.42307777344487235
LAO,2008,Lao PDR,0.34306564238655296
LAO,2007,Lao PDR,0.2982050237143995
LAO,2006,Lao PDR,0.2865240139522404
LAO,2005,Lao PDR,0.22192604066804067
LAO,2004,Lao PDR,0.2175858486868573
LAO,2003,Lao PDR,0.21060224344039824
LAO,2002,Lao PDR,0.20574279762084047
LAO,2001,Lao PDR,0.18638112014129538
LAO,2000,Lao PDR,0.17206104272858433
LAO,1999,Lao PDR,0.09897423299650389
LAO,1998,Lao PDR,0.10399625323868875
LAO,1997,Lao PDR,0.09875755311857837
LAO,1996,Lao PDR,0.09128604718731556
LAO,1995,Lao PDR,0.07972558170766515
KGZ,2023,Kyrgyz Republic,1.4409521462023311
KGZ,2022,Kyrgyz Republic,1.505486565298299
KGZ,2021,Kyrgyz Republic,1.5347622556203095
KGZ,2020,Kyrgyz Republic,1.3838351522820755
KGZ,2019,Kyrgyz Republic,1.551801603924366
KGZ,2018,Kyrgyz Republic,1.7802078466139226
KGZ,2017,Kyrgyz Republic,1.5280901441896042
KGZ,2016,Kyrgyz Republic,1.5774683102366218
KGZ,2015,Kyrgyz Republic,1.7079699524969718
KGZ,2014,Kyrgyz Republic,1.6833484370068448
KGZ,2013,Kyrgyz Republic,1.6767091039699507
KGZ,2012,Kyrgyz Republic,1.8473035394428525
KGZ,2011,Kyrgyz Republic,1.4250024384364655
KGZ,2010,Kyrgyz Republic,1.2082730404043562
KGZ,2009,Kyrgyz Republic,1.3064872756878332
KGZ,2008,Kyrgyz Republic,1.471009333244841
KGZ,2007,Kyrgyz Republic,1.27961415120573
KGZ,2006,Kyrgyz Republic,1.071272597800119
KGZ,2005,Kyrgyz Republic,1.0872925479986983
KGZ,2004,Kyrgyz Republic,1.0991215372930858
KGZ,2003,Kyrgyz Republic,1.1222594376548092
KGZ,2002,Kyrgyz Republic,1.0095569683154921
KGZ,2001,Kyrgyz Republic,0.8151548015570245
KGZ,2000,Kyrgyz Republic,0.9794906950527543
KGZ,1999,Kyrgyz Republic,1.0151800814061254
KGZ,1998,Kyrgyz Republic,1.2910422802192905
KGZ,1997,Kyrgyz Republic,1.2428400264797386
KGZ,1996,Kyrgyz Republic,1.2781201779088323
KGZ,1995,Kyrgyz Republic,1.0433171785089819
KWT,2023,Kuwait,22.69721145089442
KWT,2022,Kuwait,22.35855817108215
KWT,2021,Kuwait,22.908184500093444
KWT,2020,Kuwait,21.123240930607164
KWT,2019,Kuwait,21.796805990388798
KWT,2018,Kuwait,22.916469585510864
KWT,2017,Kuwait,23.45824552350383
KWT,2016,Kuwait,24.574835368582573
KWT,2015,Kuwait,24.92821888428806
KWT,2014,Kuwait,25.187022146957506
KWT,2013,Kuwait,26.761281288449542
KWT,2012,Kuwait,27.557805273966178
KWT,2011,Kuwait,29.326541569336705
KWT,2010,Kuwait,29.496645344183474
KWT,2009,Kuwait,30.521154834010854
KWT,2008,Kuwait,31.535165482961776
KWT,2007,Kuwait,31.191437253751864
KWT,2006,Kuwait,33.802251670696016
KWT,2005,Kuwait,34.52884225058432
KWT,2004,Kuwait,31.975599354754973
KWT,2003,Kuwait,30.76893910130477
KWT,2002,Kuwait,29.894552067162014
KWT,2001,Kuwait,29.31840262613657
KWT,2000,Kuwait,28.659611226018807
KWT,1999,Kuwait,26.257427514302407
KWT,1998,Kuwait,25.119313431314396
KWT,1997,Kuwait,23.353860835506072
KWT,1996,Kuwait,22.914256123117752
KWT,1995,Kuwait,23.974301715181507
XKX,2023,Kosovo,
XKX,2022,Kosovo,
XKX,2021,Kosovo,
XKX,2020,Kosovo,
XKX,2019,Kosovo,
XKX,2018,Kosovo,
XKX,2017,Kosovo,
XKX,2016,Kosovo,
XKX,2015,Kosovo,
XKX,2014,Kosovo,
XKX,2013,Kosovo,
XKX,2012,Kosovo,
XKX,2011,Kosovo,
XKX,2010,Kosovo,
XKX,2009,Kosovo,
XKX,2008,Kosovo,
XKX,2007,Kosovo,
XKX,2006,Kosovo,
XKX,2005,Kosovo,
XKX,2004,Kosovo,
XKX,2003,Kosovo,
XKX,2002,Kosovo,
XKX,2001,Kosovo,
XKX,2000,Kosovo,
XKX,1999,Kosovo,
XKX,1998,Kosovo,
XKX,1997,Kosovo,
XKX,1996,Kosovo,
XKX,1995,Kosovo,
KOR,2023,"Korea, Rep.",11.416265728100138
KOR,2022,"Korea, Rep.",11.87374097850641
KOR,2021,"Korea, Rep.",12.33872683316728
KOR,2020,"Korea, Rep.",11.909444278933893
KOR,2019,"Korea, Rep.",12.653189457504558
KOR,2018,"Korea, Rep.",13.1917269531809
KOR,2017,"Korea, Rep.",12.952944838832028
KOR,2016,"Korea, Rep.",12.667778819017286
KOR,2015,"Korea, Rep.",12.61981905028736
KOR,2014,"Korea, Rep.",12.426167799539275
KOR,2013,"Korea, Rep.",12.731732976966201
KOR,2012,"Korea, Rep.",12.852856361949904
KOR,2011,"Korea, Rep.",12.970268442981684
KOR,2010,"Korea, Rep.",12.36904820330551
KOR,2009,"Korea, Rep.",11.283681386538266
KOR,2008,"Korea, Rep.",11.260268841066182
KOR,2007,"Korea, Rep.",11.112620630364558
KOR,2006,"Korea, Rep.",10.811712766420419
KOR,2005,"Korea, Rep.",10.708400975158828
KOR,2004,"Korea, Rep.",10.803730977572119
KOR,2003,"Korea, Rep.",10.502433270630183
KOR,2002,"Korea, Rep.",10.378279774705856
KOR,2001,"Korea, Rep.",10.07197272950121
KOR,2000,"Korea, Rep.",9.921757970661702
KOR,1999,"Korea, Rep.",9.237256443654275
KOR,1998,"Korea, Rep.",8.503863426450687
KOR,1997,"Korea, Rep.",9.985352610177488
KOR,1996,"Korea, Rep.",9.588130886628289
KOR,1995,"Korea, Rep.",9.027751119902426
PRK,2023,"Korea, Dem. People's Rep.",2.485361987514367
PRK,2022,"Korea, Dem. People's Rep.",2.2714099308192215
PRK,2021,"Korea, Dem. People's Rep.",2.183952187005647
PRK,2020,"Korea, Dem. People's Rep.",2.6417269582640426
PRK,2019,"Korea, Dem. People's Rep.",2.8194230565974663
PRK,2018,"Korea, Dem. People's Rep.",2.560492214247214
PRK,2017,"Korea, Dem. People's Rep.",2.848537025496724
PRK,2016,"Korea, Dem. People's Rep.",1.4019240008084572
PRK,2015,"Korea, Dem. People's Rep.",1.2767801809163901
PRK,2014,"Korea, Dem. People's Rep.",1.634909105882451
PRK,2013,"Korea, Dem. People's Rep.",1.4966135665553904
PRK,2012,"Korea, Dem. People's Rep.",1.9444006376714837
PRK,2011,"Korea, Dem. People's Rep.",2.024534030252921
PRK,2010,"Korea, Dem. People's Rep.",2.7631123030786333
PRK,2009,"Korea, Dem. People's Rep.",2.8808683797611514
PRK,2008,"Korea, Dem. People's Rep.",3.0074600787300656
PRK,2007,"Korea, Dem. People's Rep.",2.758441269049499
PRK,2006,"Korea, Dem. People's Rep.",3.312951408156747
PRK,2005,"Korea, Dem. People's Rep.",3.2684040326714974
PRK,2004,"Korea, Dem. People's Rep.",3.155010506518197
PRK,2003,"Korea, Dem. People's Rep.",3.11253288657132
PRK,2002,"Korea, Dem. People's Rep.",3.0672896264959872
PRK,2001,"Korea, Dem. People's Rep.",3.2194771122063335
PRK,2000,"Korea, Dem. People's Rep.",3.1186757661125224
PRK,1999,"Korea, Dem. People's Rep.",2.918017283382868
PRK,1998,"Korea, Dem. People's Rep.",2.6968846877884296
PRK,1997,"Korea, Dem. People's Rep.",3.317578814780776
PRK,1996,"Korea, Dem. People's Rep.",3.452955846033582
PRK,1995,"Korea, Dem. People's Rep.",3.930464737691109
KIR,2023,Kiribati,0.5734550667773335
KIR,2022,Kiribati,0.5809809226712859
KIR,2021,Kiribati,0.6270593642163316
KIR,2020,Kiribati,0.5844614152372343
KIR,2019,Kiribati,0.6141009191339644
KIR,2018,Kiribati,0.6217030896759608
KIR,2017,Kiribati,0.5745167324880482
KIR,2016,Kiribati,0.5722581407518695
KIR,2015,Kiribati,0.5333219192740658
KIR,2014,Kiribati,0.5263340443612021
KIR,2013,Kiribati,0.5279432175547708
KIR,2012,Kiribati,0.49695415197178583
KIR,2011,Kiribati,0.515151789022748
KIR,2010,Kiribati,0.5620768324992641
KIR,2009,Kiribati,0.5457089990325641
KIR,2008,Kiribati,0.6582103586574811
KIR,2007,Kiribati,0.6035192224791316
KIR,2006,Kiribati,0.6618874791285482
KIR,2005,Kiribati,0.6283470189218137
KIR,2004,Kiribati,0.48290576052453554
KIR,2003,Kiribati,0.4746482612158216
KIR,2002,Kiribati,0.46822162490245384
KIR,2001,Kiribati,0.3232412686112802
KIR,2000,Kiribati,0.3656348391319558
KIR,1999,Kiribati,0.2203704978995937
KIR,1998,Kiribati,0.22414980678753635
KIR,1997,Kiribati,0.22104174836892582
KIR,1996,Kiribati,0.21906732992024014
KIR,1995,Kiribati,0.22035108452125957
KEN,2023,Kenya,0.38432025961869964
KEN,2022,Kenya,0.4050065120548172
KEN,2021,Kenya,0.40428104416367594
KEN,2020,Kenya,0.36701605639230833
KEN,2019,Kenya,0.3803872001051817
KEN,2018,Kenya,0.38115918529223364
KEN,2017,Kenya,0.3912047551102219
KEN,2016,Kenya,0.38436685307073143
KEN,2015,Kenya,0.36103274925190904
KEN,2014,Kenya,0.3410360240635255
KEN,2013,Kenya,0.3088395435895839
KEN,2012,Kenya,0.29375936453956764
KEN,2011,Kenya,0.3245182280999309
KEN,2010,Kenya,0.3241169341241971
KEN,2009,Kenya,0.30869938994366364
KEN,2008,Kenya,0.26960682977102357
KEN,2007,Kenya,0.26292218530227496
KEN,2006,Kenya,0.27094076068919126
KEN,2005,Kenya,0.25214766902805313
KEN,2004,Kenya,0.23196481018671294
KEN,2003,Kenya,0.21488030671851902
KEN,2002,Kenya,0.24546574101815122
KEN,2001,Kenya,0.2610062186958102
KEN,2000,Kenya,0.2906775437956407
KEN,1999,Kenya,0.26866412353403957
KEN,1998,Kenya,0.2694192967010554
KEN,1997,Kenya,0.25317979993287254
KEN,1996,Kenya,0.2706569225932319
KEN,1995,Kenya,0.25267133731159275
KAZ,2023,Kazakhstan,12.564333168192352
KAZ,2022,Kazakhstan,12.305086662784385
KAZ,2021,Kazakhstan,12.252464760358077
KAZ,2020,Kazakhstan,11.574496755152431
KAZ,2019,Kazakhstan,11.39094060221593
KAZ,2018,Kazakhstan,12.115523558756221
KAZ,2017,Kazakhstan,12.140919886525422
KAZ,2016,Kazakhstan,11.769201028120849
KAZ,2015,Kazakhstan,11.211679121114164
KAZ,2014,Kazakhstan,13.078674931390017
KAZ,2013,Kazakhstan,15.727204656143918
KAZ,2012,Kazakhstan,14.954739096131734
KAZ,2011,Kazakhstan,15.389052456456994
KAZ,2010,Kazakhstan,14.385052750491335
KAZ,2009,Kazakhstan,13.506894107201715
KAZ,2008,Kazakhstan,15.123831729474128
KAZ,2007,Kazakhstan,13.508187811269508
KAZ,2006,Kazakhstan,13.05240976678923
KAZ,2005,Kazakhstan,11.748216774714264
KAZ,2004,Kazakhstan,11.012917914577386
KAZ,2003,Kazakhstan,10.297243096946922
KAZ,2002,Kazakhstan,9.295331314556723
KAZ,2001,Kazakhstan,8.377007553505333
KAZ,2000,Kazakhstan,8.529973641230562
KAZ,1999,Kazakhstan,8.388732982683479
KAZ,1998,Kazakhstan,9.048271049225178
KAZ,1997,Kazakhstan,8.558732890235277
KAZ,1996,Kazakhstan,9.626513163020505
KAZ,1995,Kazakhstan,10.778375540389142
JOR,2023,Jordan,2.10161310922351
JOR,2022,Jordan,2.0733346404574946
JOR,2021,Jordan,1.9648021444457417
JOR,2020,Jordan,1.9279853124112996
JOR,2019,Jordan,2.1823873575920145
JOR,2018,Jordan,2.409765112968403
JOR,2017,Jordan,2.594255784462841
JOR,2016,Jordan,2.521924290804045
JOR,2015,Jordan,2.6856079413045673
JOR,2014,Jordan,2.939075560954581
JOR,2013,Jordan,3.015399892565
JOR,2012,Jordan,3.2333978329346538
JOR,2011,Jordan,2.8091856825228088
JOR,2010,Jordan,2.821457952214342
JOR,2009,Jordan,2.9490938709305685
JOR,2008,Jordan,2.931815860275433
JOR,2007,Jordan,3.1256760614521824
JOR,2006,Jordan,3.1962990778033507
JOR,2005,Jordan,3.369103057970637
JOR,2004,Jordan,3.2327784427941157
JOR,2003,Jordan,3.07334179985886
JOR,2002,Jordan,3.0639775244806597
JOR,2001,Jordan,3.001985490173115
JOR,2000,Jordan,3.056593301026834
JOR,1999,Jordan,2.8169918983315276
JOR,1998,Jordan,2.8728861542084054
JOR,1997,Jordan,2.897042081451999
JOR,1996,Jordan,2.875084783438873
JOR,1995,Jordan,2.9043815613152595
JPN,2023,Japan,8.050635798505661
JPN,2022,Japan,8.395630708107396
JPN,2021,Japan,8.594782849386704
JPN,2020,Japan,8.39710520271501
JPN,2019,Japan,8.874566661138882
JPN,2018,Japan,9.172136486582394
JPN,2017,Japan,9.552832908042719
JPN,2016,Japan,9.668652617331361
JPN,2015,Japan,9.694561156511275
JPN,2014,Japan,10.006362550677268
JPN,2013,Japan,10.384792655655382
JPN,2012,Japan,10.251601125136137
JPN,2011,Japan,9.933974012970047
JPN,2010,Japan,9.503116264542829
JPN,2009,Japan,9.039610455535858
JPN,2008,Japan,9.532537110640856
JPN,2007,Japan,10.091602409356177
JPN,2006,Japan,9.82400472413847
JPN,2005,Japan,10.007473409875326
JPN,2004,Japan,9.917305750581164
JPN,2003,Japan,9.958867974756886
JPN,2002,Japan,9.921934167680176
JPN,2001,Japan,9.673607342566594
JPN,2000,Japan,9.804063290839856
JPN,1999,Japan,9.67513168181567
JPN,1998,Japan,9.370177215189873
JPN,1997,Japan,9.770951236345462
JPN,1996,Japan,9.908227772609079
JPN,1995,Japan,9.828681299413415
JAM,2023,Jamaica,2.712845263692405
JAM,2022,Jamaica,2.646959787879727
JAM,2021,Jamaica,2.280875728851929
JAM,2020,Jamaica,2.0923511492935236
JAM,2019,Jamaica,2.989263163189081
JAM,2018,Jamaica,3.081844347907182
JAM,2017,Jamaica,2.595245908392891
JAM,2016,Jamaica,2.713747568876639
JAM,2015,Jamaica,2.535812232786471
JAM,2014,Jamaica,2.5824080831885756
JAM,2013,Jamaica,2.6884128855004175
JAM,2012,Jamaica,2.5299105838560396
JAM,2011,Jamaica,2.754325856169222
JAM,2010,Jamaica,2.7986209546207332
JAM,2009,Jamaica,2.9409260886483173
JAM,2008,Jamaica,3.6213579587875855
JAM,2007,Jamaica,4.508769990419339
JAM,2006,Jamaica,4.557995503834181
JAM,2005,Jamaica,3.9555783147864623
JAM,2004,Jamaica,3.967031219302267
JAM,2003,Jamaica,3.9738419790839723
JAM,2002,Jamaica,3.8853702909824084
JAM,2001,Jamaica,3.92801715285343
JAM,2000,Jamaica,3.928329574135698
JAM,1999,Jamaica,3.923090437660124
JAM,1998,Jamaica,3.853547601776992
JAM,1997,Jamaica,3.690722523478638
JAM,1996,Jamaica,3.640180109591624
JAM,1995,Jamaica,3.523947153591923
ITA,2023,Italy,5.159144609127296
ITA,2022,Italy,5.608971901373287
ITA,2021,Italy,5.586515710902238
ITA,2020,Italy,4.966674069793172
ITA,2019,Italy,5.567840563292779
ITA,2018,Italy,5.68452233279163
ITA,2017,Italy,5.761145431674798
ITA,2016,Italy,5.808340759211689
ITA,2015,Italy,5.873193091669786
ITA,2014,Italy,5.685868370209918
ITA,2013,Italy,5.99742374656768
ITA,2012,Italy,6.553339890100632
ITA,2011,Italy,6.905312575086202
ITA,2010,Italy,7.081863917507574
ITA,2009,Italy,6.948260355802174
ITA,2008,Italy,7.852861438450282
ITA,2007,Italy,8.174827776185229
ITA,2006,Italy,8.348043842090652
ITA,2005,Italy,8.476864814121596
ITA,2004,Italy,8.510731420403191
ITA,2003,Italy,8.37573927880229
ITA,2002,Italy,8.074241041625912
ITA,2001,Italy,7.9625208643469545
ITA,2000,Italy,7.978613998624708
ITA,1999,Italy,7.895043525040456
ITA,1998,Italy,7.775433435446597
ITA,1997,Italy,7.6163994849603025
ITA,1996,Italy,7.559702351805121
ITA,1995,Italy,7.650877520654972
ISR,2023,Israel,6.140775713270383
ISR,2022,Israel,6.6582683756212395
ISR,2021,Israel,6.506178372495038
ISR,2020,Israel,6.66216318867945
ISR,2019,Israel,7.213883366467859
ISR,2018,Israel,7.148444184266222
ISR,2017,Israel,7.783836204423123
ISR,2016,Israel,7.904528434355254
ISR,2015,Israel,8.11347119962769
ISR,2014,Israel,8.02420974475699
ISR,2013,Israel,8.472982194925244
ISR,2012,Israel,9.808457113962454
ISR,2011,Israel,9.160575858250278
ISR,2010,Israel,9.437168791646991
ISR,2009,Israel,8.956877204232125
ISR,2008,Israel,9.274176335376533
ISR,2007,Israel,9.389339981337308
ISR,2006,Israel,9.220394970015736
ISR,2005,Israel,8.928125135279434
ISR,2004,Israel,9.400616830665294
ISR,2003,Israel,9.604376877886901
ISR,2002,Israel,9.510867579908675
ISR,2001,Israel,9.199130299735984
ISR,2000,Israel,9.426602003498171
ISR,1999,Israel,8.970579591836735
ISR,1998,Israel,8.960626360743595
ISR,1997,Israel,9.070270733379028
ISR,1996,Israel,9.006430077301475
ISR,1995,Israel,8.691397655545536
IMN,2023,Isle of Man,
IMN,2022,Isle of Man,
IMN,2021,Isle of Man,
IMN,2020,Isle of Man,
IMN,2019,Isle of Man,
IMN,2018,Isle of Man,
IMN,2017,Isle of Man,
IMN,2016,Isle of Man,
IMN,2015,Isle of Man,
IMN,2014,Isle of Man,
IMN,2013,Isle of Man,
IMN,2012,Isle of Man,
IMN,2011,Isle of Man,
IMN,2010,Isle of Man,
IMN,2009,Isle of Man,
IMN,2008,Isle of Man,
IMN,2007,Isle of Man,
IMN,2006,Isle of Man,
IMN,2005,Isle of Man,
IMN,2004,Isle of Man,
IMN,2003,Isle of Man,
IMN,2002,Isle of Man,
IMN,2001,Isle of Man,
IMN,2000,Isle of Man,
IMN,1999,Isle of Man,
IMN,1998,Isle of Man,
IMN,1997,Isle of Man,
IMN,1996,Isle of Man,
IMN,1995,Isle of Man,
IRL,2023,Ireland,6.187078017704101
IRL,2022,Ireland,6.845812912587314
IRL,2021,Ireland,7.119067582282654
IRL,2020,Ireland,6.804567768977292
IRL,2019,Ireland,7.308212912964567
IRL,2018,Ireland,7.763378768000634
IRL,2017,Ireland,7.926180412205628
IRL,2016,Ireland,8.296369177121822
IRL,2015,Ireland,8.006878837896647
IRL,2014,Ireland,7.758934590595439
IRL,2013,Ireland,7.857968396666303
IRL,2012,Ireland,8.17522126702863
IRL,2011,Ireland,8.109894927691283
IRL,2010,Ireland,8.974453719226648
IRL,2009,Ireland,9.078301132761899
IRL,2008,Ireland,10.30870841225746
IRL,2007,Ireland,10.671861552164135
IRL,2006,Ireland,11.15881234306231
IRL,2005,Ireland,11.316051245290167
IRL,2004,Ireland,11.053661901862828
IRL,2003,Ireland,11.126802536506126
IRL,2002,Ireland,11.440413616968897
IRL,2001,Ireland,11.910968865640365
IRL,2000,Ireland,11.517738742039128
IRL,1999,Ireland,10.978175587104031
IRL,1998,Ireland,10.715663226938053
IRL,1997,Ireland,10.169151081971961
IRL,1996,Ireland,9.92635071793617
IRL,1995,Ireland,9.639798483779142
IRQ,2023,Iraq,5.168739111944436
IRQ,2022,Iraq,5.043694597782542
IRQ,2021,Iraq,4.6367351965097985
IRQ,2020,Iraq,4.365838604512401
IRQ,2019,Iraq,4.701089923131267
IRQ,2018,Iraq,4.493731427085297
IRQ,2017,Iraq,4.254106777342136
IRQ,2016,Iraq,4.030301619508814
IRQ,2015,Iraq,3.6715158609961227
IRQ,2014,Iraq,3.7835233042989067
IRQ,2013,Iraq,4.093028882243572
IRQ,2012,Iraq,3.9532142210027317
IRQ,2011,Iraq,3.6038982602262886
IRQ,2010,Iraq,3.591308925138779
IRQ,2009,Iraq,3.22209515764181
IRQ,2008,Iraq,3.1297258406637583
IRQ,2007,Iraq,2.7624360959913257
IRQ,2006,Iraq,2.9655602717521683
IRQ,2005,Iraq,3.0708953511065125
IRQ,2004,Iraq,3.2751577188063563
IRQ,2003,Iraq,3.092547646112276
IRQ,2002,Iraq,3.654916438579975
IRQ,2001,Iraq,3.9945011159686703
IRQ,2000,Iraq,3.636210136432704
IRQ,1999,Iraq,3.143554042436099
IRQ,1998,Iraq,4.119299790219529
IRQ,1997,Iraq,5.4616640166503485
IRQ,1996,Iraq,4.6817914117927915
IRQ,1995,Iraq,5.238679219009443
IRN,2023,"Iran, Islamic Rep.",9.007224879613391
IRN,2022,"Iran, Islamic Rep.",8.847423300275548
IRN,2021,"Iran, Islamic Rep.",8.866206243755052
IRN,2020,"Iran, Islamic Rep.",8.38853190019001
IRN,2019,"Iran, Islamic Rep.",8.185719815436464
IRN,2018,"Iran, Islamic Rep.",7.680739396658989
IRN,2017,"Iran, Islamic Rep.",7.837307302122812
IRN,2016,"Iran, Islamic Rep.",7.66363471449536
IRN,2015,"Iran, Islamic Rep.",7.619160748300138
IRN,2014,"Iran, Islamic Rep.",7.810109550011904
IRN,2013,"Iran, Islamic Rep.",7.618403185706651
IRN,2012,"Iran, Islamic Rep.",7.46470417628295
IRN,2011,"Iran, Islamic Rep.",7.4750306818015675
IRN,2010,"Iran, Islamic Rep.",7.449541817176311
IRN,2009,"Iran, Islamic Rep.",7.497134531357647
IRN,2008,"Iran, Islamic Rep.",7.351724186882775
IRN,2007,"Iran, Islamic Rep.",7.218649933176635
IRN,2006,"Iran, Islamic Rep.",6.895076430372609
IRN,2005,"Iran, Islamic Rep.",6.529305134016874
IRN,2004,"Iran, Islamic Rep.",6.191246919351706
IRN,2003,"Iran, Islamic Rep.",5.897917589437386
IRN,2002,"Iran, Islamic Rep.",5.65089777632155
IRN,2001,"Iran, Islamic Rep.",5.458160954592825
IRN,2000,"Iran, Islamic Rep.",5.328918188486762
IRN,1999,"Iran, Islamic Rep.",5.131854128581797
IRN,1998,"Iran, Islamic Rep.",4.759026209279224
IRN,1997,"Iran, Islamic Rep.",4.828614832787075
IRN,1996,"Iran, Islamic Rep.",4.678098258146699
IRN,1995,"Iran, Islamic Rep.",4.555370422071709
IDN,2023,Indonesia,2.747471872824014
IDN,2022,Indonesia,2.591895523750199
IDN,2021,Indonesia,2.249932001075322
IDN,2020,Indonesia,2.169765808811813
IDN,2019,Indonesia,2.339794665246056
IDN,2018,Indonesia,2.209539252419115
IDN,2017,Indonesia,2.003942761087367
IDN,2016,Indonesia,1.9162659101333182
IDN,2015,Indonesia,1.957214552590256
IDN,2014,Indonesia,1.9510247010786754
IDN,2013,Indonesia,1.856402267952335
IDN,2012,Indonesia,1.9954892890649045
IDN,2011,Indonesia,2.0039930086672695
IDN,2010,Indonesia,1.8013496273539717
IDN,2009,Indonesia,1.6912632704737622
IDN,2008,Indonesia,1.6541425247204962
IDN,2007,Indonesia,1.6948850040232244
IDN,2006,Indonesia,1.638883062898825
IDN,2005,Indonesia,1.5705566274594565
IDN,2004,Indonesia,1.58011931285841
IDN,2003,Indonesia,1.5713225064404925
IDN,2002,Indonesia,1.4631055066585057
IDN,2001,Indonesia,1.458535189442389
IDN,2000,Indonesia,1.3840857961385111
IDN,1999,Indonesia,1.386119857241814
IDN,1998,Indonesia,1.3260623328990768
IDN,1997,Indonesia,1.3340075012069925
IDN,1996,Indonesia,1.2401683452167076
IDN,1995,Indonesia,1.1961645112193973
IND,2023,India,2.096228588925678
IND,2022,India,1.9692961896287684
IND,2021,India,1.8370295169940616
IND,2020,India,1.6804001606439165
IND,2019,India,1.8368822321279912
IND,2018,India,1.859893094190517
IND,2017,India,1.7954533987753092
IND,2016,India,1.7202923565218957
IND,2015,India,1.7155026909752082
IND,2014,India,1.7051768600007617
IND,2013,India,1.5994585571681734
IND,2012,India,1.5760755351325524
IND,2011,India,1.4633739160857104
IND,2010,India,1.391298632876233
IND,2009,India,1.322845333014665
IND,2008,India,1.2581599820633458
IND,2007,India,1.1886235004643635
IND,2006,India,1.1081098918917365
IND,2005,India,1.054604893855267
IND,2004,India,1.0282264318289849
IND,2003,India,0.9697448826530111
IND,2002,India,0.957620477500199
IND,2001,India,0.9397897200114584
IND,2000,India,0.9423097442788385
IND,1999,India,0.9261899277571716
IND,1998,India,0.8840938181566016
IND,1997,India,0.878441939789039
IND,1996,India,0.8507774088465259
IND,1995,India,0.8293703364962707
ISL,2023,Iceland,8.349258290268965
ISL,2022,Iceland,8.480038114883914
ISL,2021,Iceland,8.492698378610545
ISL,2020,Iceland,8.382019467176768
ISL,2019,Iceland,8.810665542498814
ISL,2018,Iceland,9.34052693205111
ISL,2017,Iceland,9.696854979615608
ISL,2016,Iceland,9.476834834351402
ISL,2015,Iceland,10.97048199144537
ISL,2014,Iceland,10.580476868283922
ISL,2013,Iceland,11.460817138409459
ISL,2012,Iceland,11.365507177689919
ISL,2011,Iceland,11.296682904198562
ISL,2010,Iceland,11.748170833320232
ISL,2009,Iceland,12.016992204057155
ISL,2008,Iceland,11.908107392868619
ISL,2007,Iceland,11.153656047193852
ISL,2006,Iceland,10.671139172169516
ISL,2005,Iceland,10.539405662984356
ISL,2004,Iceland,10.872929463081274
ISL,2003,Iceland,10.707340745576314
ISL,2002,Iceland,10.88225985399429
ISL,2001,Iceland,10.378709188400101
ISL,2000,Iceland,10.143489625006668
ISL,1999,Iceland,9.881715041765657
ISL,1998,Iceland,9.88224647596945
ISL,1997,Iceland,9.68066743383199
ISL,1996,Iceland,10.072290231893975
ISL,1995,Iceland,9.124082133189765
HUN,2023,Hungary,4.480480257576323
HUN,2022,Hungary,4.952934251209308
HUN,2021,Hungary,5.293984009024256
HUN,2020,Hungary,5.134431093420047
HUN,2019,Hungary,5.312401751697607
HUN,2018,Hungary,5.280693324916009
HUN,2017,Hungary,5.257107302784196
HUN,2016,Hungary,4.9453188117939435
HUN,2015,Hungary,4.852234006667854
HUN,2014,Hungary,4.559343714526477
HUN,2013,Hungary,4.5374057479924
HUN,2012,Hungary,4.803524306875092
HUN,2011,Hungary,5.158253931340078
HUN,2010,Hungary,5.234617960378691
HUN,2009,Hungary,5.15845609694043
HUN,2008,Hungary,5.761836698017611
HUN,2007,Hungary,5.881701866985952
HUN,2006,Hungary,6.024969790604456
HUN,2005,Hungary,6.068692925048069
HUN,2004,Hungary,6.017475160643766
HUN,2003,Hungary,6.1879340764527395
HUN,2002,Hungary,5.904588502676745
HUN,2001,Hungary,5.988186002244302
HUN,2000,Hungary,5.823373702657661
HUN,1999,Hungary,6.116201857283935
HUN,1998,Hungary,6.0592096484025335
HUN,1997,Hungary,6.054553691633223
HUN,1996,Hungary,6.167532938333884
HUN,1995,Hungary,6.038097718406442
HND,2023,Honduras,1.1131297187720148
HND,2022,Honduras,1.010209222742786
HND,2021,Honduras,1.0078448945502458
HND,2020,Honduras,0.9112972398227605
HND,2019,Honduras,1.0210050994440363
HND,2018,Honduras,0.9222638325238269
HND,2017,Honduras,0.974871343619725
HND,2016,Honduras,1.033968029340082
HND,2015,Honduras,1.1712074030250166
HND,2014,Honduras,1.0961675237296817
HND,2013,Honduras,1.1384726633591615
HND,2012,Honduras,1.1393589682981538
HND,2011,Honduras,1.1112824499217442
HND,2010,Honduras,0.9542572817820197
HND,2009,Honduras,0.9975947200325669
HND,2008,Honduras,1.0814359956403594
HND,2007,Honduras,1.1062186925559536
HND,2006,Honduras,1.06403013674585
HND,2005,Honduras,0.9488049176590306
HND,2004,Honduras,1.0727094720176507
HND,2003,Honduras,0.9668063028876928
HND,2002,Honduras,0.8960551007017148
HND,2001,Honduras,0.8710870224340274
HND,2000,Honduras,0.7601812954019544
HND,1999,Honduras,0.7548516412015818
HND,1998,Honduras,0.7648011502573371
HND,1997,Honduras,0.6782230417952603
HND,1996,Honduras,0.6789517669006228
HND,1995,Honduras,0.6589266882208753
HTI,2023,Haiti,0.2904858972770374
HTI,2022,Haiti,0.2946293536131192
HTI,2021,Haiti,0.29964167487062826
HTI,2020,Haiti,0.3063453010037133
HTI,2019,Haiti,0.32371429397299256
HTI,2018,Haiti,0.3245377228009803
HTI,2017,Haiti,0.33155680929701303
HTI,2016,Haiti,0.3352869247376436
HTI,2015,Haiti,0.33202695519118536
HTI,2014,Haiti,0.3112143897250954
HTI,2013,Haiti,0.291263408593826
HTI,2012,Haiti,0.2739486329927463
HTI,2011,Haiti,0.2969670709872733
HTI,2010,Haiti,0.26510476988653
HTI,2009,Haiti,0.2191322823969375
HTI,2008,Haiti,0.22698051595809532
HTI,2007,Haiti,0.23298101329564327
HTI,2006,Haiti,0.20087750725270442
HTI,2005,Haiti,0.20185905446177374
HTI,2004,Haiti,0.20098172186387764
HTI,2003,Haiti,0.22116660532662885
HTI,2002,Haiti,0.22671716908267897
HTI,2001,Haiti,0.2043539211236438
HTI,2000,Haiti,0.20415141191578956
HTI,1999,Haiti,0.19665584466568262
HTI,1998,Haiti,0.19153619224250304
HTI,1997,Haiti,0.19043076796933348
HTI,1996,Haiti,0.16614862530371166
HTI,1995,Haiti,0.1489709946888257
GUY,2023,Guyana,4.526515907850519
GUY,2022,Guyana,4.483731866992358
GUY,2021,Guyana,4.072560767742268
GUY,2020,Guyana,4.123688359230743
GUY,2019,Guyana,3.4586121721258194
GUY,2018,Guyana,3.26041366624724
GUY,2017,Guyana,3.212579654095948
GUY,2016,Guyana,3.2170865485863365
GUY,2015,Guyana,2.7341222302614328
GUY,2014,Guyana,2.7380278403508753
GUY,2013,Guyana,2.6364595124669843
GUY,2012,Guyana,2.683414445897563
GUY,2011,Guyana,2.4571368070623585
GUY,2010,Guyana,2.3505984603393233
GUY,2009,Guyana,2.1659526601727976
GUY,2008,Guyana,2.1276003636334724
GUY,2007,Guyana,2.1232432375297448
GUY,2006,Guyana,1.7584450423339122
GUY,2005,Guyana,1.9494975779128785
GUY,2004,Guyana,2.194990149760368
GUY,2003,Guyana,2.1225237550468417
GUY,2002,Guyana,2.126230272427755
GUY,2001,Guyana,2.152582746112702
GUY,2000,Guyana,2.1731569808794613
GUY,1999,Guyana,2.2729086192891144
GUY,1998,Guyana,2.2910320513995805
GUY,1997,Guyana,2.261739991734941
GUY,1996,Guyana,2.0798762961424067
GUY,1995,Guyana,2.020601591797339
GNB,2023,Guinea-Bissau,0.15292529415944262
GNB,2022,Guinea-Bissau,0.1633318752674506
GNB,2021,Guinea-Bissau,0.16319861514318007
GNB,2020,Guinea-Bissau,0.16704292302763435
GNB,2019,Guinea-Bissau,0.18122718143453054
GNB,2018,Guinea-Bissau,0.18343870046738892
GNB,2017,Guinea-Bissau,0.16333949896434447
GNB,2016,Guinea-Bissau,0.20678063620528056
GNB,2015,Guinea-Bissau,0.2029156033422579
GNB,2014,Guinea-Bissau,0.19596559000460623
GNB,2013,Guinea-Bissau,0.1942837533380543
GNB,2012,Guinea-Bissau,0.1938940921644866
GNB,2011,Guinea-Bissau,0.19800059201182033
GNB,2010,Guinea-Bissau,0.20033874997047268
GNB,2009,Guinea-Bissau,0.20250567192770855
GNB,2008,Guinea-Bissau,0.19596063046099133
GNB,2007,Guinea-Bissau,0.21178701930962807
GNB,2006,Guinea-Bissau,0.20426721345181914
GNB,2005,Guinea-Bissau,0.19926388893915323
GNB,2004,Guinea-Bissau,0.1998424675246728
GNB,2003,Guinea-Bissau,0.20056020369940689
GNB,2002,Guinea-Bissau,0.17319381652313995
GNB,2001,Guinea-Bissau,0.16768772502067356
GNB,2000,Guinea-Bissau,0.16286816425468986
GNB,1999,Guinea-Bissau,0.1898023972778188
GNB,1998,Guinea-Bissau,0.1854357951717639
GNB,1997,Guinea-Bissau,0.18463465589059194
GNB,1996,Guinea-Bissau,0.1806678413865776
GNB,1995,Guinea-Bissau,0.18679422009395072
GIN,2023,Guinea,0.3489230617151765
GIN,2022,Guinea,0.3714513775283727
GIN,2021,Guinea,0.3703508395345966
GIN,2020,Guinea,0.40335997196358764
GIN,2019,Guinea,0.36933191738196913
GIN,2018,Guinea,0.29449559669459685
GIN,2017,Guinea,0.26402309315959693
GIN,2016,Guinea,0.267497057490953
GIN,2015,Guinea,0.24367153420520146
GIN,2014,Guinea,0.20686966984179447
GIN,2013,Guinea,0.20281681180620975
GIN,2012,Guinea,0.2299209244522382
GIN,2011,Guinea,0.24899571260067507
GIN,2010,Guinea,0.2414658747532485
GIN,2009,Guinea,0.2156940569233563
GIN,2008,Guinea,0.20830660469326295
GIN,2007,Guinea,0.20076004827431534
GIN,2006,Guinea,0.19665992703659324
GIN,2005,Guinea,0.1895229900050228
GIN,2004,Guinea,0.2019701356964781
GIN,2003,Guinea,0.2027217220219956
GIN,2002,Guinea,0.19575594651919873
GIN,2001,Guinea,0.1844739319622106
GIN,2000,Guinea,0.17322684803778268
GIN,1999,Guinea,0.12049427455586566
GIN,1998,Guinea,0.11776802495425012
GIN,1997,Guinea,0.11546555008781585
GIN,1996,Guinea,0.11727102902367878
GIN,1995,Guinea,0.11662530918813878
GTM,2023,Guatemala,1.1105147532904847
GTM,2022,Guatemala,1.061851782147535
GTM,2021,Guatemala,1.1480823813190217
GTM,2020,Guatemala,1.0150584839541807
GTM,2019,Guatemala,1.1496273664985501
GTM,2018,Guatemala,1.1124332432904924
GTM,2017,Guatemala,1.029572791846038
GTM,2016,Guatemala,1.107877920628247
GTM,2015,Guatemala,1.0617250728364462
GTM,2014,Guatemala,0.9269197106823388
GTM,2013,Guatemala,0.8796388874826099
GTM,2012,Guatemala,0.8336311644666041
GTM,2011,Guatemala,0.820889438069957
GTM,2010,Guatemala,0.8123454494696317
GTM,2009,Guatemala,0.8581762683292332
GTM,2008,Guatemala,0.8296487722363567
GTM,2007,Guatemala,0.9302126275633532
GTM,2006,Guatemala,0.8923311453582914
GTM,2005,Guatemala,0.8989940041851736
GTM,2004,Guatemala,0.8460498077596065
GTM,2003,Guatemala,0.848429989776336
GTM,2002,Guatemala,0.8686514113962578
GTM,2001,Guatemala,0.8496901521226339
GTM,2000,Guatemala,0.8274438021090152
GTM,1999,Guatemala,0.7568350248818936
GTM,1998,Guatemala,0.7812089707064591
GTM,1997,Guatemala,0.6421401700572696
GTM,1996,Guatemala,0.6301491582294975
GTM,1995,Guatemala,0.6588192218827584
GUM,2023,Guam,
GUM,2022,Guam,
GUM,2021,Guam,
GUM,2020,Guam,
GUM,2019,Guam,
GUM,2018,Guam,
GUM,2017,Guam,
GUM,2016,Guam,
GUM,2015,Guam,
GUM,2014,Guam,
GUM,2013,Guam,
GUM,2012,Guam,
GUM,2011,Guam,
GUM,2010,Guam,
GUM,2009,Guam,
GUM,2008,Guam,
GUM,2007,Guam,
GUM,2006,Guam,
GUM,2005,Guam,
GUM,2004,Guam,
GUM,2003,Guam,
GUM,2002,Guam,
GUM,2001,Guam,
GUM,2000,Guam,
GUM,1999,Guam,
GUM,1998,Guam,
GUM,1997,Guam,
GUM,1996,Guam,
GUM,1995,Guam,
GRD,2023,Grenada,1.451132122205994
GRD,2022,Grenada,1.4489406652810208
GRD,2021,Grenada,1.3780337309749076
GRD,2020,Grenada,1.3202568312116967
GRD,2019,Grenada,1.5554271820384373
GRD,2018,Grenada,1.2403730627274376
GRD,2017,Grenada,1.108820319132348
GRD,2016,Grenada,1.1083123425692694
GRD,2015,Grenada,1.0211378143639471
GRD,2014,Grenada,0.9637963060316125
GRD,2013,Grenada,1.08029994624935
GRD,2012,Grenada,0.8432720017734427
GRD,2011,Grenada,0.8199573515109878
GRD,2010,Grenada,1.0646496872367501
GRD,2009,Grenada,0.9554712639545544
GRD,2008,Grenada,0.8918265762516231
GRD,2007,Grenada,0.8188414976203833
GRD,2006,Grenada,0.7381849548281655
GRD,2005,Grenada,0.6497530391674413
GRD,2004,Grenada,0.607374477465858
GRD,2003,Grenada,0.6392123728004114
GRD,2002,Grenada,0.5848492675547028
GRD,2001,Grenada,0.539879800346338
GRD,2000,Grenada,0.5341969828107695
GRD,1999,Grenada,0.7523869311420728
GRD,1998,Grenada,0.7480496938939146
GRD,1997,Grenada,0.8633052529607856
GRD,1996,Grenada,0.6377648588694256
GRD,1995,Grenada,0.601719473567667
GRL,2023,Greenland,
GRL,2022,Greenland,
GRL,2021,Greenland,
GRL,2020,Greenland,
GRL,2019,Greenland,
GRL,2018,Greenland,
GRL,2017,Greenland,
GRL,2016,Greenland,
GRL,2015,Greenland,
GRL,2014,Greenland,
GRL,2013,Greenland,
GRL,2012,Greenland,
GRL,2011,Greenland,
GRL,2010,Greenland,
GRL,2009,Greenland,
GRL,2008,Greenland,
GRL,2007,Greenland,
GRL,2006,Greenland,
GRL,2005,Greenland,
GRL,2004,Greenland,
GRL,2003,Greenland,
GRL,2002,Greenland,
GRL,2001,Greenland,
GRL,2000,Greenland,
GRL,1999,Greenland,
GRL,1998,Greenland,
GRL,1997,Greenland,
GRL,1996,Greenland,
GRL,1995,Greenland,
GRC,2023,Greece,4.92324127436463
GRC,2022,Greece,5.280458870423427
GRC,2021,Greece,5.081782343263517
GRC,2020,Greece,4.894154832796332
GRC,2019,Greece,5.735412926935596
GRC,2018,Greece,6.199238936941635
GRC,2017,Greece,6.358525438090714
GRC,2016,Greece,6.32529541885367
GRC,2015,Greece,6.418348668957977
GRC,2014,Greece,6.5190789221818894
GRC,2013,Greece,6.7374444504533475
GRC,2012,Greece,7.383876756664162
GRC,2011,Greece,7.757360062437308
GRC,2010,Greece,8.011452935396909
GRC,2009,Greece,8.6627939796977
GRC,2008,Greece,9.192765991134916
GRC,2007,Greece,9.594656202716882
GRC,2006,Greece,9.290674843530548
GRC,2005,Greece,9.432678450802443
GRC,2004,Greece,9.273299175245668
GRC,2003,Greece,9.319605383201242
GRC,2002,Greece,8.99722088251152
GRC,2001,Greece,9.033327895481293
GRC,2000,Greece,8.89024680060945
GRC,1999,Greece,8.2611684512983
GRC,1998,Greece,8.269681971257148
GRC,1997,Greece,7.991682783431113
GRC,1996,Greece,7.941510821205037
GRC,1995,Greece,7.977606459592093
GIB,2023,Gibraltar,
GIB,2022,Gibraltar,
GIB,2021,Gibraltar,
GIB,2020,Gibraltar,
GIB,2019,Gibraltar,
GIB,2018,Gibraltar,
GIB,2017,Gibraltar,
GIB,2016,Gibraltar,
GIB,2015,Gibraltar,
GIB,2014,Gibraltar,
GIB,2013,Gibraltar,
GIB,2012,Gibraltar,
GIB,2011,Gibraltar,
GIB,2010,Gibraltar,
GIB,2009,Gibraltar,
GIB,2008,Gibraltar,
GIB,2007,Gibraltar,
GIB,2006,Gibraltar,
GIB,2005,Gibraltar,
GIB,2004,Gibraltar,
GIB,2003,Gibraltar,
GIB,2002,Gibraltar,
GIB,2001,Gibraltar,
GIB,2000,Gibraltar,
GIB,1999,Gibraltar,
GIB,1998,Gibraltar,
GIB,1997,Gibraltar,
GIB,1996,Gibraltar,
GIB,1995,Gibraltar,
GHA,2023,Ghana,0.6873641267111074
GHA,2022,Ghana,0.7175990504975813
GHA,2021,Ghana,0.7531551495118265
GHA,2020,Ghana,0.7195790717386698
GHA,2019,Ghana,0.6486655259798435
GHA,2018,Ghana,0.6219974583505847
GHA,2017,Ghana,0.5789221228195321
GHA,2016,Ghana,0.5463821564395668
GHA,2015,Ghana,0.5439978745520118
GHA,2014,Ghana,0.5290427162623292
GHA,2013,Ghana,0.5622431712213523
GHA,2012,Ghana,0.5414623658295039
GHA,2011,Ghana,0.45955775278473865
GHA,2010,Ghana,0.436820497903925
GHA,2009,Ghana,0.3989154179133821
GHA,2008,Ghana,0.35675955732025133
GHA,2007,Ghana,0.3858553568376382
GHA,2006,Ghana,0.37501895558564147
GHA,2005,Ghana,0.31652462747619786
GHA,2004,Ghana,0.30714781735643076
GHA,2003,Ghana,0.3384701999675537
GHA,2002,Ghana,0.3705029786697031
GHA,2001,Ghana,0.3224861282519537
GHA,2000,Ghana,0.3064201935857391
GHA,1999,Ghana,0.35732368647631124
GHA,1998,Ghana,0.33551412251132223
GHA,1997,Ghana,0.2531613922242707
GHA,1996,Ghana,0.2465219191203054
GHA,1995,Ghana,0.2324441662422653
DEU,2023,Germany,7.0798283910676245
DEU,2022,Germany,7.9118286026587406
DEU,2021,Germany,8.061281446464339
DEU,2020,Germany,7.721032647673928
DEU,2019,Germany,8.38218043063623
DEU,2018,Germany,9.006578093672646
DEU,2017,Germany,9.369765189402829
DEU,2016,Germany,9.584233838679287
DEU,2015,Germany,9.608848872430269
DEU,2014,Germany,9.616308461704689
DEU,2013,Germany,10.140860124987592
DEU,2012,Germany,9.94745307113612
DEU,2011,Germany,9.817767261314774
DEU,2010,Germany,9.965671247379914
DEU,2009,Germany,9.378644242585255
DEU,2008,Germany,10.107296548437885
DEU,2007,Germany,10.04781273203588
DEU,2006,Germany,10.384620721278706
DEU,2005,Germany,10.206790342243456
DEU,2004,Germany,10.463265058304872
DEU,2003,Germany,10.636963286578398
DEU,2002,Germany,10.546202837135045
DEU,2001,Germany,10.752584170538103
DEU,2000,Germany,10.599303202174566
DEU,1999,Germany,10.604888221829015
DEU,1998,Germany,11.049801275960744
DEU,1997,Germany,11.06216777273627
DEU,1996,Germany,11.467454532134724
DEU,1995,Germany,11.147098747495823
GEO,2023,Georgia,3.648596965724241
GEO,2022,Georgia,3.6263953527836486
GEO,2021,Georgia,3.3282550605213275
GEO,2020,Georgia,3.100048459243198
GEO,2019,Georgia,3.204888175538639
GEO,2018,Georgia,2.988555899841918
GEO,2017,Georgia,2.9964828363918063
GEO,2016,Georgia,2.9577961666047394
GEO,2015,Georgia,2.8580432698141025
GEO,2014,Georgia,2.6456855838043305
GEO,2013,Georgia,2.4610320233006284
GEO,2012,Georgia,2.218846761783852
GEO,2011,Georgia,2.019145249452873
GEO,2010,Georgia,1.6669945691427486
GEO,2009,Georgia,1.6965362221612257
GEO,2008,Georgia,1.4761791048809534
GEO,2007,Georgia,1.708712441304216
GEO,2006,Georgia,1.464198949217686
GEO,2005,Georgia,1.2759358242179502
GEO,2004,Georgia,1.098046005693421
GEO,2003,Georgia,1.0010537141145057
GEO,2002,Georgia,0.9032264550969394
GEO,2001,Georgia,0.9662281008765254
GEO,2000,Georgia,1.2784970608008426
GEO,1999,Georgia,1.175986098308666
GEO,1998,Georgia,1.2931216297833423
GEO,1997,Georgia,1.391177248832333
GEO,1996,Georgia,1.5362338393556647
GEO,1995,Georgia,1.8298430005053972
GMB,2023,"Gambia, The",0.17562165357906032
GMB,2022,"Gambia, The",0.1877131164018555
GMB,2021,"Gambia, The",0.1854030069759046
GMB,2020,"Gambia, The",0.16774435124872156
GMB,2019,"Gambia, The",0.1892672062206636
GMB,2018,"Gambia, The",0.19182107923214892
GMB,2017,"Gambia, The",0.22355155796564663
GMB,2016,"Gambia, The",0.2249789711656477
GMB,2015,"Gambia, The",0.2288124812038863
GMB,2014,"Gambia, The",0.22351293214964185
GMB,2013,"Gambia, The",0.2121379205445333
GMB,2012,"Gambia, The",0.2175132421709427
GMB,2011,"Gambia, The",0.23369479741746077
GMB,2010,"Gambia, The",0.22879328153303954
GMB,2009,"Gambia, The",0.23201608188853182
GMB,2008,"Gambia, The",0.2150890171477106
GMB,2007,"Gambia, The",0.21933724247836925
GMB,2006,"Gambia, The",0.2144262581801752
GMB,2005,"Gambia, The",0.19903577425096144
GMB,2004,"Gambia, The",0.2015651521730549
GMB,2003,"Gambia, The",0.2000493150719664
GMB,2002,"Gambia, The",0.2016681741313845
GMB,2001,"Gambia, The",0.19946341531935216
GMB,2000,"Gambia, The",0.1829447647008695
GMB,1999,"Gambia, The",0.12367749486325197
GMB,1998,"Gambia, The",0.12186026447598997
GMB,1997,"Gambia, The",0.1150207373426774
GMB,1996,"Gambia, The",0.11910158981412468
GMB,1995,"Gambia, The",0.11840422427041405
GAB,2023,Gabon,2.060738356456021
GAB,2022,Gabon,2.296948222089753
GAB,2021,Gabon,2.2571844750879575
GAB,2020,Gabon,2.380455182883904
GAB,2019,Gabon,2.4927393586293816
GAB,2018,Gabon,2.445805711475475
GAB,2017,Gabon,2.665353052992721
GAB,2016,Gabon,3.12287828535461
GAB,2015,Gabon,3.1559699733805524
GAB,2014,Gabon,3.1677634289139855
GAB,2013,Gabon,3.1769537688069214
GAB,2012,Gabon,3.189146721865797
GAB,2011,Gabon,3.266020757750486
GAB,2010,Gabon,3.464313477866757
GAB,2009,Gabon,3.279516308809333
GAB,2008,Gabon,3.4340379859069485
GAB,2007,Gabon,3.3257145280571017
GAB,2006,Gabon,3.783769807410413
GAB,2005,Gabon,4.367421822418252
GAB,2004,Gabon,4.6603531632115445
GAB,2003,Gabon,5.311462364813542
GAB,2002,Gabon,4.811487322833767
GAB,2001,Gabon,5.147416479521437
GAB,2000,Gabon,5.17720677468618
GAB,1999,Gabon,5.301943016019102
GAB,1998,Gabon,5.713620788686645
GAB,1997,Gabon,5.120196641553225
GAB,1996,Gabon,5.497324253590448
GAB,1995,Gabon,5.048908800022792
PYF,2023,French Polynesia,
PYF,2022,French Polynesia,
PYF,2021,French Polynesia,
PYF,2020,French Polynesia,
PYF,2019,French Polynesia,
PYF,2018,French Polynesia,
PYF,2017,French Polynesia,
PYF,2016,French Polynesia,
PYF,2015,French Polynesia,
PYF,2014,French Polynesia,
PYF,2013,French Polynesia,
PYF,2012,French Polynesia,
PYF,2011,French Polynesia,
PYF,2010,French Polynesia,
PYF,2009,French Polynesia,
PYF,2008,French Polynesia,
PYF,2007,French Polynesia,
PYF,2006,French Polynesia,
PYF,2005,French Polynesia,
PYF,2004,French Polynesia,
PYF,2003,French Polynesia,
PYF,2002,French Polynesia,
PYF,2001,French Polynesia,
PYF,2000,French Polynesia,
PYF,1999,French Polynesia,
PYF,1998,French Polynesia,
PYF,1997,French Polynesia,
PYF,1996,French Polynesia,
PYF,1995,French Polynesia,
FRA,2023,France,4.155983610084355
FRA,2022,France,4.512468288777309
FRA,2021,France,4.668208692001279
FRA,2020,France,4.246776421274739
FRA,2019,France,4.792140448182492
FRA,2018,France,4.892170665067581
FRA,2017,France,5.061551432633542
FRA,2016,France,5.017275316278507
FRA,2015,France,4.991163406917613
FRA,2014,France,4.930488744982116
FRA,2013,France,5.457120989791013
FRA,2012,France,5.559497636064058
FRA,2011,France,5.566040406894127
FRA,2010,France,5.801948079059996
FRA,2009,France,5.717173172696453
FRA,2008,France,5.942901912596165
FRA,2007,France,6.090030302940365
FRA,2006,France,6.240216683629785
FRA,2005,France,6.453914029082291
FRA,2004,France,6.466683106994962
FRA,2003,France,6.4976761793260405
FRA,2002,France,6.464367470067613
FRA,2001,France,6.599674270301807
FRA,2000,France,6.580348179353449
FRA,1999,France,6.675002370996549
FRA,1998,France,6.813534466562965
FRA,1997,France,6.4724315104642525
FRA,1996,France,6.634179408467686
FRA,1995,France,6.411530122271108
FIN,2023,Finland,5.889545875641642
FIN,2022,Finland,6.681621984893737
FIN,2021,Finland,7.094798662411612
FIN,2020,Finland,7.138745462328442
FIN,2019,Finland,7.99426833424913
FIN,2018,Finland,8.601030726902698
FIN,2017,Finland,8.364943700444464
FIN,2016,Finland,8.88160307084068
FIN,2015,Finland,8.390462614409882
FIN,2014,Finland,9.05273118506377
FIN,2013,Finland,9.805400726460809
FIN,2012,Finland,9.665123806536828
FIN,2011,Finland,10.805375081287655
FIN,2010,Finland,12.277191577207688
FIN,2009,Finland,10.6915488312042
FIN,2008,Finland,11.259816926980262
FIN,2007,Finland,12.870581161415238
FIN,2006,Finland,13.264725608343518
FIN,2005,Finland,11.102808640939854
FIN,2004,Finland,13.475972098852141
FIN,2003,Finland,14.213543259235443
FIN,2002,Finland,12.63831582444942
FIN,2001,Finland,12.25437586063861
FIN,2000,Finland,11.113905949315416
FIN,1999,Finland,11.40224498274505
FIN,1998,Finland,11.553802873310516
FIN,1997,Finland,12.207298483317071
FIN,1996,Finland,12.671631372994394
FIN,1995,Finland,11.502156509958319
FJI,2023,Fiji,1.5558164573741133
FJI,2022,Fiji,1.5600018272349367
FJI,2021,Fiji,1.4646927984937457
FJI,2020,Fiji,1.1741458397771276
FJI,2019,Fiji,1.7695942393641266
FJI,2018,Fiji,1.8043350269303735
FJI,2017,Fiji,1.676827111353467
FJI,2016,Fiji,1.732548854069885
FJI,2015,Fiji,1.760547280688194
FJI,2014,Fiji,1.7000059939951067
FJI,2013,Fiji,1.4984416468780557
FJI,2012,Fiji,1.3172765209559765
FJI,2011,Fiji,1.3640909145674263
FJI,2010,Fiji,1.863427718446122
FJI,2009,Fiji,1.172237965960458
FJI,2008,Fiji,1.4298222601530441
FJI,2007,Fiji,1.9202924377834607
FJI,2006,Fiji,2.0899294109719047
FJI,2005,Fiji,1.9615154032450908
FJI,2004,Fiji,2.263354247534785
FJI,2003,Fiji,1.7607349074093313
FJI,2002,Fiji,1.5078392958910272
FJI,2001,Fiji,1.8404041450289315
FJI,2000,Fiji,1.7163569423088587
FJI,1999,Fiji,1.5336103136706145
FJI,1998,Fiji,1.4497882659700483
FJI,1997,Fiji,1.4807809993116943
FJI,1996,Fiji,1.448390062566171
FJI,1995,Fiji,1.392933423140773
FRO,2023,Faroe Islands,
FRO,2022,Faroe Islands,
FRO,2021,Faroe Islands,
FRO,2020,Faroe Islands,
FRO,2019,Faroe Islands,
FRO,2018,Faroe Islands,
FRO,2017,Faroe Islands,
FRO,2016,Faroe Islands,
FRO,2015,Faroe Islands,
FRO,2014,Faroe Islands,
FRO,2013,Faroe Islands,
FRO,2012,Faroe Islands,
FRO,2011,Faroe Islands,
FRO,2010,Faroe Islands,
FRO,2009,Faroe Islands,
FRO,2008,Faroe Islands,
FRO,2007,Faroe Islands,
FRO,2006,Faroe Islands,
FRO,2005,Faroe Islands,
FRO,2004,Faroe Islands,
FRO,2003,Faroe Islands,
FRO,2002,Faroe Islands,
FRO,2001,Faroe Islands,
FRO,2000,Faroe Islands,
FRO,1999,Faroe Islands,
FRO,1998,Faroe Islands,
FRO,1997,Faroe Islands,
FRO,1996,Faroe Islands,
FRO,1995,Faroe Islands,
ETH,2023,Ethiopia,0.14776789165224435
ETH,2022,Ethiopia,0.14622964678181724
ETH,2021,Ethiopia,0.1563314290157014
ETH,2020,Ethiopia,0.15149808980029553
ETH,2019,Ethiopia,0.15969343284701712
ETH,2018,Ethiopia,0.1550590821470879
ETH,2017,Ethiopia,0.1447443180017785
ETH,2016,Ethiopia,0.15021997848875993
ETH,2015,Ethiopia,0.13006809131685398
ETH,2014,Ethiopia,0.12267838763965326
ETH,2013,Ethiopia,0.10607204880118806
ETH,2012,Ethiopia,0.09380183358727362
ETH,2011,Ethiopia,0.08543749396806032
ETH,2010,Ethiopia,0.07600191008215576
ETH,2009,Ethiopia,0.07851364170263589
ETH,2008,Ethiopia,0.08024673433456232
ETH,2007,Ethiopia,0.07642664422966923
ETH,2006,Ethiopia,0.07181473812346902
ETH,2005,Ethiopia,0.06983637471006784
ETH,2004,Ethiopia,0.07533662579564239
ETH,2003,Ethiopia,0.07125166269568253
ETH,2002,Ethiopia,0.06870474599911103
ETH,2001,Ethiopia,0.06889990211513791
ETH,2000,Ethiopia,0.057506513651811364
ETH,1999,Ethiopia,0.053477988173411976
ETH,1998,Ethiopia,0.055898090516556496
ETH,1997,Ethiopia,0.05428426064724629
ETH,1996,Ethiopia,0.053595539825991065
ETH,1995,Ethiopia,0.04912288690465069
SWZ,2023,Eswatini,0.876387437363166
SWZ,2022,Eswatini,0.8831610355750228
SWZ,2021,Eswatini,0.8198290558622502
SWZ,2020,Eswatini,0.8053799312333313
SWZ,2019,Eswatini,0.9628994282440329
SWZ,2018,Eswatini,0.908609504939992
SWZ,2017,Eswatini,0.9167713554280583
SWZ,2016,Eswatini,0.9107382556174081
SWZ,2015,Eswatini,0.8583206526352081
SWZ,2014,Eswatini,0.8650012012683281
SWZ,2013,Eswatini,0.8519544420747086
SWZ,2012,Eswatini,0.7216182043540894
SWZ,2011,Eswatini,0.733025416139978
SWZ,2010,Eswatini,0.7696667116448522
SWZ,2009,Eswatini,0.9494612963091988
SWZ,2008,Eswatini,0.9225100651949609
SWZ,2007,Eswatini,0.9465437492264178
SWZ,2006,Eswatini,0.9211239759653866
SWZ,2005,Eswatini,0.9183316002824781
SWZ,2004,Eswatini,0.9267033123703011
SWZ,2003,Eswatini,0.9418768163494889
SWZ,2002,Eswatini,1.0217652516751758
SWZ,2001,Eswatini,1.0579755371699535
SWZ,2000,Eswatini,1.0539516465113778
SWZ,1999,Eswatini,1.2276116579451328
SWZ,1998,Eswatini,1.1559814956656824
SWZ,1997,Eswatini,1.1489765406527688
SWZ,1996,Eswatini,1.1471539368444024
SWZ,1995,Eswatini,1.460997307387527
EST,2023,Estonia,8.373507428376266
EST,2022,Estonia,11.13415972242816
EST,2021,Estonia,9.711690755049844
EST,2020,Estonia,9.125760987783579
EST,2019,Estonia,11.653420232753383
EST,2018,Estonia,17.888964785317746
EST,2017,Estonia,16.672967031632385
EST,2016,Estonia,15.646721741311303
EST,2015,Estonia,15.981517507509082
EST,2014,Estonia,17.307433370481803
EST,2013,Estonia,17.933728225481545
EST,2012,Estonia,16.050626901419523
EST,2011,Estonia,16.82608391044711
EST,2010,Estonia,16.684954655551174
EST,2009,Estonia,13.067593844954908
EST,2008,Estonia,15.6166002288552
EST,2007,Estonia,17.180609839782797
EST,2006,Estonia,14.428538546639837
EST,2005,Estonia,14.81345610894798
EST,2004,Estonia,14.711827088914168
EST,2003,Estonia,14.26578732345045
EST,2002,Estonia,12.700764853010476
EST,2001,Estonia,13.146173047622135
EST,2000,Estonia,12.757116218141212
EST,1999,Estonia,12.53024648910551
EST,1998,Estonia,13.712093011176231
EST,1997,Estonia,15.133526492727942
EST,1996,Estonia,15.276908492124154
EST,1995,Estonia,14.340813317797018
ERI,2023,Eritrea,0.22020579819559186
ERI,2022,Eritrea,0.21994769239703682
ERI,2021,Eritrea,0.21249585470405646
ERI,2020,Eritrea,0.20402452426433434
ERI,2019,Eritrea,0.2078887869059692
ERI,2018,Eritrea,0.20518297648429573
ERI,2017,Eritrea,0.18604299780309916
ERI,2016,Eritrea,0.1911224700755081
ERI,2015,Eritrea,0.18598983882383324
ERI,2014,Eritrea,0.19242866230740577
ERI,2013,Eritrea,0.19308083633666845
ERI,2012,Eritrea,0.208858250345408
ERI,2011,Eritrea,0.20563718010928853
ERI,2010,Eritrea,0.17547278847583822
ERI,2009,Eritrea,0.16652325144526184
ERI,2008,Eritrea,0.16443403056534273
ERI,2007,Eritrea,0.1932399200647997
ERI,2006,Eritrea,0.20099855668684544
ERI,2005,Eritrea,0.2270391531687594
ERI,2004,Eritrea,0.2761053064253176
ERI,2003,Eritrea,0.2808449246021196
ERI,2002,Eritrea,0.30322050599712996
ERI,2001,Eritrea,0.31802546539283477
ERI,2000,Eritrea,0.2983047407890679
ERI,1999,Eritrea,0.3069893979518976
ERI,1998,Eritrea,0.29324638979939177
ERI,1997,Eritrea,0.39904559890527314
ERI,1996,Eritrea,0.4309210773590721
ERI,1995,Eritrea,0.41179755558156034
GNQ,2023,Equatorial Guinea,2.579146750640984
GNQ,2022,Equatorial Guinea,2.8215542168340684
GNQ,2021,Equatorial Guinea,2.8603821044743363
GNQ,2020,Equatorial Guinea,2.8605834772334817
GNQ,2019,Equatorial Guinea,3.0669803260373003
GNQ,2018,Equatorial Guinea,3.2882502217861425
GNQ,2017,Equatorial Guinea,3.1278881922380752
GNQ,2016,Equatorial Guinea,3.5733656193599463
GNQ,2015,Equatorial Guinea,3.718835179029426
GNQ,2014,Equatorial Guinea,4.08471612226645
GNQ,2013,Equatorial Guinea,4.2513916765338156
GNQ,2012,Equatorial Guinea,4.337126966492795
GNQ,2011,Equatorial Guinea,4.80007408391614
GNQ,2010,Equatorial Guinea,4.806973429149304
GNQ,2009,Equatorial Guinea,4.82339546682892
GNQ,2008,Equatorial Guinea,6.0917632522844
GNQ,2007,Equatorial Guinea,6.888124442591241
GNQ,2006,Equatorial Guinea,6.44857387793926
GNQ,2005,Equatorial Guinea,6.751026793206856
GNQ,2004,Equatorial Guinea,6.9783102219426905
GNQ,2003,Equatorial Guinea,4.23488728118491
GNQ,2002,Equatorial Guinea,4.025530197742484
GNQ,2001,Equatorial Guinea,4.801850004534325
GNQ,2000,Equatorial Guinea,3.902576360164316
GNQ,1999,Equatorial Guinea,3.8560341959251456
GNQ,1998,Equatorial Guinea,3.669985065645685
GNQ,1997,Equatorial Guinea,3.1386318210775612
GNQ,1996,Equatorial Guinea,2.372230796708296
GNQ,1995,Equatorial Guinea,2.253423986107999
SLV,2023,El Salvador,1.4638748679794549
SLV,2022,El Salvador,1.3479888521586245
SLV,2021,El Salvador,1.2040061498306687
SLV,2020,El Salvador,1.0671770596469132
SLV,2019,El Salvador,1.3028585167135462
SLV,2018,El Salvador,1.1418682283871509
SLV,2017,El Salvador,1.0673637687286766
SLV,2016,El Salvador,1.1818313765965682
SLV,2015,El Salvador,1.1748513343842724
SLV,2014,El Salvador,1.1057195777025794
SLV,2013,El Salvador,1.0808232631609984
SLV,2012,El Salvador,1.1445418079072944
SLV,2011,El Salvador,1.1532271822902873
SLV,2010,El Salvador,1.1081779933552496
SLV,2009,El Salvador,1.1405723843096525
SLV,2008,El Salvador,1.1760077501572737
SLV,2007,El Salvador,1.2943141096977215
SLV,2006,El Salvador,1.231040869370655
SLV,2005,El Salvador,1.1710113497818195
SLV,2004,El Salvador,1.1373312542852057
SLV,2003,El Salvador,1.096839445343821
SLV,2002,El Salvador,1.0112365368769178
SLV,2001,El Salvador,1.0114342013987796
SLV,2000,El Salvador,0.9756760731208544
SLV,1999,El Salvador,0.9851874397605641
SLV,1998,El Salvador,0.9978096446713455
SLV,1997,El Salvador,0.9585294267610083
SLV,1996,El Salvador,0.7871791329488332
SLV,1995,El Salvador,0.8908683263188567
EGY,2023,"Egypt, Arab Rep.",2.4083000025529144
EGY,2022,"Egypt, Arab Rep.",2.299748042612987
EGY,2021,"Egypt, Arab Rep.",2.3579520096648605
EGY,2020,"Egypt, Arab Rep.",2.2520580043434797
EGY,2019,"Egypt, Arab Rep.",2.203838589286239
EGY,2018,"Egypt, Arab Rep.",2.4244315219567847
EGY,2017,"Egypt, Arab Rep.",2.523786415523977
EGY,2016,"Egypt, Arab Rep.",2.4607606018260353
EGY,2015,"Egypt, Arab Rep.",2.403818166151462
EGY,2014,"Egypt, Arab Rep.",2.390123214455518
EGY,2013,"Egypt, Arab Rep.",2.399510904623475
EGY,2012,"Egypt, Arab Rep.",2.5005817616751456
EGY,2011,"Egypt, Arab Rep.",2.4078706150377496
EGY,2010,"Egypt, Arab Rep.",2.3740798810064194
EGY,2009,"Egypt, Arab Rep.",2.4038693402258215
EGY,2008,"Egypt, Arab Rep.",2.352835223295081
EGY,2007,"Egypt, Arab Rep.",2.3963757275554287
EGY,2006,"Egypt, Arab Rep.",2.2838619057273517
EGY,2005,"Egypt, Arab Rep.",2.199565864807296
EGY,2004,"Egypt, Arab Rep.",2.0184066565906003
EGY,2003,"Egypt, Arab Rep.",1.8991465873848163
EGY,2002,"Egypt, Arab Rep.",1.9014184276508797
EGY,2001,"Egypt, Arab Rep.",1.8914850927896414
EGY,2000,"Egypt, Arab Rep.",1.7502730172880572
EGY,1999,"Egypt, Arab Rep.",1.8093816254184756
EGY,1998,"Egypt, Arab Rep.",1.717478447612147
EGY,1997,"Egypt, Arab Rep.",1.6626714445665125
EGY,1996,"Egypt, Arab Rep.",1.5952113061684268
EGY,1995,"Egypt, Arab Rep.",1.519075658547194
ECU,2023,Ecuador,2.602329477566928
ECU,2022,Ecuador,2.4780944369236426
ECU,2021,Ecuador,2.327770794709829
ECU,2020,Ecuador,2.0858579972204594
ECU,2019,Ecuador,2.417840209074718
ECU,2018,Ecuador,2.4759895380211567
ECU,2017,Ecuador,2.4498376116880203
ECU,2016,Ecuador,2.5487879865779983
ECU,2015,Ecuador,2.660475924807385
ECU,2014,Ecuador,2.7102627955979637
ECU,2013,Ecuador,2.603781028406931
ECU,2012,Ecuador,2.482694474522986
ECU,2011,Ecuador,2.500210912966381
ECU,2010,Ecuador,2.5372205247900816
ECU,2009,Ecuador,2.3870504387103857
ECU,2008,Ecuador,2.2414234807860636
ECU,2007,Ecuador,2.209114485936793
ECU,2006,Ecuador,2.1991276383841667
ECU,2005,Ecuador,2.0847363995353803
ECU,2004,Ecuador,1.966815201539074
ECU,2003,Ecuador,1.865123337739953
ECU,2002,Ecuador,1.8493474735874917
ECU,2001,Ecuador,1.883478406350062
ECU,2000,Ecuador,1.7386745868890456
ECU,1999,Ecuador,1.7410197184702338
ECU,1998,Ecuador,2.002288105378223
ECU,1997,Ecuador,2.076771361485919
ECU,1996,Ecuador,2.029464183660078
ECU,1995,Ecuador,1.7949764781786208
DOM,2023,Dominican Republic,2.893666329399233
DOM,2022,Dominican Republic,2.85936787390744
DOM,2021,Dominican Republic,2.667160876689984
DOM,2020,Dominican Republic,2.4459725843227385
DOM,2019,Dominican Republic,2.6125745969609264
DOM,2018,Dominican Republic,2.3769684678789837
DOM,2017,Dominican Republic,2.230153757770692
DOM,2016,Dominican Republic,2.3571591717899847
DOM,2015,Dominican Republic,2.2878956617305373
DOM,2014,Dominican Republic,2.103721690251822
DOM,2013,Dominican Republic,2.1075389404554694
DOM,2012,Dominican Republic,2.173188363414363
DOM,2011,Dominican Republic,2.124291685757983
DOM,2010,Dominican Republic,2.131092368516854
DOM,2009,Dominican Republic,2.0464732010935234
DOM,2008,Dominican Republic,2.1644331582251572
DOM,2007,Dominican Republic,2.1949292159255336
DOM,2006,Dominican Republic,2.203082842933277
DOM,2005,Dominican Republic,2.036848861478451
DOM,2004,Dominican Republic,1.9138612517314868
DOM,2003,Dominican Republic,2.0925949433335336
DOM,2002,Dominican Republic,2.3743947150070013
DOM,2001,Dominican Republic,2.195834699401384
DOM,2000,Dominican Republic,2.2149789321997764
DOM,1999,Dominican Republic,2.15563007683448
DOM,1998,Dominican Republic,2.0208746622589966
DOM,1997,Dominican Republic,1.7916883102901635
DOM,1996,Dominican Republic,1.6021125138710905
DOM,1995,Dominican Republic,1.5159642069112835
DMA,2023,Dominica,1.2238761088558112
DMA,2022,Dominica,1.215095920749409
DMA,2021,Dominica,1.136870926460522
DMA,2020,Dominica,1.1409882645435308
DMA,2019,Dominica,1.2698880377136124
DMA,2018,Dominica,1.0487869275676944
DMA,2017,Dominica,1.0102779724363466
DMA,2016,Dominica,1.1162830790449099
DMA,2015,Dominica,1.0282630308194858
DMA,2014,Dominica,0.9506486862859336
DMA,2013,Dominica,0.8592125080685649
DMA,2012,Dominica,0.7856130096356955
DMA,2011,Dominica,0.8616569881105818
DMA,2010,Dominica,1.1225838307265572
DMA,2009,Dominica,1.089103159851301
DMA,2008,Dominica,1.0689284573154791
DMA,2007,Dominica,1.0980870626171075
DMA,2006,Dominica,0.9083510158997762
DMA,2005,Dominica,0.8569267029417755
DMA,2004,Dominica,0.871097903829626
DMA,2003,Dominica,0.8171484437699728
DMA,2002,Dominica,0.7196454429768748
DMA,2001,Dominica,0.7980904404873477
DMA,2000,Dominica,0.7911138357344076
DMA,1999,Dominica,0.8987948308407144
DMA,1998,Dominica,0.5222498697992014
DMA,1997,Dominica,0.8975598493484754
DMA,1996,Dominica,0.9307016280074918
DMA,1995,Dominica,0.8478601966344701
DJI,2023,Djibouti,0.7632634369058688
DJI,2022,Djibouti,0.762292717589368
DJI,2021,Djibouti,0.7310603898513085
DJI,2020,Djibouti,0.6749077984922023
DJI,2019,Djibouti,0.765677513458601
DJI,2018,Djibouti,0.6862695707176723
DJI,2017,Djibouti,0.6414236837589741
DJI,2016,Djibouti,0.7184482673880382
DJI,2015,Djibouti,0.8000486125336049
DJI,2014,Djibouti,0.8811060349031681
DJI,2013,Djibouti,0.8888897914754311
DJI,2012,Djibouti,0.82337985015728
DJI,2011,Djibouti,0.6611087566601094
DJI,2010,Djibouti,0.8724527036251506
DJI,2009,Djibouti,0.7989889493125272
DJI,2008,Djibouti,0.9038526593587788
DJI,2007,Djibouti,0.8578341688316441
DJI,2006,Djibouti,0.8454433699010475
DJI,2005,Djibouti,0.8986292358970265
DJI,2004,Djibouti,0.9580886162367876
DJI,2003,Djibouti,1.016448294385257
DJI,2002,Djibouti,0.9840693637549744
DJI,2001,Djibouti,0.9788503499876186
DJI,2000,Djibouti,0.9816436911729679
DJI,1999,Djibouti,1.6481225266425303
DJI,1998,Djibouti,1.6356570082018782
DJI,1997,Djibouti,1.663548257933336
DJI,1996,Djibouti,1.720680868916076
DJI,1995,Djibouti,1.7013808812239959
DNK,2023,Denmark,4.407367000776196
DNK,2022,Denmark,4.827040724969198
DNK,2021,Denmark,5.047882496948384
DNK,2020,Denmark,4.765216061174976
DNK,2019,Denmark,5.173239919634316
DNK,2018,Denmark,5.788748205789939
DNK,2017,Denmark,5.818875347355931
DNK,2016,Denmark,6.228760075488695
DNK,2015,Denmark,5.994774683059666
DNK,2014,Denmark,6.413991379424911
DNK,2013,Denmark,7.183559836521618
DNK,2012,Denmark,6.902638470898703
DNK,2011,Denmark,7.8061822017559415
DNK,2010,Denmark,8.75320381499808
DNK,2009,Denmark,8.764813931319306
DNK,2008,Denmark,9.211010370027346
DNK,2007,Denmark,9.863574391945857
DNK,2006,Denmark,10.77742662129097
DNK,2005,Denmark,9.345850266227162
DNK,2004,Denmark,10.013057581584906
DNK,2003,Denmark,11.073162153047152
DNK,2002,Denmark,10.093209901689587
DNK,2001,Denmark,10.215509752867396
DNK,2000,Denmark,9.953786938985875
DNK,1999,Denmark,10.762695096150756
DNK,1998,Denmark,11.359919339680356
DNK,1997,Denmark,12.157333853548664
DNK,1996,Denmark,14.063625174185276
DNK,1995,Denmark,11.578116063961044
CZE,2023,Czechia,7.88005974203708
CZE,2022,Czechia,9.153646914323849
CZE,2021,Czechia,9.472430964616404
CZE,2020,Czechia,8.867158266636181
CZE,2019,Czechia,9.724565610338207
CZE,2018,Czechia,10.28650429240913
CZE,2017,Czechia,10.4187499138699
CZE,2016,Czechia,10.392896986390358
CZE,2015,Czechia,10.268442457983594
CZE,2014,Czechia,10.188652212606387
CZE,2013,Czechia,10.417535327219992
CZE,2012,Czechia,10.848761533986282
CZE,2011,Czechia,11.253602294492957
CZE,2010,Czechia,11.551447766509044
CZE,2009,Czechia,11.46240268036878
CZE,2008,Czechia,12.1449804099396
CZE,2007,Czechia,12.849666000830386
CZE,2006,Czechia,12.773953855417156
CZE,2005,Czechia,12.637877800254152
CZE,2004,Czechia,12.899009238017747
CZE,2003,Czechia,12.81807196744594
CZE,2002,Czechia,12.494277681604908
CZE,2001,Czechia,12.942381544554186
CZE,2000,Czechia,12.90257309974595
CZE,1999,Czechia,11.641290332618297
CZE,1998,Czechia,12.43091735650146
CZE,1997,Czechia,13.005890550110436
CZE,1996,Czechia,13.320028102106388
CZE,1995,Czechia,12.935831048198393
CYP,2023,Cyprus,5.355634598684289
CYP,2022,Cyprus,5.425313774533
CYP,2021,Cyprus,5.252526172674748
CYP,2020,Cyprus,5.223586616056708
CYP,2019,Cyprus,5.60889302704421
CYP,2018,Cyprus,5.677020500701562
CYP,2017,Cyprus,5.870482948316757
CYP,2016,Cyprus,5.837709116070331
CYP,2015,Cyprus,5.622131001015169
CYP,2014,Cyprus,5.672569751564527
CYP,2013,Cyprus,5.440262861149004
CYP,2012,Cyprus,6.111393799709456
CYP,2011,Cyprus,6.678715003057149
CYP,2010,Cyprus,7.017190747426885
CYP,2009,Cyprus,7.470359329746316
CYP,2008,Cyprus,7.785515652239268
CYP,2007,Cyprus,7.745680582149575
CYP,2006,Cyprus,7.598030382637626
CYP,2005,Cyprus,7.6301620130656636
CYP,2004,Cyprus,7.652314871668918
CYP,2003,Cyprus,7.847317400134055
CYP,2002,Cyprus,7.3117052494294095
CYP,2001,Cyprus,7.258898464621362
CYP,2000,Cyprus,7.526800025747441
CYP,1999,Cyprus,7.3856839419522915
CYP,1998,Cyprus,7.235377476086548
CYP,1997,Cyprus,7.032559093015794
CYP,1996,Cyprus,7.069942859739404
CYP,1995,Cyprus,6.793826323324002
CUW,2023,Curacao,
CUW,2022,Curacao,
CUW,2021,Curacao,
CUW,2020,Curacao,
CUW,2019,Curacao,
CUW,2018,Curacao,
CUW,2017,Curacao,
CUW,2016,Curacao,
CUW,2015,Curacao,
CUW,2014,Curacao,
CUW,2013,Curacao,
CUW,2012,Curacao,
CUW,2011,Curacao,
CUW,2010,Curacao,
CUW,2009,Curacao,
CUW,2008,Curacao,
CUW,2007,Curacao,
CUW,2006,Curacao,
CUW,2005,Curacao,
CUW,2004,Curacao,
CUW,2003,Curacao,
CUW,2002,Curacao,
CUW,2001,Curacao,
CUW,2000,Curacao,
CUW,1999,Curacao,
CUW,1998,Curacao,
CUW,1997,Curacao,
CUW,1996,Curacao,
CUW,1995,Curacao,
CUB,2023,Cuba,1.8174070236918907
CUB,2022,Cuba,1.7869820666159124
CUB,2021,Cuba,1.9560215238611753
CUB,2020,Cuba,1.6536430395816024
CUB,2019,Cuba,1.9898515073758936
CUB,2018,Cuba,2.3854652636589373
CUB,2017,Cuba,2.3568192581875134
CUB,2016,Cuba,2.4236854597868276
CUB,2015,Cuba,2.611168982174382
CUB,2014,Cuba,2.3840276808637424
CUB,2013,Cuba,2.568761817735567
CUB,2012,Cuba,2.555795163748239
CUB,2011,Cuba,2.45522503021925
CUB,2010,Cuba,2.494510024378156
CUB,2009,Cuba,2.385406843676235
CUB,2008,Cuba,2.3617660379310155
CUB,2007,Cuba,2.4462332439583276
CUB,2006,Cuba,2.3753319353994975
CUB,2005,Cuba,2.3267901756564275
CUB,2004,Cuba,2.2526336544720786
CUB,2003,Cuba,2.3014380006464226
CUB,2002,Cuba,2.3766937945776028
CUB,2001,Cuba,2.496677175037051
CUB,2000,Cuba,2.6101013141557976
CUB,1999,Cuba,2.586877259594499
CUB,1998,Cuba,2.5250319174619147
CUB,1997,Cuba,2.5807756256766043
CUB,1996,Cuba,2.3658070007234073
CUB,1995,Cuba,2.1916619330325164
HRV,2023,Croatia,4.83573016043274
HRV,2022,Croatia,4.573714202126183
HRV,2021,Croatia,4.513221384688402
HRV,2020,Croatia,4.392078495613159
HRV,2019,Croatia,4.550626805658595
HRV,2018,Croatia,4.454024105145064
HRV,2017,Croatia,4.651127688945953
HRV,2016,Croatia,4.449766695634409
HRV,2015,Croatia,4.3414484340846276
HRV,2014,Croatia,4.207232581508274
HRV,2013,Croatia,4.34143567122871
HRV,2012,Croatia,4.40975990806428
HRV,2011,Croatia,4.77830091047516
HRV,2010,Croatia,4.875068299379782
HRV,2009,Croatia,5.034190200133281
HRV,2008,Croatia,5.411530487585577
HRV,2007,Croatia,5.68549100892136
HRV,2006,Croatia,5.343481880394576
HRV,2005,Croatia,5.301608182555343
HRV,2004,Croatia,5.279956325791014
HRV,2003,Croatia,5.286216778876418
HRV,2002,Croatia,4.964699242754942
HRV,2001,Croatia,4.777932674394752
HRV,2000,Croatia,4.3367704331533545
HRV,1999,Croatia,4.4183205369325025
HRV,1998,Croatia,4.198352432131876
HRV,1997,Croatia,4.037689749764053
HRV,1996,Croatia,3.775276233970881
HRV,1995,Croatia,3.57173005370095
CIV,2023,Cote d'Ivoire,0.5751523776783249
CIV,2022,Cote d'Ivoire,0.6057015558018387
CIV,2021,Cote d'Ivoire,0.5803223078640106
CIV,2020,Cote d'Ivoire,0.4595501871681121
CIV,2019,Cote d'Ivoire,0.4676052847001893
CIV,2018,Cote d'Ivoire,0.4494291526637267
CIV,2017,Cote d'Ivoire,0.4612212780340617
CIV,2016,Cote d'Ivoire,0.4387749546401697
CIV,2015,Cote d'Ivoire,0.4462032559013896
CIV,2014,Cote d'Ivoire,0.4264252277912106
CIV,2013,Cote d'Ivoire,0.40940234400699255
CIV,2012,Cote d'Ivoire,0.38437678521373647
CIV,2011,Cote d'Ivoire,0.30799756331041683
CIV,2010,Cote d'Ivoire,0.3252792092160886
CIV,2009,Cote d'Ivoire,0.2914500175925564
CIV,2008,Cote d'Ivoire,0.3215747340658058
CIV,2007,Cote d'Ivoire,0.2964685958403957
CIV,2006,Cote d'Ivoire,0.3055804012712051
CIV,2005,Cote d'Ivoire,0.31868417593419485
CIV,2004,Cote d'Ivoire,0.305981117632049
CIV,2003,Cote d'Ivoire,0.30401229936385593
CIV,2002,Cote d'Ivoire,0.39600593328108935
CIV,2001,Cote d'Ivoire,0.3843464127915679
CIV,2000,Cote d'Ivoire,0.39364926975551845
CIV,1999,Cote d'Ivoire,0.4238631244832186
CIV,1998,Cote d'Ivoire,0.32793549283759166
CIV,1997,Cote d'Ivoire,0.35140152438093447
CIV,1996,Cote d'Ivoire,0.29996156016016257
CIV,1995,Cote d'Ivoire,0.24926685723498232
CRI,2023,Costa Rica,1.5860856621013508
CRI,2022,Costa Rica,1.6131599946081723
CRI,2021,Costa Rica,1.5915255134992417
CRI,2020,Costa Rica,1.42529676301864
CRI,2019,Costa Rica,1.638746503937452
CRI,2018,Costa Rica,1.7024626559506622
CRI,2017,Costa Rica,1.7088739119311191
CRI,2016,Costa Rica,1.6914944283930258
CRI,2015,Costa Rica,1.6101574956444926
CRI,2014,Costa Rica,1.6878538169489792
CRI,2013,Costa Rica,1.6825811409186355
CRI,2012,Costa Rica,1.6379734361592595
CRI,2011,Costa Rica,1.6699954206584056
CRI,2010,Costa Rica,1.5882924396647733
CRI,2009,Costa Rica,1.6264755407528928
CRI,2008,Costa Rica,1.7185143610801306
CRI,2007,Costa Rica,1.7610190107957358
CRI,2006,Costa Rica,1.5979765535690318
CRI,2005,Costa Rica,1.4916080765223267
CRI,2004,Costa Rica,1.4714488635687242
CRI,2003,Costa Rica,1.4663244083286298
CRI,2002,Costa Rica,1.3853554170382794
CRI,2001,Costa Rica,1.3799633669389992
CRI,2000,Costa Rica,1.303133600271628
CRI,1999,Costa Rica,1.338442469526302
CRI,1998,Costa Rica,1.3692365361667616
CRI,1997,Costa Rica,1.2644963369641768
CRI,1996,Costa Rica,1.3111585948986644
CRI,1995,Costa Rica,1.4051917075698637
COG,2023,"Congo, Rep.",1.2724480562067708
COG,2022,"Congo, Rep.",1.3849305662338214
COG,2021,"Congo, Rep.",1.206344066367253
COG,2020,"Congo, Rep.",1.2868536333059901
COG,2019,"Congo, Rep.",1.288915246976807
COG,2018,"Congo, Rep.",1.1712314051968242
COG,2017,"Congo, Rep.",1.0336738235073708
COG,2016,"Congo, Rep.",1.0704378102898668
COG,2015,"Congo, Rep.",1.1281037025208625
COG,2014,"Congo, Rep.",1.0605360257884033
COG,2013,"Congo, Rep.",1.1198454056629277
COG,2012,"Congo, Rep.",0.9449313883703024
COG,2011,"Congo, Rep.",1.0524274338333488
COG,2010,"Congo, Rep.",1.1858485217231511
COG,2009,"Congo, Rep.",1.1483645195445502
COG,2008,"Congo, Rep.",1.0774721485288623
COG,2007,"Congo, Rep.",1.0714169072185669
COG,2006,"Congo, Rep.",1.2554564811830065
COG,2005,"Congo, Rep.",1.1715745593068703
COG,2004,"Congo, Rep.",1.015241951180658
COG,2003,"Congo, Rep.",1.0350712892073228
COG,2002,"Congo, Rep.",0.8533856834740422
COG,2001,"Congo, Rep.",1.3441864828419052
COG,2000,"Congo, Rep.",1.4317378770017246
COG,1999,"Congo, Rep.",1.3746037586790614
COG,1998,"Congo, Rep.",1.3639962046854723
COG,1997,"Congo, Rep.",1.1719396563963236
COG,1996,"Congo, Rep.",1.1625928395686265
COG,1995,"Congo, Rep.",0.9929946269468816
COD,2023,"Congo, Dem. Rep.",0.058043440908267366
COD,2022,"Congo, Dem. Rep.",0.06101254873093508
COD,2021,"Congo, Dem. Rep.",0.04667422943093325
COD,2020,"Congo, Dem. Rep.",0.0482487769194453
COD,2019,"Congo, Dem. Rep.",0.04783240834104934
COD,2018,"Congo, Dem. Rep.",0.04621886609270977
COD,2017,"Congo, Dem. Rep.",0.037374517700836614
COD,2016,"Congo, Dem. Rep.",0.03562086351590882
COD,2015,"Congo, Dem. Rep.",0.044334873303909124
COD,2014,"Congo, Dem. Rep.",0.04739855017730007
COD,2013,"Congo, Dem. Rep.",0.04394150395315862
COD,2012,"Congo, Dem. Rep.",0.04117692621098645
COD,2011,"Congo, Dem. Rep.",0.04755162686056326
COD,2010,"Congo, Dem. Rep.",0.04296192359504256
COD,2009,"Congo, Dem. Rep.",0.042319131150367846
COD,2008,"Congo, Dem. Rep.",0.044924214479291597
COD,2007,"Congo, Dem. Rep.",0.045123262437483345
COD,2006,"Congo, Dem. Rep.",0.04210280905137971
COD,2005,"Congo, Dem. Rep.",0.042250436591814676
COD,2004,"Congo, Dem. Rep.",0.038866452619587155
COD,2003,"Congo, Dem. Rep.",0.04190888938064267
COD,2002,"Congo, Dem. Rep.",0.03562383875550683
COD,2001,"Congo, Dem. Rep.",0.03501069176500268
COD,2000,"Congo, Dem. Rep.",0.03717273981129355
COD,1999,"Congo, Dem. Rep.",0.048300071569972715
COD,1998,"Congo, Dem. Rep.",0.05405348262913975
COD,1997,"Congo, Dem. Rep.",0.055785476145484736
COD,1996,"Congo, Dem. Rep.",0.05653463859291802
COD,1995,"Congo, Dem. Rep.",0.05212934757813573
COM,2023,Comoros,0.5154123945921092
COM,2022,Comoros,0.5152315784930975
COM,2021,Comoros,0.4854713056146981
COM,2020,Comoros,0.3349693266829809
COM,2019,Comoros,0.28732052002471464
COM,2018,Comoros,0.2686660013737866
COM,2017,Comoros,0.34453638248692625
COM,2016,Comoros,0.27017516896059407
COM,2015,Comoros,0.23559135908141388
COM,2014,Comoros,0.2171459572201382
COM,2013,Comoros,0.25079288472145617
COM,2012,Comoros,0.21331220750260405
COM,2011,Comoros,0.21076077454584646
COM,2010,Comoros,0.23807487676303685
COM,2009,Comoros,0.20671488456212117
COM,2008,Comoros,0.1693926811556204
COM,2007,Comoros,0.17360238731648964
COM,2006,Comoros,0.2673818897963301
COM,2005,Comoros,0.228961137347999
COM,2004,Comoros,0.241431090538381
COM,2003,Comoros,0.22885303212717487
COM,2002,Comoros,0.179631183544066
COM,2001,Comoros,0.17744234494353275
COM,2000,Comoros,0.16807192956275183
COM,1999,Comoros,0.10477555972206905
COM,1998,Comoros,0.10240090438000995
COM,1997,Comoros,0.08212266408285526
COM,1996,Comoros,0.08394993458316553
COM,1995,Comoros,0.0825543329813733
COL,2023,Colombia,1.7736096483502504
COL,2022,Colombia,1.7075398280225438
COL,2021,Colombia,1.8005780358677774
COL,2020,Colombia,1.6650721903064698
COL,2019,Colombia,1.7243873901140268
COL,2018,Colombia,1.7419160005111733
COL,2017,Colombia,1.6828918728975901
COL,2016,Colombia,1.8654751539245988
COL,2015,Colombia,1.8355675991921643
COL,2014,Colombia,1.8236447472651869
COL,2013,Colombia,1.8121783209001017
COL,2012,Colombia,1.6100053788831479
COL,2011,Colombia,1.616635528531021
COL,2010,Colombia,1.5220004574190786
COL,2009,Colombia,1.4754738264023834
COL,2008,Colombia,1.3985207275298723
COL,2007,Colombia,1.4165484031663518
COL,2006,Colombia,1.3831881148766332
COL,2005,Colombia,1.4690197675580872
COL,2004,Colombia,1.4465602541510372
COL,2003,Colombia,1.4669020861080455
COL,2002,Colombia,1.5024620158176085
COL,2001,Colombia,1.5873752576917697
COL,2000,Colombia,1.6223204674635674
COL,1999,Colombia,1.5665300900954973
COL,1998,Colombia,1.8188955303301624
COL,1997,Colombia,1.841642886646639
COL,1996,Colombia,1.7327110177799285
COL,1995,Colombia,1.7870829223300586
CHN,2023,China,9.230275535014284
CHN,2022,China,8.864825110202348
CHN,2021,China,8.887156603132345
CHN,2020,China,8.478583020338743
CHN,2019,China,8.391475870985158
CHN,2018,China,8.217736248538595
CHN,2017,China,7.878026521703319
CHN,2016,China,7.763224839493007
CHN,2015,China,7.790570492658675
CHN,2014,China,7.931643316373391
CHN,2013,China,7.8932763123147796
CHN,2012,China,7.584416514669286
CHN,2011,China,7.401850658161312
CHN,2010,China,6.80718476794211
CHN,2009,China,6.249090185238045
CHN,2008,China,5.852258663576554
CHN,2007,China,5.707632456549699
CHN,2006,China,5.280525163613064
CHN,2005,China,4.782994201208848
CHN,2004,China,4.240697490500164
CHN,2003,China,3.7046788264514126
CHN,2002,China,3.227954545454546
CHN,2001,China,3.0074756457129377
CHN,2000,China,2.8890759477129357
CHN,1999,China,2.752194917520465
CHN,1998,China,2.8359241023080917
CHN,1997,China,2.7943982277503405
CHN,1996,China,2.743424500020533
CHN,1995,China,2.7935104224159755
CHL,2023,Chile,3.917190413368849
CHL,2022,Chile,4.62474983424569
CHL,2021,Chile,4.579917264989386
CHL,2020,Chile,4.517706812129542
CHL,2019,Chile,4.961395463967016
CHL,2018,Chile,4.754061926331026
CHL,2017,Chile,4.836097761997122
CHL,2016,Chile,4.864741057219376
CHL,2015,Chile,4.675396347164793
CHL,2014,Chile,4.405717693968298
CHL,2013,Chile,4.829019676931189
CHL,2012,Chile,4.6434127195551325
CHL,2011,Chile,4.557177185373566
CHL,2010,Chile,4.209361903036901
CHL,2009,Chile,4.010986417127937
CHL,2008,Chile,4.23564646521513
CHL,2007,Chile,4.063927710275348
CHL,2006,Chile,3.656162520340937
CHL,2005,Chile,3.6175914799259004
CHL,2004,Chile,3.6139578863013906
CHL,2003,Chile,3.37761857406592
CHL,2002,Chile,3.2916286336327105
CHL,2001,Chile,3.2940192168389277
CHL,2000,Chile,3.4738240419101714
CHL,1999,Chile,3.746597513870237
CHL,1998,Chile,3.626561934092329
CHL,1997,Chile,3.6402638712483175
CHL,1996,Chile,3.2504920915816333
CHL,1995,Chile,2.8765886982657096
CHI,2023,Channel Islands,
CHI,2022,Channel Islands,
CHI,2021,Channel Islands,
CHI,2020,Channel Islands,
CHI,2019,Channel Islands,
CHI,2018,Channel Islands,
CHI,2017,Channel Islands,
CHI,2016,Channel Islands,
CHI,2015,Channel Islands,
CHI,2014,Channel Islands,
CHI,2013,Channel Islands,
CHI,2012,Channel Islands,
CHI,2011,Channel Islands,
CHI,2010,Channel Islands,
CHI,2009,Channel Islands,
CHI,2008,Channel Islands,
CHI,2007,Channel Islands,
CHI,2006,Channel Islands,
CHI,2005,Channel Islands,
CHI,2004,Channel Islands,
CHI,2003,Channel Islands,
CHI,2002,Channel Islands,
CHI,2001,Channel Islands,
CHI,2000,Channel Islands,
CHI,1999,Channel Islands,
CHI,1998,Channel Islands,
CHI,1997,Channel Islands,
CHI,1996,Channel Islands,
CHI,1995,Channel Islands,
TCD,2023,Chad,0.1505663007276129
TCD,2022,Chad,0.1552398235825385
TCD,2021,Chad,0.15318926291963333
TCD,2020,Chad,0.14010711026893446
TCD,2019,Chad,0.1417122204479976
TCD,2018,Chad,0.14940707259497724
TCD,2017,Chad,0.14148589247264198
TCD,2016,Chad,0.11185832557871814
TCD,2015,Chad,0.11014757959671403
TCD,2014,Chad,0.09895918421716245
TCD,2013,Chad,0.096069856875415
TCD,2012,Chad,0.09152223019033082
TCD,2011,Chad,0.05359468136291996
TCD,2010,Chad,0.04260684706489098
TCD,2009,Chad,0.04183708524659246
TCD,2008,Chad,0.04223488135893323
TCD,2007,Chad,0.051255858779280364
TCD,2006,Chad,0.046467429274237596
TCD,2005,Chad,0.04656232729143001
TCD,2004,Chad,0.04591717207477876
TCD,2003,Chad,0.041874683080952206
TCD,2002,Chad,0.02890461280324065
TCD,2001,Chad,0.027623418298061225
TCD,2000,Chad,0.028242172636036754
TCD,1999,Chad,0.020358264099222822
TCD,1998,Chad,0.0203808113024069
TCD,1997,Chad,0.02069001661719923
TCD,1996,Chad,0.02074193790427886
TCD,1995,Chad,0.020834908529532247
CAF,2023,Central African Republic,0.06453277012883846
CAF,2022,Central African Republic,0.06325961806098385
CAF,2021,Central African Republic,0.06312474325619609
CAF,2020,Central African Republic,0.0633426623175616
CAF,2019,Central African Republic,0.06115635256556359
CAF,2018,Central African Republic,0.060159998950530855
CAF,2017,Central African Republic,0.05522048452585172
CAF,2016,Central African Republic,0.053355532629294884
CAF,2015,Central African Republic,0.050417771940587386
CAF,2014,Central African Republic,0.03497591053088544
CAF,2013,Central African Republic,0.032052255515928225
CAF,2012,Central African Republic,0.04795213375066799
CAF,2011,Central African Republic,0.047644906781370774
CAF,2010,Central African Republic,0.04449148062706502
CAF,2009,Central African Republic,0.043187893612055696
CAF,2008,Central African Republic,0.043979097097072505
CAF,2007,Central African Republic,0.060097204202770926
CAF,2006,Central African Republic,0.06117536656677127
CAF,2005,Central African Republic,0.05889745640399085
CAF,2004,Central African Republic,0.06112822234931761
CAF,2003,Central African Republic,0.06443930251522878
CAF,2002,Central African Republic,0.06969411721242502
CAF,2001,Central African Republic,0.06970299939762525
CAF,2000,Central African Republic,0.06688551412108679
CAF,1999,Central African Republic,0.06148359677700465
CAF,1998,Central African Republic,0.06062565120905461
CAF,1997,Central African Republic,0.06087719794999575
CAF,1996,Central African Republic,0.06298085108550291
CAF,1995,Central African Republic,0.059497283793680626
CYM,2023,Cayman Islands,
CYM,2022,Cayman Islands,
CYM,2021,Cayman Islands,
CYM,2020,Cayman Islands,
CYM,2019,Cayman Islands,
CYM,2018,Cayman Islands,
CYM,2017,Cayman Islands,
CYM,2016,Cayman Islands,
CYM,2015,Cayman Islands,
CYM,2014,Cayman Islands,
CYM,2013,Cayman Islands,
CYM,2012,Cayman Islands,
CYM,2011,Cayman Islands,
CYM,2010,Cayman Islands,
CYM,2009,Cayman Islands,
CYM,2008,Cayman Islands,
CYM,2007,Cayman Islands,
CYM,2006,Cayman Islands,
CYM,2005,Cayman Islands,
CYM,2004,Cayman Islands,
CYM,2003,Cayman Islands,
CYM,2002,Cayman Islands,
CYM,2001,Cayman Islands,
CYM,2000,Cayman Islands,
CYM,1999,Cayman Islands,
CYM,1998,Cayman Islands,
CYM,1997,Cayman Islands,
CYM,1996,Cayman Islands,
CYM,1995,Cayman Islands,
CAN,2023,Canada,14.160045292417145
CAN,2022,Canada,14.78390881961581
CAN,2021,Canada,14.689759356884743
CAN,2020,Canada,14.421904881263432
CAN,2019,Canada,16.190860373334978
CAN,2018,Canada,16.523882045563546
CAN,2017,Canada,16.196245321702037
CAN,2016,Canada,15.898242417926847
CAN,2015,Canada,16.087029146859873
CAN,2014,Canada,16.377454396568545
CAN,2013,Canada,16.39676836960597
CAN,2012,Canada,16.339052979404634
CAN,2011,Canada,16.767494521788947
CAN,2010,Canada,16.529774743219573
CAN,2009,Canada,16.14006203793397
CAN,2008,Canada,17.307207942131118
CAN,2007,Canada,18.080499898962827
CAN,2006,Canada,17.64434603301144
CAN,2005,Canada,18.060116617909426
CAN,2004,Canada,17.52565147470912
CAN,2003,Canada,18.130154288568136
CAN,2002,Canada,17.668372205552828
CAN,2001,Canada,17.22633370356813
CAN,2000,Canada,17.699028180199722
CAN,1999,Canada,17.217844008309388
CAN,1998,Canada,17.04012442574944
CAN,1997,Canada,16.907770320472704
CAN,1996,Canada,16.543886978474795
CAN,1995,Canada,16.242497050829883
CMR,2023,Cameroon,0.3641847527518278
CMR,2022,Cameroon,0.3775915198660315
CMR,2021,Cameroon,0.38449966744388175
CMR,2020,Cameroon,0.3963288381727699
CMR,2019,Cameroon,0.40269198401401707
CMR,2018,Cameroon,0.4252292645808137
CMR,2017,Cameroon,0.40878043447276535
CMR,2016,Cameroon,0.4136323614389788
CMR,2015,Cameroon,0.40351592252374796
CMR,2014,Cameroon,0.40210983797609534
CMR,2013,Cameroon,0.3821585042707408
CMR,2012,Cameroon,0.3609452188946708
CMR,2011,Cameroon,0.3672097849063557
CMR,2010,Cameroon,0.39800557919624635
CMR,2009,Cameroon,0.40356861425049545
CMR,2008,Cameroon,0.38057923374409985
CMR,2007,Cameroon,0.373237607574027
CMR,2006,Cameroon,0.31775331478067714
CMR,2005,Cameroon,0.32043514475366147
CMR,2004,Cameroon,0.33936994141110977
CMR,2003,Cameroon,0.3549430271887844
CMR,2002,Cameroon,0.35734889156027067
CMR,2001,Cameroon,0.37233768074573353
CMR,2000,Cameroon,0.38398992102734925
CMR,1999,Cameroon,0.3672460299866301
CMR,1998,Cameroon,0.3916122181485006
CMR,1997,Cameroon,0.38633156624644815
CMR,1996,Cameroon,0.39405111848093854
CMR,1995,Cameroon,0.3948151535748779
KHM,2023,Cambodia,1.0856479727821817
KHM,2022,Cambodia,1.0687824080888637
KHM,2021,Cambodia,1.088857540853661
KHM,2020,Cambodia,1.1140611022443967
KHM,2019,Cambodia,0.9532498156699252
KHM,2018,Cambodia,0.7565506378620521
KHM,2017,Cambodia,0.7358754591133708
KHM,2016,Cambodia,0.6684054548586771
KHM,2015,Cambodia,0.5453154404291399
KHM,2014,Cambodia,0.4568100378442962
KHM,2013,Cambodia,0.3754134419251206
KHM,2012,Cambodia,0.3769065214416646
KHM,2011,Cambodia,0.364412931860331
KHM,2010,Cambodia,0.3557959787668562
KHM,2009,Cambodia,0.34166596039311303
KHM,2008,Cambodia,0.2915648146626184
KHM,2007,Cambodia,0.2671190172933086
KHM,2006,Cambodia,0.22053624349183829
KHM,2005,Cambodia,0.20100151779845263
KHM,2004,Cambodia,0.18267641675772803
KHM,2003,Cambodia,0.18528127568774974
KHM,2002,Cambodia,0.17486253272109017
KHM,2001,Cambodia,0.17281690287715337
KHM,2000,Cambodia,0.16059589470224522
KHM,1999,Cambodia,0.15838436372035225
KHM,1998,Cambodia,0.16538160465934598
KHM,1997,Cambodia,0.153798528076528
KHM,1996,Cambodia,0.1543059288398494
KHM,1995,Cambodia,0.1498627987810946
CPV,2023,Cabo Verde,1.2459532365492378
CPV,2022,Cabo Verde,1.3085363671521009
CPV,2021,Cabo Verde,1.2540428801759027
CPV,2020,Cabo Verde,1.2207609014550818
CPV,2019,Cabo Verde,1.629825871808039
CPV,2018,Cabo Verde,1.550597469883038
CPV,2017,Cabo Verde,1.7315502453728167
CPV,2016,Cabo Verde,1.6201219773916504
CPV,2015,Cabo Verde,1.5433435988711812
CPV,2014,Cabo Verde,1.5109520110242307
CPV,2013,Cabo Verde,1.4280833618038948
CPV,2012,Cabo Verde,1.4610659139963473
CPV,2011,Cabo Verde,1.7043799259747345
CPV,2010,Cabo Verde,1.4708190135429908
CPV,2009,Cabo Verde,1.3990172698911962
CPV,2008,Cabo Verde,1.4468789580237555
CPV,2007,Cabo Verde,1.5095024083516395
CPV,2006,Cabo Verde,1.3461632513327138
CPV,2005,Cabo Verde,1.251868113746225
CPV,2004,Cabo Verde,0.8125247720967103
CPV,2003,Cabo Verde,0.7672434371323009
CPV,2002,Cabo Verde,0.7735854712383791
CPV,2001,Cabo Verde,0.705637496116604
CPV,2000,Cabo Verde,0.6181105054520347
CPV,1999,Cabo Verde,0.21768390594801118
CPV,1998,Cabo Verde,0.21192221636075892
CPV,1997,Cabo Verde,0.21025975166243838
CPV,1996,Cabo Verde,0.21523517262283795
CPV,1995,Cabo Verde,0.1834471806057823
BDI,2023,Burundi,0.06935998159166365
BDI,2022,Burundi,0.06982157700675853
BDI,2021,Burundi,0.06921455517153587
BDI,2020,Burundi,0.07337698014018507
BDI,2019,Burundi,0.06243810859204513
BDI,2018,Burundi,0.0654752338347002
BDI,2017,Burundi,0.047476431684256616
BDI,2016,Burundi,0.04323164894797798
BDI,2015,Burundi,0.039375139170750514
BDI,2014,Burundi,0.03754704376059338
BDI,2013,Burundi,0.04331691052145916
BDI,2012,Burundi,0.03964838544784107
BDI,2011,Burundi,0.04274551763751677
BDI,2010,Burundi,0.034117411675471
BDI,2009,Burundi,0.02485569947671153
BDI,2008,Burundi,0.02594749811213434
BDI,2007,Burundi,0.04567578475237427
BDI,2006,Burundi,0.029292304781854333
BDI,2005,Burundi,0.024251054294815586
BDI,2004,Burundi,0.029969950713041347
BDI,2003,Burundi,0.02628083952161205
BDI,2002,Burundi,0.03263418702920753
BDI,2001,Burundi,0.035542210897350386
BDI,2000,Burundi,0.045207299812030366
BDI,1999,Burundi,0.047182055670091705
BDI,1998,Burundi,0.04633828922979848
BDI,1997,Burundi,0.04456311834415643
BDI,1996,Burundi,0.04487270089182022
BDI,1995,Burundi,0.041854067608743106
BFA,2023,Burkina Faso,0.27202991986024705
BFA,2022,Burkina Faso,0.28826198614085596
BFA,2021,Burkina Faso,0.29265873534563813
BFA,2020,Burkina Faso,0.2654305267220673
BFA,2019,Burkina Faso,0.27188784708599656
BFA,2018,Burkina Faso,0.2647971297791674
BFA,2017,Burkina Faso,0.22824505399934766
BFA,2016,Burkina Faso,0.20333226169359628
BFA,2015,Burkina Faso,0.20961803887815234
BFA,2014,Burkina Faso,0.15105767526533012
BFA,2013,Burkina Faso,0.17182422853294885
BFA,2012,Burkina Faso,0.1503294232154401
BFA,2011,Burkina Faso,0.13306399243111894
BFA,2010,Burkina Faso,0.1213056126239437
BFA,2009,Burkina Faso,0.11725603189700158
BFA,2008,Burkina Faso,0.12454374213081543
BFA,2007,Burkina Faso,0.1103108892114614
BFA,2006,Burkina Faso,0.07998632503083582
BFA,2005,Burkina Faso,0.08170326948735666
BFA,2004,Burkina Faso,0.07918946607515422
BFA,2003,Burkina Faso,0.09219927763218924
BFA,2002,Burkina Faso,0.08538828128641057
BFA,2001,Burkina Faso,0.08298494648353424
BFA,2000,Burkina Faso,0.07317065398934355
BFA,1999,Burkina Faso,0.06981468912808789
BFA,1998,Burkina Faso,0.06867921681494972
BFA,1997,Burkina Faso,0.07446345295866016
BFA,1996,Burkina Faso,0.0481515383623522
BFA,1995,Burkina Faso,0.044643536237900655
BGR,2023,Bulgaria,5.7349025749403255
BGR,2022,Bulgaria,7.647696546548334
BGR,2021,Bulgaria,7.049174458043358
BGR,2020,Bulgaria,6.016933162521967
BGR,2019,Bulgaria,6.745904243276811
BGR,2018,Bulgaria,6.901340198289383
BGR,2017,Bulgaria,7.243835055886204
BGR,2016,Bulgaria,6.8362561300258085
BGR,2015,Bulgaria,7.138544362474004
BGR,2014,Bulgaria,6.688982596063205
BGR,2013,Bulgaria,6.208375552810368
BGR,2012,Bulgaria,6.832365894467586
BGR,2011,Bulgaria,7.4553286135295
BGR,2010,Bulgaria,6.694440842452383
BGR,2009,Bulgaria,6.251119123351471
BGR,2008,Bulgaria,7.282263033961285
BGR,2007,Bulgaria,7.639034858345643
BGR,2006,Bulgaria,7.10899139615699
BGR,2005,Bulgaria,6.853465452021498
BGR,2004,Bulgaria,6.668968984794334
BGR,2003,Bulgaria,6.875968046102756
BGR,2002,Bulgaria,6.073296184677079
BGR,2001,Bulgaria,6.295805468301099
BGR,2000,Bulgaria,5.896803641343169
BGR,1999,Bulgaria,6.104261990318885
BGR,1998,Bulgaria,6.885827003388486
BGR,1997,Bulgaria,7.1374897317971895
BGR,1996,Bulgaria,7.372938286650948
BGR,1995,Bulgaria,7.300393870284403
BRN,2023,Brunei Darussalam,21.14308997295996
BRN,2022,Brunei Darussalam,20.943628258339373
BRN,2021,Brunei Darussalam,22.107008529601234
BRN,2020,Brunei Darussalam,22.637034984041268
BRN,2019,Brunei Darussalam,17.17606397397669
BRN,2018,Brunei Darussalam,18.341974829263837
BRN,2017,Brunei Darussalam,18.188792250884994
BRN,2016,Brunei Darussalam,18.475362752710705
BRN,2015,Brunei Darussalam,17.444553920779136
BRN,2014,Brunei Darussalam,19.45242951409718
BRN,2013,Brunei Darussalam,18.942514871036618
BRN,2012,Brunei Darussalam,18.794891963398488
BRN,2011,Brunei Darussalam,19.68306588313649
BRN,2010,Brunei Darussalam,18.809324755564166
BRN,2009,Brunei Darussalam,20.836104241567778
BRN,2008,Brunei Darussalam,23.57852051255582
BRN,2007,Brunei Darussalam,22.067931610012053
BRN,2006,Brunei Darussalam,23.62592311257243
BRN,2005,Brunei Darussalam,16.742636159992866
BRN,2004,Brunei Darussalam,17.76425217689446
BRN,2003,Brunei Darussalam,18.615727692081343
BRN,2002,Brunei Darussalam,16.34259436222982
BRN,2001,Brunei Darussalam,17.58478453254136
BRN,2000,Brunei Darussalam,18.61015121437149
BRN,1999,Brunei Darussalam,18.810873764522825
BRN,1998,Brunei Darussalam,18.38500568209101
BRN,1997,Brunei Darussalam,21.29193262614585
BRN,1996,Brunei Darussalam,20.4766726119433
BRN,1995,Brunei Darussalam,19.965658751008775
VGB,2023,British Virgin Islands,
VGB,2022,British Virgin Islands,
VGB,2021,British Virgin Islands,
VGB,2020,British Virgin Islands,
VGB,2019,British Virgin Islands,
VGB,2018,British Virgin Islands,
VGB,2017,British Virgin Islands,
VGB,2016,British Virgin Islands,
VGB,2015,British Virgin Islands,
VGB,2014,British Virgin Islands,
VGB,2013,British Virgin Islands,
VGB,2012,British Virgin Islands,
VGB,2011,British Virgin Islands,
VGB,2010,British Virgin Islands,
VGB,2009,British Virgin Islands,
VGB,2008,British Virgin Islands,
VGB,2007,British Virgin Islands,
VGB,2006,British Virgin Islands,
VGB,2005,British Virgin Islands,
VGB,2004,British Virgin Islands,
VGB,2003,British Virgin Islands,
VGB,2002,British Virgin Islands,
VGB,2001,British Virgin Islands,
VGB,2000,British Virgin Islands,
VGB,1999,British Virgin Islands,
VGB,1998,British Virgin Islands,
VGB,1997,British Virgin Islands,
VGB,1996,British Virgin Islands,
VGB,1995,British Virgin Islands,
BRA,2023,Brazil,2.2744782698936308
BRA,2022,Brazil,2.2788957721522665
BRA,2021,Brazil,2.415808588653185
BRA,2020,Brazil,2.1466461829
BRA,2019,Brazil,2.2586988178508234
BRA,2018,Brazil,2.285623503579527
BRA,2017,Brazil,2.416949553535848
BRA,2016,Brazil,2.375335497897594
BRA,2015,Brazil,2.568188589183937
BRA,2014,Brazil,2.7310345760982027
BRA,2013,Brazil,2.6374445097395762
BRA,2012,Brazil,2.5290198870293614
BRA,2011,Brazil,2.3741896793632624
BRA,2010,Brazil,2.2711281310987874
BRA,2009,Brazil,2.007462507109865
BRA,2008,Brazil,2.168393918825408
BRA,2007,Brazil,2.0849671857657333
BRA,2006,Brazil,2.0020416911787153
BRA,2005,Brazil,1.9993567425331857
BRA,2004,Brazil,1.9997827509569817
BRA,2003,Brazil,1.9183941056175622
BRA,2002,Brazil,1.968796306519149
BRA,2001,Brazil,1.9928207750232991
BRA,2000,Brazil,2.0078786894356306
BRA,1999,Brazil,1.957071663006432
BRA,1998,Brazil,1.9423000123758825
BRA,1997,Brazil,1.9155473545358144
BRA,1996,Brazil,1.830875353829008
BRA,1995,Brazil,1.7314055313160182
BWA,2023,Botswana,2.7096930785842037
BWA,2022,Botswana,2.802460108890066
BWA,2021,Botswana,2.7260299128731456
BWA,2020,Botswana,2.574882898388516
BWA,2019,Botswana,3.148258445346928
BWA,2018,Botswana,3.570376936429736
BWA,2017,Botswana,3.282589543517649
BWA,2016,Botswana,3.0215108807325657
BWA,2015,Botswana,3.2183937260611826
BWA,2014,Botswana,3.2909554318420806
BWA,2013,Botswana,2.5794583221608813
BWA,2012,Botswana,1.6715695643163269
BWA,2011,Botswana,1.9354869823755085
BWA,2010,Botswana,1.663558949806479
BWA,2009,Botswana,2.0736203284015007
BWA,2008,Botswana,2.3125483981804846
BWA,2007,Botswana,2.314199291440304
BWA,2006,Botswana,2.213157956507173
BWA,2005,Botswana,2.3864095262889857
BWA,2004,Botswana,2.242984241450331
BWA,2003,Botswana,2.328837169489158
BWA,2002,Botswana,2.3931043929748625
BWA,2001,Botswana,2.3102880764185687
BWA,2000,Botswana,2.444046734733054
BWA,1999,Botswana,2.45627732571984
BWA,1998,Botswana,2.3818547400925634
BWA,1997,Botswana,2.046076487044845
BWA,1996,Botswana,1.9611775138451761
BWA,1995,Botswana,2.229530115369527
BIH,2023,Bosnia and Herzegovina,6.5395047460450675
BIH,2022,Bosnia and Herzegovina,6.989074520048352
BIH,2021,Bosnia and Herzegovina,7.091019865900625
BIH,2020,Bosnia and Herzegovina,6.830559604334067
BIH,2019,Bosnia and Herzegovina,6.7545290989507505
BIH,2018,Bosnia and Herzegovina,7.104871567759079
BIH,2017,Bosnia and Herzegovina,6.996799353220859
BIH,2016,Bosnia and Herzegovina,6.768263661160097
BIH,2015,Bosnia and Herzegovina,5.920323224882131
BIH,2014,Bosnia and Herzegovina,5.833575747953128
BIH,2013,Bosnia and Herzegovina,6.4287195927617224
BIH,2012,Bosnia and Herzegovina,6.3515210567086084
BIH,2011,Bosnia and Herzegovina,6.752930008514623
BIH,2010,Bosnia and Herzegovina,5.829138978326484
BIH,2009,Bosnia and Herzegovina,5.582796406200948
BIH,2008,Bosnia and Herzegovina,5.485005360294908
BIH,2007,Bosnia and Herzegovina,4.914805911361471
BIH,2006,Bosnia and Herzegovina,4.599864345778476
BIH,2005,Bosnia and Herzegovina,4.112371240473253
BIH,2004,Bosnia and Herzegovina,3.8720478958277336
BIH,2003,Bosnia and Herzegovina,3.634944692179509
BIH,2002,Bosnia and Herzegovina,3.540638232742009
BIH,2001,Bosnia and Herzegovina,3.372893676135404
BIH,2000,Bosnia and Herzegovina,3.4331697586237317
BIH,1999,Bosnia and Herzegovina,2.637141809140003
BIH,1998,Bosnia and Herzegovina,2.7023570459505115
BIH,1997,Bosnia and Herzegovina,2.170932602861909
BIH,1996,Bosnia and Herzegovina,1.1352569617515895
BIH,1995,Bosnia and Herzegovina,0.9459667495971001
BOL,2023,Bolivia,1.9947552134858753
BOL,2022,Bolivia,1.9360769929736759
BOL,2021,Bolivia,1.8320298625491733
BOL,2020,Bolivia,1.5712110873294591
BOL,2019,Bolivia,1.8849260918968835
BOL,2018,Bolivia,1.908654641561688
BOL,2017,Bolivia,1.9201492306418912
BOL,2016,Bolivia,1.910613755610455
BOL,2015,Bolivia,1.811423910127416
BOL,2014,Bolivia,1.7940087500212003
BOL,2013,Bolivia,1.6945019418479084
BOL,2012,Bolivia,1.6205508526354657
BOL,2011,Bolivia,1.5552140709439595
BOL,2010,Bolivia,1.4527792959283936
BOL,2009,Bolivia,1.3637205448133163
BOL,2008,Bolivia,1.3037849088881395
BOL,2007,Bolivia,1.2384936547332428
BOL,2006,Bolivia,1.1323201167355919
BOL,2005,Bolivia,1.0615811504073283
BOL,2004,Bolivia,1.0269345143192514
BOL,2003,Bolivia,0.9965085573491553
BOL,2002,Bolivia,0.9514114886428687
BOL,2001,Bolivia,0.9067221952084468
BOL,2000,Bolivia,0.9533452485996929
BOL,1999,Bolivia,1.049338483648443
BOL,1998,Bolivia,1.223916489462667
BOL,1997,Bolivia,1.2448242510314769
BOL,1996,Bolivia,1.0453597575387672
BOL,1995,Bolivia,1.101518335484533
BTN,2023,Bhutan,1.9846512840402601
BTN,2022,Bhutan,1.9428515816082181
BTN,2021,Bhutan,1.9917672759535852
BTN,2020,Bhutan,1.8351805050869734
BTN,2019,Bhutan,2.3617198205077248
BTN,2018,Bhutan,2.3040200905813553
BTN,2017,Bhutan,1.953508719600708
BTN,2016,Bhutan,1.9046192767153474
BTN,2015,Bhutan,1.7682529995220209
BTN,2014,Bhutan,1.5403627415810643
BTN,2013,Bhutan,1.526046054382281
BTN,2012,Bhutan,1.4709757291095933
BTN,2011,Bhutan,1.5593964845209247
BTN,2010,Bhutan,1.2898499498312506
BTN,2009,Bhutan,1.1543427263871997
BTN,2008,Bhutan,0.8446115762925966
BTN,2007,Bhutan,0.8506706786062145
BTN,2006,Bhutan,0.8476458670928251
BTN,2005,Bhutan,0.8202579075793403
BTN,2004,Bhutan,0.7701246956393418
BTN,2003,Bhutan,0.7778403325894713
BTN,2002,Bhutan,0.7645629707451366
BTN,2001,Bhutan,0.7190640379571509
BTN,2000,Bhutan,0.679217843960842
BTN,1999,Bhutan,0.6876320636342882
BTN,1998,Bhutan,0.6952505553750647
BTN,1997,Bhutan,0.6771112069690727
BTN,1996,Bhutan,0.6521691594507129
BTN,1995,Bhutan,0.5854132108491229
BMU,2023,Bermuda,
BMU,2022,Bermuda,
BMU,2021,Bermuda,
BMU,2020,Bermuda,
BMU,2019,Bermuda,
BMU,2018,Bermuda,
BMU,2017,Bermuda,
BMU,2016,Bermuda,
BMU,2015,Bermuda,
BMU,2014,Bermuda,
BMU,2013,Bermuda,
BMU,2012,Bermuda,
BMU,2011,Bermuda,
BMU,2010,Bermuda,
BMU,2009,Bermuda,
BMU,2008,Bermuda,
BMU,2007,Bermuda,
BMU,2006,Bermuda,
BMU,2005,Bermuda,
BMU,2004,Bermuda,
BMU,2003,Bermuda,
BMU,2002,Bermuda,
BMU,2001,Bermuda,
BMU,2000,Bermuda,
BMU,1999,Bermuda,
BMU,1998,Bermuda,
BMU,1997,Bermuda,
BMU,1996,Bermuda,
BMU,1995,Bermuda,
BEN,2023,Benin,0.4884262910854017
BEN,2022,Benin,0.5130563964492608
BEN,2021,Benin,0.5029814550610034
BEN,2020,Benin,0.6660893214158133
BEN,2019,Benin,0.639872457668903
BEN,2018,Benin,0.6662980533453515
BEN,2017,Benin,0.601713652575047
BEN,2016,Benin,0.6109930361514543
BEN,2015,Benin,0.5114482133597449
BEN,2014,Benin,0.49499528739971443
BEN,2013,Benin,0.4641681811483865
BEN,2012,Benin,0.4544196832036294
BEN,2011,Benin,0.4915083513620431
BEN,2010,Benin,0.5186535645273828
BEN,2009,Benin,0.4926166393060862
BEN,2008,Benin,0.4731230520868799
BEN,2007,Benin,0.4912458374604603
BEN,2006,Benin,0.44391954117922866
BEN,2005,Benin,0.3324771093396932
BEN,2004,Benin,0.31356422661633754
BEN,2003,Benin,0.3032956867562147
BEN,2002,Benin,0.27918971533306425
BEN,2001,Benin,0.2494494732187994
BEN,2000,Benin,0.21409326634373815
BEN,1999,Benin,0.2058457038295155
BEN,1998,Benin,0.19375537687740566
BEN,1997,Benin,0.20731039521582048
BEN,1996,Benin,0.16835480387705734
BEN,1995,Benin,0.06401389612243774
BLZ,2023,Belize,0.9136329803019173
BLZ,2022,Belize,0.8802357889718498
BLZ,2021,Belize,0.8501413951323651
BLZ,2020,Belize,0.8152257351360757
BLZ,2019,Belize,1.0320634270622477
BLZ,2018,Belize,0.748502206582401
BLZ,2017,Belize,0.7628576481369339
BLZ,2016,Belize,0.7150985042705748
BLZ,2015,Belize,0.6937331091984184
BLZ,2014,Belize,0.5860891944641081
BLZ,2013,Belize,0.602118684998551
BLZ,2012,Belize,0.48712075451386605
BLZ,2011,Belize,0.4582979425477699
BLZ,2010,Belize,0.7285047385595403
BLZ,2009,Belize,0.6292104640227245
BLZ,2008,Belize,0.5348911325695473
BLZ,2007,Belize,0.5687267814927389
BLZ,2006,Belize,0.6061595536998312
BLZ,2005,Belize,0.539446825700405
BLZ,2004,Belize,0.5049910191101558
BLZ,2003,Belize,0.567518386534233
BLZ,2002,Belize,0.5554492224882719
BLZ,2001,Belize,0.5737200004831327
BLZ,2000,Belize,0.5801519109298626
BLZ,1999,Belize,0.8465667491922646
BLZ,1998,Belize,0.8389105265729018
BLZ,1997,Belize,0.854465016601823
BLZ,1996,Belize,0.5135276496600257
BLZ,1995,Belize,0.6358194625415144
BEL,2023,Belgium,7.277630984046955
BEL,2022,Belgium,7.677661617385304
BEL,2021,Belgium,8.287569819082107
BEL,2020,Belgium,7.966942968144154
BEL,2019,Belgium,8.731279887335516
BEL,2018,Belgium,8.791286013000375
BEL,2017,Belgium,8.77081443615992
BEL,2016,Belgium,8.94429666461985
BEL,2015,Belgium,9.084151100442106
BEL,2014,Belgium,8.72331187181937
BEL,2013,Belgium,9.35170659157785
BEL,2012,Belgium,9.274766425147826
BEL,2011,Belgium,9.466597283775782
BEL,2010,Belgium,10.545839388537708
BEL,2009,Belgium,9.937652902660151
BEL,2008,Belgium,10.66759925538561
BEL,2007,Belgium,10.626471667748948
BEL,2006,Belgium,11.0047176903814
BEL,2005,Belgium,11.357214411023898
BEL,2004,Belgium,11.704970388547814
BEL,2003,Belgium,11.889901565448323
BEL,2002,Belgium,11.467673042650166
BEL,2001,Belgium,12.225212096938046
BEL,2000,Belgium,12.183655651749786
BEL,1999,Belgium,12.024952234012707
BEL,1998,Belgium,12.477545837462834
BEL,1997,Belgium,12.212897342122696
BEL,1996,Belgium,12.53440484286285
BEL,1995,Belgium,12.065569733913359
BLR,2023,Belarus,5.863875851492292
BLR,2022,Belarus,6.057008013917535
BLR,2021,Belarus,6.303871450784916
BLR,2020,Belarus,6.200468829691239
BLR,2019,Belarus,6.50202478662403
BLR,2018,Belarus,6.7221151874950005
BLR,2017,Belarus,6.366621210786903
BLR,2016,Belarus,6.23725167194174
BLR,2015,Belarus,6.253865839361189
BLR,2014,Belarus,6.770471338617762
BLR,2013,Belarus,6.822838121482196
BLR,2012,Belarus,6.803230203213013
BLR,2011,Belarus,6.654341111792106
BLR,2010,Belarus,6.971904617498658
BLR,2009,Belarus,6.48177831683936
BLR,2008,Belarus,6.797397351066358
BLR,2007,Belarus,6.386277602243207
BLR,2006,Belarus,6.5032997658284435
BLR,2005,Belarus,6.210650652452966
BLR,2004,Belarus,6.082899475506329
BLR,2003,Belarus,5.698941557041015
BLR,2002,Belarus,5.594255889282582
BLR,2001,Belarus,5.539449923649467
BLR,2000,Belarus,5.637484831571575
BLR,1999,Belarus,5.800630274771317
BLR,1998,Belarus,5.98767092373155
BLR,1997,Belarus,6.108970526417126
BLR,1996,Belarus,6.03949832911219
BLR,1995,Belarus,5.927830273034741
BRB,2023,Barbados,2.4460217613056785
BRB,2022,Barbados,2.440156135988495
BRB,2021,Barbados,2.3090800185718794
BRB,2020,Barbados,2.387663384191581
BRB,2019,Barbados,3.088827803006326
BRB,2018,Barbados,2.772246189141145
BRB,2017,Barbados,2.4338707432246736
BRB,2016,Barbados,2.7639682687286746
BRB,2015,Barbados,2.5789454819169144
BRB,2014,Barbados,2.396280914538635
BRB,2013,Barbados,2.6315884249005097
BRB,2012,Barbados,2.3239858740945625
BRB,2011,Barbados,2.458544428711627
BRB,2010,Barbados,2.9806389263305517
BRB,2009,Barbados,2.9136555487864935
BRB,2008,Barbados,2.904508019390277
BRB,2007,Barbados,2.475597888590723
BRB,2006,Barbados,2.5847956681802358
BRB,2005,Barbados,2.4029980722425255
BRB,2004,Barbados,2.3595387919101527
BRB,2003,Barbados,2.3975076756366263
BRB,2002,Barbados,2.294546996380817
BRB,2001,Barbados,2.1526150328665334
BRB,2000,Barbados,2.243735285026883
BRB,1999,Barbados,2.7560119916043533
BRB,1998,Barbados,2.6318797725921748
BRB,1997,Barbados,2.3945089789322846
BRB,1996,Barbados,2.015753915602934
BRB,1995,Barbados,2.0653414186437895
BGD,2023,Bangladesh,0.6939475639013667
BGD,2022,Bangladesh,0.7135565339098681
BGD,2021,Bangladesh,0.7024281580738945
BGD,2020,Bangladesh,0.626122292349066
BGD,2019,Bangladesh,0.6629081002713824
BGD,2018,Bangladesh,0.643225929977613
BGD,2017,Bangladesh,0.6229971046787368
BGD,2016,Bangladesh,0.5844846139899619
BGD,2015,Bangladesh,0.5360992329058765
BGD,2014,Bangladesh,0.48526087711532473
BGD,2013,Bangladesh,0.4604779538535795
BGD,2012,Bangladesh,0.4505833139297433
BGD,2011,Bangladesh,0.4252030892732336
BGD,2010,Bangladesh,0.39926747076964786
BGD,2009,Bangladesh,0.3654036116589534
BGD,2008,Bangladesh,0.3434042665699294
BGD,2007,Bangladesh,0.31231451781256747
BGD,2006,Bangladesh,0.2970671148778882
BGD,2005,Bangladesh,0.2790531780686317
BGD,2004,Bangladesh,0.26528651043895163
BGD,2003,Bangladesh,0.2552926891697957
BGD,2002,Bangladesh,0.2472028772178445
BGD,2001,Bangladesh,0.23853519086652827
BGD,2000,Bangladesh,0.2005086740795805
BGD,1999,Bangladesh,0.1978032151178658
BGD,1998,Bangladesh,0.18885788908658116
BGD,1997,Bangladesh,0.18835112976439916
BGD,1996,Bangladesh,0.17688622909584176
BGD,1995,Bangladesh,0.17764138884735828
BHR,2023,Bahrain,24.53237323397539
BHR,2022,Bahrain,25.467881075075443
BHR,2021,Bahrain,24.832936155786662
BHR,2020,Bahrain,25.023841804532523
BHR,2019,Bahrain,24.833867563130326
BHR,2018,Bahrain,22.5016316377385
BHR,2017,Bahrain,22.48467140447507
BHR,2016,Bahrain,23.499676201741064
BHR,2015,Bahrain,24.42425940764287
BHR,2014,Bahrain,25.323948204801297
BHR,2013,Bahrain,25.63918828015841
BHR,2012,Bahrain,24.993630910432405
BHR,2011,Bahrain,24.27030509949624
BHR,2010,Bahrain,23.47113613442916
BHR,2009,Bahrain,23.468472482105202
BHR,2008,Bahrain,25.073946801800822
BHR,2007,Bahrain,24.874458166353154
BHR,2006,Bahrain,26.497671861594462
BHR,2005,Bahrain,26.293453582382075
BHR,2004,Bahrain,24.183086674088095
BHR,2003,Bahrain,26.024404951099843
BHR,2002,Bahrain,27.059065263252705
BHR,2001,Bahrain,27.82709022615512
BHR,2000,Bahrain,27.873277476465773
BHR,1999,Bahrain,27.900494211652703
BHR,1998,Bahrain,28.494218324785646
BHR,1997,Bahrain,27.600044133997603
BHR,1996,Bahrain,27.52617673303218
BHR,1995,Bahrain,27.27459790043999
BHS,2023,"Bahamas, The",3.529441217704787
BHS,2022,"Bahamas, The",3.535511070639788
BHS,2021,"Bahamas, The",3.65514300923625
BHS,2020,"Bahamas, The",2.9639041789710077
BHS,2019,"Bahamas, The",3.675175777538481
BHS,2018,"Bahamas, The",3.0826269298247846
BHS,2017,"Bahamas, The",3.5181889189085367
BHS,2016,"Bahamas, The",3.2095965778046924
BHS,2015,"Bahamas, The",2.9075168809329797
BHS,2014,"Bahamas, The",2.97228863347441
BHS,2013,"Bahamas, The",2.8792488778291765
BHS,2012,"Bahamas, The",2.7088787622946233
BHS,2011,"Bahamas, The",2.2979105746390514
BHS,2010,"Bahamas, The",3.491365469497494
BHS,2009,"Bahamas, The",3.1211929108899974
BHS,2008,"Bahamas, The",3.8020775159164524
BHS,2007,"Bahamas, The",3.7182948711417527
BHS,2006,"Bahamas, The",3.144312881234302
BHS,2005,"Bahamas, The",2.502515309950159
BHS,2004,"Bahamas, The",2.572237493451684
BHS,2003,"Bahamas, The",2.412266326597501
BHS,2002,"Bahamas, The",3.277605891186741
BHS,2001,"Bahamas, The",3.0280384094486266
BHS,2000,"Bahamas, The",3.079654762456189
BHS,1999,"Bahamas, The",4.056455599566978
BHS,1998,"Bahamas, The",4.574655640394713
BHS,1997,"Bahamas, The",4.038867303090343
BHS,1996,"Bahamas, The",4.065720218893257
BHS,1995,"Bahamas, The",3.700644527816202
AZE,2023,Azerbaijan,4.1112835014680975
AZE,2022,Azerbaijan,3.9128924024596925
AZE,2021,Azerbaijan,3.691568641957042
AZE,2020,Azerbaijan,3.508003124107994
AZE,2019,Azerbaijan,3.6892314392959578
AZE,2018,Azerbaijan,3.4973139723239095
AZE,2017,Azerbaijan,3.4732986991214663
AZE,2016,Azerbaijan,3.526968955745407
AZE,2015,Azerbaijan,3.5777469155665655
AZE,2014,Azerbaijan,3.6417841949710117
AZE,2013,Azerbaijan,3.5268665016920284
AZE,2012,Azerbaijan,3.472660294172068
AZE,2011,Azerbaijan,3.2125734840264157
AZE,2010,Azerbaijan,2.94181834728393
AZE,2009,Azerbaijan,3.1275108991674867
AZE,2008,Azerbaijan,3.677898988976881
AZE,2007,Azerbaijan,3.370223625790964
AZE,2006,Azerbaijan,3.7644306415779267
AZE,2005,Azerbaijan,3.7201928061154574
AZE,2004,Azerbaijan,3.5515680491181603
AZE,2003,Azerbaijan,3.6161207660825103
AZE,2002,Azerbaijan,3.363505650426153
AZE,2001,Azerbaijan,3.417139264227241
AZE,2000,Azerbaijan,3.5775911338617896
AZE,1999,Azerbaijan,3.431499170085497
AZE,1998,Azerbaijan,3.4597497788449387
AZE,1997,Azerbaijan,3.4982808662647913
AZE,1996,Azerbaijan,3.658637124822878
AZE,1995,Azerbaijan,4.408674209646252
AUT,2023,Austria,6.403595100660212
AUT,2022,Austria,6.92858132698714
AUT,2021,Austria,7.392239908966226
AUT,2020,Austria,7.055866277650977
AUT,2019,Austria,7.745193650393246
AUT,2018,Austria,7.607108223599039
AUT,2017,Austria,7.966419348260644
AUT,2016,Austria,7.7574768779127234
AUT,2015,Austria,7.79423187131705
AUT,2014,Austria,7.71395434498633
AUT,2013,Austria,8.208756244086699
AUT,2012,Austria,8.187517637919186
AUT,2011,Austria,8.602272522794404
AUT,2010,Austria,8.824134287904782
AUT,2009,Austria,8.157445181014806
AUT,2008,Austria,9.041823729771666
AUT,2007,Austria,9.09435455688135
AUT,2006,Austria,9.466090014066399
AUT,2005,Austria,9.773380073893126
AUT,2004,Austria,9.741682723594298
AUT,2003,Austria,9.625074325029
AUT,2002,Austria,9.059612665595722
AUT,2001,Austria,8.874608274033289
AUT,2000,Austria,8.324789435673374
AUT,1999,Austria,8.286163073468993
AUT,1998,Austria,8.536567784355334
AUT,1997,Austria,8.475119543185082
AUT,1996,Austria,8.540790904203371
AUT,1995,Austria,8.059217355004442
AUS,2023,Australia,14.159670084556137
AUS,2022,Australia,14.530502863688035
AUS,2021,Australia,14.97872411001233
AUS,2020,Australia,15.304378514333052
AUS,2019,Australia,16.10070659257735
AUS,2018,Australia,16.393997930879053
AUS,2017,Australia,16.72094453824868
AUS,2016,Australia,16.8911897350521
AUS,2015,Australia,16.821955160806844
AUS,2014,Australia,16.887357413112444
AUS,2013,Australia,17.543243554201897
AUS,2012,Australia,18.183448937502487
AUS,2011,Australia,18.480821685777958
AUS,2010,Australia,18.85095373722015
AUS,2009,Australia,18.915169812093158
AUS,2008,Australia,19.028119601120025
AUS,2007,Australia,19.238922235097217
AUS,2006,Australia,19.079328575481473
AUS,2005,Australia,19.037803930089364
AUS,2004,Australia,19.16340879083148
AUS,2003,Australia,18.667669468945302
AUS,2002,Australia,18.909326957750135
AUS,2001,Australia,18.69953261531787
AUS,2000,Australia,18.597891764284476
AUS,1999,Australia,18.505507896338262
AUS,1998,Australia,18.38608386773909
AUS,1997,Australia,17.49853729328123
AUS,1996,Australia,17.1567625528491
AUS,1995,Australia,16.81177916078539
ABW,2023,Aruba,
ABW,2022,Aruba,
ABW,2021,Aruba,
ABW,2020,Aruba,
ABW,2019,Aruba,
ABW,2018,Aruba,
ABW,2017,Aruba,
ABW,2016,Aruba,
ABW,2015,Aruba,
ABW,2014,Aruba,
ABW,2013,Aruba,
ABW,2012,Aruba,
ABW,2011,Aruba,
ABW,2010,Aruba,
ABW,2009,Aruba,
ABW,2008,Aruba,
ABW,2007,Aruba,
ABW,2006,Aruba,
ABW,2005,Aruba,
ABW,2004,Aruba,
ABW,2003,Aruba,
ABW,2002,Aruba,
ABW,2001,Aruba,
ABW,2000,Aruba,
ABW,1999,Aruba,
ABW,1998,Aruba,
ABW,1997,Aruba,
ABW,1996,Aruba,
ABW,1995,Aruba,
ARM,2023,Armenia,2.5296697365313903
ARM,2022,Armenia,2.61828101845615
ARM,2021,Armenia,2.5194612294500893
ARM,2020,Armenia,2.334796555799426
ARM,2019,Armenia,2.168675105485232
ARM,2018,Armenia,2.004580666891209
ARM,2017,Armenia,1.909511982278311
ARM,2016,Armenia,1.7962436921431675
ARM,2015,Armenia,1.869533382147374
ARM,2014,Armenia,1.9114407060853407
ARM,2013,Armenia,1.8176373262739907
ARM,2012,Armenia,1.8748057273238319
ARM,2011,Armenia,1.619637372436342
ARM,2010,Armenia,1.41194823962165
ARM,2009,Armenia,1.4683626875407698
ARM,2008,Armenia,1.8297107317547212
ARM,2007,Armenia,1.6587178992083413
ARM,2006,Armenia,1.4216686386748105
ARM,2005,Armenia,1.418351131451818
ARM,2004,Armenia,1.1877784448165818
ARM,2003,Armenia,1.0905891594658288
ARM,2002,Armenia,0.9692480780048753
ARM,2001,Armenia,1.1312659567843577
ARM,2000,Armenia,1.1082238986681567
ARM,1999,Armenia,0.9801135735768731
ARM,1998,Armenia,1.08237717168147
ARM,1997,Armenia,1.0283742451765694
ARM,1996,Armenia,0.7911892848918867
ARM,1995,Armenia,1.0706313768279598
ARG,2023,Argentina,4.169904867762045
ARG,2022,Argentina,4.295311670849198
ARG,2021,Argentina,4.0976970459730335
ARG,2020,Argentina,3.7200285493228717
ARG,2019,Argentina,4.07504069344001
ARG,2018,Argentina,4.25075806940885
ARG,2017,Argentina,4.321029104948974
ARG,2016,Argentina,4.4223010437306
ARG,2015,Argentina,4.512587019549549
ARG,2014,Argentina,4.416746151241709
ARG,2013,Argentina,4.536586723334763
ARG,2012,Argentina,4.478861287469741
ARG,2011,Argentina,4.4292182294744435
ARG,2010,Argentina,4.294546105042702
ARG,2009,Argentina,4.034294010419478
ARG,2008,Argentina,4.433590041279287
ARG,2007,Argentina,4.325342357151676
ARG,2006,Argentina,4.102792089720602
ARG,2005,Argentina,3.9174267939172682
ARG,2004,Argentina,3.8557971941200613
ARG,2003,Argentina,3.518488647361062
ARG,2002,Argentina,3.2610366272638536
ARG,2001,Argentina,3.490424207953127
ARG,2000,Argentina,3.674857816889479
ARG,1999,Argentina,3.803022404161558
ARG,1998,Argentina,3.7948651824464723
ARG,1997,Argentina,3.6427912914036917
ARG,1996,Argentina,3.5645868634758333
ARG,1995,Argentina,3.3157694235703317
ATG,2023,Antigua and Barbuda,3.6874705302413306
ATG,2022,Antigua and Barbuda,3.694528220594571
ATG,2021,Antigua and Barbuda,3.589643634473573
ATG,2020,Antigua and Barbuda,3.5494196807699847
ATG,2019,Antigua and Barbuda,3.749835821548969
ATG,2018,Antigua and Barbuda,3.158612498075358
ATG,2017,Antigua and Barbuda,3.064066852367688
ATG,2016,Antigua and Barbuda,3.5000944769865177
ATG,2015,Antigua and Barbuda,3.2547059020903935
ATG,2014,Antigua and Barbuda,3.151016729566834
ATG,2013,Antigua and Barbuda,2.950127180232558
ATG,2012,Antigua and Barbuda,2.599129039651616
ATG,2011,Antigua and Barbuda,2.464902932863828
ATG,2010,Antigua and Barbuda,3.2688701359587435
ATG,2009,Antigua and Barbuda,3.1684744514274175
ATG,2008,Antigua and Barbuda,2.7872925511385565
ATG,2007,Antigua and Barbuda,2.6265543914618625
ATG,2006,Antigua and Barbuda,2.4341223760607416
ATG,2005,Antigua and Barbuda,2.1667859969099745
ATG,2004,Antigua and Barbuda,2.1138479909551697
ATG,2003,Antigua and Barbuda,2.1018437676544606
ATG,2002,Antigua and Barbuda,1.9485408661335548
ATG,2001,Antigua and Barbuda,1.7431542415438614
ATG,2000,Antigua and Barbuda,1.811458778299872
ATG,1999,Antigua and Barbuda,2.7217440881817936
ATG,1998,Antigua and Barbuda,2.732972435507927
ATG,1997,Antigua and Barbuda,2.720504412199344
ATG,1996,Antigua and Barbuda,2.6245474918117564
ATG,1995,Antigua and Barbuda,2.7013154614380617
AGO,2023,Angola,0.7438386373015484
AGO,2022,Angola,0.7488109522795674
AGO,2021,Angola,0.7402925522557362
AGO,2020,Angola,0.613970253682297
AGO,2019,Angola,0.8338462705531123
AGO,2018,Angola,0.8248097950117191
AGO,2017,Angola,0.9259219141203299
AGO,2016,Angola,1.071676146478078
AGO,2015,Angola,1.1750386163008912
AGO,2014,Angola,1.137202705858586
AGO,2013,Angola,1.090526423604715
AGO,2012,Angola,0.9816822185806839
AGO,2011,Angola,0.9765363060211529
AGO,2010,Angola,0.9761781854982813
AGO,2009,Angola,0.9408482521772583
AGO,2008,Angola,0.8860376144852402
AGO,2007,Angola,0.8208412507487887
AGO,2006,Angola,0.8153920812195523
AGO,2005,Angola,0.810676972733782
AGO,2004,Angola,0.9510697686821423
AGO,2003,Angola,0.9657812162834535
AGO,2002,Angola,0.9185004887261718
AGO,2001,Angola,0.9668656411265687
AGO,2000,Angola,1.0195821898898967
AGO,1999,Angola,1.1509050575931234
AGO,1998,Angola,1.1238263859250088
AGO,1997,Angola,1.1188088630245274
AGO,1996,Angola,1.1064025032014386
AGO,1995,Angola,0.9455408693483939
AND,2023,Andorra,
AND,2022,Andorra,
AND,2021,Andorra,
AND,2020,Andorra,
AND,2019,Andorra,
AND,2018,Andorra,
AND,2017,Andorra,
AND,2016,Andorra,
AND,2015,Andorra,
AND,2014,Andorra,
AND,2013,Andorra,
AND,2012,Andorra,
AND,2011,Andorra,
AND,2010,Andorra,
AND,2009,Andorra,
AND,2008,Andorra,
AND,2007,Andorra,
AND,2006,Andorra,
AND,2005,Andorra,
AND,2004,Andorra,
AND,2003,Andorra,
AND,2002,Andorra,
AND,2001,Andorra,
AND,2000,Andorra,
AND,1999,Andorra,
AND,1998,Andorra,
AND,1997,Andorra,
AND,1996,Andorra,
AND,1995,Andorra,
ASM,2023,American Samoa,
ASM,2022,American Samoa,
ASM,2021,American Samoa,
ASM,2020,American Samoa,
ASM,2019,American Samoa,
ASM,2018,American Samoa,
ASM,2017,American Samoa,
ASM,2016,American Samoa,
ASM,2015,American Samoa,
ASM,2014,American Samoa,
ASM,2013,American Samoa,
ASM,2012,American Samoa,
ASM,2011,American Samoa,
ASM,2010,American Samoa,
ASM,2009,American Samoa,
ASM,2008,American Samoa,
ASM,2007,American Samoa,
ASM,2006,American Samoa,
ASM,2005,American Samoa,
ASM,2004,American Samoa,
ASM,2003,American Samoa,
ASM,2002,American Samoa,
ASM,2001,American Samoa,
ASM,2000,American Samoa,
ASM,1999,American Samoa,
ASM,1998,American Samoa,
ASM,1997,American Samoa,
ASM,1996,American Samoa,
ASM,1995,American Samoa,
DZA,2023,Algeria,4.1282751907922455
DZA,2022,Algeria,4.160058529305629
DZA,2021,Algeria,4.050872388097531
DZA,2020,Algeria,3.9042310684113524
DZA,2019,Algeria,4.196519349111549
DZA,2018,Algeria,4.112578662739603
DZA,2017,Algeria,3.9895201883821554
DZA,2016,Algeria,3.9349562520573382
DZA,2015,Algeria,4.112454696805652
DZA,2014,Algeria,3.9544159523812135
DZA,2013,Algeria,3.793615642519007
DZA,2012,Algeria,3.726007583348594
DZA,2011,Algeria,3.3818992603820313
DZA,2010,Algeria,3.277772367793777
DZA,2009,Algeria,3.2709958976282207
DZA,2008,Algeria,3.2659025007955176
DZA,2007,Algeria,3.185667166704456
DZA,2006,Algeria,3.137801869918027
DZA,2005,Algeria,3.0625943826149604
DZA,2004,Algeria,2.9614182001469525
DZA,2003,Algeria,2.999342549737197
DZA,2002,Algeria,2.8247351605083773
DZA,2001,Algeria,2.7392325374105275
DZA,2000,Algeria,2.8455670617290836
DZA,1999,Algeria,2.787757207256961
DZA,1998,Algeria,2.709797018599738
DZA,1997,Algeria,2.691845219736599
DZA,1996,Algeria,2.807435555155705
DZA,1995,Algeria,2.9440968625746136
ALB,2023,Albania,1.7509116135040705
ALB,2022,Albania,1.8452576157308833
ALB,2021,Albania,2.053288627587697
ALB,2020,Albania,1.8064607985825476
ALB,2019,Albania,1.9409603781601457
ALB,2018,Albania,2.045493154398859
ALB,2017,Albania,2.0244422333698977
ALB,2016,Albania,1.6873962852890292
ALB,2015,Albania,1.785088600893423
ALB,2014,Albania,1.8394479420946317
ALB,2013,Albania,1.6934561443742098
ALB,2012,Albania,1.5864953710759715
ALB,2011,Albania,1.72129581663193
ALB,2010,Albania,1.5677882171120634
ALB,2009,Albania,1.463218513697093
ALB,2008,Albania,1.423329852197628
ALB,2007,Albania,1.4296214466112485
ALB,2006,Albania,1.381799517267398
ALB,2005,Albania,1.3776914859668996
ALB,2004,Albania,1.4583709813775567
ALB,2003,Albania,1.385569756179728
ALB,2002,Albania,1.313237255859535
ALB,2001,Albania,1.1239887418129628
ALB,2000,Albania,1.0465755074332468
ALB,1999,Albania,0.9929625080980372
ALB,1998,Albania,0.612076598274589
ALB,1997,Albania,0.5020517545924268
ALB,1996,Albania,0.6487306161267892
ALB,1995,Albania,0.6494166480539458
AFG,2023,Afghanistan,0.28099546877136744
AFG,2022,Afghanistan,0.27842095641861836
AFG,2021,Afghanistan,0.3121567847851167
AFG,2020,Afghanistan,0.31082460588488886
AFG,2019,Afghanistan,0.3197527818552778
AFG,2018,Afghanistan,0.3214187046422589
AFG,2017,Afghanistan,0.2913283907182997
AFG,2016,Afghanistan,0.219353479990497
AFG,2015,Afghanistan,0.24909135686806044
AFG,2014,Afghanistan,0.24270166708429236
AFG,2013,Afghanistan,0.26653950908182933
AFG,2012,Afghanistan,0.3234420485265167
AFG,2011,Afghanistan,0.39264054283216937
AFG,2010,Afghanistan,0.2781917423608729
AFG,2009,Afghanistan,0.2244912738069375
AFG,2008,Afghanistan,0.1473758904990601
AFG,2007,Afghanistan,0.07966853689476883
AFG,2006,Afghanistan,0.055793531915040905
AFG,2005,Afghanistan,0.05229758839810598
AFG,2004,Afghanistan,0.03830114393259203
AFG,2003,Afghanistan,0.04474542768108229
AFG,2002,Afghanistan,0.04391406408712236
AFG,2001,Afghanistan,0.046351102850099836
AFG,2000,Afghanistan,0.05013828140993438
AFG,1999,Afghanistan,0.06854961475096397
AFG,1998,Afghanistan,0.07355429510528082
AFG,1997,Afghanistan,0.07443600836349658
AFG,1996,Afghanistan,0.07912959249723558
AFG,1995,Afghanistan,0.08511742407462489
