economy,time,Country,Time,EN.GHG.CO2.MT.CE.AR5
ZWE,2020,Zimbabwe,2020,9.0746
ZWE,2019,Zimbabwe,2019,11.1706
ZWE,2018,Zimbabwe,2018,12.2724
ZWE,2017,Zimbabwe,2017,10.5878
ZWE,2016,Zimbabwe,2016,11.2687
ZWE,2015,Zimbabwe,2015,12.6919
ZWE,2014,Zimbabwe,2014,12.6001
ZWE,2013,Zimbabwe,2013,12.7188
ZWE,2012,Zimbabwe,2012,12.7437
ZWE,2011,Zimbabwe,2011,15.8494
ZWE,2010,Zimbabwe,2010,10.0686
ZWE,2009,Zimbabwe,2009,7.9434
ZWE,2008,Zimbabwe,2008,8.3091
ZWE,2007,Zimbabwe,2007,10.5677
ZWE,2006,Zimbabwe,2006,10.7255
ZWE,2005,Zimbabwe,2005,11.512
ZWE,2004,Zimbabwe,2004,10.3653
ZWE,2003,Zimbabwe,2003,10.9284
ZWE,2002,Zimbabwe,2002,13.3321
ZWE,2001,Zimbabwe,2001,14.5958
ZWE,2000,Zimbabwe,2000,14.6562
ZWE,1999,Zimbabwe,1999,16.8548
ZWE,1998,Zimbabwe,1998,14.9728
ZWE,1997,Zimbabwe,1997,14.7595
ZWE,1996,Zimbabwe,1996,15.7201
ZWE,1995,Zimbabwe,1995,16.2689
ZMB,2020,Zambia,2020,9.531
ZMB,2019,Zambia,2019,9.034
ZMB,2018,Zambia,2018,9.1031
ZMB,2017,Zambia,2017,8.0384
ZMB,2016,Zambia,2016,6.3266
ZMB,2015,Zambia,2015,5.848
ZMB,2014,Zambia,2014,5.5061
ZMB,2013,Zambia,2013,4.7358
ZMB,2012,Zambia,2012,4.3193
ZMB,2011,Zambia,2011,3.4572
ZMB,2010,Zambia,2010,3.2126
ZMB,2009,Zambia,2009,2.8749
ZMB,2008,Zambia,2008,2.6077
ZMB,2007,Zambia,2007,2.1887
ZMB,2006,Zambia,2006,2.4089
ZMB,2005,Zambia,2005,2.4735
ZMB,2004,Zambia,2004,2.3034
ZMB,2003,Zambia,2003,2.2392
ZMB,2002,Zambia,2002,2.0678
ZMB,2001,Zambia,2001,1.9678
ZMB,2000,Zambia,2000,1.9522
ZMB,1999,Zambia,1999,1.929
ZMB,1998,Zambia,1998,2.3443
ZMB,1997,Zambia,1997,2.5004
ZMB,1996,Zambia,1996,1.9844
ZMB,1995,Zambia,1995,2.3571
YEM,2020,"Yemen, Rep.",2020,11.3173
YEM,2019,"Yemen, Rep.",2019,12.3423
YEM,2018,"Yemen, Rep.",2018,11.9933
YEM,2017,"Yemen, Rep.",2017,9.826
YEM,2016,"Yemen, Rep.",2016,10.6296
YEM,2015,"Yemen, Rep.",2015,14.2523
YEM,2014,"Yemen, Rep.",2014,28.3558
YEM,2013,"Yemen, Rep.",2013,28.7881
YEM,2012,"Yemen, Rep.",2012,22.0028
YEM,2011,"Yemen, Rep.",2011,23.001
YEM,2010,"Yemen, Rep.",2010,26.3447
YEM,2009,"Yemen, Rep.",2009,27.6349
YEM,2008,"Yemen, Rep.",2008,25.2468
YEM,2007,"Yemen, Rep.",2007,24.3239
YEM,2006,"Yemen, Rep.",2006,22.946
YEM,2005,"Yemen, Rep.",2005,22.0232
YEM,2004,"Yemen, Rep.",2004,20.4409
YEM,2003,"Yemen, Rep.",2003,19.536
YEM,2002,"Yemen, Rep.",2002,16.8166
YEM,2001,"Yemen, Rep.",2001,16.7704
YEM,2000,"Yemen, Rep.",2000,15.7452
YEM,1999,"Yemen, Rep.",1999,14.7405
YEM,1998,"Yemen, Rep.",1998,13.084
YEM,1997,"Yemen, Rep.",1997,12.2886
YEM,1996,"Yemen, Rep.",1996,11.4239
YEM,1995,"Yemen, Rep.",1995,11.1564
VIR,2020,Virgin Islands (U.S.),2020,
VIR,2019,Virgin Islands (U.S.),2019,
VIR,2018,Virgin Islands (U.S.),2018,
VIR,2017,Virgin Islands (U.S.),2017,
VIR,2016,Virgin Islands (U.S.),2016,
VIR,2015,Virgin Islands (U.S.),2015,
VIR,2014,Virgin Islands (U.S.),2014,
VIR,2013,Virgin Islands (U.S.),2013,
VIR,2012,Virgin Islands (U.S.),2012,
VIR,2011,Virgin Islands (U.S.),2011,
VIR,2010,Virgin Islands (U.S.),2010,
VIR,2009,Virgin Islands (U.S.),2009,
VIR,2008,Virgin Islands (U.S.),2008,
VIR,2007,Virgin Islands (U.S.),2007,
VIR,2006,Virgin Islands (U.S.),2006,
VIR,2005,Virgin Islands (U.S.),2005,
VIR,2004,Virgin Islands (U.S.),2004,
VIR,2003,Virgin Islands (U.S.),2003,
VIR,2002,Virgin Islands (U.S.),2002,
VIR,2001,Virgin Islands (U.S.),2001,
VIR,2000,Virgin Islands (U.S.),2000,
VIR,1999,Virgin Islands (U.S.),1999,
VIR,1998,Virgin Islands (U.S.),1998,
VIR,1997,Virgin Islands (U.S.),1997,
VIR,1996,Virgin Islands (U.S.),1996,
VIR,1995,Virgin Islands (U.S.),1995,
VNM,2020,Viet Nam,2020,348.3315
VNM,2019,Viet Nam,2019,336.5288
VNM,2018,Viet Nam,2018,282.0973
VNM,2017,Viet Nam,2017,229.2539
VNM,2016,Viet Nam,2016,223.8051
VNM,2015,Viet Nam,2015,200.8183
VNM,2014,Viet Nam,2014,178.9422
VNM,2013,Viet Nam,2013,163.1599
VNM,2012,Viet Nam,2012,156.2243
VNM,2011,Viet Nam,2011,156.7664
VNM,2010,Viet Nam,2010,156.7839
VNM,2009,Viet Nam,2009,140.8243
VNM,2008,Viet Nam,2008,125.7916
VNM,2007,Viet Nam,2007,114.314
VNM,2006,Viet Nam,2006,103.16
VNM,2005,Viet Nam,2005,100.5495
VNM,2004,Viet Nam,2004,91.9274
VNM,2003,Viet Nam,2003,77.6463
VNM,2002,Viet Nam,2002,73.0818
VNM,2001,Viet Nam,2001,62.0917
VNM,2000,Viet Nam,2000,56.5356
VNM,1999,Viet Nam,1999,51.1038
VNM,1998,Viet Nam,1998,49.8923
VNM,1997,Viet Nam,1997,44.644
VNM,1996,Viet Nam,1996,38.7066
VNM,1995,Viet Nam,1995,34.3721
VEN,2020,"Venezuela, RB",2020,76.6657
VEN,2019,"Venezuela, RB",2019,120.3724
VEN,2018,"Venezuela, RB",2018,137.7913
VEN,2017,"Venezuela, RB",2017,151.9619
VEN,2016,"Venezuela, RB",2016,162.9378
VEN,2015,"Venezuela, RB",2015,175.9339
VEN,2014,"Venezuela, RB",2014,191.9224
VEN,2013,"Venezuela, RB",2013,192.9674
VEN,2012,"Venezuela, RB",2012,193.7941
VEN,2011,"Venezuela, RB",2011,172.9615
VEN,2010,"Venezuela, RB",2010,176.795
VEN,2009,"Venezuela, RB",2009,165.2485
VEN,2008,"Venezuela, RB",2008,164.1035
VEN,2007,"Venezuela, RB",2007,155.9702
VEN,2006,"Venezuela, RB",2006,158.9841
VEN,2005,"Venezuela, RB",2005,155.9378
VEN,2004,"Venezuela, RB",2004,149.704
VEN,2003,"Venezuela, RB",2003,143.0009
VEN,2002,"Venezuela, RB",2002,148.0955
VEN,2001,"Venezuela, RB",2001,143.2788
VEN,2000,"Venezuela, RB",2000,137.7453
VEN,1999,"Venezuela, RB",1999,131.9326
VEN,1998,"Venezuela, RB",1998,135.558
VEN,1997,"Venezuela, RB",1997,133.8226
VEN,1996,"Venezuela, RB",1996,133.447
VEN,1995,"Venezuela, RB",1995,119.9197
VUT,2020,Vanuatu,2020,0.2515
VUT,2019,Vanuatu,2019,0.219
VUT,2018,Vanuatu,2018,0.2288
VUT,2017,Vanuatu,2017,0.1664
VUT,2016,Vanuatu,2016,0.1659
VUT,2015,Vanuatu,2015,0.1592
VUT,2014,Vanuatu,2014,0.1753
VUT,2013,Vanuatu,2013,0.151
VUT,2012,Vanuatu,2012,0.1477
VUT,2011,Vanuatu,2011,0.1797
VUT,2010,Vanuatu,2010,0.1549
VUT,2009,Vanuatu,2009,0.1443
VUT,2008,Vanuatu,2008,0.1287
VUT,2007,Vanuatu,2007,0.131
VUT,2006,Vanuatu,2006,0.0803
VUT,2005,Vanuatu,2005,0.0892
VUT,2004,Vanuatu,2004,0.0874
VUT,2003,Vanuatu,2003,0.1122
VUT,2002,Vanuatu,2002,0.0961
VUT,2001,Vanuatu,2001,0.0977
VUT,2000,Vanuatu,2000,0.084
VUT,1999,Vanuatu,1999,0.0536
VUT,1998,Vanuatu,1998,0.0537
VUT,1997,Vanuatu,1997,0.0521
VUT,1996,Vanuatu,1996,0.0506
VUT,1995,Vanuatu,1995,0.0502
UZB,2020,Uzbekistan,2020,123.9451
UZB,2019,Uzbekistan,2019,115.1171
UZB,2018,Uzbekistan,2018,112.7949
UZB,2017,Uzbekistan,2017,118.2658
UZB,2016,Uzbekistan,2016,114.0078
UZB,2015,Uzbekistan,2015,107.5503
UZB,2014,Uzbekistan,2014,113.1595
UZB,2013,Uzbekistan,2013,121.417
UZB,2012,Uzbekistan,2012,123.1859
UZB,2011,Uzbekistan,2011,138.6782
UZB,2010,Uzbekistan,2010,135.8014
UZB,2009,Uzbekistan,2009,124.512
UZB,2008,Uzbekistan,2008,137.2899
UZB,2007,Uzbekistan,2007,131.3948
UZB,2006,Uzbekistan,2006,134.4224
UZB,2005,Uzbekistan,2005,125.5292
UZB,2004,Uzbekistan,2004,132.1457
UZB,2003,Uzbekistan,2003,128.9701
UZB,2002,Uzbekistan,2002,136.8801
UZB,2001,Uzbekistan,2001,132.6334
UZB,2000,Uzbekistan,2000,131.5221
UZB,1999,Uzbekistan,1999,124.2258
UZB,1998,Uzbekistan,1998,123.4347
UZB,1997,Uzbekistan,1997,108.0143
UZB,1996,Uzbekistan,1996,108.1291
UZB,1995,Uzbekistan,1995,104.912
URY,2020,Uruguay,2020,6.9135
URY,2019,Uruguay,2019,7.1561
URY,2018,Uruguay,2018,6.871
URY,2017,Uruguay,2017,6.4073
URY,2016,Uruguay,2016,6.8292
URY,2015,Uruguay,2015,6.8951
URY,2014,Uruguay,2014,6.7334
URY,2013,Uruguay,2013,7.6589
URY,2012,Uruguay,2012,8.8815
URY,2011,Uruguay,2011,7.7873
URY,2010,Uruguay,2010,6.4579
URY,2009,Uruguay,2009,7.8326
URY,2008,Uruguay,2008,7.9164
URY,2007,Uruguay,2007,6.1176
URY,2006,Uruguay,2006,6.4885
URY,2005,Uruguay,2005,5.5678
URY,2004,Uruguay,2004,5.755
URY,2003,Uruguay,2003,4.5952
URY,2002,Uruguay,2002,4.6084
URY,2001,Uruguay,2001,5.0175
URY,2000,Uruguay,2000,5.5706
URY,1999,Uruguay,1999,6.8878
URY,1998,Uruguay,1998,5.9043
URY,1997,Uruguay,1997,5.6715
URY,1996,Uruguay,1996,5.5886
URY,1995,Uruguay,1995,4.767
USA,2020,United States,2020,4466.8765
USA,2019,United States,2019,4967.9122
USA,2018,United States,2018,5118.3744
USA,2017,United States,2017,4959.4579
USA,2016,United States,2016,5028.952
USA,2015,United States,2015,5132.9841
USA,2014,United States,2014,5243.772
USA,2013,United States,2013,5224.7089
USA,2012,United States,2012,5087.711
USA,2011,United States,2011,5307.6289
USA,2010,United States,2010,5521.4993
USA,2009,United States,2009,5273.1152
USA,2008,United States,2008,5689.2644
USA,2007,United States,2007,5872.7014
USA,2006,United States,2006,5790.0078
USA,2005,United States,2005,5888.1657
USA,2004,United States,2004,5879.9871
USA,2003,United States,2003,5792.9233
USA,2002,United States,2002,5726.7267
USA,2001,United States,2001,5877.6294
USA,2000,United States,2000,5928.7614
USA,1999,United States,1999,5761.8713
USA,1998,United States,1998,5744.8765
USA,1997,United States,1997,5699.5176
USA,1996,United States,1996,5426.4743
USA,1995,United States,1995,5271.4648
GBR,2020,United Kingdom,2020,319.6964
GBR,2019,United Kingdom,2019,359.0131
GBR,2018,United Kingdom,2018,373.8821
GBR,2017,United Kingdom,2017,380.7118
GBR,2016,United Kingdom,2016,391.8614
GBR,2015,United Kingdom,2015,415.8847
GBR,2014,United Kingdom,2014,430.6573
GBR,2013,United Kingdom,2013,470.2197
GBR,2012,United Kingdom,2012,481.3898
GBR,2011,United Kingdom,2011,459.2066
GBR,2010,United Kingdom,2010,500.7484
GBR,2009,United Kingdom,2009,483.4698
GBR,2008,United Kingdom,2008,533.9109
GBR,2007,United Kingdom,2007,550.4176
GBR,2006,United Kingdom,2006,559.9305
GBR,2005,United Kingdom,2005,559.5236
GBR,2004,United Kingdom,2004,561.1737
GBR,2003,United Kingdom,2003,560.7371
GBR,2002,United Kingdom,2002,547.1609
GBR,2001,United Kingdom,2001,563.115
GBR,2000,United Kingdom,2000,551.9584
GBR,1999,United Kingdom,1999,544.0076
GBR,1998,United Kingdom,1998,547.4062
GBR,1997,United Kingdom,1997,546.7394
GBR,1996,United Kingdom,1996,567.624
GBR,1995,United Kingdom,1995,548.3394
ARE,2020,United Arab Emirates,2020,195.6742
ARE,2019,United Arab Emirates,2019,197.8494
ARE,2018,United Arab Emirates,2018,187.2853
ARE,2017,United Arab Emirates,2017,204.4227
ARE,2016,United Arab Emirates,2016,212.4305
ARE,2015,United Arab Emirates,2015,206.8519
ARE,2014,United Arab Emirates,2014,198.1138
ARE,2013,United Arab Emirates,2013,195.0534
ARE,2012,United Arab Emirates,2012,185.0103
ARE,2011,United Arab Emirates,2011,177.2572
ARE,2010,United Arab Emirates,2010,171.9529
ARE,2009,United Arab Emirates,2009,165.3369
ARE,2008,United Arab Emirates,2008,164.2519
ARE,2007,United Arab Emirates,2007,137.1441
ARE,2006,United Arab Emirates,2006,127.1972
ARE,2005,United Arab Emirates,2005,122.4613
ARE,2004,United Arab Emirates,2004,115.0197
ARE,2003,United Arab Emirates,2003,108.8196
ARE,2002,United Arab Emirates,2002,103.5184
ARE,2001,United Arab Emirates,2001,101.2593
ARE,2000,United Arab Emirates,2000,88.4569
ARE,1999,United Arab Emirates,1999,89.1524
ARE,1998,United Arab Emirates,1998,86.4781
ARE,1997,United Arab Emirates,1997,84.3016
ARE,1996,United Arab Emirates,1996,80.8908
ARE,1995,United Arab Emirates,1995,77.4025
UKR,2020,Ukraine,2020,198.8972
UKR,2019,Ukraine,2019,207.9097
UKR,2018,Ukraine,2018,218.3029
UKR,2017,Ukraine,2017,205.5813
UKR,2016,Ukraine,2016,227.2461
UKR,2015,Ukraine,2015,226.107
UKR,2014,Ukraine,2014,269.3299
UKR,2013,Ukraine,2013,315.2748
UKR,2012,Ukraine,2012,324.9176
UKR,2011,Ukraine,2011,333.3052
UKR,2010,Ukraine,2010,315.9087
UKR,2009,Ukraine,2009,292.2332
UKR,2008,Ukraine,2008,352.2333
UKR,2007,Ukraine,2007,367.7024
UKR,2006,Ukraine,2006,356.3792
UKR,2005,Ukraine,2005,357.0932
UKR,2004,Ukraine,2004,368.8172
UKR,2003,Ukraine,2003,392.9829
UKR,2002,Ukraine,2002,360.5556
UKR,2001,Ukraine,2001,360.1685
UKR,2000,Ukraine,2000,361.0273
UKR,1999,Ukraine,1999,364.3644
UKR,1998,Ukraine,1998,364.6114
UKR,1997,Ukraine,1997,382.2377
UKR,1996,Ukraine,1996,397.6329
UKR,1995,Ukraine,1995,464.1919
UGA,2020,Uganda,2020,7.1198
UGA,2019,Uganda,2019,7.0646
UGA,2018,Uganda,2018,6.8571
UGA,2017,Uganda,2017,6.2539
UGA,2016,Uganda,2016,6.0018
UGA,2015,Uganda,2015,5.5954
UGA,2014,Uganda,2014,4.8524
UGA,2013,Uganda,2013,4.4114
UGA,2012,Uganda,2012,4.329
UGA,2011,Uganda,2011,4.2628
UGA,2010,Uganda,2010,3.7998
UGA,2009,Uganda,2009,3.8307
UGA,2008,Uganda,2008,3.4804
UGA,2007,Uganda,2007,3.1093
UGA,2006,Uganda,2006,2.5786
UGA,2005,Uganda,2005,2.2217
UGA,2004,Uganda,2004,1.8123
UGA,2003,Uganda,2003,1.731
UGA,2002,Uganda,2002,1.6383
UGA,2001,Uganda,2001,1.4377
UGA,2000,Uganda,2000,1.4139
UGA,1999,Uganda,1999,1.3975
UGA,1998,Uganda,1998,1.3574
UGA,1997,Uganda,1997,1.1617
UGA,1996,Uganda,1996,1.1054
UGA,1995,Uganda,1995,1.0126
TUV,2020,Tuvalu,2020,0.0
TUV,2019,Tuvalu,2019,0.0
TUV,2018,Tuvalu,2018,0.0
TUV,2017,Tuvalu,2017,0.0
TUV,2016,Tuvalu,2016,0.0
TUV,2015,Tuvalu,2015,0.0
TUV,2014,Tuvalu,2014,0.0
TUV,2013,Tuvalu,2013,0.0
TUV,2012,Tuvalu,2012,0.0
TUV,2011,Tuvalu,2011,0.0
TUV,2010,Tuvalu,2010,0.0
TUV,2009,Tuvalu,2009,0.0
TUV,2008,Tuvalu,2008,0.0
TUV,2007,Tuvalu,2007,0.0
TUV,2006,Tuvalu,2006,0.0
TUV,2005,Tuvalu,2005,0.0
TUV,2004,Tuvalu,2004,0.0
TUV,2003,Tuvalu,2003,0.0
TUV,2002,Tuvalu,2002,0.0
TUV,2001,Tuvalu,2001,0.0
TUV,2000,Tuvalu,2000,0.0
TUV,1999,Tuvalu,1999,0.0
TUV,1998,Tuvalu,1998,0.0
TUV,1997,Tuvalu,1997,0.0
TUV,1996,Tuvalu,1996,0.0
TUV,1995,Tuvalu,1995,0.0
TCA,2020,Turks and Caicos Islands,2020,
TCA,2019,Turks and Caicos Islands,2019,
TCA,2018,Turks and Caicos Islands,2018,
TCA,2017,Turks and Caicos Islands,2017,
TCA,2016,Turks and Caicos Islands,2016,
TCA,2015,Turks and Caicos Islands,2015,
TCA,2014,Turks and Caicos Islands,2014,
TCA,2013,Turks and Caicos Islands,2013,
TCA,2012,Turks and Caicos Islands,2012,
TCA,2011,Turks and Caicos Islands,2011,
TCA,2010,Turks and Caicos Islands,2010,
TCA,2009,Turks and Caicos Islands,2009,
TCA,2008,Turks and Caicos Islands,2008,
TCA,2007,Turks and Caicos Islands,2007,
TCA,2006,Turks and Caicos Islands,2006,
TCA,2005,Turks and Caicos Islands,2005,
TCA,2004,Turks and Caicos Islands,2004,
TCA,2003,Turks and Caicos Islands,2003,
TCA,2002,Turks and Caicos Islands,2002,
TCA,2001,Turks and Caicos Islands,2001,
TCA,2000,Turks and Caicos Islands,2000,
TCA,1999,Turks and Caicos Islands,1999,
TCA,1998,Turks and Caicos Islands,1998,
TCA,1997,Turks and Caicos Islands,1997,
TCA,1996,Turks and Caicos Islands,1996,
TCA,1995,Turks and Caicos Islands,1995,
TKM,2020,Turkmenistan,2020,76.8253
TKM,2019,Turkmenistan,2019,73.2506
TKM,2018,Turkmenistan,2018,74.2318
TKM,2017,Turkmenistan,2017,72.1708
TKM,2016,Turkmenistan,2016,67.2897
TKM,2015,Turkmenistan,2015,67.9108
TKM,2014,Turkmenistan,2014,63.2168
TKM,2013,Turkmenistan,2013,65.2746
TKM,2012,Turkmenistan,2012,68.2977
TKM,2011,Turkmenistan,2011,66.14
TKM,2010,Turkmenistan,2010,61.6532
TKM,2009,Turkmenistan,2009,54.6299
TKM,2008,Turkmenistan,2008,61.9382
TKM,2007,Turkmenistan,2007,60.7872
TKM,2006,Turkmenistan,2006,54.9589
TKM,2005,Turkmenistan,2005,52.8983
TKM,2004,Turkmenistan,2004,51.3238
TKM,2003,Turkmenistan,2003,48.1523
TKM,2002,Turkmenistan,2002,43.2202
TKM,2001,Turkmenistan,2001,40.2879
TKM,2000,Turkmenistan,2000,39.3402
TKM,1999,Turkmenistan,1999,38.5614
TKM,1998,Turkmenistan,1998,32.608
TKM,1997,Turkmenistan,1997,31.5044
TKM,1996,Turkmenistan,1996,31.5173
TKM,1995,Turkmenistan,1995,34.6597
TUR,2020,Turkiye,2020,423.0905
TUR,2019,Turkiye,2019,414.4775
TUR,2018,Turkiye,2018,429.3432
TUR,2017,Turkiye,2017,433.2199
TUR,2016,Turkiye,2016,391.2631
TUR,2015,Turkiye,2015,367.843
TUR,2014,Turkiye,2014,355.3809
TUR,2013,Turkiye,2013,333.874
TUR,2012,Turkiye,2012,344.1578
TUR,2011,Turkiye,2011,332.7685
TUR,2010,Turkiye,2010,312.1721
TUR,2009,Turkiye,2009,301.377
TUR,2008,Turkiye,2008,299.5496
TUR,2007,Turkiye,2007,300.3324
TUR,2006,Turkiye,2006,274.0011
TUR,2005,Turkiye,2005,246.0895
TUR,2004,Turkiye,2004,235.8827
TUR,2003,Turkiye,2003,229.6955
TUR,2002,Turkiye,2002,217.3779
TUR,2001,Turkiye,2001,206.7299
TUR,2000,Turkiye,2000,227.0564
TUR,1999,Turkiye,1999,204.5744
TUR,1998,Turkiye,1998,206.0041
TUR,1997,Turkiye,1997,204.4499
TUR,1996,Turkiye,1996,194.5272
TUR,1995,Turkiye,1995,178.3755
TUN,2020,Tunisia,2020,28.7185
TUN,2019,Tunisia,2019,30.2451
TUN,2018,Tunisia,2018,30.1881
TUN,2017,Tunisia,2017,30.2963
TUN,2016,Tunisia,2016,29.8618
TUN,2015,Tunisia,2015,30.7211
TUN,2014,Tunisia,2014,30.2046
TUN,2013,Tunisia,2013,28.219
TUN,2012,Tunisia,2012,28.2414
TUN,2011,Tunisia,2011,26.2639
TUN,2010,Tunisia,2010,27.731
TUN,2009,Tunisia,2009,25.3652
TUN,2008,Tunisia,2008,25.4277
TUN,2007,Tunisia,2007,24.9827
TUN,2006,Tunisia,2006,24.238
TUN,2005,Tunisia,2005,23.4473
TUN,2004,Tunisia,2004,22.8155
TUN,2003,Tunisia,2003,21.5652
TUN,2002,Tunisia,2002,21.7773
TUN,2001,Tunisia,2001,22.0123
TUN,2000,Tunisia,2000,21.131
TUN,1999,Tunisia,1999,20.1644
TUN,1998,Tunisia,1998,19.1808
TUN,1997,Tunisia,1997,18.3731
TUN,1996,Tunisia,1996,17.8305
TUN,1995,Tunisia,1995,17.2862
TTO,2020,Trinidad and Tobago,2020,29.8017
TTO,2019,Trinidad and Tobago,2019,33.2231
TTO,2018,Trinidad and Tobago,2018,32.6228
TTO,2017,Trinidad and Tobago,2017,32.5451
TTO,2016,Trinidad and Tobago,2016,33.7186
TTO,2015,Trinidad and Tobago,2015,36.7586
TTO,2014,Trinidad and Tobago,2014,37.2008
TTO,2013,Trinidad and Tobago,2013,37.331
TTO,2012,Trinidad and Tobago,2012,38.0759
TTO,2011,Trinidad and Tobago,2011,41.2563
TTO,2010,Trinidad and Tobago,2010,41.0228
TTO,2009,Trinidad and Tobago,2009,37.4346
TTO,2008,Trinidad and Tobago,2008,38.6523
TTO,2007,Trinidad and Tobago,2007,39.4233
TTO,2006,Trinidad and Tobago,2006,38.5543
TTO,2005,Trinidad and Tobago,2005,35.0199
TTO,2004,Trinidad and Tobago,2004,28.9004
TTO,2003,Trinidad and Tobago,2003,27.1427
TTO,2002,Trinidad and Tobago,2002,23.4966
TTO,2001,Trinidad and Tobago,2001,21.731
TTO,2000,Trinidad and Tobago,2000,19.1689
TTO,1999,Trinidad and Tobago,1999,18.4517
TTO,1998,Trinidad and Tobago,1998,17.9535
TTO,1997,Trinidad and Tobago,1997,14.8499
TTO,1996,Trinidad and Tobago,1996,14.8723
TTO,1995,Trinidad and Tobago,1995,13.8172
TON,2020,Tonga,2020,0.1865
TON,2019,Tonga,2019,0.1655
TON,2018,Tonga,2018,0.1474
TON,2017,Tonga,2017,0.1549
TON,2016,Tonga,2016,0.1432
TON,2015,Tonga,2015,0.1347
TON,2014,Tonga,2014,0.1318
TON,2013,Tonga,2013,0.1194
TON,2012,Tonga,2012,0.1182
TON,2011,Tonga,2011,0.12
TON,2010,Tonga,2010,0.1262
TON,2009,Tonga,2009,0.1308
TON,2008,Tonga,2008,0.1237
TON,2007,Tonga,2007,0.1142
TON,2006,Tonga,2006,0.1331
TON,2005,Tonga,2005,0.1212
TON,2004,Tonga,2004,0.1118
TON,2003,Tonga,2003,0.1255
TON,2002,Tonga,2002,0.1046
TON,2001,Tonga,2001,0.0947
TON,2000,Tonga,2000,0.0998
TON,1999,Tonga,1999,0.1476
TON,1998,Tonga,1998,0.1479
TON,1997,Tonga,1997,0.1414
TON,1996,Tonga,1996,0.1309
TON,1995,Tonga,1995,0.1152
TGO,2020,Togo,2020,2.4218
TGO,2019,Togo,2019,2.1053
TGO,2018,Togo,2018,1.9363
TGO,2017,Togo,2017,1.6554
TGO,2016,Togo,2016,2.1279
TGO,2015,Togo,2015,1.546
TGO,2014,Togo,2014,1.7347
TGO,2013,Togo,2013,1.9314
TGO,2012,Togo,2012,2.2462
TGO,2011,Togo,2011,2.3171
TGO,2010,Togo,2010,2.525
TGO,2009,Togo,2009,2.7107
TGO,2008,Togo,2008,1.5891
TGO,2007,Togo,2007,1.2179
TGO,2006,Togo,2006,1.2217
TGO,2005,Togo,2005,1.3112
TGO,2004,Togo,2004,1.378
TGO,2003,Togo,2003,1.4374
TGO,2002,Togo,2002,1.199
TGO,2001,Togo,2001,1.1264
TGO,2000,Togo,2000,1.2511
TGO,1999,Togo,1999,1.3541
TGO,1998,Togo,1998,1.0465
TGO,1997,Togo,1997,0.8495
TGO,1996,Togo,1996,1.1297
TGO,1995,Togo,1995,0.7374
TLS,2020,Timor-Leste,2020,0.6794
TLS,2019,Timor-Leste,2019,0.7283
TLS,2018,Timor-Leste,2018,0.6666
TLS,2017,Timor-Leste,2017,0.6218
TLS,2016,Timor-Leste,2016,0.6609
TLS,2015,Timor-Leste,2015,0.6952
TLS,2014,Timor-Leste,2014,0.7441
TLS,2013,Timor-Leste,2013,0.7585
TLS,2012,Timor-Leste,2012,0.6288
TLS,2011,Timor-Leste,2011,0.3708
TLS,2010,Timor-Leste,2010,0.3344
TLS,2009,Timor-Leste,2009,0.3372
TLS,2008,Timor-Leste,2008,0.3109
TLS,2007,Timor-Leste,2007,0.3133
TLS,2006,Timor-Leste,2006,0.3409
TLS,2005,Timor-Leste,2005,0.3496
TLS,2004,Timor-Leste,2004,0.5158
TLS,2003,Timor-Leste,2003,0.2639
TLS,2002,Timor-Leste,2002,0.2492
TLS,2001,Timor-Leste,2001,0.2656
TLS,2000,Timor-Leste,2000,0.3496
TLS,1999,Timor-Leste,1999,0.3038
TLS,1998,Timor-Leste,1998,0.1895
TLS,1997,Timor-Leste,1997,0.1233
TLS,1996,Timor-Leste,1996,0.1198
TLS,1995,Timor-Leste,1995,0.0968
THA,2020,Thailand,2020,275.6334
THA,2019,Thailand,2019,286.4704
THA,2018,Thailand,2018,276.6537
THA,2017,Thailand,2017,281.081
THA,2016,Thailand,2016,277.7638
THA,2015,Thailand,2015,281.4677
THA,2014,Thailand,2014,272.5228
THA,2013,Thailand,2013,275.9576
THA,2012,Thailand,2012,264.8041
THA,2011,Thailand,2011,246.7462
THA,2010,Thailand,2010,246.3596
THA,2009,Thailand,2009,232.0176
THA,2008,Thailand,2008,238.9694
THA,2007,Thailand,2007,237.863
THA,2006,Thailand,2006,232.8491
THA,2005,Thailand,2005,229.2248
THA,2004,Thailand,2004,221.1427
THA,2003,Thailand,2003,202.9305
THA,2002,Thailand,2002,195.0715
THA,2001,Thailand,2001,183.5255
THA,2000,Thailand,2000,174.8428
THA,1999,Thailand,1999,174.5482
THA,1998,Thailand,1998,167.0286
THA,1997,Thailand,1997,187.4146
THA,1996,Thailand,1996,183.8926
THA,1995,Thailand,1995,163.548
TZA,2020,Tanzania,2020,16.677
TZA,2019,Tanzania,2019,17.0037
TZA,2018,Tanzania,2018,14.9211
TZA,2017,Tanzania,2017,14.1975
TZA,2016,Tanzania,2016,14.1367
TZA,2015,Tanzania,2015,13.2034
TZA,2014,Tanzania,2014,11.257
TZA,2013,Tanzania,2013,11.5936
TZA,2012,Tanzania,2012,10.6021
TZA,2011,Tanzania,2011,8.8864
TZA,2010,Tanzania,2010,7.3333
TZA,2009,Tanzania,2009,6.0772
TZA,2008,Tanzania,2008,6.2794
TZA,2007,Tanzania,2007,6.2424
TZA,2006,Tanzania,2006,6.6034
TZA,2005,Tanzania,2005,6.1729
TZA,2004,Tanzania,2004,5.4435
TZA,2003,Tanzania,2003,3.9553
TZA,2002,Tanzania,2002,3.7394
TZA,2001,Tanzania,2001,3.287
TZA,2000,Tanzania,2000,3.112
TZA,1999,Tanzania,1999,2.6648
TZA,1998,Tanzania,1998,2.8508
TZA,1997,Tanzania,1997,3.2774
TZA,1996,Tanzania,1996,3.5082
TZA,1995,Tanzania,1995,2.9406
TJK,2020,Tajikistan,2020,9.3881
TJK,2019,Tajikistan,2019,9.0405
TJK,2018,Tajikistan,2018,8.2044
TJK,2017,Tajikistan,2017,6.934
TJK,2016,Tajikistan,2016,5.7155
TJK,2015,Tajikistan,2015,5.0917
TJK,2014,Tajikistan,2014,4.7682
TJK,2013,Tajikistan,2013,3.5939
TJK,2012,Tajikistan,2012,3.5021
TJK,2011,Tajikistan,2011,3.0824
TJK,2010,Tajikistan,2010,3.071
TJK,2009,Tajikistan,2009,3.05
TJK,2008,Tajikistan,2008,3.7908
TJK,2007,Tajikistan,2007,4.0503
TJK,2006,Tajikistan,2006,3.4897
TJK,2005,Tajikistan,2005,3.1911
TJK,2004,Tajikistan,2004,3.3521
TJK,2003,Tajikistan,2003,2.8163
TJK,2002,Tajikistan,2002,2.7554
TJK,2001,Tajikistan,2001,2.7419
TJK,2000,Tajikistan,2000,2.7846
TJK,1999,Tajikistan,1999,2.9958
TJK,1998,Tajikistan,1998,3.2154
TJK,1997,Tajikistan,1997,2.9766
TJK,1996,Tajikistan,1996,2.7006
TJK,1995,Tajikistan,1995,3.0457
SYR,2020,Syrian Arab Republic,2020,31.7492
SYR,2019,Syrian Arab Republic,2019,33.3171
SYR,2018,Syrian Arab Republic,2018,34.0047
SYR,2017,Syrian Arab Republic,2017,31.0807
SYR,2016,Syrian Arab Republic,2016,25.8772
SYR,2015,Syrian Arab Republic,2015,28.1357
SYR,2014,Syrian Arab Republic,2014,30.9873
SYR,2013,Syrian Arab Republic,2013,31.195
SYR,2012,Syrian Arab Republic,2012,46.2477
SYR,2011,Syrian Arab Republic,2011,58.6181
SYR,2010,Syrian Arab Republic,2010,62.6918
SYR,2009,Syrian Arab Republic,2009,62.4091
SYR,2008,Syrian Arab Republic,2008,66.6794
SYR,2007,Syrian Arab Republic,2007,65.0228
SYR,2006,Syrian Arab Republic,2006,61.5688
SYR,2005,Syrian Arab Republic,2005,58.8097
SYR,2004,Syrian Arab Republic,2004,48.0318
SYR,2003,Syrian Arab Republic,2003,45.9819
SYR,2002,Syrian Arab Republic,2002,45.8279
SYR,2001,Syrian Arab Republic,2001,46.0132
SYR,2000,Syrian Arab Republic,2000,45.9017
SYR,1999,Syrian Arab Republic,1999,45.2083
SYR,1998,Syrian Arab Republic,1998,46.0151
SYR,1997,Syrian Arab Republic,1997,43.335
SYR,1996,Syrian Arab Republic,1996,43.5278
SYR,1995,Syrian Arab Republic,1995,40.5128
CHE,2020,Switzerland,2020,35.9401
CHE,2019,Switzerland,2019,38.3954
CHE,2018,Switzerland,2018,38.5179
CHE,2017,Switzerland,2017,39.8183
CHE,2016,Switzerland,2016,40.7885
CHE,2015,Switzerland,2015,40.2217
CHE,2014,Switzerland,2014,40.8955
CHE,2013,Switzerland,2013,44.6067
CHE,2012,Switzerland,2012,43.6002
CHE,2011,Switzerland,2011,42.2875
CHE,2010,Switzerland,2010,46.3246
CHE,2009,Switzerland,2009,44.618
CHE,2008,Switzerland,2008,45.9807
CHE,2007,Switzerland,2007,44.6163
CHE,2006,Switzerland,2006,46.607
CHE,2005,Switzerland,2005,47.0336
CHE,2004,Switzerland,2004,46.4029
CHE,2003,Switzerland,2003,45.8584
CHE,2002,Switzerland,2002,44.5779
CHE,2001,Switzerland,2001,46.1887
CHE,2000,Switzerland,2000,44.7643
CHE,1999,Switzerland,1999,45.5649
CHE,1998,Switzerland,1998,45.2969
CHE,1997,Switzerland,1997,43.8343
CHE,1996,Switzerland,1996,45.1252
CHE,1995,Switzerland,1995,44.5751
SWE,2020,Sweden,2020,38.0388
SWE,2019,Sweden,2019,39.4951
SWE,2018,Sweden,2018,39.6483
SWE,2017,Sweden,2017,41.8362
SWE,2016,Sweden,2016,42.49
SWE,2015,Sweden,2015,42.9009
SWE,2014,Sweden,2014,42.7792
SWE,2013,Sweden,2013,43.9685
SWE,2012,Sweden,2012,45.7287
SWE,2011,Sweden,2011,48.4621
SWE,2010,Sweden,2010,52.8835
SWE,2009,Sweden,2009,46.9207
SWE,2008,Sweden,2008,51.7125
SWE,2007,Sweden,2007,52.8433
SWE,2006,Sweden,2006,55.0985
SWE,2005,Sweden,2005,54.5336
SWE,2004,Sweden,2004,58.0655
SWE,2003,Sweden,2003,59.6586
SWE,2002,Sweden,2002,59.3887
SWE,2001,Sweden,2001,58.0584
SWE,2000,Sweden,2000,57.9841
SWE,1999,Sweden,1999,61.6853
SWE,1998,Sweden,1998,63.0045
SWE,1997,Sweden,1997,61.7963
SWE,1996,Sweden,1996,67.7555
SWE,1995,Sweden,1995,62.6424
SUR,2020,Suriname,2020,2.6044
SUR,2019,Suriname,2019,2.6613
SUR,2018,Suriname,2018,2.1512
SUR,2017,Suriname,2017,2.4504
SUR,2016,Suriname,2016,2.9607
SUR,2015,Suriname,2015,2.7261
SUR,2014,Suriname,2014,2.6212
SUR,2013,Suriname,2013,2.2883
SUR,2012,Suriname,2012,2.4449
SUR,2011,Suriname,2011,1.9566
SUR,2010,Suriname,2010,1.7497
SUR,2009,Suriname,2009,1.452
SUR,2008,Suriname,2008,1.4601
SUR,2007,Suriname,2007,1.4148
SUR,2006,Suriname,2006,1.5314
SUR,2005,Suriname,2005,1.6888
SUR,2004,Suriname,2004,1.3939
SUR,2003,Suriname,2003,1.2348
SUR,2002,Suriname,2002,1.1182
SUR,2001,Suriname,2001,1.5206
SUR,2000,Suriname,2000,1.4802
SUR,1999,Suriname,1999,1.2755
SUR,1998,Suriname,1998,1.3026
SUR,1997,Suriname,1997,1.2818
SUR,1996,Suriname,1996,1.2451
SUR,1995,Suriname,1995,1.2612
SDN,2020,Sudan,2020,21.6685
SDN,2019,Sudan,2019,23.4708
SDN,2018,Sudan,2018,23.6471
SDN,2017,Sudan,2017,23.6627
SDN,2016,Sudan,2016,23.9363
SDN,2015,Sudan,2015,21.5583
SDN,2014,Sudan,2014,18.516
SDN,2013,Sudan,2013,17.6235
SDN,2012,Sudan,2012,17.5247
SDN,2011,Sudan,2011,16.2393
SDN,2010,Sudan,2010,16.9129
SDN,2009,Sudan,2009,15.9281
SDN,2008,Sudan,2008,15.3767
SDN,2007,Sudan,2007,14.4005
SDN,2006,Sudan,2006,13.2804
SDN,2005,Sudan,2005,10.8686
SDN,2004,Sudan,2004,9.2338
SDN,2003,Sudan,2003,8.2143
SDN,2002,Sudan,2002,7.9985
SDN,2001,Sudan,2001,6.5484
SDN,2000,Sudan,2000,6.0
SDN,1999,Sudan,1999,5.4435
SDN,1998,Sudan,1998,4.9223
SDN,1997,Sudan,1997,5.4796
SDN,1996,Sudan,1996,4.5318
SDN,1995,Sudan,1995,4.5979
VCT,2020,St. Vincent and the Grenadines,2020,0.1238
VCT,2019,St. Vincent and the Grenadines,2019,0.1165
VCT,2018,St. Vincent and the Grenadines,2018,0.1102
VCT,2017,St. Vincent and the Grenadines,2017,0.1091
VCT,2016,St. Vincent and the Grenadines,2016,0.1012
VCT,2015,St. Vincent and the Grenadines,2015,0.0951
VCT,2014,St. Vincent and the Grenadines,2014,0.0922
VCT,2013,St. Vincent and the Grenadines,2013,0.0825
VCT,2012,St. Vincent and the Grenadines,2012,0.0876
VCT,2011,St. Vincent and the Grenadines,2011,0.069
VCT,2010,St. Vincent and the Grenadines,2010,0.097
VCT,2009,St. Vincent and the Grenadines,2009,0.1241
VCT,2008,St. Vincent and the Grenadines,2008,0.0815
VCT,2007,St. Vincent and the Grenadines,2007,0.0782
VCT,2006,St. Vincent and the Grenadines,2006,0.0731
VCT,2005,St. Vincent and the Grenadines,2005,0.0663
VCT,2004,St. Vincent and the Grenadines,2004,0.0643
VCT,2003,St. Vincent and the Grenadines,2003,0.0601
VCT,2002,St. Vincent and the Grenadines,2002,0.0556
VCT,2001,St. Vincent and the Grenadines,2001,0.0485
VCT,2000,St. Vincent and the Grenadines,2000,0.0419
VCT,1999,St. Vincent and the Grenadines,1999,0.0676
VCT,1998,St. Vincent and the Grenadines,1998,0.0668
VCT,1997,St. Vincent and the Grenadines,1997,0.0598
VCT,1996,St. Vincent and the Grenadines,1996,0.0496
VCT,1995,St. Vincent and the Grenadines,1995,0.0556
MAF,2020,St. Martin (French part),2020,
MAF,2019,St. Martin (French part),2019,
MAF,2018,St. Martin (French part),2018,
MAF,2017,St. Martin (French part),2017,
MAF,2016,St. Martin (French part),2016,
MAF,2015,St. Martin (French part),2015,
MAF,2014,St. Martin (French part),2014,
MAF,2013,St. Martin (French part),2013,
MAF,2012,St. Martin (French part),2012,
MAF,2011,St. Martin (French part),2011,
MAF,2010,St. Martin (French part),2010,
MAF,2009,St. Martin (French part),2009,
MAF,2008,St. Martin (French part),2008,
MAF,2007,St. Martin (French part),2007,
MAF,2006,St. Martin (French part),2006,
MAF,2005,St. Martin (French part),2005,
MAF,2004,St. Martin (French part),2004,
MAF,2003,St. Martin (French part),2003,
MAF,2002,St. Martin (French part),2002,
MAF,2001,St. Martin (French part),2001,
MAF,2000,St. Martin (French part),2000,
MAF,1999,St. Martin (French part),1999,
MAF,1998,St. Martin (French part),1998,
MAF,1997,St. Martin (French part),1997,
MAF,1996,St. Martin (French part),1996,
MAF,1995,St. Martin (French part),1995,
LCA,2020,St. Lucia,2020,0.2776
LCA,2019,St. Lucia,2019,0.2947
LCA,2018,St. Lucia,2018,0.2592
LCA,2017,St. Lucia,2017,0.1963
LCA,2016,St. Lucia,2016,0.1964
LCA,2015,St. Lucia,2015,0.1824
LCA,2014,St. Lucia,2014,0.1778
LCA,2013,St. Lucia,2013,0.1667
LCA,2012,St. Lucia,2012,0.1459
LCA,2011,St. Lucia,2011,0.1412
LCA,2010,St. Lucia,2010,0.1823
LCA,2009,St. Lucia,2009,0.1613
LCA,2008,St. Lucia,2008,0.1496
LCA,2007,St. Lucia,2007,0.1384
LCA,2006,St. Lucia,2006,0.128
LCA,2005,St. Lucia,2005,0.1154
LCA,2004,St. Lucia,2004,0.11
LCA,2003,St. Lucia,2003,0.1135
LCA,2002,St. Lucia,2002,0.0975
LCA,2001,St. Lucia,2001,0.1036
LCA,2000,St. Lucia,2000,0.0968
LCA,1999,St. Lucia,1999,0.0878
LCA,1998,St. Lucia,1998,0.0867
LCA,1997,St. Lucia,1997,0.0847
LCA,1996,St. Lucia,1996,0.0825
LCA,1995,St. Lucia,1995,0.0832
KNA,2020,St. Kitts and Nevis,2020,0.1196
KNA,2019,St. Kitts and Nevis,2019,0.1302
KNA,2018,St. Kitts and Nevis,2018,0.1111
KNA,2017,St. Kitts and Nevis,2017,0.104
KNA,2016,St. Kitts and Nevis,2016,0.1115
KNA,2015,St. Kitts and Nevis,2015,0.1019
KNA,2014,St. Kitts and Nevis,2014,0.0973
KNA,2013,St. Kitts and Nevis,2013,0.091
KNA,2012,St. Kitts and Nevis,2012,0.0798
KNA,2011,St. Kitts and Nevis,2011,0.0778
KNA,2010,St. Kitts and Nevis,2010,0.0987
KNA,2009,St. Kitts and Nevis,2009,0.0905
KNA,2008,St. Kitts and Nevis,2008,0.0804
KNA,2007,St. Kitts and Nevis,2007,0.0765
KNA,2006,St. Kitts and Nevis,2006,0.0693
KNA,2005,St. Kitts and Nevis,2005,0.0608
KNA,2004,St. Kitts and Nevis,2004,0.0654
KNA,2003,St. Kitts and Nevis,2003,0.0603
KNA,2002,St. Kitts and Nevis,2002,0.058
KNA,2001,St. Kitts and Nevis,2001,0.0508
KNA,2000,St. Kitts and Nevis,2000,0.0497
KNA,1999,St. Kitts and Nevis,1999,0.0415
KNA,1998,St. Kitts and Nevis,1998,0.041
KNA,1997,St. Kitts and Nevis,1997,0.04
KNA,1996,St. Kitts and Nevis,1996,0.039
KNA,1995,St. Kitts and Nevis,1995,0.0337
LKA,2020,Sri Lanka,2020,22.6144
LKA,2019,Sri Lanka,2019,23.973
LKA,2018,Sri Lanka,2018,21.9829
LKA,2017,Sri Lanka,2017,23.4107
LKA,2016,Sri Lanka,2016,23.486
LKA,2015,Sri Lanka,2015,19.7111
LKA,2014,Sri Lanka,2014,17.8805
LKA,2013,Sri Lanka,2013,14.837
LKA,2012,Sri Lanka,2012,17.8941
LKA,2011,Sri Lanka,2011,15.908
LKA,2010,Sri Lanka,2010,13.5184
LKA,2009,Sri Lanka,2009,12.7772
LKA,2008,Sri Lanka,2008,13.3044
LKA,2007,Sri Lanka,2007,14.124
LKA,2006,Sri Lanka,2006,13.1944
LKA,2005,Sri Lanka,2005,14.4301
LKA,2004,Sri Lanka,2004,13.2787
LKA,2003,Sri Lanka,2003,12.8592
LKA,2002,Sri Lanka,2002,11.8987
LKA,2001,Sri Lanka,2001,11.3742
LKA,2000,Sri Lanka,2000,11.4667
LKA,1999,Sri Lanka,1999,10.0281
LKA,1998,Sri Lanka,1998,9.0747
LKA,1997,Sri Lanka,1997,8.7878
LKA,1996,Sri Lanka,1996,8.8106
LKA,1995,Sri Lanka,1995,6.2434
ESP,2020,Spain,2020,214.4546
ESP,2019,Spain,2019,254.3514
ESP,2018,Spain,2018,271.7891
ESP,2017,Spain,2017,278.3849
ESP,2016,Spain,2016,263.0479
ESP,2015,Spain,2015,271.5397
ESP,2014,Spain,2014,255.241
ESP,2013,Spain,2013,256.3568
ESP,2012,Spain,2012,284.9722
ESP,2011,Spain,2011,289.521
ESP,2010,Spain,2010,287.7519
ESP,2009,Spain,2009,300.4025
ESP,2008,Spain,2008,340.1206
ESP,2007,Spain,2007,371.5076
ESP,2006,Spain,2006,358.3338
ESP,2005,Spain,2005,367.8339
ESP,2004,Spain,2004,352.4974
ESP,2003,Spain,2003,335.9673
ESP,2002,Spain,2002,328.5903
ESP,2001,Spain,2001,310.5378
ESP,2000,Spain,2000,310.3327
ESP,1999,Spain,1999,294.7226
ESP,1998,Spain,1998,272.6113
ESP,1997,Spain,1997,263.9908
ESP,1996,Spain,1996,244.7984
ESP,1995,Spain,1995,255.0491
SSD,2020,South Sudan,2020,
SSD,2019,South Sudan,2019,
SSD,2018,South Sudan,2018,
SSD,2017,South Sudan,2017,
SSD,2016,South Sudan,2016,
SSD,2015,South Sudan,2015,
SSD,2014,South Sudan,2014,
SSD,2013,South Sudan,2013,
SSD,2012,South Sudan,2012,
SSD,2011,South Sudan,2011,
SSD,2010,South Sudan,2010,
SSD,2009,South Sudan,2009,
SSD,2008,South Sudan,2008,
SSD,2007,South Sudan,2007,
SSD,2006,South Sudan,2006,
SSD,2005,South Sudan,2005,
SSD,2004,South Sudan,2004,
SSD,2003,South Sudan,2003,
SSD,2002,South Sudan,2002,
SSD,2001,South Sudan,2001,
SSD,2000,South Sudan,2000,
SSD,1999,South Sudan,1999,
SSD,1998,South Sudan,1998,
SSD,1997,South Sudan,1997,
SSD,1996,South Sudan,1996,
SSD,1995,South Sudan,1995,
ZAF,2020,South Africa,2020,450.8617
ZAF,2019,South Africa,2019,477.5446
ZAF,2018,South Africa,2018,473.4182
ZAF,2017,South Africa,2017,469.5833
ZAF,2016,South Africa,2016,460.1959
ZAF,2015,South Africa,2015,462.2677
ZAF,2014,South Africa,2014,486.6007
ZAF,2013,South Africa,2013,475.0891
ZAF,2012,South Africa,2012,461.2756
ZAF,2011,South Africa,2011,443.9719
ZAF,2010,South Africa,2010,464.3532
ZAF,2009,South Africa,2009,456.9459
ZAF,2008,South Africa,2008,487.9246
ZAF,2007,South Africa,2007,459.9521
ZAF,2006,South Africa,2006,440.6064
ZAF,2005,South Africa,2005,436.2554
ZAF,2004,South Africa,2004,425.7469
ZAF,2003,South Africa,2003,393.576
ZAF,2002,South Africa,2002,370.7728
ZAF,2001,South Africa,2001,357.3788
ZAF,2000,South Africa,2000,347.2832
ZAF,1999,South Africa,1999,340.7664
ZAF,1998,South Africa,1998,357.2564
ZAF,1997,South Africa,1997,351.1989
ZAF,1996,South Africa,1996,336.3377
ZAF,1995,South Africa,1995,325.1785
SOM,2020,Somalia,2020,0.7896
SOM,2019,Somalia,2019,0.8465
SOM,2018,Somalia,2018,0.8562
SOM,2017,Somalia,2017,0.8367
SOM,2016,Somalia,2016,0.8378
SOM,2015,Somalia,2015,0.8225
SOM,2014,Somalia,2014,0.7732
SOM,2013,Somalia,2013,0.7827
SOM,2012,Somalia,2012,0.7783
SOM,2011,Somalia,2011,0.7883
SOM,2010,Somalia,2010,0.7885
SOM,2009,Somalia,2009,0.7756
SOM,2008,Somalia,2008,0.7631
SOM,2007,Somalia,2007,0.7896
SOM,2006,Somalia,2006,0.7794
SOM,2005,Somalia,2005,0.7544
SOM,2004,Somalia,2004,0.7421
SOM,2003,Somalia,2003,0.7524
SOM,2002,Somalia,2002,0.7384
SOM,2001,Somalia,2001,0.6627
SOM,2000,Somalia,2000,0.6253
SOM,1999,Somalia,1999,0.4359
SOM,1998,Somalia,1998,0.418
SOM,1997,Somalia,1997,0.4081
SOM,1996,Somalia,1996,0.4105
SOM,1995,Somalia,1995,0.3966
SLB,2020,Solomon Islands,2020,0.3077
SLB,2019,Solomon Islands,2019,0.3193
SLB,2018,Solomon Islands,2018,0.3252
SLB,2017,Solomon Islands,2017,0.2919
SLB,2016,Solomon Islands,2016,0.3236
SLB,2015,Solomon Islands,2015,0.3336
SLB,2014,Solomon Islands,2014,0.3745
SLB,2013,Solomon Islands,2013,0.3931
SLB,2012,Solomon Islands,2012,0.3719
SLB,2011,Solomon Islands,2011,0.3728
SLB,2010,Solomon Islands,2010,0.3585
SLB,2009,Solomon Islands,2009,0.3279
SLB,2008,Solomon Islands,2008,0.3284
SLB,2007,Solomon Islands,2007,0.3237
SLB,2006,Solomon Islands,2006,0.2998
SLB,2005,Solomon Islands,2005,0.2989
SLB,2004,Solomon Islands,2004,0.2865
SLB,2003,Solomon Islands,2003,0.278
SLB,2002,Solomon Islands,2002,0.2678
SLB,2001,Solomon Islands,2001,0.2555
SLB,2000,Solomon Islands,2000,0.2328
SLB,1999,Solomon Islands,1999,0.1819
SLB,1998,Solomon Islands,1998,0.1822
SLB,1997,Solomon Islands,1997,0.1771
SLB,1996,Solomon Islands,1996,0.1718
SLB,1995,Solomon Islands,1995,0.1703
SVN,2020,Slovenia,2020,13.5406
SVN,2019,Slovenia,2019,14.8261
SVN,2018,Slovenia,2018,15.45
SVN,2017,Slovenia,2017,15.3443
SVN,2016,Slovenia,2016,15.0187
SVN,2015,Slovenia,2015,14.2949
SVN,2014,Slovenia,2014,14.126
SVN,2013,Slovenia,2013,15.511
SVN,2012,Slovenia,2012,15.517
SVN,2011,Slovenia,2011,16.0793
SVN,2010,Slovenia,2010,17.1608
SVN,2009,Slovenia,2009,16.8896
SVN,2008,Slovenia,2008,18.8957
SVN,2007,Slovenia,2007,17.9355
SVN,2006,Slovenia,2006,17.9446
SVN,2005,Slovenia,2005,17.6363
SVN,2004,Slovenia,2004,17.3993
SVN,2003,Slovenia,2003,17.1247
SVN,2002,Slovenia,2002,17.2769
SVN,2001,Slovenia,2001,16.9662
SVN,2000,Slovenia,2000,15.094
SVN,1999,Slovenia,1999,15.473
SVN,1998,Slovenia,1998,16.0322
SVN,1997,Slovenia,1997,16.2137
SVN,1996,Slovenia,1996,15.7179
SVN,1995,Slovenia,1995,14.968
SVK,2020,Slovak Republic,2020,32.6439
SVK,2019,Slovak Republic,2019,34.8074
SVK,2018,Slovak Republic,2018,37.2427
SVK,2017,Slovak Republic,2017,37.7288
SVK,2016,Slovak Republic,2016,35.4446
SVK,2015,Slovak Republic,2015,34.526
SVK,2014,Slovak Republic,2014,33.9902
SVK,2013,Slovak Republic,2013,36.3803
SVK,2012,Slovak Republic,2012,36.1064
SVK,2011,Slovak Republic,2011,37.8943
SVK,2010,Slovak Republic,2010,39.9112
SVK,2009,Slovak Republic,2009,37.2268
SVK,2008,Slovak Republic,2008,41.1622
SVK,2007,Slovak Republic,2007,41.335
SVK,2006,Slovak Republic,2006,42.2564
SVK,2005,Slovak Republic,2005,42.2444
SVK,2004,Slovak Republic,2004,41.8399
SVK,2003,Slovak Republic,2003,42.396
SVK,2002,Slovak Republic,2002,41.9516
SVK,2001,Slovak Republic,2001,41.9785
SVK,2000,Slovak Republic,2000,41.6845
SVK,1999,Slovak Republic,1999,43.8885
SVK,1998,Slovak Republic,1998,44.6668
SVK,1997,Slovak Republic,1997,45.5637
SVK,1996,Slovak Republic,1996,45.989
SVK,1995,Slovak Republic,1995,45.7614
SXM,2020,Sint Maarten (Dutch part),2020,
SXM,2019,Sint Maarten (Dutch part),2019,
SXM,2018,Sint Maarten (Dutch part),2018,
SXM,2017,Sint Maarten (Dutch part),2017,
SXM,2016,Sint Maarten (Dutch part),2016,
SXM,2015,Sint Maarten (Dutch part),2015,
SXM,2014,Sint Maarten (Dutch part),2014,
SXM,2013,Sint Maarten (Dutch part),2013,
SXM,2012,Sint Maarten (Dutch part),2012,
SXM,2011,Sint Maarten (Dutch part),2011,
SXM,2010,Sint Maarten (Dutch part),2010,
SXM,2009,Sint Maarten (Dutch part),2009,
SXM,2008,Sint Maarten (Dutch part),2008,
SXM,2007,Sint Maarten (Dutch part),2007,
SXM,2006,Sint Maarten (Dutch part),2006,
SXM,2005,Sint Maarten (Dutch part),2005,
SXM,2004,Sint Maarten (Dutch part),2004,
SXM,2003,Sint Maarten (Dutch part),2003,
SXM,2002,Sint Maarten (Dutch part),2002,
SXM,2001,Sint Maarten (Dutch part),2001,
SXM,2000,Sint Maarten (Dutch part),2000,
SXM,1999,Sint Maarten (Dutch part),1999,
SXM,1998,Sint Maarten (Dutch part),1998,
SXM,1997,Sint Maarten (Dutch part),1997,
SXM,1996,Sint Maarten (Dutch part),1996,
SXM,1995,Sint Maarten (Dutch part),1995,
SGP,2020,Singapore,2020,53.8768
SGP,2019,Singapore,2019,55.8876
SGP,2018,Singapore,2018,54.2117
SGP,2017,Singapore,2017,56.8881
SGP,2016,Singapore,2016,52.9724
SGP,2015,Singapore,2015,55.1746
SGP,2014,Singapore,2014,53.8631
SGP,2013,Singapore,2013,52.6259
SGP,2012,Singapore,2012,50.1515
SGP,2011,Singapore,2011,51.3367
SGP,2010,Singapore,2010,48.8859
SGP,2009,Singapore,2009,43.7607
SGP,2008,Singapore,2008,42.9155
SGP,2007,Singapore,2007,43.3583
SGP,2006,Singapore,2006,41.9694
SGP,2005,Singapore,2005,41.7315
SGP,2004,Singapore,2004,44.523
SGP,2003,Singapore,2003,42.4426
SGP,2002,Singapore,2002,45.2172
SGP,2001,Singapore,2001,45.9066
SGP,2000,Singapore,2000,45.5193
SGP,1999,Singapore,1999,41.4082
SGP,1998,Singapore,1998,41.0625
SGP,1997,Singapore,1997,42.1917
SGP,1996,Singapore,1996,42.5208
SGP,1995,Singapore,1995,41.3412
SLE,2020,Sierra Leone,2020,1.2307
SLE,2019,Sierra Leone,2019,1.2073
SLE,2018,Sierra Leone,2018,1.2108
SLE,2017,Sierra Leone,2017,1.0446
SLE,2016,Sierra Leone,2016,1.0587
SLE,2015,Sierra Leone,2015,1.0224
SLE,2014,Sierra Leone,2014,1.207
SLE,2013,Sierra Leone,2013,1.1227
SLE,2012,Sierra Leone,2012,0.9744
SLE,2011,Sierra Leone,2011,0.8684
SLE,2010,Sierra Leone,2010,0.7103
SLE,2009,Sierra Leone,2009,0.6527
SLE,2008,Sierra Leone,2008,0.6468
SLE,2007,Sierra Leone,2007,0.6672
SLE,2006,Sierra Leone,2006,0.7116
SLE,2005,Sierra Leone,2005,0.5675
SLE,2004,Sierra Leone,2004,0.6125
SLE,2003,Sierra Leone,2003,0.6169
SLE,2002,Sierra Leone,2002,0.5798
SLE,2001,Sierra Leone,2001,0.5494
SLE,2000,Sierra Leone,2000,0.4316
SLE,1999,Sierra Leone,1999,0.6804
SLE,1998,Sierra Leone,1998,0.6542
SLE,1997,Sierra Leone,1997,0.6193
SLE,1996,Sierra Leone,1996,0.6397
SLE,1995,Sierra Leone,1995,0.5675
SYC,2020,Seychelles,2020,0.8388
SYC,2019,Seychelles,2019,0.8948
SYC,2018,Seychelles,2018,1.0053
SYC,2017,Seychelles,2017,1.1528
SYC,2016,Seychelles,2016,1.1003
SYC,2015,Seychelles,2015,0.9868
SYC,2014,Seychelles,2014,0.9261
SYC,2013,Seychelles,2013,0.8023
SYC,2012,Seychelles,2012,0.8866
SYC,2011,Seychelles,2011,0.7817
SYC,2010,Seychelles,2010,0.917
SYC,2009,Seychelles,2009,1.0202
SYC,2008,Seychelles,2008,0.9212
SYC,2007,Seychelles,2007,0.8675
SYC,2006,Seychelles,2006,1.0495
SYC,2005,Seychelles,2005,0.9643
SYC,2004,Seychelles,2004,1.0615
SYC,2003,Seychelles,2003,0.7652
SYC,2002,Seychelles,2002,0.7586
SYC,2001,Seychelles,2001,0.8382
SYC,2000,Seychelles,2000,0.7545
SYC,1999,Seychelles,1999,0.3962
SYC,1998,Seychelles,1998,0.3797
SYC,1997,Seychelles,1997,0.3711
SYC,1996,Seychelles,1996,0.3521
SYC,1995,Seychelles,1995,0.34
SRB,2020,Serbia,2020,
SRB,2019,Serbia,2019,
SRB,2018,Serbia,2018,
SRB,2017,Serbia,2017,
SRB,2016,Serbia,2016,
SRB,2015,Serbia,2015,
SRB,2014,Serbia,2014,
SRB,2013,Serbia,2013,
SRB,2012,Serbia,2012,
SRB,2011,Serbia,2011,
SRB,2010,Serbia,2010,
SRB,2009,Serbia,2009,
SRB,2008,Serbia,2008,
SRB,2007,Serbia,2007,
SRB,2006,Serbia,2006,
SRB,2005,Serbia,2005,
SRB,2004,Serbia,2004,
SRB,2003,Serbia,2003,
SRB,2002,Serbia,2002,
SRB,2001,Serbia,2001,
SRB,2000,Serbia,2000,
SRB,1999,Serbia,1999,
SRB,1998,Serbia,1998,
SRB,1997,Serbia,1997,
SRB,1996,Serbia,1996,
SRB,1995,Serbia,1995,
SEN,2020,Senegal,2020,10.8149
SEN,2019,Senegal,2019,11.0288
SEN,2018,Senegal,2018,10.7355
SEN,2017,Senegal,2017,10.2029
SEN,2016,Senegal,2016,10.2971
SEN,2015,Senegal,2015,9.2184
SEN,2014,Senegal,2014,8.3827
SEN,2013,Senegal,2013,7.8409
SEN,2012,Senegal,2012,7.3641
SEN,2011,Senegal,2011,7.479
SEN,2010,Senegal,2010,6.9781
SEN,2009,Senegal,2009,6.593
SEN,2008,Senegal,2008,6.4443
SEN,2007,Senegal,2007,6.2195
SEN,2006,Senegal,2006,5.6142
SEN,2005,Senegal,2005,5.7486
SEN,2004,Senegal,2004,5.177
SEN,2003,Senegal,2003,4.5437
SEN,2002,Senegal,2002,4.6805
SEN,2001,Senegal,2001,4.5133
SEN,2000,Senegal,2000,3.9891
SEN,1999,Senegal,1999,4.0462
SEN,1998,Senegal,1998,3.6668
SEN,1997,Senegal,1997,3.269
SEN,1996,Senegal,1996,2.9716
SEN,1995,Senegal,1995,2.7547
SAU,2020,Saudi Arabia,2020,577.1045
SAU,2019,Saudi Arabia,2019,579.8088
SAU,2018,Saudi Arabia,2018,580.0429
SAU,2017,Saudi Arabia,2017,603.3295
SAU,2016,Saudi Arabia,2016,609.5099
SAU,2015,Saudi Arabia,2015,611.4483
SAU,2014,Saudi Arabia,2014,585.9278
SAU,2013,Saudi Arabia,2013,547.1964
SAU,2012,Saudi Arabia,2012,539.3427
SAU,2011,Saudi Arabia,2011,509.215
SAU,2010,Saudi Arabia,2010,486.877
SAU,2009,Saudi Arabia,2009,444.0201
SAU,2008,Saudi Arabia,2008,420.4933
SAU,2007,Saudi Arabia,2007,387.8798
SAU,2006,Saudi Arabia,2006,366.7435
SAU,2005,Saudi Arabia,2005,346.3837
SAU,2004,Saudi Arabia,2004,327.0192
SAU,2003,Saudi Arabia,2003,308.3271
SAU,2002,Saudi Arabia,2002,293.7233
SAU,2001,Saudi Arabia,2001,275.7907
SAU,2000,Saudi Arabia,2000,265.2402
SAU,1999,Saudi Arabia,1999,254.3174
SAU,1998,Saudi Arabia,1998,249.5028
SAU,1997,Saudi Arabia,1997,233.2168
SAU,1996,Saudi Arabia,1996,230.5204
SAU,1995,Saudi Arabia,1995,217.1595
STP,2020,Sao Tome and Principe,2020,0.1541
STP,2019,Sao Tome and Principe,2019,0.1591
STP,2018,Sao Tome and Principe,2018,0.1525
STP,2017,Sao Tome and Principe,2017,0.1491
STP,2016,Sao Tome and Principe,2016,0.1464
STP,2015,Sao Tome and Principe,2015,0.1407
STP,2014,Sao Tome and Principe,2014,0.1316
STP,2013,Sao Tome and Principe,2013,0.1334
STP,2012,Sao Tome and Principe,2012,0.1328
STP,2011,Sao Tome and Principe,2011,0.1273
STP,2010,Sao Tome and Principe,2010,0.1236
STP,2009,Sao Tome and Principe,2009,0.1146
STP,2008,Sao Tome and Principe,2008,0.1047
STP,2007,Sao Tome and Principe,2007,0.0978
STP,2006,Sao Tome and Principe,2006,0.0952
STP,2005,Sao Tome and Principe,2005,0.0893
STP,2004,Sao Tome and Principe,2004,0.0826
STP,2003,Sao Tome and Principe,2003,0.073
STP,2002,Sao Tome and Principe,2002,0.0644
STP,2001,Sao Tome and Principe,2001,0.0558
STP,2000,Sao Tome and Principe,2000,0.0547
STP,1999,Sao Tome and Principe,1999,0.0584
STP,1998,Sao Tome and Principe,1998,0.056
STP,1997,Sao Tome and Principe,1997,0.0547
STP,1996,Sao Tome and Principe,1996,0.0551
STP,1995,Sao Tome and Principe,1995,0.0532
SMR,2020,San Marino,2020,
SMR,2019,San Marino,2019,
SMR,2018,San Marino,2018,
SMR,2017,San Marino,2017,
SMR,2016,San Marino,2016,
SMR,2015,San Marino,2015,
SMR,2014,San Marino,2014,
SMR,2013,San Marino,2013,
SMR,2012,San Marino,2012,
SMR,2011,San Marino,2011,
SMR,2010,San Marino,2010,
SMR,2009,San Marino,2009,
SMR,2008,San Marino,2008,
SMR,2007,San Marino,2007,
SMR,2006,San Marino,2006,
SMR,2005,San Marino,2005,
SMR,2004,San Marino,2004,
SMR,2003,San Marino,2003,
SMR,2002,San Marino,2002,
SMR,2001,San Marino,2001,
SMR,2000,San Marino,2000,
SMR,1999,San Marino,1999,
SMR,1998,San Marino,1998,
SMR,1997,San Marino,1997,
SMR,1996,San Marino,1996,
SMR,1995,San Marino,1995,
WSM,2020,Samoa,2020,0.3132
WSM,2019,Samoa,2019,0.3735
WSM,2018,Samoa,2018,0.3447
WSM,2017,Samoa,2017,0.3165
WSM,2016,Samoa,2016,0.3542
WSM,2015,Samoa,2015,0.3288
WSM,2014,Samoa,2014,0.2865
WSM,2013,Samoa,2013,0.2788
WSM,2012,Samoa,2012,0.2681
WSM,2011,Samoa,2011,0.2677
WSM,2010,Samoa,2010,0.2631
WSM,2009,Samoa,2009,0.2482
WSM,2008,Samoa,2008,0.2442
WSM,2007,Samoa,2007,0.2381
WSM,2006,Samoa,2006,0.2187
WSM,2005,Samoa,2005,0.2178
WSM,2004,Samoa,2004,0.2106
WSM,2003,Samoa,2003,0.2143
WSM,2002,Samoa,2002,0.2076
WSM,2001,Samoa,2001,0.2009
WSM,2000,Samoa,2000,0.186
WSM,1999,Samoa,1999,0.1407
WSM,1998,Samoa,1998,0.1409
WSM,1997,Samoa,1997,0.137
WSM,1996,Samoa,1996,0.133
WSM,1995,Samoa,1995,0.1318
RWA,2020,Rwanda,2020,1.4554
RWA,2019,Rwanda,2019,1.5151
RWA,2018,Rwanda,2018,1.4591
RWA,2017,Rwanda,2017,1.3115
RWA,2016,Rwanda,2016,1.2106
RWA,2015,Rwanda,2015,1.1072
RWA,2014,Rwanda,2014,0.9592
RWA,2013,Rwanda,2013,0.9431
RWA,2012,Rwanda,2012,0.8472
RWA,2011,Rwanda,2011,0.7618
RWA,2010,Rwanda,2010,0.7312
RWA,2009,Rwanda,2009,0.6965
RWA,2008,Rwanda,2008,0.6778
RWA,2007,Rwanda,2007,0.6778
RWA,2006,Rwanda,2006,0.7446
RWA,2005,Rwanda,2005,0.7419
RWA,2004,Rwanda,2004,0.6867
RWA,2003,Rwanda,2003,0.7085
RWA,2002,Rwanda,2002,0.8185
RWA,2001,Rwanda,2001,0.6956
RWA,2000,Rwanda,2000,0.6805
RWA,1999,Rwanda,1999,0.5137
RWA,1998,Rwanda,1998,0.4972
RWA,1997,Rwanda,1997,0.4819
RWA,1996,Rwanda,1996,0.4719
RWA,1995,Rwanda,1995,0.4704
RUS,2020,Russian Federation,2020,1784.1991
RUS,2019,Russian Federation,2019,1858.002
RUS,2018,Russian Federation,2018,1831.1328
RUS,2017,Russian Federation,2017,1763.2401
RUS,2016,Russian Federation,2016,1734.6382
RUS,2015,Russian Federation,2015,1757.1139
RUS,2014,Russian Federation,2014,1750.1989
RUS,2013,Russian Federation,2013,1764.2472
RUS,2012,Russian Federation,2012,1819.802
RUS,2011,Russian Federation,2011,1832.6123
RUS,2010,Russian Federation,2010,1746.8968
RUS,2009,Russian Federation,2009,1662.1017
RUS,2008,Russian Federation,2008,1764.3555
RUS,2007,Russian Federation,2007,1779.046
RUS,2006,Russian Federation,2006,1776.1969
RUS,2005,Russian Federation,2005,1739.3021
RUS,2004,Russian Federation,2004,1738.8704
RUS,2003,Russian Federation,2003,1737.2524
RUS,2002,Russian Federation,2002,1675.2947
RUS,2001,Russian Federation,2001,1684.2768
RUS,2000,Russian Federation,2000,1681.1521
RUS,1999,Russian Federation,1999,1660.9112
RUS,1998,Russian Federation,1998,1613.2209
RUS,1997,Russian Federation,1997,1607.3811
RUS,1996,Russian Federation,1996,1727.1914
RUS,1995,Russian Federation,1995,1768.5622
ROU,2020,Romania,2020,75.7011
ROU,2019,Romania,2019,81.1522
ROU,2018,Romania,2018,83.0019
ROU,2017,Romania,2017,81.7983
ROU,2016,Romania,2016,78.7065
ROU,2015,Romania,2015,80.304
ROU,2014,Romania,2014,78.9902
ROU,2013,Romania,2013,79.5312
ROU,2012,Romania,2012,87.6338
ROU,2011,Romania,2011,89.8189
ROU,2010,Romania,2010,83.3446
ROU,2009,Romania,2009,85.692
ROU,2008,Romania,2008,105.3697
ROU,2007,Romania,2007,107.0884
ROU,2006,Romania,2006,110.842
ROU,2005,Romania,2005,104.4913
ROU,2004,Romania,2004,105.5802
ROU,2003,Romania,2003,107.8474
ROU,2002,Romania,2002,103.3991
ROU,2001,Romania,2001,104.4084
ROU,2000,Romania,2000,97.504
ROU,1999,Romania,1999,93.1885
ROU,1998,Romania,1998,108.985
ROU,1997,Romania,1997,124.3214
ROU,1996,Romania,1996,136.5616
ROU,1995,Romania,1995,133.4074
QAT,2020,Qatar,2020,115.3371
QAT,2019,Qatar,2019,117.6635
QAT,2018,Qatar,2018,114.8966
QAT,2017,Qatar,2017,114.1057
QAT,2016,Qatar,2016,114.0546
QAT,2015,Qatar,2015,114.0841
QAT,2014,Qatar,2014,110.7647
QAT,2013,Qatar,2013,102.1334
QAT,2012,Qatar,2012,92.3214
QAT,2011,Qatar,2011,83.1847
QAT,2010,Qatar,2010,72.2126
QAT,2009,Qatar,2009,63.9748
QAT,2008,Qatar,2008,61.8584
QAT,2007,Qatar,2007,56.1475
QAT,2006,Qatar,2006,48.987
QAT,2005,Qatar,2005,43.56
QAT,2004,Qatar,2004,41.1694
QAT,2003,Qatar,2003,38.2693
QAT,2002,Qatar,2002,36.2002
QAT,2001,Qatar,2001,32.4296
QAT,2000,Qatar,2000,31.7522
QAT,1999,Qatar,1999,32.5326
QAT,1998,Qatar,1998,30.0412
QAT,1997,Qatar,1997,27.8977
QAT,1996,Qatar,1996,22.7838
QAT,1995,Qatar,1995,20.9805
PRI,2020,Puerto Rico,2020,
PRI,2019,Puerto Rico,2019,
PRI,2018,Puerto Rico,2018,
PRI,2017,Puerto Rico,2017,
PRI,2016,Puerto Rico,2016,
PRI,2015,Puerto Rico,2015,
PRI,2014,Puerto Rico,2014,
PRI,2013,Puerto Rico,2013,
PRI,2012,Puerto Rico,2012,
PRI,2011,Puerto Rico,2011,
PRI,2010,Puerto Rico,2010,
PRI,2009,Puerto Rico,2009,
PRI,2008,Puerto Rico,2008,
PRI,2007,Puerto Rico,2007,
PRI,2006,Puerto Rico,2006,
PRI,2005,Puerto Rico,2005,
PRI,2004,Puerto Rico,2004,
PRI,2003,Puerto Rico,2003,
PRI,2002,Puerto Rico,2002,
PRI,2001,Puerto Rico,2001,
PRI,2000,Puerto Rico,2000,
PRI,1999,Puerto Rico,1999,
PRI,1998,Puerto Rico,1998,
PRI,1997,Puerto Rico,1997,
PRI,1996,Puerto Rico,1996,
PRI,1995,Puerto Rico,1995,
PRT,2020,Portugal,2020,40.6444
PRT,2019,Portugal,2019,46.4279
PRT,2018,Portugal,2018,51.1078
PRT,2017,Portugal,2017,55.1436
PRT,2016,Portugal,2016,50.523
PRT,2015,Portugal,2015,51.7215
PRT,2014,Portugal,2014,47.6708
PRT,2013,Portugal,2013,48.1388
PRT,2012,Portugal,2012,49.7787
PRT,2011,Portugal,2011,51.3977
PRT,2010,Portugal,2010,53.2485
PRT,2009,Portugal,2009,58.4903
PRT,2008,Portugal,2008,59.2617
PRT,2007,Portugal,2007,61.3381
PRT,2006,Portugal,2006,62.9435
PRT,2005,Portugal,2005,67.8316
PRT,2004,Portugal,2004,64.5657
PRT,2003,Portugal,2003,62.8034
PRT,2002,Portugal,2002,67.7384
PRT,2001,Portugal,2001,63.4978
PRT,2000,Portugal,2000,64.2448
PRT,1999,Portugal,1999,64.7375
PRT,1998,Portugal,1998,58.0195
PRT,1997,Portugal,1997,53.5946
PRT,1996,Portugal,1996,51.107
PRT,1995,Portugal,1995,52.8069
POL,2020,Poland,2020,296.8799
POL,2019,Poland,2019,312.0707
POL,2018,Poland,2018,329.6329
POL,2017,Poland,2017,330.2221
POL,2016,Poland,2016,316.728
POL,2015,Poland,2015,305.7942
POL,2014,Poland,2014,302.5703
POL,2013,Poland,2013,315.0899
POL,2012,Poland,2012,319.7269
POL,2011,Poland,2011,326.9383
POL,2010,Poland,2010,329.3834
POL,2009,Poland,2009,311.3787
POL,2008,Poland,2008,324.5779
POL,2007,Poland,2007,330.3011
POL,2006,Poland,2006,330.7509
POL,2005,Poland,2005,317.098
POL,2004,Poland,2004,317.4868
POL,2003,Poland,2003,315.3023
POL,2002,Poland,2002,302.5145
POL,2001,Poland,2001,309.7595
POL,2000,Poland,2000,313.0274
POL,1999,Poland,1999,324.6514
POL,1998,Poland,1998,334.0673
POL,1997,Poland,1997,362.6683
POL,1996,Poland,1996,372.4503
POL,1995,Poland,1995,356.4423
PHL,2020,Philippines,2020,136.3845
PHL,2019,Philippines,2019,147.9244
PHL,2018,Philippines,2018,141.3358
PHL,2017,Philippines,2017,135.646
PHL,2016,Philippines,2016,121.2972
PHL,2015,Philippines,2015,113.1874
PHL,2014,Philippines,2014,104.0134
PHL,2013,Philippines,2013,97.4869
PHL,2012,Philippines,2012,89.5021
PHL,2011,Philippines,2011,84.5875
PHL,2010,Philippines,2010,84.9688
PHL,2009,Philippines,2009,78.6456
PHL,2008,Philippines,2008,77.7622
PHL,2007,Philippines,2007,76.9611
PHL,2006,Philippines,2006,70.973
PHL,2005,Philippines,2005,78.8843
PHL,2004,Philippines,2004,75.6877
PHL,2003,Philippines,2003,74.7742
PHL,2002,Philippines,2002,72.9411
PHL,2001,Philippines,2001,71.6919
PHL,2000,Philippines,2000,74.2644
PHL,1999,Philippines,1999,73.993
PHL,1998,Philippines,1998,75.5809
PHL,1997,Philippines,1997,76.8658
PHL,1996,Philippines,1996,68.6946
PHL,1995,Philippines,1995,65.3468
PER,2020,Peru,2020,47.5328
PER,2019,Peru,2019,58.1719
PER,2018,Peru,2018,55.3468
PER,2017,Peru,2017,55.2172
PER,2016,Peru,2016,57.5009
PER,2015,Peru,2015,54.9014
PER,2014,Peru,2014,53.2525
PER,2013,Peru,2013,50.3235
PER,2012,Peru,2012,49.1215
PER,2011,Peru,2011,49.1793
PER,2010,Peru,2010,45.8483
PER,2009,Peru,2009,41.9747
PER,2008,Peru,2008,38.9946
PER,2007,Peru,2007,34.3741
PER,2006,Peru,2006,31.49
PER,2005,Peru,2005,31.8397
PER,2004,Peru,2004,31.8204
PER,2003,Peru,2003,27.5531
PER,2002,Peru,2002,28.102
PER,2001,Peru,2001,26.9396
PER,2000,Peru,2000,28.9865
PER,1999,Peru,1999,29.3146
PER,1998,Peru,1998,27.2745
PER,1997,Peru,1997,28.371
PER,1996,Peru,1996,28.4486
PER,1995,Peru,1995,25.8883
PRY,2020,Paraguay,2020,7.8549
PRY,2019,Paraguay,2019,8.5218
PRY,2018,Paraguay,2018,8.7429
PRY,2017,Paraguay,2017,8.4688
PRY,2016,Paraguay,2016,7.5122
PRY,2015,Paraguay,2015,6.661
PRY,2014,Paraguay,2014,5.9499
PRY,2013,Paraguay,2013,5.641
PRY,2012,Paraguay,2012,5.4123
PRY,2011,Paraguay,2011,5.451
PRY,2010,Paraguay,2010,5.2439
PRY,2009,Paraguay,2009,4.7128
PRY,2008,Paraguay,2008,4.5677
PRY,2007,Paraguay,2007,3.9111
PRY,2006,Paraguay,2006,4.116
PRY,2005,Paraguay,2005,3.8195
PRY,2004,Paraguay,2004,4.1409
PRY,2003,Paraguay,2003,4.0925
PRY,2002,Paraguay,2002,3.9651
PRY,2001,Paraguay,2001,3.7869
PRY,2000,Paraguay,2000,3.6426
PRY,1999,Paraguay,1999,4.4184
PRY,1998,Paraguay,1998,4.4217
PRY,1997,Paraguay,1997,4.2206
PRY,1996,Paraguay,1996,3.8134
PRY,1995,Paraguay,1995,3.8597
PNG,2020,Papua New Guinea,2020,5.4744
PNG,2019,Papua New Guinea,2019,5.0364
PNG,2018,Papua New Guinea,2018,4.904
PNG,2017,Papua New Guinea,2017,5.7792
PNG,2016,Papua New Guinea,2016,6.621
PNG,2015,Papua New Guinea,2015,5.9739
PNG,2014,Papua New Guinea,2014,5.5379
PNG,2013,Papua New Guinea,2013,4.5767
PNG,2012,Papua New Guinea,2012,4.2609
PNG,2011,Papua New Guinea,2011,4.4692
PNG,2010,Papua New Guinea,2010,4.2314
PNG,2009,Papua New Guinea,2009,4.9502
PNG,2008,Papua New Guinea,2008,5.102
PNG,2007,Papua New Guinea,2007,5.2839
PNG,2006,Papua New Guinea,2006,5.3175
PNG,2005,Papua New Guinea,2005,5.2298
PNG,2004,Papua New Guinea,2004,4.819
PNG,2003,Papua New Guinea,2003,4.5293
PNG,2002,Papua New Guinea,2002,4.0639
PNG,2001,Papua New Guinea,2001,3.5427
PNG,2000,Papua New Guinea,2000,2.9145
PNG,1999,Papua New Guinea,1999,2.6833
PNG,1998,Papua New Guinea,1998,3.2909
PNG,1997,Papua New Guinea,1997,2.6349
PNG,1996,Papua New Guinea,1996,2.5119
PNG,1995,Papua New Guinea,1995,2.4534
PAN,2020,Panama,2020,9.7127
PAN,2019,Panama,2019,13.1641
PAN,2018,Panama,2018,9.9261
PAN,2017,Panama,2017,10.1483
PAN,2016,Panama,2016,10.6644
PAN,2015,Panama,2015,10.6313
PAN,2014,Panama,2014,10.7719
PAN,2013,Panama,2013,10.2623
PAN,2012,Panama,2012,10.4475
PAN,2011,Panama,2011,9.9976
PAN,2010,Panama,2010,9.1798
PAN,2009,Panama,2009,8.6753
PAN,2008,Panama,2008,7.2579
PAN,2007,Panama,2007,7.478
PAN,2006,Panama,2006,7.4912
PAN,2005,Panama,2005,7.102
PAN,2004,Panama,2004,5.5089
PAN,2003,Panama,2003,5.4813
PAN,2002,Panama,2002,5.4104
PAN,2001,Panama,2001,6.2056
PAN,2000,Panama,2000,5.1903
PAN,1999,Panama,1999,5.006
PAN,1998,Panama,1998,5.7195
PAN,1997,Panama,1997,4.6401
PAN,1996,Panama,1996,4.4136
PAN,1995,Panama,1995,4.3833
PLW,2020,Palau,2020,1.2764
PLW,2019,Palau,2019,1.2683
PLW,2018,Palau,2018,1.2305
PLW,2017,Palau,2017,1.1964
PLW,2016,Palau,2016,1.1444
PLW,2015,Palau,2015,1.1954
PLW,2014,Palau,2014,1.2677
PLW,2013,Palau,2013,1.8243
PLW,2012,Palau,2012,3.6039
PLW,2011,Palau,2011,2.3697
PLW,2010,Palau,2010,2.1107
PLW,2009,Palau,2009,2.1738
PLW,2008,Palau,2008,1.3978
PLW,2007,Palau,2007,1.3837
PLW,2006,Palau,2006,1.6978
PLW,2005,Palau,2005,1.7352
PLW,2004,Palau,2004,1.5218
PLW,2003,Palau,2003,1.7181
PLW,2002,Palau,2002,1.4441
PLW,2001,Palau,2001,2.3636
PLW,2000,Palau,2000,2.122
PLW,1999,Palau,1999,2.4199
PLW,1998,Palau,1998,2.2788
PLW,1997,Palau,1997,2.5182
PLW,1996,Palau,1996,2.2116
PLW,1995,Palau,1995,2.3497
PAK,2020,Pakistan,2020,222.5997
PAK,2019,Pakistan,2019,198.8407
PAK,2018,Pakistan,2018,202.3124
PAK,2017,Pakistan,2017,213.2958
PAK,2016,Pakistan,2016,196.7976
PAK,2015,Pakistan,2015,178.2841
PAK,2014,Pakistan,2014,169.2027
PAK,2013,Pakistan,2013,160.7989
PAK,2012,Pakistan,2012,157.11
PAK,2011,Pakistan,2011,155.2393
PAK,2010,Pakistan,2010,155.6566
PAK,2009,Pakistan,2009,160.0753
PAK,2008,Pakistan,2008,156.377
PAK,2007,Pakistan,2007,161.9646
PAK,2006,Pakistan,2006,145.311
PAK,2005,Pakistan,2005,133.921
PAK,2004,Pakistan,2004,131.4397
PAK,2003,Pakistan,2003,117.4976
PAK,2002,Pakistan,2002,113.3313
PAK,2001,Pakistan,2001,113.9766
PAK,2000,Pakistan,2000,111.8899
PAK,1999,Pakistan,1999,109.5793
PAK,1998,Pakistan,1998,100.0578
PAK,1997,Pakistan,1997,99.1058
PAK,1996,Pakistan,1996,96.1688
PAK,1995,Pakistan,1995,91.8746
OMN,2020,Oman,2020,82.166
OMN,2019,Oman,2019,85.4259
OMN,2018,Oman,2018,84.3771
OMN,2017,Oman,2017,81.3599
OMN,2016,Oman,2016,80.628
OMN,2015,Oman,2015,79.3244
OMN,2014,Oman,2014,75.0283
OMN,2013,Oman,2013,70.6326
OMN,2012,Oman,2012,67.4368
OMN,2011,Oman,2011,59.7411
OMN,2010,Oman,2010,51.4932
OMN,2009,Oman,2009,47.1039
OMN,2008,Oman,2008,44.7282
OMN,2007,Oman,2007,45.5705
OMN,2006,Oman,2006,42.1453
OMN,2005,Oman,2005,33.0427
OMN,2004,Oman,2004,31.7775
OMN,2003,Oman,2003,32.1826
OMN,2002,Oman,2002,30.4524
OMN,2001,Oman,2001,28.482
OMN,2000,Oman,2000,26.3172
OMN,1999,Oman,1999,25.2192
OMN,1998,Oman,1998,22.1484
OMN,1997,Oman,1997,21.9896
OMN,1996,Oman,1996,20.9585
OMN,1995,Oman,1995,20.1514
NOR,2020,Norway,2020,43.7079
NOR,2019,Norway,2019,45.3466
NOR,2018,Norway,2018,46.6404
NOR,2017,Norway,2017,47.4084
NOR,2016,Norway,2016,47.3711
NOR,2015,Norway,2015,47.9542
NOR,2014,Norway,2014,46.9905
NOR,2013,Norway,2013,46.8777
NOR,2012,Norway,2012,46.3897
NOR,2011,Norway,2011,46.9389
NOR,2010,Norway,2010,47.9849
NOR,2009,Norway,2009,45.1249
NOR,2008,Norway,2008,47.1048
NOR,2007,Norway,2007,44.9058
NOR,2006,Norway,2006,44.012
NOR,2005,Norway,2005,43.3127
NOR,2004,Norway,2004,44.8909
NOR,2003,Norway,2003,44.4457
NOR,2002,Norway,2002,41.5842
NOR,2001,Norway,2001,42.2835
NOR,2000,Norway,2000,41.7695
NOR,1999,Norway,1999,46.7195
NOR,1998,Norway,1998,45.1033
NOR,1997,Norway,1997,43.3041
NOR,1996,Norway,1996,40.9434
NOR,1995,Norway,1995,40.6486
MNP,2020,Northern Mariana Islands,2020,
MNP,2019,Northern Mariana Islands,2019,
MNP,2018,Northern Mariana Islands,2018,
MNP,2017,Northern Mariana Islands,2017,
MNP,2016,Northern Mariana Islands,2016,
MNP,2015,Northern Mariana Islands,2015,
MNP,2014,Northern Mariana Islands,2014,
MNP,2013,Northern Mariana Islands,2013,
MNP,2012,Northern Mariana Islands,2012,
MNP,2011,Northern Mariana Islands,2011,
MNP,2010,Northern Mariana Islands,2010,
MNP,2009,Northern Mariana Islands,2009,
MNP,2008,Northern Mariana Islands,2008,
MNP,2007,Northern Mariana Islands,2007,
MNP,2006,Northern Mariana Islands,2006,
MNP,2005,Northern Mariana Islands,2005,
MNP,2004,Northern Mariana Islands,2004,
MNP,2003,Northern Mariana Islands,2003,
MNP,2002,Northern Mariana Islands,2002,
MNP,2001,Northern Mariana Islands,2001,
MNP,2000,Northern Mariana Islands,2000,
MNP,1999,Northern Mariana Islands,1999,
MNP,1998,Northern Mariana Islands,1998,
MNP,1997,Northern Mariana Islands,1997,
MNP,1996,Northern Mariana Islands,1996,
MNP,1995,Northern Mariana Islands,1995,
MKD,2020,North Macedonia,2020,7.5804
MKD,2019,North Macedonia,2019,8.6778
MKD,2018,North Macedonia,2018,7.5427
MKD,2017,North Macedonia,2017,7.9803
MKD,2016,North Macedonia,2016,7.6209
MKD,2015,North Macedonia,2015,7.9328
MKD,2014,North Macedonia,2014,8.3515
MKD,2013,North Macedonia,2013,8.7967
MKD,2012,North Macedonia,2012,9.6203
MKD,2011,North Macedonia,2011,10.2439
MKD,2010,North Macedonia,2010,9.1751
MKD,2009,North Macedonia,2009,9.1214
MKD,2008,North Macedonia,2008,10.1423
MKD,2007,North Macedonia,2007,10.3612
MKD,2006,North Macedonia,2006,9.6474
MKD,2005,North Macedonia,2005,9.6631
MKD,2004,North Macedonia,2004,9.2012
MKD,2003,North Macedonia,2003,9.4421
MKD,2002,North Macedonia,2002,8.6901
MKD,2001,North Macedonia,2001,9.2214
MKD,2000,North Macedonia,2000,9.0375
MKD,1999,North Macedonia,1999,9.3667
MKD,1998,North Macedonia,1998,10.1677
MKD,1997,North Macedonia,1997,9.2518
MKD,1996,North Macedonia,1996,10.274
MKD,1995,North Macedonia,1995,8.717
NGA,2020,Nigeria,2020,118.9178
NGA,2019,Nigeria,2019,126.1061
NGA,2018,Nigeria,2018,121.4082
NGA,2017,Nigeria,2017,116.0398
NGA,2016,Nigeria,2016,123.4796
NGA,2015,Nigeria,2015,118.4539
NGA,2014,Nigeria,2014,122.7261
NGA,2013,Nigeria,2013,114.6095
NGA,2012,Nigeria,2012,102.2558
NGA,2011,Nigeria,2011,104.0217
NGA,2010,Nigeria,2010,94.4036
NGA,2009,Nigeria,2009,80.9174
NGA,2008,Nigeria,2008,91.5847
NGA,2007,Nigeria,2007,84.3848
NGA,2006,Nigeria,2006,92.7246
NGA,2005,Nigeria,2005,102.9696
NGA,2004,Nigeria,2004,103.9479
NGA,2003,Nigeria,2003,107.6154
NGA,2002,Nigeria,2002,96.2193
NGA,2001,Nigeria,2001,106.3441
NGA,2000,Nigeria,2000,100.1949
NGA,1999,Nigeria,1999,89.9873
NGA,1998,Nigeria,1998,91.3518
NGA,1997,Nigeria,1997,100.8221
NGA,1996,Nigeria,1996,103.6329
NGA,1995,Nigeria,1995,88.8531
NER,2020,Niger,2020,2.4096
NER,2019,Niger,2019,2.3731
NER,2018,Niger,2018,2.0278
NER,2017,Niger,2017,1.9739
NER,2016,Niger,2016,2.1674
NER,2015,Niger,2015,2.1698
NER,2014,Niger,2014,2.202
NER,2013,Niger,2013,2.0371
NER,2012,Niger,2012,2.0551
NER,2011,Niger,2011,1.4738
NER,2010,Niger,2010,1.4418
NER,2009,Niger,2009,1.134
NER,2008,Niger,2008,0.9102
NER,2007,Niger,2007,0.8705
NER,2006,Niger,2006,0.8016
NER,2005,Niger,2005,0.7988
NER,2004,Niger,2004,0.8327
NER,2003,Niger,2003,0.7968
NER,2002,Niger,2002,0.7335
NER,2001,Niger,2001,0.7061
NER,2000,Niger,2000,0.7016
NER,1999,Niger,1999,0.6805
NER,1998,Niger,1998,0.6941
NER,1997,Niger,1997,0.642
NER,1996,Niger,1996,0.6385
NER,1995,Niger,1995,0.5519
NIC,2020,Nicaragua,2020,4.7462
NIC,2019,Nicaragua,2019,5.3239
NIC,2018,Nicaragua,2018,5.1803
NIC,2017,Nicaragua,2017,5.6825
NIC,2016,Nicaragua,2016,5.7223
NIC,2015,Nicaragua,2015,5.4971
NIC,2014,Nicaragua,2014,4.9091
NIC,2013,Nicaragua,2013,4.6389
NIC,2012,Nicaragua,2012,4.8471
NIC,2011,Nicaragua,2011,4.8816
NIC,2010,Nicaragua,2010,4.6711
NIC,2009,Nicaragua,2009,4.5454
NIC,2008,Nicaragua,2008,4.6481
NIC,2007,Nicaragua,2007,4.8378
NIC,2006,Nicaragua,2006,4.6665
NIC,2005,Nicaragua,2005,4.4103
NIC,2004,Nicaragua,2004,4.6436
NIC,2003,Nicaragua,2003,4.5272
NIC,2002,Nicaragua,2002,4.1327
NIC,2001,Nicaragua,2001,3.9936
NIC,2000,Nicaragua,2000,3.7702
NIC,1999,Nicaragua,1999,3.623
NIC,1998,Nicaragua,1998,3.5917
NIC,1997,Nicaragua,1997,3.0885
NIC,1996,Nicaragua,1996,2.8846
NIC,1995,Nicaragua,1995,2.7192
NZL,2020,New Zealand,2020,34.6699
NZL,2019,New Zealand,2019,37.2453
NZL,2018,New Zealand,2018,35.6335
NZL,2017,New Zealand,2017,36.2664
NZL,2016,New Zealand,2016,34.7426
NZL,2015,New Zealand,2015,35.3887
NZL,2014,New Zealand,2014,35.2908
NZL,2013,New Zealand,2013,34.5807
NZL,2012,New Zealand,2012,34.7866
NZL,2011,New Zealand,2011,32.7107
NZL,2010,New Zealand,2010,33.4445
NZL,2009,New Zealand,2009,33.4165
NZL,2008,New Zealand,2008,36.1884
NZL,2007,New Zealand,2007,35.0899
NZL,2006,New Zealand,2006,36.304
NZL,2005,New Zealand,2005,36.1921
NZL,2004,New Zealand,2004,35.5217
NZL,2003,New Zealand,2003,35.9222
NZL,2002,New Zealand,2002,35.0031
NZL,2001,New Zealand,2001,34.9081
NZL,2000,New Zealand,2000,32.9982
NZL,1999,New Zealand,1999,32.0316
NZL,1998,New Zealand,1998,30.4499
NZL,1997,New Zealand,1997,31.339
NZL,1996,New Zealand,1996,29.8041
NZL,1995,New Zealand,1995,28.8135
NCL,2020,New Caledonia,2020,
NCL,2019,New Caledonia,2019,
NCL,2018,New Caledonia,2018,
NCL,2017,New Caledonia,2017,
NCL,2016,New Caledonia,2016,
NCL,2015,New Caledonia,2015,
NCL,2014,New Caledonia,2014,
NCL,2013,New Caledonia,2013,
NCL,2012,New Caledonia,2012,
NCL,2011,New Caledonia,2011,
NCL,2010,New Caledonia,2010,
NCL,2009,New Caledonia,2009,
NCL,2008,New Caledonia,2008,
NCL,2007,New Caledonia,2007,
NCL,2006,New Caledonia,2006,
NCL,2005,New Caledonia,2005,
NCL,2004,New Caledonia,2004,
NCL,2003,New Caledonia,2003,
NCL,2002,New Caledonia,2002,
NCL,2001,New Caledonia,2001,
NCL,2000,New Caledonia,2000,
NCL,1999,New Caledonia,1999,
NCL,1998,New Caledonia,1998,
NCL,1997,New Caledonia,1997,
NCL,1996,New Caledonia,1996,
NCL,1995,New Caledonia,1995,
NLD,2020,Netherlands,2020,142.1604
NLD,2019,Netherlands,2019,157.9744
NLD,2018,Netherlands,2018,163.095
NLD,2017,Netherlands,2017,168.176
NLD,2016,Netherlands,2016,170.7937
NLD,2015,Netherlands,2015,169.3542
NLD,2014,Netherlands,2014,161.7631
NLD,2013,Netherlands,2013,169.3558
NLD,2012,Netherlands,2012,171.6019
NLD,2011,Netherlands,2011,174.0725
NLD,2010,Netherlands,2010,186.1211
NLD,2009,Netherlands,2009,174.7536
NLD,2008,Netherlands,2008,179.9447
NLD,2007,Netherlands,2007,178.8628
NLD,2006,Netherlands,2006,177.6801
NLD,2005,Netherlands,2005,182.1833
NLD,2004,Netherlands,2004,186.7527
NLD,2003,Netherlands,2003,184.2851
NLD,2002,Netherlands,2002,181.8328
NLD,2001,Netherlands,2001,181.4569
NLD,2000,Netherlands,2000,176.8545
NLD,1999,Netherlands,1999,176.1509
NLD,1998,Netherlands,1998,180.8581
NLD,1997,Netherlands,1997,180.1104
NLD,1996,Netherlands,1996,187.8531
NLD,1995,Netherlands,1995,177.6173
NPL,2020,Nepal,2020,16.4562
NPL,2019,Nepal,2019,13.4612
NPL,2018,Nepal,2018,14.9259
NPL,2017,Nepal,2017,13.1998
NPL,2016,Nepal,2016,10.764
NPL,2015,Nepal,2015,7.3221
NPL,2014,Nepal,2014,7.3524
NPL,2013,Nepal,2013,6.2963
NPL,2012,Nepal,2012,6.2251
NPL,2011,Nepal,2011,5.3607
NPL,2010,Nepal,2010,4.785
NPL,2009,Nepal,2009,4.064
NPL,2008,Nepal,2008,3.0854
NPL,2007,Nepal,2007,2.7919
NPL,2006,Nepal,2006,2.7125
NPL,2005,Nepal,2005,3.2758
NPL,2004,Nepal,2004,2.9269
NPL,2003,Nepal,2003,3.3881
NPL,2002,Nepal,2002,2.9843
NPL,2001,Nepal,2001,3.6551
NPL,2000,Nepal,2000,3.4194
NPL,1999,Nepal,1999,3.3362
NPL,1998,Nepal,1998,2.5646
NPL,1997,Nepal,1997,2.4175
NPL,1996,Nepal,1996,2.1884
NPL,1995,Nepal,1995,2.0616
NRU,2020,Nauru,2020,0.0
NRU,2019,Nauru,2019,0.0
NRU,2018,Nauru,2018,0.0
NRU,2017,Nauru,2017,0.0
NRU,2016,Nauru,2016,0.0
NRU,2015,Nauru,2015,0.0
NRU,2014,Nauru,2014,0.0
NRU,2013,Nauru,2013,0.0
NRU,2012,Nauru,2012,0.0
NRU,2011,Nauru,2011,0.0
NRU,2010,Nauru,2010,0.0
NRU,2009,Nauru,2009,0.0
NRU,2008,Nauru,2008,0.0
NRU,2007,Nauru,2007,0.0
NRU,2006,Nauru,2006,0.0
NRU,2005,Nauru,2005,0.0
NRU,2004,Nauru,2004,0.0
NRU,2003,Nauru,2003,0.0
NRU,2002,Nauru,2002,0.0
NRU,2001,Nauru,2001,0.0
NRU,2000,Nauru,2000,0.0
NRU,1999,Nauru,1999,0.0
NRU,1998,Nauru,1998,0.0
NRU,1997,Nauru,1997,0.0
NRU,1996,Nauru,1996,0.0
NRU,1995,Nauru,1995,0.0
NAM,2020,Namibia,2020,3.5444
NAM,2019,Namibia,2019,3.8576
NAM,2018,Namibia,2018,3.8098
NAM,2017,Namibia,2017,3.7537
NAM,2016,Namibia,2016,3.8987
NAM,2015,Namibia,2015,3.5661
NAM,2014,Namibia,2014,3.206
NAM,2013,Namibia,2013,3.1042
NAM,2012,Namibia,2012,2.9916
NAM,2011,Namibia,2011,2.8464
NAM,2010,Namibia,2010,2.6845
NAM,2009,Namibia,2009,3.0555
NAM,2008,Namibia,2008,2.9642
NAM,2007,Namibia,2007,2.5986
NAM,2006,Namibia,2006,2.5301
NAM,2005,Namibia,2005,2.5696
NAM,2004,Namibia,2004,2.3976
NAM,2003,Namibia,2003,2.2752
NAM,2002,Namibia,2002,2.1315
NAM,2001,Namibia,2001,2.4506
NAM,2000,Namibia,2000,1.9154
NAM,1999,Namibia,1999,1.9927
NAM,1998,Namibia,1998,2.0938
NAM,1997,Namibia,1997,2.029
NAM,1996,Namibia,1996,1.9616
NAM,1995,Namibia,1995,1.7902
MMR,2020,Myanmar,2020,34.7186
MMR,2019,Myanmar,2019,34.3911
MMR,2018,Myanmar,2018,33.5187
MMR,2017,Myanmar,2017,33.7539
MMR,2016,Myanmar,2016,22.9806
MMR,2015,Myanmar,2015,19.7406
MMR,2014,Myanmar,2014,17.7423
MMR,2013,Myanmar,2013,14.2206
MMR,2012,Myanmar,2012,12.5577
MMR,2011,Myanmar,2011,9.1725
MMR,2010,Myanmar,2010,8.6324
MMR,2009,Myanmar,2009,7.7887
MMR,2008,Myanmar,2008,8.3603
MMR,2007,Myanmar,2007,10.9238
MMR,2006,Myanmar,2006,10.4556
MMR,2005,Myanmar,2005,11.2422
MMR,2004,Myanmar,2004,10.6311
MMR,2003,Myanmar,2003,10.9584
MMR,2002,Myanmar,2002,8.8446
MMR,2001,Myanmar,2001,8.7748
MMR,2000,Myanmar,2000,10.042
MMR,1999,Myanmar,1999,9.2448
MMR,1998,Myanmar,1998,8.4254
MMR,1997,Myanmar,1997,7.7466
MMR,1996,Myanmar,1996,7.7815
MMR,1995,Myanmar,1995,7.4001
MOZ,2020,Mozambique,2020,7.9534
MOZ,2019,Mozambique,2019,8.6293
MOZ,2018,Mozambique,2018,8.0554
MOZ,2017,Mozambique,2017,8.3122
MOZ,2016,Mozambique,2016,8.3319
MOZ,2015,Mozambique,2015,6.4582
MOZ,2014,Mozambique,2014,5.7908
MOZ,2013,Mozambique,2013,5.1174
MOZ,2012,Mozambique,2012,4.7019
MOZ,2011,Mozambique,2011,4.2489
MOZ,2010,Mozambique,2010,3.6056
MOZ,2009,Mozambique,2009,3.403
MOZ,2008,Mozambique,2008,3.1494
MOZ,2007,Mozambique,2007,3.244
MOZ,2006,Mozambique,2006,2.8271
MOZ,2005,Mozambique,2005,2.6658
MOZ,2004,Mozambique,2004,2.7803
MOZ,2003,Mozambique,2003,2.5256
MOZ,2002,Mozambique,2002,1.9873
MOZ,2001,Mozambique,2001,1.8966
MOZ,2000,Mozambique,2000,1.571
MOZ,1999,Mozambique,1999,1.29
MOZ,1998,Mozambique,1998,1.2964
MOZ,1997,Mozambique,1997,1.3414
MOZ,1996,Mozambique,1996,1.2134
MOZ,1995,Mozambique,1995,1.2575
MAR,2020,Morocco,2020,67.5867
MAR,2019,Morocco,2019,71.8694
MAR,2018,Morocco,2018,65.197
MAR,2017,Morocco,2017,63.8616
MAR,2016,Morocco,2016,61.011
MAR,2015,Morocco,2015,61.1459
MAR,2014,Morocco,2014,59.4626
MAR,2013,Morocco,2013,58.4924
MAR,2012,Morocco,2012,58.5497
MAR,2011,Morocco,2011,56.2785
MAR,2010,Morocco,2010,52.0418
MAR,2009,Morocco,2009,48.9551
MAR,2008,Morocco,2008,49.4716
MAR,2007,Morocco,2007,46.0199
MAR,2006,Morocco,2006,45.3821
MAR,2005,Morocco,2005,44.6593
MAR,2004,Morocco,2004,42.829
MAR,2003,Morocco,2003,38.1053
MAR,2002,Morocco,2002,38.277
MAR,2001,Morocco,2001,36.9966
MAR,2000,Morocco,2000,33.5686
MAR,1999,Morocco,1999,32.8547
MAR,1998,Morocco,1998,31.2086
MAR,1997,Morocco,1997,30.4657
MAR,1996,Morocco,1996,28.9241
MAR,1995,Morocco,1995,29.273
MNE,2020,Montenegro,2020,
MNE,2019,Montenegro,2019,
MNE,2018,Montenegro,2018,
MNE,2017,Montenegro,2017,
MNE,2016,Montenegro,2016,
MNE,2015,Montenegro,2015,
MNE,2014,Montenegro,2014,
MNE,2013,Montenegro,2013,
MNE,2012,Montenegro,2012,
MNE,2011,Montenegro,2011,
MNE,2010,Montenegro,2010,
MNE,2009,Montenegro,2009,
MNE,2008,Montenegro,2008,
MNE,2007,Montenegro,2007,
MNE,2006,Montenegro,2006,
MNE,2005,Montenegro,2005,
MNE,2004,Montenegro,2004,
MNE,2003,Montenegro,2003,
MNE,2002,Montenegro,2002,
MNE,2001,Montenegro,2001,
MNE,2000,Montenegro,2000,
MNE,1999,Montenegro,1999,
MNE,1998,Montenegro,1998,
MNE,1997,Montenegro,1997,
MNE,1996,Montenegro,1996,
MNE,1995,Montenegro,1995,
MNG,2020,Mongolia,2020,22.5155
MNG,2019,Mongolia,2019,25.3355
MNG,2018,Mongolia,2018,22.9567
MNG,2017,Mongolia,2017,21.0753
MNG,2016,Mongolia,2016,19.1168
MNG,2015,Mongolia,2015,18.0259
MNG,2014,Mongolia,2014,19.5303
MNG,2013,Mongolia,2013,19.1791
MNG,2012,Mongolia,2012,17.6595
MNG,2011,Mongolia,2011,16.236
MNG,2010,Mongolia,2010,14.9057
MNG,2009,Mongolia,2009,13.9287
MNG,2008,Mongolia,2008,13.206
MNG,2007,Mongolia,2007,13.2104
MNG,2006,Mongolia,2006,12.7174
MNG,2005,Mongolia,2005,11.1291
MNG,2004,Mongolia,2004,9.577
MNG,2003,Mongolia,2003,9.3625
MNG,2002,Mongolia,2002,9.658
MNG,2001,Mongolia,2001,9.0123
MNG,2000,Mongolia,2000,9.0405
MNG,1999,Mongolia,1999,8.6539
MNG,1998,Mongolia,1998,8.5963
MNG,1997,Mongolia,1997,8.5693
MNG,1996,Mongolia,1996,8.7428
MNG,1995,Mongolia,1995,10.3439
MCO,2020,Monaco,2020,
MCO,2019,Monaco,2019,
MCO,2018,Monaco,2018,
MCO,2017,Monaco,2017,
MCO,2016,Monaco,2016,
MCO,2015,Monaco,2015,
MCO,2014,Monaco,2014,
MCO,2013,Monaco,2013,
MCO,2012,Monaco,2012,
MCO,2011,Monaco,2011,
MCO,2010,Monaco,2010,
MCO,2009,Monaco,2009,
MCO,2008,Monaco,2008,
MCO,2007,Monaco,2007,
MCO,2006,Monaco,2006,
MCO,2005,Monaco,2005,
MCO,2004,Monaco,2004,
MCO,2003,Monaco,2003,
MCO,2002,Monaco,2002,
MCO,2001,Monaco,2001,
MCO,2000,Monaco,2000,
MCO,1999,Monaco,1999,
MCO,1998,Monaco,1998,
MCO,1997,Monaco,1997,
MCO,1996,Monaco,1996,
MCO,1995,Monaco,1995,
MDA,2020,Moldova,2020,8.8484
MDA,2019,Moldova,2019,9.1101
MDA,2018,Moldova,2018,8.8624
MDA,2017,Moldova,2017,8.3058
MDA,2016,Moldova,2016,8.4234
MDA,2015,Moldova,2015,8.2992
MDA,2014,Moldova,2014,8.0409
MDA,2013,Moldova,2013,7.4941
MDA,2012,Moldova,2012,8.3528
MDA,2011,Moldova,2011,8.5348
MDA,2010,Moldova,2010,8.5049
MDA,2009,Moldova,2009,7.808
MDA,2008,Moldova,2008,7.9275
MDA,2007,Moldova,2007,8.0256
MDA,2006,Moldova,2006,8.112
MDA,2005,Moldova,2005,8.3311
MDA,2004,Moldova,2004,7.8917
MDA,2003,Moldova,2003,7.8708
MDA,2002,Moldova,2002,7.3093
MDA,2001,Moldova,2001,7.1817
MDA,2000,Moldova,2000,6.8956
MDA,1999,Moldova,1999,7.4496
MDA,1998,Moldova,1998,8.7879
MDA,1997,Moldova,1997,9.6327
MDA,1996,Moldova,1996,10.562
MDA,1995,Moldova,1995,12.2615
FSM,2020,"Micronesia, Fed. Sts.",2020,0.0002
FSM,2019,"Micronesia, Fed. Sts.",2019,0.0002
FSM,2018,"Micronesia, Fed. Sts.",2018,0.0002
FSM,2017,"Micronesia, Fed. Sts.",2017,0.0002
FSM,2016,"Micronesia, Fed. Sts.",2016,0.0002
FSM,2015,"Micronesia, Fed. Sts.",2015,0.0002
FSM,2014,"Micronesia, Fed. Sts.",2014,0.0002
FSM,2013,"Micronesia, Fed. Sts.",2013,0.0002
FSM,2012,"Micronesia, Fed. Sts.",2012,0.0002
FSM,2011,"Micronesia, Fed. Sts.",2011,0.0002
FSM,2010,"Micronesia, Fed. Sts.",2010,0.0002
FSM,2009,"Micronesia, Fed. Sts.",2009,0.0002
FSM,2008,"Micronesia, Fed. Sts.",2008,0.0002
FSM,2007,"Micronesia, Fed. Sts.",2007,0.0002
FSM,2006,"Micronesia, Fed. Sts.",2006,0.0002
FSM,2005,"Micronesia, Fed. Sts.",2005,0.0002
FSM,2004,"Micronesia, Fed. Sts.",2004,0.0002
FSM,2003,"Micronesia, Fed. Sts.",2003,0.0002
FSM,2002,"Micronesia, Fed. Sts.",2002,0.0002
FSM,2001,"Micronesia, Fed. Sts.",2001,0.0002
FSM,2000,"Micronesia, Fed. Sts.",2000,0.0002
FSM,1999,"Micronesia, Fed. Sts.",1999,0.0002
FSM,1998,"Micronesia, Fed. Sts.",1998,0.0002
FSM,1997,"Micronesia, Fed. Sts.",1997,0.0002
FSM,1996,"Micronesia, Fed. Sts.",1996,0.0002
FSM,1995,"Micronesia, Fed. Sts.",1995,0.0002
MEX,2020,Mexico,2020,439.0381
MEX,2019,Mexico,2019,493.673
MEX,2018,Mexico,2018,478.1534
MEX,2017,Mexico,2017,500.6875
MEX,2016,Mexico,2016,496.4682
MEX,2015,Mexico,2015,490.4272
MEX,2014,Mexico,2014,480.9122
MEX,2013,Mexico,2013,494.0171
MEX,2012,Mexico,2012,506.2322
MEX,2011,Mexico,2011,486.535
MEX,2010,Mexico,2010,476.9429
MEX,2009,Mexico,2009,461.5756
MEX,2008,Mexico,2008,472.3027
MEX,2007,Mexico,2007,470.8833
MEX,2006,Mexico,2006,463.9485
MEX,2005,Mexico,2005,447.327
MEX,2004,Mexico,2004,430.4581
MEX,2003,Mexico,2003,420.7099
MEX,2002,Mexico,2002,400.9452
MEX,2001,Mexico,2001,394.7859
MEX,2000,Mexico,2000,396.7431
MEX,1999,Mexico,1999,373.0984
MEX,1998,Mexico,1998,384.0072
MEX,1997,Mexico,1997,360.7276
MEX,1996,Mexico,1996,341.9142
MEX,1995,Mexico,1995,326.2583
MUS,2020,Mauritius,2020,3.745
MUS,2019,Mauritius,2019,4.2052
MUS,2018,Mauritius,2018,4.1718
MUS,2017,Mauritius,2017,4.2071
MUS,2016,Mauritius,2016,4.0649
MUS,2015,Mauritius,2015,3.9907
MUS,2014,Mauritius,2014,3.9905
MUS,2013,Mauritius,2013,3.8572
MUS,2012,Mauritius,2012,3.7437
MUS,2011,Mauritius,2011,3.6565
MUS,2010,Mauritius,2010,3.6757
MUS,2009,Mauritius,2009,3.4382
MUS,2008,Mauritius,2008,3.4879
MUS,2007,Mauritius,2007,3.4143
MUS,2006,Mauritius,2006,3.3223
MUS,2005,Mauritius,2005,2.9793
MUS,2004,Mauritius,2004,2.7849
MUS,2003,Mauritius,2003,2.7615
MUS,2002,Mauritius,2002,2.6372
MUS,2001,Mauritius,2001,2.5836
MUS,2000,Mauritius,2000,2.4433
MUS,1999,Mauritius,1999,2.2091
MUS,1998,Mauritius,1998,1.8025
MUS,1997,Mauritius,1997,1.6434
MUS,1996,Mauritius,1996,1.6364
MUS,1995,Mauritius,1995,1.5621
MRT,2020,Mauritania,2020,4.6354
MRT,2019,Mauritania,2019,4.4862
MRT,2018,Mauritania,2018,4.4355
MRT,2017,Mauritania,2017,3.809
MRT,2016,Mauritania,2016,2.6247
MRT,2015,Mauritania,2015,2.757
MRT,2014,Mauritania,2014,2.6827
MRT,2013,Mauritania,2013,2.3153
MRT,2012,Mauritania,2012,2.5265
MRT,2011,Mauritania,2011,2.265
MRT,2010,Mauritania,2010,2.1069
MRT,2009,Mauritania,2009,2.0973
MRT,2008,Mauritania,2008,2.1028
MRT,2007,Mauritania,2007,1.8808
MRT,2006,Mauritania,2006,1.6904
MRT,2005,Mauritania,2005,1.5383
MRT,2004,Mauritania,2004,1.4867
MRT,2003,Mauritania,2003,1.363
MRT,2002,Mauritania,2002,1.2997
MRT,2001,Mauritania,2001,1.1705
MRT,2000,Mauritania,2000,1.0582
MRT,1999,Mauritania,1999,2.5178
MRT,1998,Mauritania,1998,2.44
MRT,1997,Mauritania,1997,2.3872
MRT,1996,Mauritania,1996,2.4292
MRT,1995,Mauritania,1995,2.4527
MHL,2020,Marshall Islands,2020,0.0001
MHL,2019,Marshall Islands,2019,0.0001
MHL,2018,Marshall Islands,2018,0.0001
MHL,2017,Marshall Islands,2017,0.0001
MHL,2016,Marshall Islands,2016,0.0001
MHL,2015,Marshall Islands,2015,0.0001
MHL,2014,Marshall Islands,2014,0.0001
MHL,2013,Marshall Islands,2013,0.0001
MHL,2012,Marshall Islands,2012,0.0001
MHL,2011,Marshall Islands,2011,0.0001
MHL,2010,Marshall Islands,2010,0.0001
MHL,2009,Marshall Islands,2009,0.0001
MHL,2008,Marshall Islands,2008,0.0001
MHL,2007,Marshall Islands,2007,0.0001
MHL,2006,Marshall Islands,2006,0.0001
MHL,2005,Marshall Islands,2005,0.0001
MHL,2004,Marshall Islands,2004,0.0001
MHL,2003,Marshall Islands,2003,0.0001
MHL,2002,Marshall Islands,2002,0.0001
MHL,2001,Marshall Islands,2001,0.0001
MHL,2000,Marshall Islands,2000,0.0001
MHL,1999,Marshall Islands,1999,0.0001
MHL,1998,Marshall Islands,1998,0.0001
MHL,1997,Marshall Islands,1997,0.0001
MHL,1996,Marshall Islands,1996,0.0001
MHL,1995,Marshall Islands,1995,0.0001
MLT,2020,Malta,2020,1.6204
MLT,2019,Malta,2019,1.673
MLT,2018,Malta,2018,1.5674
MLT,2017,Malta,2017,1.5582
MLT,2016,Malta,2016,1.3655
MLT,2015,Malta,2015,1.6722
MLT,2014,Malta,2014,2.3694
MLT,2013,Malta,2013,2.3827
MLT,2012,Malta,2012,2.7244
MLT,2011,Malta,2011,2.5818
MLT,2010,Malta,2010,2.5947
MLT,2009,Malta,2009,2.5185
MLT,2008,Malta,2008,2.7327
MLT,2007,Malta,2007,2.7234
MLT,2006,Malta,2006,2.6594
MLT,2005,Malta,2005,2.6349
MLT,2004,Malta,2004,2.6069
MLT,2003,Malta,2003,2.6135
MLT,2002,Malta,2002,2.3242
MLT,2001,Malta,2001,2.4949
MLT,2000,Malta,2000,2.135
MLT,1999,Malta,1999,2.4177
MLT,1998,Malta,1998,2.384
MLT,1997,Malta,1997,2.4771
MLT,1996,Malta,1996,2.3312
MLT,1995,Malta,1995,2.3859
MLI,2020,Mali,2020,6.8432
MLI,2019,Mali,2019,6.1138
MLI,2018,Mali,2018,5.782
MLI,2017,Mali,2017,5.1611
MLI,2016,Mali,2016,4.5795
MLI,2015,Mali,2015,3.5312
MLI,2014,Mali,2014,2.9109
MLI,2013,Mali,2013,2.7412
MLI,2012,Mali,2012,2.2712
MLI,2011,Mali,2011,2.1656
MLI,2010,Mali,2010,1.9869
MLI,2009,Mali,2009,2.0073
MLI,2008,Mali,2008,1.5615
MLI,2007,Mali,2007,1.3521
MLI,2006,Mali,2006,1.1347
MLI,2005,Mali,2005,0.9448
MLI,2004,Mali,2004,0.9141
MLI,2003,Mali,2003,0.8969
MLI,2002,Mali,2002,0.8731
MLI,2001,Mali,2001,0.8333
MLI,2000,Mali,2000,0.796
MLI,1999,Mali,1999,0.4262
MLI,1998,Mali,1998,0.4092
MLI,1997,Mali,1997,0.3939
MLI,1996,Mali,1996,0.3964
MLI,1995,Mali,1995,0.3639
MDV,2020,Maldives,2020,1.208
MDV,2019,Maldives,2019,1.5153
MDV,2018,Maldives,2018,1.3863
MDV,2017,Maldives,2017,1.6081
MDV,2016,Maldives,2016,1.7341
MDV,2015,Maldives,2015,1.5884
MDV,2014,Maldives,2014,2.1931
MDV,2013,Maldives,2013,1.6213
MDV,2012,Maldives,2012,1.4422
MDV,2011,Maldives,2011,1.1443
MDV,2010,Maldives,2010,1.0537
MDV,2009,Maldives,2009,0.9842
MDV,2008,Maldives,2008,0.9559
MDV,2007,Maldives,2007,0.878
MDV,2006,Maldives,2006,0.8365
MDV,2005,Maldives,2005,0.6848
MDV,2004,Maldives,2004,0.7389
MDV,2003,Maldives,2003,0.5775
MDV,2002,Maldives,2002,0.6721
MDV,2001,Maldives,2001,0.5547
MDV,2000,Maldives,2000,0.6278
MDV,1999,Maldives,1999,0.3428
MDV,1998,Maldives,1998,0.3433
MDV,1997,Maldives,1997,0.3032
MDV,1996,Maldives,1996,0.3404
MDV,1995,Maldives,1995,0.335
MYS,2020,Malaysia,2020,253.08
MYS,2019,Malaysia,2019,255.1651
MYS,2018,Malaysia,2018,254.2848
MYS,2017,Malaysia,2017,237.8324
MYS,2016,Malaysia,2016,247.4841
MYS,2015,Malaysia,2015,252.8595
MYS,2014,Malaysia,2014,251.3897
MYS,2013,Malaysia,2013,237.1554
MYS,2012,Malaysia,2012,219.7969
MYS,2011,Malaysia,2011,218.2727
MYS,2010,Malaysia,2010,215.5014
MYS,2009,Malaysia,2009,197.9123
MYS,2008,Malaysia,2008,216.128
MYS,2007,Malaysia,2007,204.8805
MYS,2006,Malaysia,2006,187.727
MYS,2005,Malaysia,2005,181.1171
MYS,2004,Malaysia,2004,169.5908
MYS,2003,Malaysia,2003,156.5469
MYS,2002,Malaysia,2002,146.5505
MYS,2001,Malaysia,2001,138.4076
MYS,2000,Malaysia,2000,130.7612
MYS,1999,Malaysia,1999,119.6769
MYS,1998,Malaysia,1998,110.6521
MYS,1997,Malaysia,1997,113.2477
MYS,1996,Malaysia,1996,103.4299
MYS,1995,Malaysia,1995,90.9385
MWI,2020,Malawi,2020,5.2063
MWI,2019,Malawi,2019,5.6074
MWI,2018,Malawi,2018,5.4582
MWI,2017,Malawi,2017,5.408
MWI,2016,Malawi,2016,4.9059
MWI,2015,Malawi,2015,4.909
MWI,2014,Malawi,2014,4.9718
MWI,2013,Malawi,2013,5.0231
MWI,2012,Malawi,2012,5.683
MWI,2011,Malawi,2011,5.7394
MWI,2010,Malawi,2010,4.4851
MWI,2009,Malawi,2009,4.1579
MWI,2008,Malawi,2008,4.2838
MWI,2007,Malawi,2007,4.0794
MWI,2006,Malawi,2006,3.7866
MWI,2005,Malawi,2005,3.5683
MWI,2004,Malawi,2004,3.1468
MWI,2003,Malawi,2003,3.1575
MWI,2002,Malawi,2002,3.1305
MWI,2001,Malawi,2001,3.1666
MWI,2000,Malawi,2000,3.0984
MWI,1999,Malawi,1999,2.7436
MWI,1998,Malawi,1998,2.6671
MWI,1997,Malawi,1997,2.5128
MWI,1996,Malawi,1996,2.2305
MWI,1995,Malawi,1995,2.0879
MDG,2020,Madagascar,2020,3.1281
MDG,2019,Madagascar,2019,4.0111
MDG,2018,Madagascar,2018,3.2753
MDG,2017,Madagascar,2017,3.5528
MDG,2016,Madagascar,2016,3.2513
MDG,2015,Madagascar,2015,3.4183
MDG,2014,Madagascar,2014,3.1337
MDG,2013,Madagascar,2013,3.0496
MDG,2012,Madagascar,2012,2.8507
MDG,2011,Madagascar,2011,2.2944
MDG,2010,Madagascar,2010,1.9684
MDG,2009,Madagascar,2009,1.7759
MDG,2008,Madagascar,2008,1.87
MDG,2007,Madagascar,2007,1.8034
MDG,2006,Madagascar,2006,1.7144
MDG,2005,Madagascar,2005,1.7881
MDG,2004,Madagascar,2004,1.6759
MDG,2003,Madagascar,2003,1.5496
MDG,2002,Madagascar,2002,1.1663
MDG,2001,Madagascar,2001,1.7104
MDG,2000,Madagascar,2000,1.6942
MDG,1999,Madagascar,1999,1.7076
MDG,1998,Madagascar,1998,1.6645
MDG,1997,Madagascar,1997,1.4911
MDG,1996,Madagascar,1996,1.359
MDG,1995,Madagascar,1995,1.4147
LUX,2020,Luxembourg,2020,7.9929
LUX,2019,Luxembourg,2019,9.6917
LUX,2018,Luxembourg,2018,9.5448
LUX,2017,Luxembourg,2017,9.1884
LUX,2016,Luxembourg,2016,9.0415
LUX,2015,Luxembourg,2015,9.3094
LUX,2014,Luxembourg,2014,9.8199
LUX,2013,Luxembourg,2013,10.3236
LUX,2012,Luxembourg,2012,10.8679
LUX,2011,Luxembourg,2011,11.0901
LUX,2010,Luxembourg,2010,11.2134
LUX,2009,Luxembourg,2009,10.6099
LUX,2008,Luxembourg,2008,11.2126
LUX,2007,Luxembourg,2007,11.3417
LUX,2006,Luxembourg,2006,11.9422
LUX,2005,Luxembourg,2005,12.1143
LUX,2004,Luxembourg,2004,11.8803
LUX,2003,Luxembourg,2003,10.4543
LUX,2002,Luxembourg,2002,10.0323
LUX,2001,Luxembourg,2001,9.3343
LUX,2000,Luxembourg,2000,8.8008
LUX,1999,Luxembourg,1999,8.1662
LUX,1998,Luxembourg,1998,7.8063
LUX,1997,Luxembourg,1997,8.5485
LUX,1996,Luxembourg,1996,9.1479
LUX,1995,Luxembourg,1995,9.0785
LTU,2020,Lithuania,2020,14.2541
LTU,2019,Lithuania,2019,14.2965
LTU,2018,Lithuania,2018,14.0184
LTU,2017,Lithuania,2017,13.9642
LTU,2016,Lithuania,2016,13.5202
LTU,2015,Lithuania,2015,13.6606
LTU,2014,Lithuania,2014,13.2117
LTU,2013,Lithuania,2013,13.3644
LTU,2012,Lithuania,2012,14.4911
LTU,2011,Lithuania,2011,14.3203
LTU,2010,Lithuania,2010,14.041
LTU,2009,Lithuania,2009,13.2105
LTU,2008,Lithuania,2008,15.8313
LTU,2007,Lithuania,2007,15.5684
LTU,2006,Lithuania,2006,14.1941
LTU,2005,Lithuania,2005,13.9579
LTU,2004,Lithuania,2004,13.0659
LTU,2003,Lithuania,2003,12.4924
LTU,2002,Lithuania,2002,12.4707
LTU,2001,Lithuania,2001,12.3913
LTU,2000,Lithuania,2000,11.6567
LTU,1999,Lithuania,1999,13.3317
LTU,1998,Lithuania,1998,15.9248
LTU,1997,Lithuania,1997,15.0668
LTU,1996,Lithuania,1996,15.5975
LTU,1995,Lithuania,1995,15.117
LIE,2020,Liechtenstein,2020,
LIE,2019,Liechtenstein,2019,
LIE,2018,Liechtenstein,2018,
LIE,2017,Liechtenstein,2017,
LIE,2016,Liechtenstein,2016,
LIE,2015,Liechtenstein,2015,
LIE,2014,Liechtenstein,2014,
LIE,2013,Liechtenstein,2013,
LIE,2012,Liechtenstein,2012,
LIE,2011,Liechtenstein,2011,
LIE,2010,Liechtenstein,2010,
LIE,2009,Liechtenstein,2009,
LIE,2008,Liechtenstein,2008,
LIE,2007,Liechtenstein,2007,
LIE,2006,Liechtenstein,2006,
LIE,2005,Liechtenstein,2005,
LIE,2004,Liechtenstein,2004,
LIE,2003,Liechtenstein,2003,
LIE,2002,Liechtenstein,2002,
LIE,2001,Liechtenstein,2001,
LIE,2000,Liechtenstein,2000,
LIE,1999,Liechtenstein,1999,
LIE,1998,Liechtenstein,1998,
LIE,1997,Liechtenstein,1997,
LIE,1996,Liechtenstein,1996,
LIE,1995,Liechtenstein,1995,
LBY,2020,Libya,2020,45.7025
LBY,2019,Libya,2019,57.4746
LBY,2018,Libya,2018,57.2685
LBY,2017,Libya,2017,55.3948
LBY,2016,Libya,2016,51.1525
LBY,2015,Libya,2015,54.4819
LBY,2014,Libya,2014,61.8002
LBY,2013,Libya,2013,62.6092
LBY,2012,Libya,2012,62.8561
LBY,2011,Libya,2011,44.2373
LBY,2010,Libya,2010,63.6702
LBY,2009,Libya,2009,60.2666
LBY,2008,Libya,2008,57.1434
LBY,2007,Libya,2007,53.7459
LBY,2006,Libya,2006,57.4771
LBY,2005,Libya,2005,57.7261
LBY,2004,Libya,2004,53.2302
LBY,2003,Libya,2003,53.7897
LBY,2002,Libya,2002,49.8968
LBY,2001,Libya,2001,48.7489
LBY,2000,Libya,2000,49.2846
LBY,1999,Libya,1999,47.7538
LBY,1998,Libya,1998,46.4165
LBY,1997,Libya,1997,46.875
LBY,1996,Libya,1996,50.6214
LBY,1995,Libya,1995,48.1431
LBR,2020,Liberia,2020,0.8348
LBR,2019,Liberia,2019,1.0095
LBR,2018,Liberia,2018,0.6419
LBR,2017,Liberia,2017,1.2306
LBR,2016,Liberia,2016,1.3852
LBR,2015,Liberia,2015,1.233
LBR,2014,Liberia,2014,1.1822
LBR,2013,Liberia,2013,0.9074
LBR,2012,Liberia,2012,0.9771
LBR,2011,Liberia,2011,0.8855
LBR,2010,Liberia,2010,0.7943
LBR,2009,Liberia,2009,0.5226
LBR,2008,Liberia,2008,0.5606
LBR,2007,Liberia,2007,0.6693
LBR,2006,Liberia,2006,0.717
LBR,2005,Liberia,2005,0.6812
LBR,2004,Liberia,2004,0.5452
LBR,2003,Liberia,2003,0.5042
LBR,2002,Liberia,2002,0.4656
LBR,2001,Liberia,2001,0.4602
LBR,2000,Liberia,2000,0.3992
LBR,1999,Liberia,1999,0.3038
LBR,1998,Liberia,1998,0.2891
LBR,1997,Liberia,1997,0.271
LBR,1996,Liberia,1996,0.2759
LBR,1995,Liberia,1995,0.2543
LSO,2020,Lesotho,2020,0.7032
LSO,2019,Lesotho,2019,0.7834
LSO,2018,Lesotho,2018,0.7577
LSO,2017,Lesotho,2017,0.7193
LSO,2016,Lesotho,2016,0.6575
LSO,2015,Lesotho,2015,0.5966
LSO,2014,Lesotho,2014,0.5991
LSO,2013,Lesotho,2013,0.5811
LSO,2012,Lesotho,2012,0.5764
LSO,2011,Lesotho,2011,0.5442
LSO,2010,Lesotho,2010,0.5223
LSO,2009,Lesotho,2009,0.5122
LSO,2008,Lesotho,2008,0.4365
LSO,2007,Lesotho,2007,0.5358
LSO,2006,Lesotho,2006,0.4144
LSO,2005,Lesotho,2005,0.4079
LSO,2004,Lesotho,2004,0.407
LSO,2003,Lesotho,2003,0.392
LSO,2002,Lesotho,2002,0.3854
LSO,2001,Lesotho,2001,0.3651
LSO,2000,Lesotho,2000,0.3508
LSO,1999,Lesotho,1999,0.1319
LSO,1998,Lesotho,1998,0.1265
LSO,1997,Lesotho,1997,0.1287
LSO,1996,Lesotho,1996,0.1295
LSO,1995,Lesotho,1995,0.1251
LBN,2020,Lebanon,2020,21.8207
LBN,2019,Lebanon,2019,27.0043
LBN,2018,Lebanon,2018,27.4937
LBN,2017,Lebanon,2017,29.2967
LBN,2016,Lebanon,2016,27.8657
LBN,2015,Lebanon,2015,26.9054
LBN,2014,Lebanon,2014,24.9694
LBN,2013,Lebanon,2013,23.1046
LBN,2012,Lebanon,2012,23.4369
LBN,2011,Lebanon,2011,20.9822
LBN,2010,Lebanon,2010,20.6592
LBN,2009,Lebanon,2009,21.5597
LBN,2008,Lebanon,2008,18.3122
LBN,2007,Lebanon,2007,14.9481
LBN,2006,Lebanon,2006,16.1341
LBN,2005,Lebanon,2005,16.5758
LBN,2004,Lebanon,2004,16.6903
LBN,2003,Lebanon,2003,16.4707
LBN,2002,Lebanon,2002,16.4658
LBN,2001,Lebanon,2001,16.5184
LBN,2000,Lebanon,2000,15.3085
LBN,1999,Lebanon,1999,16.9466
LBN,1998,Lebanon,1998,16.4456
LBN,1997,Lebanon,1997,16.5618
LBN,1996,Lebanon,1996,15.0813
LBN,1995,Lebanon,1995,14.5233
LVA,2020,Latvia,2020,7.2771
LVA,2019,Latvia,2019,7.9078
LVA,2018,Latvia,2018,8.1079
LVA,2017,Latvia,2017,7.4321
LVA,2016,Latvia,2016,7.4806
LVA,2015,Latvia,2015,7.648
LVA,2014,Latvia,2014,7.5739
LVA,2013,Latvia,2013,7.7794
LVA,2012,Latvia,2012,8.0274
LVA,2011,Latvia,2011,8.2334
LVA,2010,Latvia,2010,8.8799
LVA,2009,Latvia,2009,7.7519
LVA,2008,Latvia,2008,8.4787
LVA,2007,Latvia,2007,8.9143
LVA,2006,Latvia,2006,8.54
LVA,2005,Latvia,2005,8.03
LVA,2004,Latvia,2004,7.9578
LVA,2003,Latvia,2003,7.9151
LVA,2002,Latvia,2002,7.665
LVA,2001,Latvia,2001,7.6692
LVA,2000,Latvia,2000,7.2309
LVA,1999,Latvia,1999,7.8664
LVA,1998,Latvia,1998,8.4177
LVA,1997,Latvia,1997,8.8147
LVA,1996,Latvia,1996,9.2507
LVA,1995,Latvia,1995,9.2355
LAO,2020,Lao PDR,2020,19.4378
LAO,2019,Lao PDR,2019,19.3701
LAO,2018,Lao PDR,2018,19.8623
LAO,2017,Lao PDR,2017,19.2442
LAO,2016,Lao PDR,2016,15.871
LAO,2015,Lao PDR,2015,8.9275
LAO,2014,Lao PDR,2014,4.3873
LAO,2013,Lao PDR,2013,3.9444
LAO,2012,Lao PDR,2012,3.3357
LAO,2011,Lao PDR,2011,3.1262
LAO,2010,Lao PDR,2010,2.9614
LAO,2009,Lao PDR,2009,2.6407
LAO,2008,Lao PDR,2008,2.1095
LAO,2007,Lao PDR,2007,1.806
LAO,2006,Lao PDR,2006,1.7086
LAO,2005,Lao PDR,2005,1.3026
LAO,2004,Lao PDR,2004,1.258
LAO,2003,Lao PDR,2003,1.2
LAO,2002,Lao PDR,2002,1.1544
LAO,2001,Lao PDR,2001,1.0291
LAO,2000,Lao PDR,2000,0.9345
LAO,1999,Lao PDR,1999,0.5286
LAO,1998,Lao PDR,1998,0.5458
LAO,1997,Lao PDR,1997,0.5088
LAO,1996,Lao PDR,1996,0.4606
LAO,1995,Lao PDR,1995,0.393
KGZ,2020,Kyrgyz Republic,2020,9.3085
KGZ,2019,Kyrgyz Republic,2019,10.2267
KGZ,2018,Kyrgyz Republic,2018,11.4718
KGZ,2017,Kyrgyz Republic,2017,9.6372
KGZ,2016,Kyrgyz Republic,2016,9.7414
KGZ,2015,Kyrgyz Republic,2015,10.3162
KGZ,2014,Kyrgyz Republic,2014,9.9416
KGZ,2013,Kyrgyz Republic,2013,9.6866
KGZ,2012,Kyrgyz Republic,2012,10.4411
KGZ,2011,Kyrgyz Republic,2011,7.9039
KGZ,2010,Kyrgyz Republic,2010,6.6057
KGZ,2009,Kyrgyz Republic,2009,7.0415
KGZ,2008,Kyrgyz Republic,2008,7.8239
KGZ,2007,Kyrgyz Republic,2007,6.7415
KGZ,2006,Kyrgyz Republic,2006,5.5903
KGZ,2005,Kyrgyz Republic,2005,5.6133
KGZ,2004,Kyrgyz Republic,2004,5.6107
KGZ,2003,Kyrgyz Republic,2003,5.6599
KGZ,2002,Kyrgyz Republic,2002,5.0384
KGZ,2001,Kyrgyz Republic,2001,4.031
KGZ,2000,Kyrgyz Republic,2000,4.7979
KGZ,1999,Kyrgyz Republic,1999,4.9139
KGZ,1998,Kyrgyz Republic,1998,6.157
KGZ,1997,Kyrgyz Republic,1997,5.8369
KGZ,1996,Kyrgyz Republic,1996,5.9157
KGZ,1995,Kyrgyz Republic,1995,4.758
KWT,2020,Kuwait,2020,92.9479
KWT,2019,Kuwait,2019,96.8283
KWT,2018,Kuwait,2018,99.0797
KWT,2017,Kuwait,2017,97.4646
KWT,2016,Kuwait,2016,98.4
KWT,2015,Kuwait,2015,95.5891
KWT,2014,Kuwait,2014,92.3325
KWT,2013,Kuwait,2013,93.8744
KWT,2012,Kuwait,2012,91.9634
KWT,2011,Kuwait,2011,91.8746
KWT,2010,Kuwait,2010,86.8196
KWT,2009,Kuwait,2009,85.3214
KWT,2008,Kuwait,2008,83.613
KWT,2007,Kuwait,2007,78.2246
KWT,2006,Kuwait,2006,79.9333
KWT,2005,Kuwait,2005,77.2337
KWT,2004,Kuwait,2004,68.9816
KWT,2003,Kuwait,2003,64.9188
KWT,2002,Kuwait,2002,61.582
KWT,2001,Kuwait,2001,58.8749
KWT,2000,Kuwait,2000,56.0212
KWT,1999,Kuwait,1999,49.8899
KWT,1998,Kuwait,1998,46.3276
KWT,1997,Kuwait,1997,41.7493
KWT,1996,Kuwait,1996,39.6473
KWT,1995,Kuwait,1995,40.3131
XKX,2020,Kosovo,2020,
XKX,2019,Kosovo,2019,
XKX,2018,Kosovo,2018,
XKX,2017,Kosovo,2017,
XKX,2016,Kosovo,2016,
XKX,2015,Kosovo,2015,
XKX,2014,Kosovo,2014,
XKX,2013,Kosovo,2013,
XKX,2012,Kosovo,2012,
XKX,2011,Kosovo,2011,
XKX,2010,Kosovo,2010,
XKX,2009,Kosovo,2009,
XKX,2008,Kosovo,2008,
XKX,2007,Kosovo,2007,
XKX,2006,Kosovo,2006,
XKX,2005,Kosovo,2005,
XKX,2004,Kosovo,2004,
XKX,2003,Kosovo,2003,
XKX,2002,Kosovo,2002,
XKX,2001,Kosovo,2001,
XKX,2000,Kosovo,2000,
XKX,1999,Kosovo,1999,
XKX,1998,Kosovo,1998,
XKX,1997,Kosovo,1997,
XKX,1996,Kosovo,1996,
XKX,1995,Kosovo,1995,
KOR,2020,"Korea, Rep.",2020,617.3408
KOR,2019,"Korea, Rep.",2019,654.9901
KOR,2018,"Korea, Rep.",2018,680.496
KOR,2017,"Korea, Rep.",2017,665.288
KOR,2016,"Korea, Rep.",2016,648.8158
KOR,2015,"Korea, Rep.",2015,643.7994
KOR,2014,"Korea, Rep.",2014,630.5865
KOR,2013,"Korea, Rep.",2013,642.0472
KOR,2012,"Korea, Rep.",2012,645.2115
KOR,2011,"Korea, Rep.",2011,647.6916
KOR,2010,"Korea, Rep.",2010,612.9372
KOR,2009,"Korea, Rep.",2009,556.3739
KOR,2008,"Korea, Rep.",2008,552.3692
KOR,2007,"Korea, Rep.",2007,541.0028
KOR,2006,"Korea, Rep.",2006,523.7009
KOR,2005,"Korea, Rep.",2005,515.9796
KOR,2004,"Korea, Rep.",2004,519.4706
KOR,2003,"Korea, Rep.",2003,502.986
KOR,2002,"Korea, Rep.",2002,494.4704
KOR,2001,"Korea, Rep.",2001,477.111
KOR,2000,"Korea, Rep.",2000,466.4031
KOR,1999,"Korea, Rep.",1999,430.6102
KOR,1998,"Korea, Rep.",1998,393.6141
KOR,1997,"Korea, Rep.",1997,458.8627
KOR,1996,"Korea, Rep.",1996,436.4966
KOR,1995,"Korea, Rep.",1995,407.0883
PRK,2020,"Korea, Dem. People's Rep.",2020,69.045
PRK,2019,"Korea, Dem. People's Rep.",2019,73.4111
PRK,2018,"Korea, Dem. People's Rep.",2018,66.3965
PRK,2017,"Korea, Dem. People's Rep.",2017,73.5427
PRK,2016,"Korea, Dem. People's Rep.",2016,36.0271
PRK,2015,"Korea, Dem. People's Rep.",2015,32.6541
PRK,2014,"Korea, Dem. People's Rep.",2014,41.6105
PRK,2013,"Korea, Dem. People's Rep.",2013,37.9084
PRK,2012,"Korea, Dem. People's Rep.",2012,49.0217
PRK,2011,"Korea, Dem. People's Rep.",2011,50.8115
PRK,2010,"Korea, Dem. People's Rep.",2010,69.0426
PRK,2009,"Korea, Dem. People's Rep.",2009,71.6712
PRK,2008,"Korea, Dem. People's Rep.",2008,74.4786
PRK,2007,"Korea, Dem. People's Rep.",2007,67.9856
PRK,2006,"Korea, Dem. People's Rep.",2006,81.2485
PRK,2005,"Korea, Dem. People's Rep.",2005,79.7374
PRK,2004,"Korea, Dem. People's Rep.",2004,76.5246
PRK,2003,"Korea, Dem. People's Rep.",2003,74.9821
PRK,2002,"Korea, Dem. People's Rep.",2002,73.4431
PRK,2001,"Korea, Dem. People's Rep.",2001,76.673
PRK,2000,"Korea, Dem. People's Rep.",2000,73.8063
PRK,1999,"Korea, Dem. People's Rep.",1999,68.5664
PRK,1998,"Korea, Dem. People's Rep.",1998,62.8686
PRK,1997,"Korea, Dem. People's Rep.",1997,76.672
PRK,1996,"Korea, Dem. People's Rep.",1996,79.058
PRK,1995,"Korea, Dem. People's Rep.",1995,89.1009
KIR,2020,Kiribati,2020,0.0737
KIR,2019,Kiribati,2019,0.0761
KIR,2018,Kiribati,2018,0.0759
KIR,2017,Kiribati,2017,0.0691
KIR,2016,Kiribati,2016,0.0678
KIR,2015,Kiribati,2015,0.0623
KIR,2014,Kiribati,2014,0.0607
KIR,2013,Kiribati,2013,0.0601
KIR,2012,Kiribati,2012,0.0558
KIR,2011,Kiribati,2011,0.057
KIR,2010,Kiribati,2010,0.0611
KIR,2009,Kiribati,2009,0.0581
KIR,2008,Kiribati,2008,0.0686
KIR,2007,Kiribati,2007,0.0616
KIR,2006,Kiribati,2006,0.0662
KIR,2005,Kiribati,2005,0.0616
KIR,2004,Kiribati,2004,0.0464
KIR,2003,Kiribati,2003,0.0447
KIR,2002,Kiribati,2002,0.0432
KIR,2001,Kiribati,2001,0.0292
KIR,2000,Kiribati,2000,0.0324
KIR,1999,Kiribati,1999,0.0192
KIR,1998,Kiribati,1998,0.0192
KIR,1997,Kiribati,1997,0.0186
KIR,1996,Kiribati,1996,0.0181
KIR,1995,Kiribati,1995,0.0179
KEN,2020,Kenya,2020,19.1646
KEN,2019,Kenya,2019,19.4769
KEN,2018,Kenya,2018,19.1369
KEN,2017,Kenya,2017,19.2464
KEN,2016,Kenya,2016,18.5033
KEN,2015,Kenya,2015,17.0005
KEN,2014,Kenya,2014,15.7052
KEN,2013,Kenya,2013,13.8937
KEN,2012,Kenya,2012,12.8926
KEN,2011,Kenya,2011,13.8759
KEN,2010,Kenya,2010,13.4828
KEN,2009,Kenya,2009,12.4742
KEN,2008,Kenya,2008,10.5703
KEN,2007,Kenya,2007,10.0006
KEN,2006,Kenya,2006,9.9988
KEN,2005,Kenya,2005,9.026
KEN,2004,Kenya,2004,8.0523
KEN,2003,Kenya,2003,7.2312
KEN,2002,Kenya,2002,8.0095
KEN,2001,Kenya,2001,8.2528
KEN,2000,Kenya,2000,8.9072
KEN,1999,Kenya,1999,7.9883
KEN,1998,Kenya,1998,7.783
KEN,1997,Kenya,1997,7.1148
KEN,1996,Kenya,1996,7.4009
KEN,1995,Kenya,1995,6.7215
KAZ,2020,Kazakhstan,2020,225.4957
KAZ,2019,Kazakhstan,2019,218.8149
KAZ,2018,Kazakhstan,2018,229.3799
KAZ,2017,Kazakhstan,2017,226.4516
KAZ,2016,Kazakhstan,2016,216.1249
KAZ,2015,Kazakhstan,2015,202.7539
KAZ,2014,Kazakhstan,2014,233.0134
KAZ,2013,Kazakhstan,2013,276.1147
KAZ,2012,Kazakhstan,2012,258.8083
KAZ,2011,Kazakhstan,2011,262.6296
KAZ,2010,Kazakhstan,2010,242.1984
KAZ,2009,Kazakhstan,2009,224.4825
KAZ,2008,Kazakhstan,2008,248.432
KAZ,2007,Kazakhstan,2007,219.6055
KAZ,2006,Kazakhstan,2006,210.1923
KAZ,2005,Kazakhstan,2005,187.5969
KAZ,2004,Kazakhstan,2004,174.5565
KAZ,2003,Kazakhstan,2003,162.1546
KAZ,2002,Kazakhstan,2002,145.534
KAZ,2001,Kazakhstan,2001,130.4765
KAZ,2000,Kazakhstan,2000,132.224
KAZ,1999,Kazakhstan,1999,129.6552
KAZ,1998,Kazakhstan,1998,141.5854
KAZ,1997,Kazakhstan,1997,137.3099
KAZ,1996,Kazakhstan,1996,158.0291
KAZ,1995,Kazakhstan,1995,180.328
JOR,2020,Jordan,2020,20.948
JOR,2019,Jordan,2019,23.2902
JOR,2018,Jordan,2018,25.2117
JOR,2017,Jordan,2017,26.5502
JOR,2016,Jordan,2016,25.2353
JOR,2015,Jordan,2015,25.6334
JOR,2014,Jordan,2014,25.8395
JOR,2013,Jordan,2013,24.0985
JOR,2012,Jordan,2012,24.5322
JOR,2011,Jordan,2011,21.0139
JOR,2010,Jordan,2010,20.5883
JOR,2009,Jordan,2009,21.0617
JOR,2008,Jordan,2008,20.493
JOR,2007,Jordan,2007,21.3397
JOR,2006,Jordan,2006,20.5438
JOR,2005,Jordan,2005,20.3143
JOR,2004,Jordan,2004,19.0154
JOR,2003,Jordan,2003,17.6466
JOR,2002,Jordan,2002,17.2075
JOR,2001,Jordan,2001,16.5076
JOR,2000,Jordan,2000,16.4657
JOR,1999,Jordan,1999,14.8637
JOR,1998,Jordan,1998,14.8364
JOR,1997,Jordan,1997,14.6193
JOR,1996,Jordan,1996,14.1239
JOR,1995,Jordan,1995,13.8019
JPN,2020,Japan,2020,1060.2269
JPN,2019,Japan,2019,1123.813
JPN,2018,Japan,2018,1163.1278
JPN,2017,Japan,2017,1212.9423
JPN,2016,Japan,2016,1228.6537
JPN,2015,Japan,2015,1232.5762
JPN,2014,Japan,2014,1273.5698
JPN,2013,Japan,2013,1323.4899
JPN,2012,Japan,2012,1308.4016
JPN,2011,Japan,2011,1269.8897
JPN,2010,Japan,2010,1217.0641
JPN,2009,Japan,2009,1157.495
JPN,2008,Japan,2008,1220.7653
JPN,2007,Japan,2007,1291.7352
JPN,2006,Japan,2006,1256.0383
JPN,2005,Japan,2005,1278.6849
JPN,2004,Japan,2004,1267.0449
JPN,2003,Japan,2003,1271.9267
JPN,2002,Japan,2002,1264.5009
JPN,2001,Japan,2001,1229.9895
JPN,2000,Japan,2000,1243.5768
JPN,1999,Japan,1999,1225.1716
JPN,1998,Japan,1998,1184.3904
JPN,1997,Japan,1997,1231.6968
JPN,1996,Japan,1996,1246.029
JPN,1995,Japan,1995,1233.2243
JAM,2020,Jamaica,2020,5.9229
JAM,2019,Jamaica,2019,8.4395
JAM,2018,Jamaica,2018,8.6911
JAM,2017,Jamaica,2017,7.3076
JAM,2016,Jamaica,2016,7.6254
JAM,2015,Jamaica,2015,7.1067
JAM,2014,Jamaica,2014,7.2146
JAM,2013,Jamaica,2013,7.4837
JAM,2012,Jamaica,2012,7.014
JAM,2011,Jamaica,2011,7.6033
JAM,2010,Jamaica,2010,7.6922
JAM,2009,Jamaica,2009,8.0493
JAM,2008,Jamaica,2008,9.8705
JAM,2007,Jamaica,2007,12.2359
JAM,2006,Jamaica,2006,12.311
JAM,2005,Jamaica,2005,10.6289
JAM,2004,Jamaica,2004,10.6008
JAM,2003,Jamaica,2003,10.557
JAM,2002,Jamaica,2002,10.2596
JAM,2001,Jamaica,2001,10.3087
JAM,2000,Jamaica,2000,10.2444
JAM,1999,Jamaica,1999,10.16
JAM,1998,Jamaica,1998,9.9026
JAM,1997,Jamaica,1997,9.4034
JAM,1996,Jamaica,1996,9.1895
JAM,1995,Jamaica,1995,8.8104
ITA,2020,Italy,2020,295.2134
ITA,2019,Italy,2019,332.562
ITA,2018,Italy,2018,340.3734
ITA,2017,Italy,2017,345.6817
ITA,2016,Italy,2016,349.1697
ITA,2015,Italy,2015,353.7401
ITA,2014,Italy,2014,342.9756
ITA,2013,Italy,2013,361.7143
ITA,2012,Italy,2012,394.4537
ITA,2011,Italy,2011,414.5041
ITA,2010,Italy,2010,423.6329
ITA,2009,Italy,2009,413.8068
ITA,2008,Italy,2008,464.9772
ITA,2007,Italy,2007,480.3222
ITA,2006,Italy,2006,487.5246
ITA,2005,Italy,2005,493.0711
ITA,2004,Italy,2004,492.1601
ITA,2003,Italy,2003,480.7606
ITA,2002,Italy,2002,460.957
ITA,2001,Italy,2001,453.6804
ITA,2000,Italy,2000,454.3191
ITA,1999,Italy,1999,449.3568
ITA,1998,Italy,1998,442.4746
ITA,1997,Italy,1997,433.2998
ITA,1996,Italy,1996,429.8468
ITA,1995,Italy,1995,434.9088
ISR,2020,Israel,2020,61.3925
ISR,2019,Israel,2019,65.3145
ISR,2018,Israel,2018,63.4982
ISR,2017,Israel,2017,67.8229
ISR,2016,Israel,2016,67.5521
ISR,2015,Israel,2015,67.9917
ISR,2014,Israel,2014,65.9245
ISR,2013,Israel,2013,68.288
ISR,2012,Israel,2012,77.5898
ISR,2011,Israel,2011,71.1392
ISR,2010,Israel,2010,71.9452
ISR,2009,Israel,2009,67.0476
ISR,2008,Israel,2008,67.7831
ISR,2007,Israel,2007,67.4164
ISR,2006,Israel,2006,65.0379
ISR,2005,Israel,2005,61.8728
ISR,2004,Israel,2004,64.0088
ISR,2003,Israel,2003,64.2504
ISR,2002,Israel,2002,62.4864
ISR,2001,Israel,2001,59.2332
ISR,2000,Israel,2000,59.2839
ISR,1999,Israel,1999,54.9448
ISR,1998,Israel,1998,53.5039
ISR,1997,Israel,1997,52.9341
ISR,1996,Israel,1996,51.2646
ISR,1995,Israel,1995,48.1938
IMN,2020,Isle of Man,2020,
IMN,2019,Isle of Man,2019,
IMN,2018,Isle of Man,2018,
IMN,2017,Isle of Man,2017,
IMN,2016,Isle of Man,2016,
IMN,2015,Isle of Man,2015,
IMN,2014,Isle of Man,2014,
IMN,2013,Isle of Man,2013,
IMN,2012,Isle of Man,2012,
IMN,2011,Isle of Man,2011,
IMN,2010,Isle of Man,2010,
IMN,2009,Isle of Man,2009,
IMN,2008,Isle of Man,2008,
IMN,2007,Isle of Man,2007,
IMN,2006,Isle of Man,2006,
IMN,2005,Isle of Man,2005,
IMN,2004,Isle of Man,2004,
IMN,2003,Isle of Man,2003,
IMN,2002,Isle of Man,2002,
IMN,2001,Isle of Man,2001,
IMN,2000,Isle of Man,2000,
IMN,1999,Isle of Man,1999,
IMN,1998,Isle of Man,1998,
IMN,1997,Isle of Man,1997,
IMN,1996,Isle of Man,1996,
IMN,1995,Isle of Man,1995,
IRL,2020,Ireland,2020,34.2933
IRL,2019,Ireland,2019,36.369
IRL,2018,Ireland,2018,38.0252
IRL,2017,Ireland,2017,38.2632
IRL,2016,Ireland,2016,39.5133
IRL,2015,Ireland,2015,37.648
IRL,2014,Ireland,2014,36.1391
IRL,2013,Ireland,2013,36.3338
IRL,2012,Ireland,2012,37.6022
IRL,2011,Ireland,2011,37.144
IRL,2010,Ireland,2010,40.9249
IRL,2009,Ireland,2009,41.1735
IRL,2008,Ireland,2008,46.2814
IRL,2007,Ireland,2007,46.9449
IRL,2006,Ireland,2006,47.6882
IRL,2005,Ireland,2005,47.0738
IRL,2004,Ireland,2004,44.9913
IRL,2003,Ireland,2003,44.4685
IRL,2002,Ireland,2002,44.9831
IRL,2001,Ireland,2001,46.0507
IRL,2000,Ireland,2000,43.827
IRL,1999,Ireland,1999,41.2207
IRL,1998,Ireland,1998,39.784
IRL,1997,Ireland,1997,37.3632
IRL,1996,Ireland,1996,36.1072
IRL,1995,Ireland,1995,34.7885
IRQ,2020,Iraq,2020,183.8743
IRQ,2019,Iraq,2019,193.6481
IRQ,2018,Iraq,2018,180.9429
IRQ,2017,Iraq,2017,167.3453
IRQ,2016,Iraq,2016,155.0442
IRQ,2015,Iraq,2015,137.9041
IRQ,2014,Iraq,2014,138.288
IRQ,2013,Iraq,2013,144.4102
IRQ,2012,Iraq,2012,133.0448
IRQ,2011,Iraq,2011,115.9065
IRQ,2010,Iraq,2010,111.4935
IRQ,2009,Iraq,2009,96.8504
IRQ,2008,Iraq,2008,90.6714
IRQ,2007,Iraq,2007,78.43
IRQ,2006,Iraq,2006,84.864
IRQ,2005,Iraq,2005,87.2363
IRQ,2004,Iraq,2004,90.3219
IRQ,2003,Iraq,2003,82.8885
IRQ,2002,Iraq,2002,95.0518
IRQ,2001,Iraq,2001,100.6528
IRQ,2000,Iraq,2000,88.811
IRQ,1999,Iraq,1999,74.3027
IRQ,1998,Iraq,1998,94.2677
IRQ,1997,Iraq,1997,121.1211
IRQ,1996,Iraq,1996,100.6647
IRQ,1995,Iraq,1995,109.1
IRN,2020,"Iran, Islamic Rep.",2020,735.8709
IRN,2019,"Iran, Islamic Rep.",2019,712.5804
IRN,2018,"Iran, Islamic Rep.",2018,661.4499
IRN,2017,"Iran, Islamic Rep.",2017,666.3808
IRN,2016,"Iran, Islamic Rep.",2016,642.3063
IRN,2015,"Iran, Islamic Rep.",2015,629.4902
IRN,2014,"Iran, Islamic Rep.",2014,636.5399
IRN,2013,"Iran, Islamic Rep.",2013,612.6315
IRN,2012,"Iran, Islamic Rep.",2012,592.4779
IRN,2011,"Iran, Islamic Rep.",2011,585.9198
IRN,2010,"Iran, Islamic Rep.",2010,576.7498
IRN,2009,"Iran, Islamic Rep.",2009,573.2146
IRN,2008,"Iran, Islamic Rep.",2008,555.1596
IRN,2007,"Iran, Islamic Rep.",2007,538.5304
IRN,2006,"Iran, Islamic Rep.",2006,506.0486
IRN,2005,"Iran, Islamic Rep.",2005,468.9899
IRN,2004,"Iran, Islamic Rep.",2004,434.9742
IRN,2003,"Iran, Islamic Rep.",2003,405.5959
IRN,2002,"Iran, Islamic Rep.",2002,384.325
IRN,2001,"Iran, Islamic Rep.",2001,368.1639
IRN,2000,"Iran, Islamic Rep.",2000,353.9396
IRN,1999,"Iran, Islamic Rep.",1999,335.8562
IRN,1998,"Iran, Islamic Rep.",1998,307.0517
IRN,1997,"Iran, Islamic Rep.",1997,307.2913
IRN,1996,"Iran, Islamic Rep.",1996,294.1649
IRN,1995,"Iran, Islamic Rep.",1995,283.3694
IDN,2020,Indonesia,2020,596.2839
IDN,2019,Indonesia,2019,637.5692
IDN,2018,Indonesia,2018,596.4692
IDN,2017,Indonesia,2017,535.7474
IDN,2016,Indonesia,2016,507.0965
IDN,2015,Indonesia,2015,512.3973
IDN,2014,Indonesia,2014,505.0762
IDN,2013,Indonesia,2013,474.9651
IDN,2012,Indonesia,2012,504.2572
IDN,2011,Indonesia,2011,499.9362
IDN,2010,Indonesia,2010,443.682
IDN,2009,Indonesia,2009,411.3491
IDN,2008,Indonesia,2008,397.2554
IDN,2007,Indonesia,2007,401.7934
IDN,2006,Indonesia,2006,383.4194
IDN,2005,Indonesia,2005,362.597
IDN,2004,Indonesia,2004,360.1513
IDN,2003,Indonesia,2003,353.623
IDN,2002,Indonesia,2002,324.9389
IDN,2001,Indonesia,2001,319.562
IDN,2000,Indonesia,2000,299.0702
IDN,1999,Indonesia,1999,295.25
IDN,1998,Indonesia,1998,278.2434
IDN,1997,Indonesia,1997,275.5207
IDN,1996,Indonesia,1996,252.0076
IDN,1995,Indonesia,1995,239.099
IND,2020,India,2020,2356.959
IND,2019,India,2019,2551.4851
IND,2018,India,2018,2556.7189
IND,2017,India,2017,2441.2015
IND,2016,India,2016,2311.9771
IND,2015,India,2015,2278.2296
IND,2014,India,2014,2237.6647
IND,2013,India,2013,2072.6256
IND,2012,India,2012,2015.2876
IND,2011,India,2011,1845.6437
IND,2010,India,2010,1730.0542
IND,2009,India,2009,1621.1797
IND,2008,India,2008,1519.7704
IND,2007,India,2007,1415.2655
IND,2006,India,2006,1299.6787
IND,2005,India,2005,1217.7273
IND,2004,India,2004,1168.0565
IND,2003,India,2003,1083.014
IND,2002,India,2002,1051.0846
IND,2001,India,2001,1012.998
IND,2000,India,2000,996.8909
IND,1999,India,1999,961.5943
IND,1998,India,1998,900.5955
IND,1997,India,1997,877.681
IND,1996,India,1996,833.4883
IND,1995,India,1995,796.4452
ISL,2020,Iceland,2020,3.0717
ISL,2019,Iceland,2019,3.1768
ISL,2018,Iceland,2018,3.2946
ISL,2017,Iceland,2017,3.3299
ISL,2016,Iceland,2016,3.1789
ISL,2015,Iceland,2015,3.6292
ISL,2014,Iceland,2014,3.4639
ISL,2013,Iceland,2013,3.7106
ISL,2012,Iceland,2012,3.6451
ISL,2011,Iceland,2011,3.6038
ISL,2010,Iceland,2010,3.7364
ISL,2009,Iceland,2009,3.8274
ISL,2008,Iceland,2008,3.7798
ISL,2007,Iceland,2007,3.4751
ISL,2006,Iceland,2006,3.2417
ISL,2005,Iceland,2005,3.1274
ISL,2004,Iceland,2004,3.1757
ISL,2003,Iceland,2003,3.1
ISL,2002,Iceland,2002,3.1289
ISL,2001,Iceland,2001,2.9576
ISL,2000,Iceland,2000,2.8524
ISL,1999,Iceland,1999,2.741
ISL,1998,Iceland,1998,2.7082
ISL,1997,Iceland,1997,2.6247
ISL,1996,Iceland,1996,2.7086
ISL,1995,Iceland,1995,2.4404
HUN,2020,Hungary,2020,49.6521
HUN,2019,Hungary,2019,51.5028
HUN,2018,Hungary,2018,51.2595
HUN,2017,Hungary,2017,51.1346
HUN,2016,Hungary,2016,48.2651
HUN,2015,Hungary,2015,47.541
HUN,2014,Hungary,2014,44.8322
HUN,2013,Hungary,2013,44.7966
HUN,2012,Hungary,2012,47.6527
HUN,2011,Hungary,2011,51.4367
HUN,2010,Hungary,2010,52.3463
HUN,2009,Hungary,2009,51.7014
HUN,2008,Hungary,2008,57.8384
HUN,2007,Hungary,2007,59.1451
HUN,2006,Hungary,2006,60.6797
HUN,2005,Hungary,2005,61.2153
HUN,2004,Hungary,2004,60.8195
HUN,2003,Hungary,2003,62.681
HUN,2002,Hungary,2002,59.9824
HUN,2001,Hungary,2001,61.0051
HUN,2000,Hungary,2000,59.4623
HUN,1999,Hungary,1999,62.6148
HUN,1998,Hungary,1998,62.2073
HUN,1997,Hungary,1997,62.3043
HUN,1996,Hungary,1996,63.5949
HUN,1995,Hungary,1995,62.3673
HND,2020,Honduras,2020,9.222
HND,2019,Honduras,2019,10.1525
HND,2018,Honduras,2018,9.0061
HND,2017,Honduras,2017,9.3472
HND,2016,Honduras,2016,9.7321
HND,2015,Honduras,2015,10.8188
HND,2014,Honduras,2014,9.9347
HND,2013,Honduras,2013,10.1202
HND,2012,Honduras,2012,9.9296
HND,2011,Honduras,2011,9.491
HND,2010,Honduras,2010,7.9832
HND,2009,Honduras,2009,8.1702
HND,2008,Honduras,2008,8.6651
HND,2007,Honduras,2007,8.667
HND,2006,Honduras,2006,8.1471
HND,2005,Honduras,2005,7.0955
HND,2004,Honduras,2004,7.8297
HND,2003,Honduras,2003,6.8829
HND,2002,Honduras,2002,6.2176
HND,2001,Honduras,2001,5.8868
HND,2000,Honduras,2000,5.0003
HND,1999,Honduras,1999,4.8314
HND,1998,Honduras,1998,4.7681
HND,1997,Honduras,1997,4.1178
HND,1996,Honduras,1996,4.0085
HND,1995,Honduras,1995,3.782
HTI,2020,Haiti,2020,3.4445
HTI,2019,Haiti,2019,3.5949
HTI,2018,Haiti,2018,3.5577
HTI,2017,Haiti,2017,3.5867
HTI,2016,Haiti,2016,3.578
HTI,2015,Haiti,2015,3.494
HTI,2014,Haiti,2014,3.2283
HTI,2013,Haiti,2013,2.9774
HTI,2012,Haiti,2012,2.7586
HTI,2011,Haiti,2011,2.9444
HTI,2010,Haiti,2010,2.5989
HTI,2009,Haiti,2009,2.1233
HTI,2008,Haiti,2008,2.1633
HTI,2007,Haiti,2007,2.1838
HTI,2006,Haiti,2006,1.8514
HTI,2005,Haiti,2005,1.8291
HTI,2004,Haiti,2004,1.7908
HTI,2003,Haiti,2003,1.9374
HTI,2002,Haiti,2002,1.9515
HTI,2001,Haiti,2001,1.728
HTI,2000,Haiti,2000,1.6951
HTI,1999,Haiti,1999,1.603
HTI,1998,Haiti,1998,1.5327
HTI,1997,Haiti,1997,1.4957
HTI,1996,Haiti,1996,1.2806
HTI,1995,Haiti,1995,1.1266
GUY,2020,Guyana,2020,3.3298
GUY,2019,Guyana,2019,2.7934
GUY,2018,Guyana,2018,2.5808
GUY,2017,Guyana,2017,2.4688
GUY,2016,Guyana,2016,2.4564
GUY,2015,Guyana,2015,2.0746
GUY,2014,Guyana,2014,2.0651
GUY,2013,Guyana,2013,1.9774
GUY,2012,Guyana,2012,2.0026
GUY,2011,Guyana,2011,1.8334
GUY,2010,Guyana,2010,1.7612
GUY,2009,Guyana,2009,1.629
GUY,2008,Guyana,2008,1.6055
GUY,2007,Guyana,2007,1.607
GUY,2006,Guyana,2006,1.3346
GUY,2005,Guyana,2005,1.4834
GUY,2004,Guyana,2004,1.6735
GUY,2003,Guyana,2003,1.6197
GUY,2002,Guyana,2002,1.6237
GUY,2001,Guyana,2001,1.6456
GUY,2000,Guyana,2000,1.6621
GUY,1999,Guyana,1999,1.7376
GUY,1998,Guyana,1998,1.7494
GUY,1997,Guyana,1997,1.724
GUY,1996,Guyana,1996,1.5818
GUY,1995,Guyana,1995,1.5324
GNB,2020,Guinea-Bissau,2020,0.3363
GNB,2019,Guinea-Bissau,2019,0.3566
GNB,2018,Guinea-Bissau,2018,0.3526
GNB,2017,Guinea-Bissau,2017,0.3066
GNB,2016,Guinea-Bissau,2016,0.3788
GNB,2015,Guinea-Bissau,2015,0.3625
GNB,2014,Guinea-Bissau,2014,0.3412
GNB,2013,Guinea-Bissau,2013,0.3295
GNB,2012,Guinea-Bissau,2012,0.3202
GNB,2011,Guinea-Bissau,2011,0.3184
GNB,2010,Guinea-Bissau,2010,0.3138
GNB,2009,Guinea-Bissau,2009,0.3091
GNB,2008,Guinea-Bissau,2008,0.2916
GNB,2007,Guinea-Bissau,2007,0.3073
GNB,2006,Guinea-Bissau,2006,0.2891
GNB,2005,Guinea-Bissau,2005,0.2753
GNB,2004,Guinea-Bissau,2004,0.2697
GNB,2003,Guinea-Bissau,2003,0.2645
GNB,2002,Guinea-Bissau,2002,0.2233
GNB,2001,Guinea-Bissau,2001,0.2115
GNB,2000,Guinea-Bissau,2000,0.2011
GNB,1999,Guinea-Bissau,1999,0.2297
GNB,1998,Guinea-Bissau,1998,0.2202
GNB,1997,Guinea-Bissau,1997,0.2152
GNB,1996,Guinea-Bissau,1996,0.2066
GNB,1995,Guinea-Bissau,1995,0.2092
GIN,2020,Guinea,2020,5.3934
GIN,2019,Guinea,2019,4.814
GIN,2018,Guinea,2018,3.7415
GIN,2017,Guinea,2017,3.2701
GIN,2016,Guinea,2016,3.2295
GIN,2015,Guinea,2015,2.8673
GIN,2014,Guinea,2014,2.3734
GIN,2013,Guinea,2013,2.2699
GIN,2012,Guinea,2012,2.5111
GIN,2011,Guinea,2011,2.6535
GIN,2010,Guinea,2010,2.5103
GIN,2009,Guinea,2009,2.1879
GIN,2008,Guinea,2008,2.062
GIN,2007,Guinea,2007,1.9398
GIN,2006,Guinea,2006,1.8567
GIN,2005,Guinea,2005,1.7523
GIN,2004,Guinea,2004,1.8304
GIN,2003,Guinea,2003,1.7983
GIN,2002,Guinea,2002,1.698
GIN,2001,Guinea,2001,1.5754
GIN,2000,Guinea,2000,1.4601
GIN,1999,Guinea,1999,0.9959
GIN,1998,Guinea,1998,0.9518
GIN,1997,Guinea,1997,0.9158
GIN,1996,Guinea,1996,0.9112
GIN,1995,Guinea,1995,0.8809
GTM,2020,Guatemala,2020,17.6187
GTM,2019,Guatemala,2019,19.663
GTM,2018,Guatemala,2018,18.7397
GTM,2017,Guatemala,2017,17.0573
GTM,2016,Guatemala,2016,18.0238
GTM,2015,Guatemala,2015,16.9576
GTM,2014,Guatemala,2014,14.5357
GTM,2013,Guatemala,2013,13.5353
GTM,2012,Guatemala,2012,12.5792
GTM,2011,Guatemala,2011,12.1427
GTM,2010,Guatemala,2010,11.7791
GTM,2009,Guatemala,2009,12.1995
GTM,2008,Guatemala,2008,11.5613
GTM,2007,Guatemala,2007,12.6993
GTM,2006,Guatemala,2006,11.9282
GTM,2005,Guatemala,2005,11.7657
GTM,2004,Guatemala,2004,10.8357
GTM,2003,Guatemala,2003,10.6273
GTM,2002,Guatemala,2002,10.6383
GTM,2001,Guatemala,2001,10.1703
GTM,2000,Guatemala,2000,9.6791
GTM,1999,Guatemala,1999,8.6453
GTM,1998,Guatemala,1998,8.702
GTM,1997,Guatemala,1997,6.9722
GTM,1996,Guatemala,1996,6.6692
GTM,1995,Guatemala,1995,6.7944
GUM,2020,Guam,2020,
GUM,2019,Guam,2019,
GUM,2018,Guam,2018,
GUM,2017,Guam,2017,
GUM,2016,Guam,2016,
GUM,2015,Guam,2015,
GUM,2014,Guam,2014,
GUM,2013,Guam,2013,
GUM,2012,Guam,2012,
GUM,2011,Guam,2011,
GUM,2010,Guam,2010,
GUM,2009,Guam,2009,
GUM,2008,Guam,2008,
GUM,2007,Guam,2007,
GUM,2006,Guam,2006,
GUM,2005,Guam,2005,
GUM,2004,Guam,2004,
GUM,2003,Guam,2003,
GUM,2002,Guam,2002,
GUM,2001,Guam,2001,
GUM,2000,Guam,2000,
GUM,1999,Guam,1999,
GUM,1998,Guam,1998,
GUM,1997,Guam,1997,
GUM,1996,Guam,1996,
GUM,1995,Guam,1995,
GRD,2020,Grenada,2020,0.1536
GRD,2019,Grenada,2019,0.1804
GRD,2018,Grenada,2018,0.1435
GRD,2017,Grenada,2017,0.128
GRD,2016,Grenada,2016,0.1276
GRD,2015,Grenada,2015,0.1171
GRD,2014,Grenada,2014,0.11
GRD,2013,Grenada,2013,0.1226
GRD,2012,Grenada,2012,0.0951
GRD,2011,Grenada,2011,0.0919
GRD,2010,Grenada,2010,0.1188
GRD,2009,Grenada,2009,0.1063
GRD,2008,Grenada,2008,0.0989
GRD,2007,Grenada,2007,0.0905
GRD,2006,Grenada,2006,0.0813
GRD,2005,Grenada,2005,0.0713
GRD,2004,Grenada,2004,0.0664
GRD,2003,Grenada,2003,0.0696
GRD,2002,Grenada,2002,0.0634
GRD,2001,Grenada,2001,0.0583
GRD,2000,Grenada,2000,0.0574
GRD,1999,Grenada,1999,0.0803
GRD,1998,Grenada,1998,0.0793
GRD,1997,Grenada,1997,0.0909
GRD,1996,Grenada,1996,0.0667
GRD,1995,Grenada,1995,0.0625
GRL,2020,Greenland,2020,
GRL,2019,Greenland,2019,
GRL,2018,Greenland,2018,
GRL,2017,Greenland,2017,
GRL,2016,Greenland,2016,
GRL,2015,Greenland,2015,
GRL,2014,Greenland,2014,
GRL,2013,Greenland,2013,
GRL,2012,Greenland,2012,
GRL,2011,Greenland,2011,
GRL,2010,Greenland,2010,
GRL,2009,Greenland,2009,
GRL,2008,Greenland,2008,
GRL,2007,Greenland,2007,
GRL,2006,Greenland,2006,
GRL,2005,Greenland,2005,
GRL,2004,Greenland,2004,
GRL,2003,Greenland,2003,
GRL,2002,Greenland,2002,
GRL,2001,Greenland,2001,
GRL,2000,Greenland,2000,
GRL,1999,Greenland,1999,
GRL,1998,Greenland,1998,
GRL,1997,Greenland,1997,
GRL,1996,Greenland,1996,
GRL,1995,Greenland,1995,
GRC,2020,Greece,2020,52.3606
GRC,2019,Greece,2019,61.4927
GRC,2018,Greece,2018,66.5357
GRC,2017,Greece,2017,68.3839
GRC,2016,Greece,2016,68.1612
GRC,2015,Greece,2015,69.4522
GRC,2014,Greece,2014,71.0085
GRC,2013,Greece,2013,73.8775
GRC,2012,Greece,2012,81.555
GRC,2011,Greece,2011,86.1447
GRC,2010,Greece,2010,89.0981
GRC,2009,Greece,2009,96.2178
GRC,2008,Greece,2008,101.836
GRC,2007,Greece,2007,106.0063
GRC,2006,Greece,2006,102.3866
GRC,2005,Greece,2005,103.6398
GRC,2004,Greece,2004,101.5903
GRC,2003,Greece,2003,101.8453
GRC,2002,Greece,2002,98.0879
GRC,2001,Greece,2001,98.1212
GRC,2000,Greece,2000,96.0663
GRC,1999,Greece,1999,88.9042
GRC,1998,Greece,1998,88.6552
GRC,1997,Greece,1997,85.2014
GRC,1996,Greece,1996,84.2499
GRC,1995,Greece,1995,84.2607
GIB,2020,Gibraltar,2020,
GIB,2019,Gibraltar,2019,
GIB,2018,Gibraltar,2018,
GIB,2017,Gibraltar,2017,
GIB,2016,Gibraltar,2016,
GIB,2015,Gibraltar,2015,
GIB,2014,Gibraltar,2014,
GIB,2013,Gibraltar,2013,
GIB,2012,Gibraltar,2012,
GIB,2011,Gibraltar,2011,
GIB,2010,Gibraltar,2010,
GIB,2009,Gibraltar,2009,
GIB,2008,Gibraltar,2008,
GIB,2007,Gibraltar,2007,
GIB,2006,Gibraltar,2006,
GIB,2005,Gibraltar,2005,
GIB,2004,Gibraltar,2004,
GIB,2003,Gibraltar,2003,
GIB,2002,Gibraltar,2002,
GIB,2001,Gibraltar,2001,
GIB,2000,Gibraltar,2000,
GIB,1999,Gibraltar,1999,
GIB,1998,Gibraltar,1998,
GIB,1997,Gibraltar,1997,
GIB,1996,Gibraltar,1996,
GIB,1995,Gibraltar,1995,
GHA,2020,Ghana,2020,22.9458
GHA,2019,Ghana,2019,20.2766
GHA,2018,Ghana,2018,19.0565
GHA,2017,Ghana,2017,17.3725
GHA,2016,Ghana,2016,16.04
GHA,2015,Ghana,2015,15.6106
GHA,2014,Ghana,2014,14.8352
GHA,2013,Ghana,2013,15.3977
GHA,2012,Ghana,2012,14.4756
GHA,2011,Ghana,2011,11.9922
GHA,2010,Ghana,2010,11.128
GHA,2009,Ghana,2009,9.9181
GHA,2008,Ghana,2008,8.6514
GHA,2007,Ghana,2007,9.1225
GHA,2006,Ghana,2006,8.6407
GHA,2005,Ghana,2005,7.1058
GHA,2004,Ghana,2004,6.7168
GHA,2003,Ghana,2003,7.2083
GHA,2002,Ghana,2002,7.6803
GHA,2001,Ghana,2001,6.5036
GHA,2000,Ghana,2000,6.0172
GHA,1999,Ghana,1999,6.8427
GHA,1998,Ghana,1998,6.2701
GHA,1997,Ghana,1997,4.6174
GHA,1996,Ghana,1996,4.3906
GHA,1995,Ghana,1995,4.0443
DEU,2020,Germany,2020,642.0878
DEU,2019,Germany,2019,696.5002
DEU,2018,Germany,2018,746.6974
DEU,2017,Germany,2017,774.4767
DEU,2016,Germany,2016,789.2489
DEU,2015,Germany,2015,784.9143
DEU,2014,Germany,2014,778.7527
DEU,2013,Germany,2013,817.8158
DEU,2012,Germany,2012,800.0321
DEU,2011,Germany,2011,788.1211
DEU,2010,Germany,2010,814.962
DEU,2009,Germany,2009,768.1326
DEU,2008,Germany,2008,829.9111
DEU,2007,Germany,2007,826.5971
DEU,2006,Germany,2006,855.4482
DEU,2005,Germany,2005,841.7481
DEU,2004,Germany,2004,863.3895
DEU,2003,Germany,2003,877.913
DEU,2002,Germany,2002,869.9404
DEU,2001,Germany,2001,885.4745
DEU,2000,Germany,2000,871.3847
DEU,1999,Germany,1999,870.6639
DEU,1998,Germany,1998,906.6052
DEU,1997,Germany,1997,907.4824
DEU,1996,Germany,1996,939.3546
DEU,1995,Germany,1995,910.4733
GEO,2020,Georgia,2020,11.5406
GEO,2019,Georgia,2019,11.9227
GEO,2018,Georgia,2018,11.137
GEO,2017,Georgia,2017,11.1709
GEO,2016,Georgia,2016,11.0252
GEO,2015,Georgia,2015,10.647
GEO,2014,Georgia,2014,9.8404
GEO,2013,Georgia,2013,9.1493
GEO,2012,Georgia,2012,8.2738
GEO,2011,Georgia,2011,7.5848
GEO,2010,Georgia,2010,6.3124
GEO,2009,Georgia,2009,6.4713
GEO,2008,Georgia,2008,5.681
GEO,2007,Georgia,2007,6.5959
GEO,2006,Georgia,2006,5.6816
GEO,2005,Georgia,2005,4.9793
GEO,2004,Georgia,2004,4.3124
GEO,2003,Georgia,2003,3.9559
GEO,2002,Georgia,2002,3.5935
GEO,2001,Georgia,2001,3.8788
GEO,2000,Georgia,2000,5.2126
GEO,1999,Georgia,1999,4.8888
GEO,1998,Georgia,1998,5.4875
GEO,1997,Georgia,1997,6.0515
GEO,1996,Georgia,1996,6.9003
GEO,1995,Georgia,1995,8.5229
GMB,2020,"Gambia, The",2020,0.422
GMB,2019,"Gambia, The",2019,0.465
GMB,2018,"Gambia, The",2018,0.4603
GMB,2017,"Gambia, The",2017,0.5236
GMB,2016,"Gambia, The",2016,0.5138
GMB,2015,"Gambia, The",2015,0.509
GMB,2014,"Gambia, The",2014,0.4838
GMB,2013,"Gambia, The",2013,0.4463
GMB,2012,"Gambia, The",2012,0.4444
GMB,2011,"Gambia, The",2011,0.4636
GMB,2010,"Gambia, The",2010,0.4408
GMB,2009,"Gambia, The",2009,0.4342
GMB,2008,"Gambia, The",2008,0.391
GMB,2007,"Gambia, The",2007,0.3873
GMB,2006,"Gambia, The",2006,0.3678
GMB,2005,"Gambia, The",2005,0.3318
GMB,2004,"Gambia, The",2004,0.3268
GMB,2003,"Gambia, The",2003,0.3156
GMB,2002,"Gambia, The",2002,0.3097
GMB,2001,"Gambia, The",2001,0.2982
GMB,2000,"Gambia, The",2000,0.2662
GMB,1999,"Gambia, The",1999,0.1751
GMB,1998,"Gambia, The",1998,0.1678
GMB,1997,"Gambia, The",1997,0.154
GMB,1996,"Gambia, The",1996,0.155
GMB,1995,"Gambia, The",1995,0.1497
GAB,2020,Gabon,2020,5.5287
GAB,2019,Gabon,2019,5.6528
GAB,2018,Gabon,2018,5.4109
GAB,2017,Gabon,2017,5.7489
GAB,2016,Gabon,2016,6.559
GAB,2015,Gabon,2015,6.4413
GAB,2014,Gabon,2014,6.2671
GAB,2013,Gabon,2013,6.0777
GAB,2012,Gabon,2012,5.89
GAB,2011,Gabon,2011,5.82
GAB,2010,Gabon,2010,5.9582
GAB,2009,Gabon,2009,5.4491
GAB,2008,Gabon,2008,5.5191
GAB,2007,Gabon,2007,5.1756
GAB,2006,Gabon,2006,5.7072
GAB,2005,Gabon,2005,6.3917
GAB,2004,Gabon,2004,6.6252
GAB,2003,Gabon,2003,7.3423
GAB,2002,Gabon,2002,6.4721
GAB,2001,Gabon,2001,6.741
GAB,2000,Gabon,2000,6.6039
GAB,1999,Gabon,1999,6.5904
GAB,1998,Gabon,1998,6.9234
GAB,1997,Gabon,1997,6.0492
GAB,1996,Gabon,1996,6.333
GAB,1995,Gabon,1995,5.671
PYF,2020,French Polynesia,2020,
PYF,2019,French Polynesia,2019,
PYF,2018,French Polynesia,2018,
PYF,2017,French Polynesia,2017,
PYF,2016,French Polynesia,2016,
PYF,2015,French Polynesia,2015,
PYF,2014,French Polynesia,2014,
PYF,2013,French Polynesia,2013,
PYF,2012,French Polynesia,2012,
PYF,2011,French Polynesia,2011,
PYF,2010,French Polynesia,2010,
PYF,2009,French Polynesia,2009,
PYF,2008,French Polynesia,2008,
PYF,2007,French Polynesia,2007,
PYF,2006,French Polynesia,2006,
PYF,2005,French Polynesia,2005,
PYF,2004,French Polynesia,2004,
PYF,2003,French Polynesia,2003,
PYF,2002,French Polynesia,2002,
PYF,2001,French Polynesia,2001,
PYF,2000,French Polynesia,2000,
PYF,1999,French Polynesia,1999,
PYF,1998,French Polynesia,1998,
PYF,1997,French Polynesia,1997,
PYF,1996,French Polynesia,1996,
PYF,1995,French Polynesia,1995,
FRA,2020,France,2020,287.0868
FRA,2019,France,2019,322.9043
FRA,2018,France,2018,328.5501
FRA,2017,France,2017,338.709
FRA,2016,France,2016,334.7732
FRA,2015,France,2015,332.1533
FRA,2014,France,2014,326.9509
FRA,2013,France,2013,360.1587
FRA,2012,France,2012,365.0236
FRA,2011,France,2011,363.6897
FRA,2010,France,2010,377.2787
FRA,2009,France,2009,369.9379
FRA,2008,France,2008,382.575
FRA,2007,France,2007,389.8648
FRA,2006,France,2006,397.0172
FRA,2005,France,2005,407.7638
FRA,2004,France,2004,405.5101
FRA,2003,France,2003,404.4794
FRA,2002,France,2002,399.5764
FRA,2001,France,2001,404.9849
FRA,2000,France,2000,400.866
FRA,1999,France,1999,403.8509
FRA,1998,France,1998,410.1113
FRA,1997,France,1997,388.1392
FRA,1996,France,1996,396.4221
FRA,1995,France,1995,381.7508
FIN,2020,Finland,2020,39.474
FIN,2019,Finland,2019,44.1412
FIN,2018,Finland,2018,47.4392
FIN,2017,Finland,2017,46.0759
FIN,2016,Finland,2016,48.8071
FIN,2015,Finland,2015,45.9758
FIN,2014,Finland,2014,49.4416
FIN,2013,Finland,2013,53.3313
FIN,2012,Finland,2012,52.3267
FIN,2011,Finland,2011,58.2223
FIN,2010,Finland,2010,65.8469
FIN,2009,Finland,2009,57.0808
FIN,2008,Finland,2008,59.8279
FIN,2007,Finland,2007,68.0689
FIN,2006,Finland,2006,69.8556
FIN,2005,Finland,2005,58.2464
FIN,2004,Finland,2004,70.4547
FIN,2003,Finland,2003,74.0954
FIN,2002,Finland,2002,65.7268
FIN,2001,Finland,2001,63.5758
FIN,2000,Finland,2000,57.5279
FIN,1999,Finland,1999,58.898
FIN,1998,Finland,1998,59.5425
FIN,1997,Finland,1997,62.7435
FIN,1996,Finland,1996,64.9367
FIN,1995,Finland,1995,58.7506
FJI,2020,Fiji,2020,1.0743
FJI,2019,Fiji,2019,1.619
FJI,2018,Fiji,2018,1.6549
FJI,2017,Fiji,2017,1.5406
FJI,2016,Fiji,2016,1.5925
FJI,2015,Fiji,2015,1.6172
FJI,2014,Fiji,2014,1.5599
FJI,2013,Fiji,2013,1.3731
FJI,2012,Fiji,2012,1.2052
FJI,2011,Fiji,2011,1.2454
FJI,2010,Fiji,2010,1.6965
FJI,2009,Fiji,2009,1.0635
FJI,2008,Fiji,2008,1.2917
FJI,2007,Fiji,2007,1.7241
FJI,2006,Fiji,2006,1.8608
FJI,2005,Fiji,2005,1.7308
FJI,2004,Fiji,2004,1.979
FJI,2003,Fiji,2003,1.5253
FJI,2002,Fiji,2002,1.2938
FJI,2001,Fiji,2001,1.5636
FJI,2000,Fiji,2000,1.4433
FJI,1999,Fiji,1999,1.2757
FJI,1998,Fiji,1998,1.1921
FJI,1997,Fiji,1997,1.2026
FJI,1996,Fiji,1996,1.1642
FJI,1995,Fiji,1995,1.1126
FRO,2020,Faroe Islands,2020,
FRO,2019,Faroe Islands,2019,
FRO,2018,Faroe Islands,2018,
FRO,2017,Faroe Islands,2017,
FRO,2016,Faroe Islands,2016,
FRO,2015,Faroe Islands,2015,
FRO,2014,Faroe Islands,2014,
FRO,2013,Faroe Islands,2013,
FRO,2012,Faroe Islands,2012,
FRO,2011,Faroe Islands,2011,
FRO,2010,Faroe Islands,2010,
FRO,2009,Faroe Islands,2009,
FRO,2008,Faroe Islands,2008,
FRO,2007,Faroe Islands,2007,
FRO,2006,Faroe Islands,2006,
FRO,2005,Faroe Islands,2005,
FRO,2004,Faroe Islands,2004,
FRO,2003,Faroe Islands,2003,
FRO,2002,Faroe Islands,2002,
FRO,2001,Faroe Islands,2001,
FRO,2000,Faroe Islands,2000,
FRO,1999,Faroe Islands,1999,
FRO,1998,Faroe Islands,1998,
FRO,1997,Faroe Islands,1997,
FRO,1996,Faroe Islands,1996,
FRO,1995,Faroe Islands,1995,
ETH,2020,Ethiopia,2020,18.0158
ETH,2019,Ethiopia,2019,18.4825
ETH,2018,Ethiopia,2018,17.4696
ETH,2017,Ethiopia,2017,15.8736
ETH,2016,Ethiopia,2016,16.0312
ETH,2015,Ethiopia,2015,13.5098
ETH,2014,Ethiopia,2014,12.4047
ETH,2013,Ethiopia,2013,10.4416
ETH,2012,Ethiopia,2012,8.9861
ETH,2011,Ethiopia,2011,7.9585
ETH,2010,Ethiopia,2010,6.8811
ETH,2009,Ethiopia,2009,6.9098
ETH,2008,Ethiopia,2008,6.8646
ETH,2007,Ethiopia,2007,6.3513
ETH,2006,Ethiopia,2006,5.7957
ETH,2005,Ethiopia,2005,5.4729
ETH,2004,Ethiopia,2004,5.7314
ETH,2003,Ethiopia,2003,5.2607
ETH,2002,Ethiopia,2002,4.9217
ETH,2001,Ethiopia,2001,4.7877
ETH,2000,Ethiopia,2000,3.8766
ETH,1999,Ethiopia,1999,3.4961
ETH,1998,Ethiopia,1998,3.5419
ETH,1997,Ethiopia,1997,3.3333
ETH,1996,Ethiopia,1996,3.1872
ETH,1995,Ethiopia,1995,2.8264
SWZ,2020,Eswatini,2020,0.9606
SWZ,2019,Eswatini,2019,1.1361
SWZ,2018,Eswatini,2018,1.0621
SWZ,2017,Eswatini,2017,1.0618
SWZ,2016,Eswatini,2016,1.0469
SWZ,2015,Eswatini,2015,0.9809
SWZ,2014,Eswatini,2014,0.9829
SWZ,2013,Eswatini,2013,0.9627
SWZ,2012,Eswatini,2012,0.811
SWZ,2011,Eswatini,2011,0.8194
SWZ,2010,Eswatini,2010,0.8556
SWZ,2009,Eswatini,2009,1.0493
SWZ,2008,Eswatini,2008,1.013
SWZ,2007,Eswatini,2007,1.0324
SWZ,2006,Eswatini,2006,0.9989
SWZ,2005,Eswatini,2005,0.9909
SWZ,2004,Eswatini,2004,0.9945
SWZ,2003,Eswatini,2003,1.0047
SWZ,2002,Eswatini,2002,1.0825
SWZ,2001,Eswatini,2001,1.112
SWZ,2000,Eswatini,2000,1.0976
SWZ,1999,Eswatini,1999,1.2654
SWZ,1998,Eswatini,1998,1.1787
SWZ,1997,Eswatini,1997,1.1566
SWZ,1996,Eswatini,1996,1.1355
SWZ,1995,Eswatini,1995,1.4178
EST,2020,Estonia,2020,12.1329
EST,2019,Estonia,2019,15.4629
EST,2018,Estonia,2018,23.6488
EST,2017,Estonia,2017,21.9647
EST,2016,Estonia,2016,20.5878
EST,2015,Estonia,2015,21.0222
EST,2014,Estonia,2014,22.7514
EST,2013,Estonia,2013,23.6366
EST,2012,Estonia,2012,21.2301
EST,2011,Estonia,2011,22.3356
EST,2010,Estonia,2010,22.2156
EST,2009,Estonia,2009,17.4389
EST,2008,Estonia,2008,20.8808
EST,2007,Estonia,2007,23.0337
EST,2006,Estonia,2006,19.4325
EST,2005,Estonia,2005,20.0689
EST,2004,Estonia,2004,20.0456
EST,2003,Estonia,2003,19.5544
EST,2002,Estonia,2002,17.5188
EST,2001,Estonia,2001,18.2484
EST,2000,Estonia,2000,17.8215
EST,1999,Estonia,1999,17.4201
EST,1998,Estonia,1998,19.0071
EST,1997,Estonia,1997,21.1799
EST,1996,Estonia,1996,21.6259
EST,1995,Estonia,1995,20.6025
ERI,2020,Eritrea,2020,0.6715
ERI,2019,Eritrea,2019,0.6736
ERI,2018,Eritrea,2018,0.6551
ERI,2017,Eritrea,2017,0.5861
ERI,2016,Eritrea,2016,0.5972
ERI,2015,Eritrea,2015,0.5776
ERI,2014,Eritrea,2014,0.5956
ERI,2013,Eritrea,2013,0.5936
ERI,2012,Eritrea,2012,0.6343
ERI,2011,Eritrea,2011,0.6166
ERI,2010,Eritrea,2010,0.5168
ERI,2009,Eritrea,2009,0.4809
ERI,2008,Eritrea,2008,0.4631
ERI,2007,Eritrea,2007,0.5301
ERI,2006,Eritrea,2006,0.5434
ERI,2005,Eritrea,2005,0.6042
ERI,2004,Eritrea,2004,0.7174
ERI,2003,Eritrea,2003,0.7004
ERI,2002,Eritrea,2002,0.7256
ERI,2001,Eritrea,2001,0.7353
ERI,2000,Eritrea,2000,0.6703
ERI,1999,Eritrea,1999,0.6793
ERI,1998,Eritrea,1998,0.6394
ERI,1997,Eritrea,1997,0.8588
ERI,1996,Eritrea,1996,0.9172
ERI,1995,Eritrea,1995,0.834
GNQ,2020,Equatorial Guinea,2020,4.9101
GNQ,2019,Equatorial Guinea,2019,5.1224
GNQ,2018,Equatorial Guinea,2018,5.3152
GNQ,2017,Equatorial Guinea,2017,4.887
GNQ,2016,Equatorial Guinea,2016,5.3893
GNQ,2015,Equatorial Guinea,2015,5.4069
GNQ,2014,Equatorial Guinea,2014,5.7179
GNQ,2013,Equatorial Guinea,2013,5.7233
GNQ,2012,Equatorial Guinea,2012,5.61
GNQ,2011,Equatorial Guinea,2011,5.9609
GNQ,2010,Equatorial Guinea,2010,5.7159
GNQ,2009,Equatorial Guinea,2009,5.4778
GNQ,2008,Equatorial Guinea,2008,6.6067
GNQ,2007,Equatorial Guinea,2007,7.1364
GNQ,2006,Equatorial Guinea,2006,6.3863
GNQ,2005,Equatorial Guinea,2005,6.3957
GNQ,2004,Equatorial Guinea,2004,6.2799
GNQ,2003,Equatorial Guinea,2003,3.5906
GNQ,2002,Equatorial Guinea,2002,3.2122
GNQ,2001,Equatorial Guinea,2001,3.6006
GNQ,2000,Equatorial Guinea,2000,2.7446
GNQ,1999,Equatorial Guinea,1999,2.5728
GNQ,1998,Equatorial Guinea,1998,2.3542
GNQ,1997,Equatorial Guinea,1997,1.9362
GNQ,1996,Equatorial Guinea,1996,1.4079
GNQ,1995,Equatorial Guinea,1995,1.2873
SLV,2020,El Salvador,2020,6.6535
SLV,2019,El Salvador,2019,8.1068
SLV,2018,El Salvador,2018,7.1022
SLV,2017,El Salvador,2017,6.6321
SLV,2016,El Salvador,2016,7.3283
SLV,2015,El Salvador,2015,7.2649
SLV,2014,El Salvador,2014,6.8145
SLV,2013,El Salvador,2013,6.635
SLV,2012,El Salvador,2012,6.9977
SLV,2011,El Salvador,2011,7.0233
SLV,2010,El Salvador,2010,6.7247
SLV,2009,El Salvador,2009,6.8985
SLV,2008,El Salvador,2008,7.0905
SLV,2007,El Salvador,2007,7.7786
SLV,2006,El Salvador,2006,7.3891
SLV,2005,El Salvador,2005,7.0326
SLV,2004,El Salvador,2004,6.8293
SLV,2003,El Salvador,2003,6.5795
SLV,2002,El Salvador,2002,6.0539
SLV,2001,El Salvador,2001,6.0363
SLV,2000,El Salvador,2000,5.7988
SLV,1999,El Salvador,1999,5.8263
SLV,1998,El Salvador,1998,5.8679
SLV,1997,El Salvador,1997,5.6022
SLV,1996,El Salvador,1996,4.5698
SLV,1995,El Salvador,1995,5.1333
EGY,2020,"Egypt, Arab Rep.",2020,246.184
EGY,2019,"Egypt, Arab Rep.",2019,237.0298
EGY,2018,"Egypt, Arab Rep.",2018,256.219
EGY,2017,"Egypt, Arab Rep.",2017,261.7067
EGY,2016,"Egypt, Arab Rep.",2016,250.123
EGY,2015,"Egypt, Arab Rep.",2015,239.4139
EGY,2014,"Egypt, Arab Rep.",2014,233.1055
EGY,2013,"Egypt, Arab Rep.",2013,228.7539
EGY,2012,"Egypt, Arab Rep.",2012,232.9567
EGY,2011,"Egypt, Arab Rep.",2011,219.3403
EGY,2010,"Egypt, Arab Rep.",2010,211.7586
EGY,2009,"Egypt, Arab Rep.",2009,210.3425
EGY,2008,"Egypt, Arab Rep.",2008,202.0257
EGY,2007,"Egypt, Arab Rep.",2007,201.9575
EGY,2006,"Egypt, Arab Rep.",2006,188.8763
EGY,2005,"Egypt, Arab Rep.",2005,178.387
EGY,2004,"Egypt, Arab Rep.",2004,160.4178
EGY,2003,"Egypt, Arab Rep.",2003,147.8553
EGY,2002,"Egypt, Arab Rep.",2002,144.9625
EGY,2001,"Egypt, Arab Rep.",2001,141.2032
EGY,2000,"Egypt, Arab Rep.",2000,127.9157
EGY,1999,"Egypt, Arab Rep.",1999,129.4087
EGY,1998,"Egypt, Arab Rep.",1998,120.1261
EGY,1997,"Egypt, Arab Rep.",1997,113.7795
EGY,1996,"Egypt, Arab Rep.",1996,106.9239
EGY,1995,"Egypt, Arab Rep.",1995,99.7313
ECU,2020,Ecuador,2020,36.5986
ECU,2019,Ecuador,2019,41.9254
ECU,2018,Ecuador,2018,42.2145
ECU,2017,Ecuador,2017,41.0581
ECU,2016,Ecuador,2016,42.0681
ECU,2015,Ecuador,2015,43.2759
ECU,2014,Ecuador,2014,43.4594
ECU,2013,Ecuador,2013,41.1583
ECU,2012,Ecuador,2012,38.661
ECU,2011,Ecuador,2011,38.3188
ECU,2010,Ecuador,2010,38.2529
ECU,2009,Ecuador,2009,35.3903
ECU,2008,Ecuador,2008,32.6692
ECU,2007,Ecuador,2007,31.6539
ECU,2006,Ecuador,2006,30.9772
ECU,2005,Ecuador,2005,28.8656
ECU,2004,Ecuador,2004,26.7658
ECU,2003,Ecuador,2003,24.941
ECU,2002,Ecuador,2002,24.2976
ECU,2001,Ecuador,2001,24.3171
ECU,2000,Ecuador,2000,22.0624
ECU,1999,Ecuador,1999,21.7119
ECU,1998,Ecuador,1998,24.5304
ECU,1997,Ecuador,1997,24.9859
ECU,1996,Ecuador,1996,23.9699
ECU,1995,Ecuador,1995,20.8047
DOM,2020,Dominican Republic,2020,26.926
DOM,2019,Dominican Republic,2019,28.4615
DOM,2018,Dominican Republic,2018,25.6286
DOM,2017,Dominican Republic,2017,23.7887
DOM,2016,Dominican Republic,2016,24.8714
DOM,2015,Dominican Republic,2015,23.8738
DOM,2014,Dominican Republic,2014,21.701
DOM,2013,Dominican Republic,2013,21.4839
DOM,2012,Dominican Republic,2012,21.8849
DOM,2011,Dominican Republic,2011,21.1274
DOM,2010,Dominican Republic,2010,20.9277
DOM,2009,Dominican Republic,2009,19.8411
DOM,2008,Dominican Republic,2008,20.7204
DOM,2007,Dominican Republic,2007,20.7545
DOM,2006,Dominican Republic,2006,20.5794
DOM,2005,Dominican Republic,2005,18.79
DOM,2004,Dominican Republic,2004,17.4255
DOM,2003,Dominican Republic,2003,18.7928
DOM,2002,Dominican Republic,2002,21.0187
DOM,2001,Dominican Republic,2001,19.1483
DOM,2000,Dominican Republic,2000,19.0138
DOM,1999,Dominican Republic,1999,18.2069
DOM,1998,Dominican Republic,1998,16.7942
DOM,1997,Dominican Republic,1997,14.6454
DOM,1996,Dominican Republic,1996,12.8696
DOM,1995,Dominican Republic,1995,11.9581
DMA,2020,Dominica,2020,0.0771
DMA,2019,Dominica,2019,0.0862
DMA,2018,Dominica,2018,0.0715
DMA,2017,Dominica,2017,0.0692
DMA,2016,Dominica,2016,0.0777
DMA,2015,Dominica,2015,0.0724
DMA,2014,Dominica,2014,0.0669
DMA,2013,Dominica,2013,0.0599
DMA,2012,Dominica,2012,0.0543
DMA,2011,Dominica,2011,0.0595
DMA,2010,Dominica,2010,0.0773
DMA,2009,Dominica,2009,0.075
DMA,2008,Dominica,2008,0.0736
DMA,2007,Dominica,2007,0.0756
DMA,2006,Dominica,2006,0.0625
DMA,2005,Dominica,2005,0.0589
DMA,2004,Dominica,2004,0.0598
DMA,2003,Dominica,2003,0.056
DMA,2002,Dominica,2002,0.0492
DMA,2001,Dominica,2001,0.0545
DMA,2000,Dominica,2000,0.0542
DMA,1999,Dominica,1999,0.0619
DMA,1998,Dominica,1998,0.0361
DMA,1997,Dominica,1997,0.0622
DMA,1996,Dominica,1996,0.0646
DMA,1995,Dominica,1995,0.0589
DJI,2020,Djibouti,2020,0.7459
DJI,2019,Djibouti,2019,0.8336
DJI,2018,Djibouti,2018,0.7356
DJI,2017,Djibouti,2017,0.6766
DJI,2016,Djibouti,2016,0.7455
DJI,2015,Djibouti,2015,0.8163
DJI,2014,Djibouti,2014,0.8835
DJI,2013,Djibouti,2013,0.8754
DJI,2012,Djibouti,2012,0.796
DJI,2011,Djibouti,2011,0.6271
DJI,2010,Djibouti,2010,0.8116
DJI,2009,Djibouti,2009,0.7283
DJI,2008,Djibouti,2008,0.8069
DJI,2007,Djibouti,2007,0.7502
DJI,2006,Djibouti,2006,0.7235
DJI,2005,Djibouti,2005,0.7541
DJI,2004,Djibouti,2004,0.7915
DJI,2003,Djibouti,2003,0.8269
DJI,2002,Djibouti,2002,0.7829
DJI,2001,Djibouti,2001,0.755
DJI,2000,Djibouti,2000,0.7336
DJI,1999,Djibouti,1999,1.1936
DJI,1998,Djibouti,1998,1.1439
DJI,1997,Djibouti,1997,1.1176
DJI,1996,Djibouti,1996,1.1156
DJI,1995,Djibouti,1995,1.0771
DNK,2020,Denmark,2020,27.7879
DNK,2019,Denmark,2019,30.0794
DNK,2018,Denmark,2018,33.5379
DNK,2017,Denmark,2017,33.5457
DNK,2016,Denmark,2016,35.6784
DNK,2015,Denmark,2015,34.0712
DNK,2014,Denmark,2014,36.1972
DNK,2013,Denmark,2013,40.3352
DNK,2012,Denmark,2012,38.5966
DNK,2011,Denmark,2011,43.4849
DNK,2010,Denmark,2010,48.56
DNK,2009,Denmark,2009,48.4089
DNK,2008,Denmark,2008,50.6018
DNK,2007,Denmark,2007,53.8693
DNK,2006,Denmark,2006,58.5998
DNK,2005,Denmark,2005,50.6492
DNK,2004,Denmark,2004,54.1158
DNK,2003,Denmark,2003,59.6907
DNK,2002,Denmark,2002,54.2604
DNK,2001,Denmark,2001,54.7427
DNK,2000,Denmark,2000,53.1494
DNK,1999,Denmark,1999,57.2769
DNK,1998,Denmark,1998,60.2555
DNK,1997,Denmark,1997,64.2514
DNK,1996,Denmark,1996,74.0179
DNK,1995,Denmark,1995,60.5926
CZE,2020,Czechia,2020,94.8596
CZE,2019,Czechia,2019,103.7793
CZE,2018,Czechia,2018,109.3448
CZE,2017,Czechia,2017,110.3808
CZE,2016,Czechia,2016,109.8148
CZE,2015,Czechia,2015,108.2916
CZE,2014,Czechia,2014,107.2391
CZE,2013,Czechia,2013,109.5328
CZE,2012,Czechia,2012,114.029
CZE,2011,Czechia,2011,118.1188
CZE,2010,Czechia,2010,120.9946
CZE,2009,Czechia,2009,119.7126
CZE,2008,Czechia,2008,126.1208
CZE,2007,Czechia,2007,132.3365
CZE,2006,Czechia,2006,130.7913
CZE,2005,Czechia,2005,129.0481
CZE,2004,Czechia,2004,131.5325
CZE,2003,Czechia,2003,130.6674
CZE,2002,Czechia,2002,127.4031
CZE,2001,Czechia,2001,132.2272
CZE,2000,Czechia,2000,132.3167
CZE,1999,Czechia,1999,119.7174
CZE,1998,Czechia,1998,127.9685
CZE,1997,Czechia,1997,134.0144
CZE,1996,Czechia,1996,137.3993
CZE,1995,Czechia,1995,133.5916
CYP,2020,Cyprus,2020,6.8024
CYP,2019,Cyprus,2019,7.2168
CYP,2018,Cyprus,2018,7.214
CYP,2017,Cyprus,2017,7.3632
CYP,2016,Cyprus,2016,7.2219
CYP,2015,Cyprus,2015,6.8562
CYP,2014,Cyprus,2014,6.8173
CYP,2013,Cyprus,2013,6.4407
CYP,2012,Cyprus,2012,7.1222
CYP,2011,Cyprus,2011,7.6571
CYP,2010,Cyprus,2010,7.9141
CYP,2009,Cyprus,2009,8.2874
CYP,2008,Cyprus,2008,8.4942
CYP,2007,Cyprus,2007,8.3089
CYP,2006,Cyprus,2006,8.0115
CYP,2005,Cyprus,2005,7.906
CYP,2004,Cyprus,2004,7.7891
CYP,2003,Cyprus,2003,7.8441
CYP,2002,Cyprus,2002,7.176
CYP,2001,Cyprus,2001,6.9985
CYP,2000,Cyprus,2000,7.1329
CYP,1999,Cyprus,1999,6.8778
CYP,1998,Cyprus,1998,6.6171
CYP,1997,Cyprus,1997,6.3122
CYP,1996,Cyprus,1996,6.2236
CYP,1995,Cyprus,1995,5.861
CUW,2020,Curacao,2020,
CUW,2019,Curacao,2019,
CUW,2018,Curacao,2018,
CUW,2017,Curacao,2017,
CUW,2016,Curacao,2016,
CUW,2015,Curacao,2015,
CUW,2014,Curacao,2014,
CUW,2013,Curacao,2013,
CUW,2012,Curacao,2012,
CUW,2011,Curacao,2011,
CUW,2010,Curacao,2010,
CUW,2009,Curacao,2009,
CUW,2008,Curacao,2008,
CUW,2007,Curacao,2007,
CUW,2006,Curacao,2006,
CUW,2005,Curacao,2005,
CUW,2004,Curacao,2004,
CUW,2003,Curacao,2003,
CUW,2002,Curacao,2002,
CUW,2001,Curacao,2001,
CUW,2000,Curacao,2000,
CUW,1999,Curacao,1999,
CUW,1998,Curacao,1998,
CUW,1997,Curacao,1997,
CUW,1996,Curacao,1996,
CUW,1995,Curacao,1995,
CUB,2020,Cuba,2020,18.4817
CUB,2019,Cuba,2019,22.292
CUB,2018,Cuba,2018,26.7819
CUB,2017,Cuba,2017,26.5091
CUB,2016,Cuba,2016,27.3043
CUB,2015,Cuba,2015,29.4411
CUB,2014,Cuba,2014,26.9056
CUB,2013,Cuba,2013,29.0223
CUB,2012,Cuba,2012,28.8886
CUB,2011,Cuba,2011,27.7479
CUB,2010,Cuba,2010,28.1815
CUB,2009,Cuba,2009,26.9425
CUB,2008,Cuba,2008,26.6685
CUB,2007,Cuba,2007,27.6113
CUB,2006,Cuba,2006,26.7903
CUB,2005,Cuba,2005,26.2056
CUB,2004,Cuba,2004,25.3168
CUB,2003,Cuba,2003,25.7977
CUB,2002,Cuba,2002,26.5653
CUB,2001,Cuba,2001,27.8233
CUB,2000,Cuba,2000,28.9959
CUB,1999,Cuba,1999,28.6425
CUB,1998,Cuba,1998,27.863
CUB,1997,Cuba,1997,28.3832
CUB,1996,Cuba,1996,25.934
CUB,1995,Cuba,1995,23.9447
HRV,2020,Croatia,2020,17.1915
HRV,2019,Croatia,2019,17.9722
HRV,2018,Croatia,2018,17.7661
HRV,2017,Croatia,2017,18.7971
HRV,2016,Croatia,2016,18.2746
HRV,2015,Croatia,2015,18.0245
HRV,2014,Croatia,2014,17.6771
HRV,2013,Croatia,2013,18.3813
HRV,2012,Croatia,2012,18.7872
HRV,2011,Croatia,2011,20.4541
HRV,2010,Croatia,2010,20.9405
HRV,2009,Croatia,2009,21.6731
HRV,2008,Croatia,2008,23.3221
HRV,2007,Croatia,2007,24.5057
HRV,2006,Croatia,2006,23.0366
HRV,2005,Croatia,2005,22.8507
HRV,2004,Croatia,2004,22.7281
HRV,2003,Croatia,2003,22.7487
HRV,2002,Croatia,2002,21.359
HRV,2001,Croatia,2001,20.5434
HRV,2000,Croatia,2000,19.378
HRV,1999,Croatia,1999,19.9381
HRV,1998,Croatia,1998,19.0275
HRV,1997,Croatia,1997,18.3106
HRV,1996,Croatia,1996,17.2043
HRV,1995,Croatia,1995,16.5015
CIV,2020,Cote d'Ivoire,2020,13.2881
CIV,2019,Cote d'Ivoire,2019,13.1832
CIV,2018,Cote d'Ivoire,2018,12.3432
CIV,2017,Cote d'Ivoire,2017,12.33
CIV,2016,Cote d'Ivoire,2016,11.4035
CIV,2015,Cote d'Ivoire,2015,11.265
CIV,2014,Cote d'Ivoire,2014,10.4591
CIV,2013,Cote d'Ivoire,2013,9.801
CIV,2012,Cote d'Ivoire,2012,9.0202
CIV,2011,Cote d'Ivoire,2011,7.0784
CIV,2010,Cote d'Ivoire,2010,7.3149
CIV,2009,Cote d'Ivoire,2009,6.4113
CIV,2008,Cote d'Ivoire,2008,6.9185
CIV,2007,Cote d'Ivoire,2007,6.2349
CIV,2006,Cote d'Ivoire,2006,6.2787
CIV,2005,Cote d'Ivoire,2005,6.3955
CIV,2004,Cote d'Ivoire,2004,5.9957
CIV,2003,Cote d'Ivoire,2003,5.8144
CIV,2002,Cote d'Ivoire,2002,7.3874
CIV,2001,Cote d'Ivoire,2001,6.987
CIV,2000,Cote d'Ivoire,2000,6.9672
CIV,1999,Cote d'Ivoire,1999,7.2972
CIV,1998,Cote d'Ivoire,1998,5.4647
CIV,1997,Cote d'Ivoire,1997,5.639
CIV,1996,Cote d'Ivoire,1996,4.6321
CIV,1995,Cote d'Ivoire,1995,3.703
CRI,2020,Costa Rica,2020,7.1754
CRI,2019,Costa Rica,2019,8.193
CRI,2018,Costa Rica,2018,8.4405
CRI,2017,Costa Rica,2017,8.396
CRI,2016,Costa Rica,2016,8.2325
CRI,2015,Costa Rica,2015,7.7578
CRI,2014,Costa Rica,2014,8.0462
CRI,2013,Costa Rica,2013,7.9353
CRI,2012,Costa Rica,2012,7.6394
CRI,2011,Costa Rica,2011,7.6984
CRI,2010,Costa Rica,2010,7.2362
CRI,2009,Costa Rica,2009,7.3188
CRI,2008,Costa Rica,2008,7.6303
CRI,2007,Costa Rica,2007,7.7137
CRI,2006,Costa Rica,2006,6.9054
CRI,2005,Costa Rica,2005,6.3561
CRI,2004,Costa Rica,2004,6.1802
CRI,2003,Costa Rica,2003,6.0688
CRI,2002,Costa Rica,2002,5.6463
CRI,2001,Costa Rica,2001,5.5322
CRI,2000,Costa Rica,2000,5.1314
CRI,1999,Costa Rica,1999,5.1692
CRI,1998,Costa Rica,1998,5.1796
CRI,1997,Costa Rica,1997,4.6808
CRI,1996,Costa Rica,1996,4.7451
CRI,1995,Costa Rica,1995,4.9676
COG,2020,"Congo, Rep.",2020,7.403
COG,2019,"Congo, Rep.",2019,7.2394
COG,2018,"Congo, Rep.",2018,6.422
COG,2017,"Congo, Rep.",2017,5.5312
COG,2016,"Congo, Rep.",2016,5.5904
COG,2015,"Congo, Rep.",2015,5.7506
COG,2014,"Congo, Rep.",2014,5.2771
COG,2013,"Congo, Rep.",2013,5.4392
COG,2012,"Congo, Rep.",2012,4.4794
COG,2011,"Congo, Rep.",2011,4.8514
COG,2010,"Congo, Rep.",2010,5.2916
COG,2009,"Congo, Rep.",2009,4.9164
COG,2008,"Congo, Rep.",2008,4.4322
COG,2007,"Congo, Rep.",2007,4.2647
COG,2006,"Congo, Rep.",2006,4.8177
COG,2005,"Congo, Rep.",2005,4.3306
COG,2004,"Congo, Rep.",2004,3.6199
COG,2003,"Congo, Rep.",2003,3.5666
COG,2002,"Congo, Rep.",2002,2.8595
COG,2001,"Congo, Rep.",2001,4.3989
COG,2000,"Congo, Rep.",2000,4.5119
COG,1999,"Congo, Rep.",1999,4.169
COG,1998,"Congo, Rep.",1998,4.0266
COG,1997,"Congo, Rep.",1997,3.3844
COG,1996,"Congo, Rep.",1996,3.2864
COG,1995,"Congo, Rep.",1995,2.7302
COD,2020,"Congo, Dem. Rep.",2020,4.6314
COD,2019,"Congo, Dem. Rep.",2019,4.4459
COD,2018,"Congo, Dem. Rep.",2018,4.1619
COD,2017,"Congo, Dem. Rep.",2017,3.2547
COD,2016,"Congo, Dem. Rep.",2016,2.9906
COD,2015,"Congo, Dem. Rep.",2015,3.5927
COD,2014,"Congo, Dem. Rep.",2014,3.7162
COD,2013,"Congo, Dem. Rep.",2013,3.3303
COD,2012,"Congo, Dem. Rep.",2012,3.0164
COD,2011,"Congo, Dem. Rep.",2011,3.369
COD,2010,"Congo, Dem. Rep.",2010,2.9456
COD,2009,"Congo, Dem. Rep.",2009,2.8105
COD,2008,"Congo, Dem. Rep.",2008,2.8927
COD,2007,"Congo, Dem. Rep.",2007,2.8192
COD,2006,"Congo, Dem. Rep.",2006,2.5521
COD,2005,"Congo, Dem. Rep.",2005,2.4833
COD,2004,"Congo, Dem. Rep.",2004,2.2153
COD,2003,"Congo, Dem. Rep.",2003,2.3194
COD,2002,"Congo, Dem. Rep.",2002,1.9148
COD,2001,"Congo, Dem. Rep.",2001,1.8252
COD,2000,"Congo, Dem. Rep.",2000,1.8775
COD,1999,"Congo, Dem. Rep.",1999,2.3625
COD,1998,"Congo, Dem. Rep.",1998,2.5566
COD,1997,"Congo, Dem. Rep.",1997,2.5678
COD,1996,"Congo, Dem. Rep.",1996,2.5608
COD,1995,"Congo, Dem. Rep.",1995,2.3163
COM,2020,Comoros,2020,0.2687
COM,2019,Comoros,2019,0.226
COM,2018,Comoros,2018,0.2073
COM,2017,Comoros,2017,0.2607
COM,2016,Comoros,2016,0.2004
COM,2015,Comoros,2015,0.1712
COM,2014,Comoros,2014,0.1545
COM,2013,Comoros,2013,0.1746
COM,2012,Comoros,2012,0.1454
COM,2011,Comoros,2011,0.1408
COM,2010,Comoros,2010,0.1559
COM,2009,Comoros,2009,0.1327
COM,2008,Comoros,2008,0.1066
COM,2007,Comoros,2007,0.1071
COM,2006,Comoros,2006,0.1617
COM,2005,Comoros,2005,0.1357
COM,2004,Comoros,2004,0.1402
COM,2003,Comoros,2003,0.1304
COM,2002,Comoros,2002,0.1004
COM,2001,Comoros,2001,0.0971
COM,2000,Comoros,2000,0.0901
COM,1999,Comoros,1999,0.0551
COM,1998,Comoros,1998,0.0529
COM,1997,Comoros,1997,0.0417
COM,1996,Comoros,1996,0.0419
COM,1995,Comoros,1995,0.0405
COL,2020,Colombia,2020,84.3026
COL,2019,Colombia,2019,86.0607
COL,2018,Colombia,2018,85.3965
COL,2017,Colombia,2017,80.9994
COL,2016,Colombia,2016,88.4935
COL,2015,Colombia,2015,86.2165
COL,2014,Colombia,2014,84.9188
COL,2013,Colombia,2013,83.6349
COL,2012,Colombia,2012,73.6027
COL,2011,Colombia,2011,73.1683
COL,2010,Colombia,2010,68.1511
COL,2009,Colombia,2009,65.3215
COL,2008,Colombia,2008,61.1976
COL,2007,Colombia,2007,61.245
COL,2006,Colombia,2006,59.0498
COL,2005,Colombia,2005,61.8883
COL,2004,Colombia,2004,60.0947
COL,2003,Colombia,2003,60.0512
COL,2002,Colombia,2002,60.5863
COL,2001,Colombia,2001,63.0335
COL,2000,Colombia,2000,63.4164
COL,1999,Colombia,1999,60.2407
COL,1998,Colombia,1998,68.74
COL,1997,Colombia,1997,68.3639
COL,1996,Colombia,1996,63.1794
COL,1995,Colombia,1995,63.9859
CHN,2020,China,2020,11964.1285
CHN,2019,China,2019,11813.0582
CHN,2018,China,2018,11527.5117
CHN,2017,China,2017,10999.4188
CHN,2016,China,2016,10773.7258
CHN,2015,China,2015,10749.8966
CHN,2014,China,2014,10881.1042
CHN,2013,China,2013,10760.43
CHN,2012,China,2012,10270.741
CHN,2011,China,2011,9955.7482
CHN,2010,China,2010,9106.0051
CHN,2009,China,2009,8319.1638
CHN,2008,China,2008,7752.2237
CHN,2007,China,2007,7522.0032
CHN,2006,China,2006,6922.8741
CHN,2005,China,2005,6235.6852
CHN,2004,China,2004,5496.262
CHN,2003,China,2003,4773.1082
CHN,2002,China,2002,4133.073
CHN,2001,China,2001,3825.0579
CHN,2000,China,2000,3647.8773
CHN,1999,China,1999,3447.7709
CHN,1998,China,1998,3522.0334
CHN,1997,China,1997,3437.3194
CHN,1996,China,1996,3340.2565
CHN,1995,China,1995,3365.775
CHL,2020,Chile,2020,87.5108
CHL,2019,Chile,2019,95.2476
CHL,2018,Chile,2018,89.8194
CHL,2017,Chile,2017,89.7525
CHL,2016,Chile,2016,88.8653
CHL,2015,Chile,2015,84.3798
CHL,2014,Chile,2014,78.7046
CHL,2013,Chile,2013,85.4109
CHL,2012,Chile,2012,81.3485
CHL,2011,Chile,2011,79.0753
CHL,2010,Chile,2010,72.323
CHL,2009,Chile,2009,68.2258
CHL,2008,Chile,2008,71.324
CHL,2007,Chile,2007,67.7521
CHL,2006,Chile,2006,60.3603
CHL,2005,Chile,2005,59.1432
CHL,2004,Chile,2004,58.5003
CHL,2003,Chile,2003,54.1255
CHL,2002,Chile,2002,52.1984
CHL,2001,Chile,2001,51.6629
CHL,2000,Chile,2000,53.8569
CHL,1999,Chile,1999,57.3953
CHL,1998,Chile,1998,54.8619
CHL,1997,Chile,1997,54.358
CHL,1996,Chile,1996,47.8929
CHL,1995,Chile,1995,41.7893
CHI,2020,Channel Islands,2020,
CHI,2019,Channel Islands,2019,
CHI,2018,Channel Islands,2018,
CHI,2017,Channel Islands,2017,
CHI,2016,Channel Islands,2016,
CHI,2015,Channel Islands,2015,
CHI,2014,Channel Islands,2014,
CHI,2013,Channel Islands,2013,
CHI,2012,Channel Islands,2012,
CHI,2011,Channel Islands,2011,
CHI,2010,Channel Islands,2010,
CHI,2009,Channel Islands,2009,
CHI,2008,Channel Islands,2008,
CHI,2007,Channel Islands,2007,
CHI,2006,Channel Islands,2006,
CHI,2005,Channel Islands,2005,
CHI,2004,Channel Islands,2004,
CHI,2003,Channel Islands,2003,
CHI,2002,Channel Islands,2002,
CHI,2001,Channel Islands,2001,
CHI,2000,Channel Islands,2000,
CHI,1999,Channel Islands,1999,
CHI,1998,Channel Islands,1998,
CHI,1997,Channel Islands,1997,
CHI,1996,Channel Islands,1996,
CHI,1995,Channel Islands,1995,
TCD,2020,Chad,2020,2.4133
TCD,2019,Chad,2019,2.3645
TCD,2018,Chad,2018,2.4139
TCD,2017,Chad,2017,2.2104
TCD,2016,Chad,2016,1.6907
TCD,2015,Chad,2015,1.6134
TCD,2014,Chad,2014,1.4041
TCD,2013,Chad,2013,1.3153
TCD,2012,Chad,2012,1.2091
TCD,2011,Chad,2011,0.6836
TCD,2010,Chad,2010,0.5246
TCD,2009,Chad,2009,0.4976
TCD,2008,Chad,2008,0.4847
TCD,2007,Chad,2007,0.568
TCD,2006,Chad,2006,0.4975
TCD,2005,Chad,2005,0.4809
TCD,2004,Chad,2004,0.4555
TCD,2003,Chad,2003,0.3973
TCD,2002,Chad,2002,0.2635
TCD,2001,Chad,2001,0.2432
TCD,2000,Chad,2000,0.2404
TCD,1999,Chad,1999,0.1674
TCD,1998,Chad,1998,0.1618
TCD,1997,Chad,1997,0.1587
TCD,1996,Chad,1996,0.1537
TCD,1995,Chad,1995,0.1477
CAF,2020,Central African Republic,2020,0.3184
CAF,2019,Central African Republic,2019,0.3024
CAF,2018,Central African Republic,2018,0.2935
CAF,2017,Central African Republic,2017,0.2647
CAF,2016,Central African Republic,2016,0.2515
CAF,2015,Central African Republic,2015,0.2334
CAF,2014,Central African Republic,2014,0.1617
CAF,2013,Central African Republic,2013,0.1488
CAF,2012,Central African Republic,2012,0.2211
CAF,2011,Central African Republic,2011,0.2175
CAF,2010,Central African Republic,2010,0.1999
CAF,2009,Central African Republic,2009,0.1956
CAF,2008,Central African Republic,2008,0.2005
CAF,2007,Central African Republic,2007,0.2682
CAF,2006,Central African Republic,2006,0.2678
CAF,2005,Central African Republic,2005,0.2526
CAF,2004,Central African Republic,2004,0.2563
CAF,2003,Central African Republic,2003,0.2644
CAF,2002,Central African Republic,2002,0.2792
CAF,2001,Central African Republic,2001,0.2732
CAF,2000,Central African Republic,2000,0.2564
CAF,1999,Central African Republic,1999,0.2293
CAF,1998,Central African Republic,1998,0.22
CAF,1997,Central African Republic,1997,0.215
CAF,1996,Central African Republic,1996,0.2164
CAF,1995,Central African Republic,1995,0.1992
CYM,2020,Cayman Islands,2020,
CYM,2019,Cayman Islands,2019,
CYM,2018,Cayman Islands,2018,
CYM,2017,Cayman Islands,2017,
CYM,2016,Cayman Islands,2016,
CYM,2015,Cayman Islands,2015,
CYM,2014,Cayman Islands,2014,
CYM,2013,Cayman Islands,2013,
CYM,2012,Cayman Islands,2012,
CYM,2011,Cayman Islands,2011,
CYM,2010,Cayman Islands,2010,
CYM,2009,Cayman Islands,2009,
CYM,2008,Cayman Islands,2008,
CYM,2007,Cayman Islands,2007,
CYM,2006,Cayman Islands,2006,
CYM,2005,Cayman Islands,2005,
CYM,2004,Cayman Islands,2004,
CYM,2003,Cayman Islands,2003,
CYM,2002,Cayman Islands,2002,
CYM,2001,Cayman Islands,2001,
CYM,2000,Cayman Islands,2000,
CYM,1999,Cayman Islands,1999,
CYM,1998,Cayman Islands,1998,
CYM,1997,Cayman Islands,1997,
CYM,1996,Cayman Islands,1996,
CYM,1995,Cayman Islands,1995,
CAN,2020,Canada,2020,548.4454
CAN,2019,Canada,2019,609.0758
CAN,2018,Canada,2018,612.5836
CAN,2017,Canada,2017,591.893
CAN,2016,Canada,2016,574.0983
CAN,2015,Canada,2015,574.3793
CAN,2014,Canada,2014,580.3198
CAN,2013,Canada,2013,575.2149
CAN,2012,Canada,2012,567.184
CAN,2011,Canada,2011,575.7827
CAN,2010,Canada,2010,562.1099
CAN,2009,Canada,2009,542.7914
CAN,2008,Canada,2008,575.4179
CAN,2007,Canada,2007,594.6475
CAN,2006,Canada,2006,574.6974
CAN,2005,Canada,2005,582.3075
CAN,2004,Canada,2004,559.7484
CAN,2003,Canada,2003,573.6827
CAN,2002,Canada,2002,554.066
CAN,2001,Canada,2001,534.3756
CAN,2000,Canada,2000,543.1076
CAN,1999,Canada,1999,523.4446
CAN,1998,Canada,1998,513.8479
CAN,1997,Canada,1997,505.6429
CAN,1996,Canada,1996,489.8681
CAN,1995,Canada,1995,475.9427
CMR,2020,Cameroon,2020,10.388
CMR,2019,Cameroon,2019,10.2711
CMR,2018,Cameroon,2018,10.5484
CMR,2017,Cameroon,2017,9.8633
CMR,2016,Cameroon,2016,9.7014
CMR,2015,Cameroon,2015,9.1854
CMR,2014,Cameroon,2014,8.8705
CMR,2013,Cameroon,2013,8.1791
CMR,2012,Cameroon,2012,7.5111
CMR,2011,Cameroon,2011,7.4295
CMR,2010,Cameroon,2010,7.828
CMR,2009,Cameroon,2009,7.7138
CMR,2008,Cameroon,2008,7.0689
CMR,2007,Cameroon,2007,6.7369
CMR,2006,Cameroon,2006,5.5767
CMR,2005,Cameroon,2005,5.4713
CMR,2004,Cameroon,2004,5.6371
CMR,2003,Cameroon,2003,5.736
CMR,2002,Cameroon,2002,5.6195
CMR,2001,Cameroon,2001,5.7003
CMR,2000,Cameroon,2000,5.7263
CMR,1999,Cameroon,1999,5.3343
CMR,1998,Cameroon,1998,5.5393
CMR,1997,Cameroon,1997,5.3218
CMR,1996,Cameroon,1996,5.2861
CMR,1995,Cameroon,1995,5.1557
KHM,2020,Cambodia,2020,18.6332
KHM,2019,Cambodia,2019,15.7108
KHM,2018,Cambodia,2018,12.3125
KHM,2017,Cambodia,2017,11.828
KHM,2016,Cambodia,2016,10.5961
KHM,2015,Cambodia,2015,8.5196
KHM,2014,Cambodia,2014,7.0334
KHM,2013,Cambodia,2013,5.6951
KHM,2012,Cambodia,2012,5.6329
KHM,2011,Cambodia,2011,5.3651
KHM,2010,Cambodia,2010,5.1593
KHM,2009,Cambodia,2009,4.8779
KHM,2008,Cambodia,2008,4.0975
KHM,2007,Cambodia,2007,3.6974
KHM,2006,Cambodia,2006,3.0079
KHM,2005,Cambodia,2005,2.7013
KHM,2004,Cambodia,2004,2.4195
KHM,2003,Cambodia,2003,2.4181
KHM,2002,Cambodia,2002,2.2479
KHM,2001,Cambodia,2001,2.1876
KHM,2000,Cambodia,2000,2.0014
KHM,1999,Cambodia,1999,1.9427
KHM,1998,Cambodia,1998,1.9942
KHM,1997,Cambodia,1997,1.7796
KHM,1996,Cambodia,1996,1.6667
KHM,1995,Cambodia,1995,1.5014
CPV,2020,Cabo Verde,2020,0.6283
CPV,2019,Cabo Verde,2019,0.8379
CPV,2018,Cabo Verde,2018,0.7961
CPV,2017,Cabo Verde,2017,0.8881
CPV,2016,Cabo Verde,2016,0.8304
CPV,2015,Cabo Verde,2015,0.7908
CPV,2014,Cabo Verde,2014,0.7741
CPV,2013,Cabo Verde,2013,0.7315
CPV,2012,Cabo Verde,2012,0.748
CPV,2011,Cabo Verde,2011,0.8717
CPV,2010,Cabo Verde,2010,0.7498
CPV,2009,Cabo Verde,2009,0.7081
CPV,2008,Cabo Verde,2008,0.7254
CPV,2007,Cabo Verde,2007,0.749
CPV,2006,Cabo Verde,2006,0.6606
CPV,2005,Cabo Verde,2005,0.6073
CPV,2004,Cabo Verde,2004,0.3895
CPV,2003,Cabo Verde,2003,0.3632
CPV,2002,Cabo Verde,2002,0.3613
CPV,2001,Cabo Verde,2001,0.3248
CPV,2000,Cabo Verde,2000,0.2802
CPV,1999,Cabo Verde,1999,0.0972
CPV,1998,Cabo Verde,1998,0.0932
CPV,1997,Cabo Verde,1997,0.091
CPV,1996,Cabo Verde,1996,0.0916
CPV,1995,Cabo Verde,1995,0.0767
BDI,2020,Burundi,2020,0.9258
BDI,2019,Burundi,2019,0.7652
BDI,2018,Burundi,2018,0.7765
BDI,2017,Burundi,2017,0.5463
BDI,2016,Burundi,2016,0.4859
BDI,2015,Burundi,2015,0.435
BDI,2014,Burundi,2014,0.4055
BDI,2013,Burundi,2013,0.4522
BDI,2012,Burundi,2012,0.3993
BDI,2011,Burundi,2011,0.4154
BDI,2010,Burundi,2010,0.3199
BDI,2009,Burundi,2009,0.2224
BDI,2008,Burundi,2008,0.2207
BDI,2007,Burundi,2007,0.3728
BDI,2006,Burundi,2006,0.2304
BDI,2005,Burundi,2005,0.184
BDI,2004,Burundi,2004,0.2191
BDI,2003,Burundi,2003,0.1851
BDI,2002,Burundi,2002,0.2227
BDI,2001,Burundi,2001,0.2358
BDI,2000,Burundi,2000,0.2925
BDI,1999,Burundi,1999,0.299
BDI,1998,Burundi,1998,0.2867
BDI,1997,Burundi,1997,0.2705
BDI,1996,Burundi,1996,0.2724
BDI,1995,Burundi,1995,0.2539
BFA,2020,Burkina Faso,2020,5.7011
BFA,2019,Burkina Faso,2019,5.6993
BFA,2018,Burkina Faso,2018,5.412
BFA,2017,Burkina Faso,2017,4.5408
BFA,2016,Burkina Faso,2016,3.9314
BFA,2015,Burkina Faso,2015,3.9361
BFA,2014,Burkina Faso,2014,2.7537
BFA,2013,Burkina Faso,2013,3.0405
BFA,2012,Burkina Faso,2012,2.5815
BFA,2011,Burkina Faso,2011,2.2171
BFA,2010,Burkina Faso,2010,1.9623
BFA,2009,Burkina Faso,2009,1.8421
BFA,2008,Burkina Faso,2008,1.9003
BFA,2007,Burkina Faso,2007,1.6344
BFA,2006,Burkina Faso,2006,1.1497
BFA,2005,Burkina Faso,2005,1.1383
BFA,2004,Burkina Faso,2004,1.0691
BFA,2003,Burkina Faso,2003,1.2062
BFA,2002,Burkina Faso,2002,1.0828
BFA,2001,Burkina Faso,2001,1.0203
BFA,2000,Burkina Faso,2000,0.8726
BFA,1999,Burkina Faso,1999,0.8081
BFA,1998,Burkina Faso,1998,0.772
BFA,1997,Burkina Faso,1997,0.8142
BFA,1996,Burkina Faso,1996,0.5131
BFA,1995,Burkina Faso,1995,0.4637
BGR,2020,Bulgaria,2020,39.4151
BGR,2019,Bulgaria,2019,44.6358
BGR,2018,Bulgaria,2018,46.3135
BGR,2017,Bulgaria,2017,49.2832
BGR,2016,Bulgaria,2016,47.1301
BGR,2015,Bulgaria,2015,49.8572
BGR,2014,Bulgaria,2014,47.315
BGR,2013,Bulgaria,2013,44.452
BGR,2012,Bulgaria,2012,49.9165
BGR,2011,Bulgaria,2011,54.7842
BGR,2010,Bulgaria,2010,49.5094
BGR,2009,Bulgaria,2009,46.5361
BGR,2008,Bulgaria,2008,54.5628
BGR,2007,Bulgaria,2007,57.6391
BGR,2006,Bulgaria,2006,54.0356
BGR,2005,Bulgaria,2005,52.4905
BGR,2004,Bulgaria,2004,51.4635
BGR,2003,Bulgaria,2003,53.4629
BGR,2002,Bulgaria,2002,47.5974
BGR,2001,Bulgaria,2001,50.424
BGR,2000,Bulgaria,2000,48.1779
BGR,1999,Bulgaria,1999,50.1198
BGR,1998,Bulgaria,1998,56.8548
BGR,1997,Bulgaria,1997,59.3273
BGR,1996,Bulgaria,1996,61.6586
BGR,1995,Bulgaria,1995,61.3676
BRN,2020,Brunei Darussalam,2020,10.1279
BRN,2019,Brunei Darussalam,2019,7.6035
BRN,2018,Brunei Darussalam,2018,8.0303
BRN,2017,Brunei Darussalam,2017,7.8716
BRN,2016,Brunei Darussalam,2016,7.8994
BRN,2015,Brunei Darussalam,2015,7.3653
BRN,2014,Brunei Darussalam,2014,8.1068
BRN,2013,Brunei Darussalam,2013,7.7892
BRN,2012,Brunei Darussalam,2012,7.6224
BRN,2011,Brunei Darussalam,2011,7.8612
BRN,2010,Brunei Darussalam,2010,7.3795
BRN,2009,Brunei Darussalam,2009,8.0209
BRN,2008,Brunei Darussalam,2008,8.9078
BRN,2007,Brunei Darussalam,2007,8.1844
BRN,2006,Brunei Darussalam,2006,8.6155
BRN,2005,Brunei Darussalam,2005,6.0092
BRN,2004,Brunei Darussalam,2004,6.2692
BRN,2003,Brunei Darussalam,2003,6.4529
BRN,2002,Brunei Darussalam,2002,5.5581
BRN,2001,Brunei Darussalam,2001,5.8618
BRN,2000,Brunei Darussalam,2000,6.0748
BRN,1999,Brunei Darussalam,1999,6.0084
BRN,1998,Brunei Darussalam,1998,5.7432
BRN,1997,Brunei Darussalam,1997,6.5013
BRN,1996,Brunei Darussalam,1996,6.1077
BRN,1995,Brunei Darussalam,1995,5.8139
VGB,2020,British Virgin Islands,2020,
VGB,2019,British Virgin Islands,2019,
VGB,2018,British Virgin Islands,2018,
VGB,2017,British Virgin Islands,2017,
VGB,2016,British Virgin Islands,2016,
VGB,2015,British Virgin Islands,2015,
VGB,2014,British Virgin Islands,2014,
VGB,2013,British Virgin Islands,2013,
VGB,2012,British Virgin Islands,2012,
VGB,2011,British Virgin Islands,2011,
VGB,2010,British Virgin Islands,2010,
VGB,2009,British Virgin Islands,2009,
VGB,2008,British Virgin Islands,2008,
VGB,2007,British Virgin Islands,2007,
VGB,2006,British Virgin Islands,2006,
VGB,2005,British Virgin Islands,2005,
VGB,2004,British Virgin Islands,2004,
VGB,2003,British Virgin Islands,2003,
VGB,2002,British Virgin Islands,2002,
VGB,2001,British Virgin Islands,2001,
VGB,2000,British Virgin Islands,2000,
VGB,1999,British Virgin Islands,1999,
VGB,1998,British Virgin Islands,1998,
VGB,1997,British Virgin Islands,1997,
VGB,1996,British Virgin Islands,1996,
VGB,1995,British Virgin Islands,1995,
BRA,2020,Brazil,2020,447.921
BRA,2019,Brazil,2019,468.5794
BRA,2018,Brazil,2018,471.0836
BRA,2017,Brazil,2017,494.7579
BRA,2016,Brazil,2016,482.7112
BRA,2015,Brazil,2015,517.9408
BRA,2014,Brazil,2014,546.4394
BRA,2013,Brazil,2013,523.4755
BRA,2012,Brazil,2012,497.9036
BRA,2011,Brazil,2011,463.643
BRA,2010,Brazil,2010,439.9219
BRA,2009,Brazil,2009,385.5933
BRA,2008,Brazil,2008,412.7913
BRA,2007,Brazil,2007,393.1254
BRA,2006,Brazil,2006,373.6873
BRA,2005,Brazil,2005,369.2574
BRA,2004,Brazil,2004,365.3106
BRA,2003,Brazil,2003,346.5055
BRA,2002,Brazil,2002,351.437
BRA,2001,Brazil,2001,351.3367
BRA,2000,Brazil,2000,349.4076
BRA,1999,Brazil,1999,335.9148
BRA,1998,Brazil,1998,328.5588
BRA,1997,Brazil,1997,319.2483
BRA,1996,Brazil,1996,300.6344
BRA,1995,Brazil,1995,280.029
BWA,2020,Botswana,2020,6.0919
BWA,2019,Botswana,2019,7.342
BWA,2018,Botswana,2018,8.2088
BWA,2017,Botswana,2017,7.4408
BWA,2016,Botswana,2016,6.7524
BWA,2015,Botswana,2015,7.091
BWA,2014,Botswana,2014,7.1481
BWA,2013,Botswana,2013,5.5218
BWA,2012,Botswana,2012,3.5247
BWA,2011,Botswana,2011,4.0133
BWA,2010,Botswana,2010,3.3822
BWA,2009,Botswana,2009,4.1279
BWA,2008,Botswana,2008,4.5094
BWA,2007,Botswana,2007,4.4229
BWA,2006,Botswana,2006,4.1486
BWA,2005,Botswana,2005,4.3907
BWA,2004,Botswana,2004,4.0534
BWA,2003,Botswana,2003,4.1354
BWA,2002,Botswana,2002,4.1754
BWA,2001,Botswana,2001,3.9558
BWA,2000,Botswana,2000,4.0996
BWA,1999,Botswana,1999,4.0332
BWA,1998,Botswana,1998,3.8274
BWA,1997,Botswana,1997,3.2158
BWA,1996,Botswana,1996,3.0122
BWA,1995,Botswana,1995,3.3417
BIH,2020,Bosnia and Herzegovina,2020,22.5364
BIH,2019,Bosnia and Herzegovina,2019,22.5975
BIH,2018,Bosnia and Herzegovina,2018,24.0642
BIH,2017,Bosnia and Herzegovina,2017,23.9898
BIH,2016,Bosnia and Herzegovina,2016,23.5062
BIH,2015,Bosnia and Herzegovina,2015,20.8309
BIH,2014,Bosnia and Herzegovina,2014,20.7957
BIH,2013,Bosnia and Herzegovina,2013,23.2132
BIH,2012,Bosnia and Herzegovina,2012,23.3108
BIH,2011,Bosnia and Herzegovina,2011,25.2681
BIH,2010,Bosnia and Herzegovina,2010,22.2176
BIH,2009,Bosnia and Herzegovina,2009,21.6601
BIH,2008,Bosnia and Herzegovina,2008,21.6523
BIH,2007,Bosnia and Herzegovina,2007,19.7252
BIH,2006,Bosnia and Herzegovina,2006,18.6905
BIH,2005,Bosnia and Herzegovina,2005,16.8463
BIH,2004,Bosnia and Herzegovina,2004,16.0341
BIH,2003,Bosnia and Herzegovina,2003,15.1887
BIH,2002,Bosnia and Herzegovina,2002,14.8282
BIH,2001,Bosnia and Herzegovina,2001,14.0968
BIH,2000,Bosnia and Herzegovina,2000,14.2812
BIH,1999,Bosnia and Herzegovina,1999,10.8922
BIH,1998,Bosnia and Herzegovina,1998,11.0509
BIH,1997,Bosnia and Herzegovina,1997,8.7233
BIH,1996,Bosnia and Herzegovina,1996,4.3994
BIH,1995,Bosnia and Herzegovina,1995,3.5148
BOL,2020,Bolivia,2020,18.5659
BOL,2019,Bolivia,2019,21.9997
BOL,2018,Bolivia,2018,21.9655
BOL,2017,Bolivia,2017,21.7833
BOL,2016,Bolivia,2016,21.3607
BOL,2015,Bolivia,2015,19.9523
BOL,2014,Bolivia,2014,19.463
BOL,2013,Bolivia,2013,18.1017
BOL,2012,Bolivia,2012,17.0414
BOL,2011,Bolivia,2011,16.0948
BOL,2010,Bolivia,2010,14.7927
BOL,2009,Bolivia,2009,13.6594
BOL,2008,Bolivia,2008,12.8434
BOL,2007,Bolivia,2007,11.996
BOL,2006,Bolivia,2006,10.7816
BOL,2005,Bolivia,2005,9.9372
BOL,2004,Bolivia,2004,9.4522
BOL,2003,Bolivia,2003,9.0191
BOL,2002,Bolivia,2002,8.4679
BOL,2001,Bolivia,2001,7.9363
BOL,2000,Bolivia,2000,8.2048
BOL,1999,Bolivia,1999,8.8772
BOL,1998,Bolivia,1998,10.1749
BOL,1997,Bolivia,1997,10.1676
BOL,1996,Bolivia,1996,8.3856
BOL,1995,Bolivia,1995,8.6741
BTN,2020,Bhutan,2020,1.4131
BTN,2019,Bhutan,2019,1.8063
BTN,2018,Bhutan,2018,1.7505
BTN,2017,Bhutan,2017,1.4736
BTN,2016,Bhutan,2016,1.4244
BTN,2015,Bhutan,2015,1.3096
BTN,2014,Bhutan,2014,1.1293
BTN,2013,Bhutan,2013,1.1068
BTN,2012,Bhutan,2012,1.0551
BTN,2011,Bhutan,2011,1.1062
BTN,2010,Bhutan,2010,0.905
BTN,2009,Bhutan,2009,0.8011
BTN,2008,Bhutan,2008,0.5797
BTN,2007,Bhutan,2007,0.5773
BTN,2006,Bhutan,2006,0.5686
BTN,2005,Bhutan,2005,0.5429
BTN,2004,Bhutan,2004,0.501
BTN,2003,Bhutan,2003,0.496
BTN,2002,Bhutan,2002,0.4774
BTN,2001,Bhutan,2001,0.4392
BTN,2000,Bhutan,2000,0.4054
BTN,1999,Bhutan,1999,0.4006
BTN,1998,Bhutan,1998,0.3959
BTN,1997,Bhutan,1997,0.3783
BTN,1996,Bhutan,1996,0.3579
BTN,1995,Bhutan,1995,0.3208
BMU,2020,Bermuda,2020,
BMU,2019,Bermuda,2019,
BMU,2018,Bermuda,2018,
BMU,2017,Bermuda,2017,
BMU,2016,Bermuda,2016,
BMU,2015,Bermuda,2015,
BMU,2014,Bermuda,2014,
BMU,2013,Bermuda,2013,
BMU,2012,Bermuda,2012,
BMU,2011,Bermuda,2011,
BMU,2010,Bermuda,2010,
BMU,2009,Bermuda,2009,
BMU,2008,Bermuda,2008,
BMU,2007,Bermuda,2007,
BMU,2006,Bermuda,2006,
BMU,2005,Bermuda,2005,
BMU,2004,Bermuda,2004,
BMU,2003,Bermuda,2003,
BMU,2002,Bermuda,2002,
BMU,2001,Bermuda,2001,
BMU,2000,Bermuda,2000,
BMU,1999,Bermuda,1999,
BMU,1998,Bermuda,1998,
BMU,1997,Bermuda,1997,
BMU,1996,Bermuda,1996,
BMU,1995,Bermuda,1995,
BEN,2020,Benin,2020,8.7059
BEN,2019,Benin,2019,8.1435
BEN,2018,Benin,2018,8.251
BEN,2017,Benin,2017,7.2445
BEN,2016,Benin,2016,7.1473
BEN,2015,Benin,2015,5.8104
BEN,2014,Benin,2014,5.4598
BEN,2013,Benin,2013,4.9707
BEN,2012,Benin,2012,4.7249
BEN,2011,Benin,2011,4.9611
BEN,2010,Benin,2010,5.0815
BEN,2009,Benin,2009,4.6845
BEN,2008,Benin,2008,4.3662
BEN,2007,Benin,2007,4.3986
BEN,2006,Benin,2006,3.8591
BEN,2005,Benin,2005,2.8015
BEN,2004,Benin,2004,2.5584
BEN,2003,Benin,2003,2.4
BEN,2002,Benin,2002,2.1429
BEN,2001,Benin,2001,1.8573
BEN,2000,Benin,2000,1.5461
BEN,1999,Benin,1999,1.4415
BEN,1998,Benin,1998,1.3155
BEN,1997,Benin,1997,1.3648
BEN,1996,Benin,1996,1.0761
BEN,1995,Benin,1995,0.3986
BLZ,2020,Belize,2020,0.3186
BLZ,2019,Belize,2019,0.3982
BLZ,2018,Belize,2018,0.2846
BLZ,2017,Belize,2017,0.2847
BLZ,2016,Belize,2016,0.2608
BLZ,2015,Belize,2015,0.2472
BLZ,2014,Belize,2014,0.2045
BLZ,2013,Belize,2013,0.2057
BLZ,2012,Belize,2012,0.1629
BLZ,2011,Belize,2011,0.15
BLZ,2010,Belize,2010,0.2333
BLZ,2009,Belize,2009,0.1967
BLZ,2008,Belize,2008,0.1628
BLZ,2007,Belize,2007,0.1684
BLZ,2006,Belize,2006,0.1745
BLZ,2005,Belize,2005,0.1509
BLZ,2004,Belize,2004,0.1372
BLZ,2003,Belize,2003,0.1497
BLZ,2002,Belize,2002,0.1422
BLZ,2001,Belize,2001,0.1425
BLZ,2000,Belize,2000,0.1397
BLZ,1999,Belize,1999,0.1973
BLZ,1998,Belize,1998,0.1889
BLZ,1997,Belize,1997,0.1858
BLZ,1996,Belize,1996,0.108
BLZ,1995,Belize,1995,0.1298
BEL,2020,Belgium,2020,91.9274
BEL,2019,Belgium,2019,100.3135
BEL,2018,Belgium,2018,100.4585
BEL,2017,Belgium,2017,99.7694
BEL,2016,Belgium,2016,101.3516
BEL,2015,Belgium,2015,102.4165
BEL,2014,Belgium,2014,97.7801
BEL,2013,Belgium,2013,104.3595
BEL,2012,Belgium,2012,103.0142
BEL,2011,Belgium,2011,104.4948
BEL,2010,Belgium,2010,114.9031
BEL,2009,Belgium,2009,107.2918
BEL,2008,Belgium,2008,114.2497
BEL,2007,Belgium,2007,112.9137
BEL,2006,Belgium,2006,116.0773
BEL,2005,Belgium,2005,119.0079
BEL,2004,Belgium,2004,121.9791
BEL,2003,Belgium,2003,123.3712
BEL,2002,Belgium,2002,118.493
BEL,2001,Belgium,2001,125.7555
BEL,2000,Belgium,2000,124.8977
BEL,1999,Belgium,1999,122.9722
BEL,1998,Belgium,1998,127.3085
BEL,1997,Belgium,1997,124.3425
BEL,1996,Belgium,1996,127.3074
BEL,1995,Belgium,1995,122.3064
BLR,2020,Belarus,2020,58.1601
BLR,2019,Belarus,2019,61.2475
BLR,2018,Belarus,2018,63.4486
BLR,2017,Belarus,2017,60.2218
BLR,2016,Belarus,2016,59.0629
BLR,2015,Belarus,2015,59.1683
BLR,2014,Belarus,2014,63.9709
BLR,2013,Belarus,2013,64.4295
BLR,2012,Belarus,2012,64.269
BLR,2011,Belarus,2011,62.961
BLR,2010,Belarus,2010,66.1204
BLR,2009,Belarus,2009,61.6066
BLR,2008,Belarus,2008,64.7655
BLR,2007,Belarus,2007,61.0589
BLR,2006,Belarus,2006,62.4637
BLR,2005,Belarus,2005,60.0192
BLR,2004,Belarus,2004,59.1875
BLR,2003,Belarus,2003,55.8311
BLR,2002,Belarus,2002,55.1904
BLR,2001,Belarus,2001,54.9987
BLR,2000,Belarus,2000,56.2599
BLR,1999,Belarus,1999,58.1614
BLR,1998,Belarus,1998,60.3076
BLR,1997,Belarus,1997,61.8071
BLR,1996,Belarus,1996,61.3587
BLR,1995,Belarus,1995,60.4273
BRB,2020,Barbados,2020,0.6726
BRB,2019,Barbados,2019,0.8686
BRB,2018,Barbados,2018,0.7782
BRB,2017,Barbados,2017,0.6819
BRB,2016,Barbados,2016,0.7728
BRB,2015,Barbados,2015,0.7195
BRB,2014,Barbados,2014,0.667
BRB,2013,Barbados,2013,0.7307
BRB,2012,Barbados,2012,0.6436
BRB,2011,Barbados,2011,0.6789
BRB,2010,Barbados,2010,0.8204
BRB,2009,Barbados,2009,0.7987
BRB,2008,Barbados,2008,0.7921
BRB,2007,Barbados,2007,0.6716
BRB,2006,Barbados,2006,0.6979
BRB,2005,Barbados,2005,0.6457
BRB,2004,Barbados,2004,0.6307
BRB,2003,Barbados,2003,0.6372
BRB,2002,Barbados,2002,0.6061
BRB,2001,Barbados,2001,0.5649
BRB,2000,Barbados,2000,0.588
BRB,1999,Barbados,1999,0.7235
BRB,1998,Barbados,1998,0.6907
BRB,1997,Barbados,1997,0.6283
BRB,1996,Barbados,1996,0.5287
BRB,1995,Barbados,1995,0.5412
BGD,2020,Bangladesh,2020,104.1229
BGD,2019,Bangladesh,2019,109.3222
BGD,2018,Bangladesh,2018,105.1823
BGD,2017,Bangladesh,2017,101.0415
BGD,2016,Bangladesh,2016,93.9921
BGD,2015,Bangladesh,2015,85.4452
BGD,2014,Bangladesh,2014,76.6542
BGD,2013,Bangladesh,2013,72.0796
BGD,2012,Bangladesh,2012,69.872
BGD,2011,Bangladesh,2011,65.3074
BGD,2010,Bangladesh,2010,60.7693
BGD,2009,Bangladesh,2009,55.1298
BGD,2008,Bangladesh,2008,51.3301
BGD,2007,Bangladesh,2007,46.2192
BGD,2006,Bangladesh,2006,43.4924
BGD,2005,Bangladesh,2005,40.3834
BGD,2004,Bangladesh,2004,37.9102
BGD,2003,Bangladesh,2003,35.9887
BGD,2002,Bangladesh,2002,34.3448
BGD,2001,Bangladesh,2001,32.633
BGD,2000,Bangladesh,2000,26.9773
BGD,1999,Bangladesh,1999,26.1314
BGD,1998,Bangladesh,1998,24.4802
BGD,1997,Bangladesh,1997,23.9579
BGD,1996,Bangladesh,1996,22.0864
BGD,1995,Bangladesh,1995,21.7789
BHR,2020,Bahrain,2020,36.8402
BHR,2019,Bahrain,2019,36.8474
BHR,2018,Bahrain,2018,33.822
BHR,2017,Bahrain,2017,33.7521
BHR,2016,Bahrain,2016,33.4571
BHR,2015,Bahrain,2015,33.4691
BHR,2014,Bahrain,2014,33.2899
BHR,2013,Bahrain,2013,32.1308
BHR,2012,Bahrain,2012,30.2164
BHR,2011,Bahrain,2011,29.0035
BHR,2010,Bahrain,2010,28.8353
BHR,2009,Bahrain,2009,27.6556
BHR,2008,Bahrain,2008,27.669
BHR,2007,Bahrain,2007,25.8519
BHR,2006,Bahrain,2006,25.449
BHR,2005,Bahrain,2005,23.3702
BHR,2004,Bahrain,2004,19.9206
BHR,2003,Bahrain,2003,19.8961
BHR,2002,Bahrain,2002,19.2269
BHR,2001,Bahrain,2001,18.4025
BHR,2000,Bahrain,2000,17.7715
BHR,1999,Bahrain,1999,17.3259
BHR,1998,Bahrain,1998,17.2345
BHR,1997,Bahrain,1997,16.2596
BHR,1996,Bahrain,1996,15.7943
BHR,1995,Bahrain,1995,15.2432
BHS,2020,"Bahamas, The",2020,1.1733
BHS,2019,"Bahamas, The",2019,1.4505
BHS,2018,"Bahamas, The",2018,1.2106
BHS,2017,"Bahamas, The",2017,1.3738
BHS,2016,"Bahamas, The",2016,1.2455
BHS,2015,"Bahamas, The",2015,1.1204
BHS,2014,"Bahamas, The",2014,1.1363
BHS,2013,"Bahamas, The",2013,1.0911
BHS,2012,"Bahamas, The",2012,1.0171
BHS,2011,"Bahamas, The",2011,0.8542
BHS,2010,"Bahamas, The",2010,1.283
BHS,2009,"Bahamas, The",2009,1.1324
BHS,2008,"Bahamas, The",2008,1.3616
BHS,2007,"Bahamas, The",2007,1.3138
BHS,2006,"Bahamas, The",2006,1.0954
BHS,2005,"Bahamas, The",2005,0.8606
BHS,2004,"Bahamas, The",2004,0.874
BHS,2003,"Bahamas, The",2003,0.8096
BHS,2002,"Bahamas, The",2002,1.0869
BHS,2001,"Bahamas, The",2001,0.9927
BHS,2000,"Bahamas, The",2000,0.9973
BHS,1999,"Bahamas, The",1999,1.2965
BHS,1998,"Bahamas, The",1998,1.4427
BHS,1997,"Bahamas, The",1997,1.2557
BHS,1996,"Bahamas, The",1996,1.2452
BHS,1995,"Bahamas, The",1995,1.1156
AZE,2020,Azerbaijan,2020,35.4067
AZE,2019,Azerbaijan,2019,36.9819
AZE,2018,Azerbaijan,2018,34.7625
AZE,2017,Azerbaijan,2017,34.226
AZE,2016,Azerbaijan,2016,34.4155
AZE,2015,Azerbaijan,2015,34.5229
AZE,2014,Azerbaijan,2014,34.7247
AZE,2013,Azerbaijan,2013,33.2118
AZE,2012,Azerbaijan,2012,32.2811
AZE,2011,Azerbaijan,2011,29.4692
AZE,2010,Azerbaijan,2010,26.6362
AZE,2009,Azerbaijan,2009,27.9826
AZE,2008,Azerbaijan,2008,32.2309
AZE,2007,Azerbaijan,2007,28.9209
AZE,2006,Azerbaijan,2006,31.9395
AZE,2005,Azerbaijan,2005,31.2193
AZE,2004,Azerbaijan,2004,29.5011
AZE,2003,Azerbaijan,2003,29.7755
AZE,2002,Azerbaijan,2002,27.4864
AZE,2001,Azerbaijan,2001,27.7171
AZE,2000,Azerbaijan,2000,28.7946
AZE,1999,Azerbaijan,1999,27.3928
AZE,1998,Azerbaijan,1998,27.377
AZE,1997,Azerbaijan,1997,27.4204
AZE,1996,Azerbaijan,1996,28.402
AZE,1995,Azerbaijan,1995,33.88
AUT,2020,Austria,2020,62.9162
AUT,2019,Austria,2019,68.7767
AUT,2018,Austria,2018,67.2508
AUT,2017,Austria,2017,70.0851
AUT,2016,Austria,2016,67.7745
AUT,2015,Austria,2015,67.3632
AUT,2014,Austria,2014,65.9262
AUT,2013,Austria,2013,69.6088
AUT,2012,Austria,2012,69.0207
AUT,2011,Austria,2011,72.1872
AUT,2010,Austria,2010,73.7998
AUT,2009,Austria,2009,68.0602
AUT,2008,Austria,2008,75.2415
AUT,2007,Austria,2007,75.4421
AUT,2006,Austria,2006,78.2717
AUT,2005,Austria,2005,80.4137
AUT,2004,Austria,2004,79.6087
AUT,2003,Austria,2003,78.1693
AUT,2002,Austria,2002,73.2194
AUT,2001,Austria,2001,71.3722
AUT,2000,Austria,2000,66.6946
AUT,1999,Austria,1999,66.2257
AUT,1998,Austria,1998,68.0944
AUT,1997,Austria,1997,67.5301
AUT,1996,Austria,1996,67.9763
AUT,1995,Austria,1995,64.0569
AUS,2020,Australia,2020,392.5458
AUS,2019,Australia,2019,407.9086
AUS,2018,Australia,2018,409.2476
AUS,2017,Australia,2017,411.2113
AUS,2016,Australia,2016,408.6132
AUS,2015,Australia,2015,400.6316
AUS,2014,Australia,2014,396.4423
AUS,2013,Australia,2013,405.7424
AUS,2012,Australia,2012,413.3728
AUS,2011,Australia,2011,412.862
AUS,2010,Australia,2010,415.3195
AUS,2009,Australia,2009,410.3013
AUS,2008,Australia,2008,404.3323
AUS,2007,Australia,2007,400.701
AUS,2006,Australia,2006,390.1907
AUS,2005,Australia,2005,384.1228
AUS,2004,Australia,2004,381.9789
AUS,2003,Australia,2003,368.1402
AUS,2002,Australia,2002,368.6413
AUS,2001,Australia,2001,360.4279
AUS,2000,Australia,2000,353.8956
AUS,1999,Australia,1999,348.1305
AUS,1998,Australia,1998,342.1206
AUS,1997,Australia,1997,322.3762
AUS,1996,Australia,1996,312.678
AUS,1995,Australia,1995,302.6941
ABW,2020,Aruba,2020,
ABW,2019,Aruba,2019,
ABW,2018,Aruba,2018,
ABW,2017,Aruba,2017,
ABW,2016,Aruba,2016,
ABW,2015,Aruba,2015,
ABW,2014,Aruba,2014,
ABW,2013,Aruba,2013,
ABW,2012,Aruba,2012,
ABW,2011,Aruba,2011,
ABW,2010,Aruba,2010,
ABW,2009,Aruba,2009,
ABW,2008,Aruba,2008,
ABW,2007,Aruba,2007,
ABW,2006,Aruba,2006,
ABW,2005,Aruba,2005,
ABW,2004,Aruba,2004,
ABW,2003,Aruba,2003,
ABW,2002,Aruba,2002,
ABW,2001,Aruba,2001,
ABW,2000,Aruba,2000,
ABW,1999,Aruba,1999,
ABW,1998,Aruba,1998,
ABW,1997,Aruba,1997,
ABW,1996,Aruba,1996,
ABW,1995,Aruba,1995,
ARM,2020,Armenia,2020,6.9145
ARM,2019,Armenia,2019,6.4247
ARM,2018,Armenia,2018,5.9516
ARM,2017,Armenia,2017,5.6892
ARM,2016,Armenia,2016,5.3749
ARM,2015,Armenia,2015,5.6172
ARM,2014,Armenia,2014,5.7607
ARM,2013,Armenia,2013,5.4929
ARM,2012,Armenia,2012,5.6696
ARM,2011,Armenia,2011,4.9041
ARM,2010,Armenia,2010,4.2991
ARM,2009,Armenia,2009,4.502
ARM,2008,Armenia,2008,5.6485
ARM,2007,Armenia,2007,5.1543
ARM,2006,Armenia,2006,4.4457
ARM,2005,Armenia,2005,4.4627
ARM,2004,Armenia,2004,3.7592
ARM,2003,Armenia,2003,3.4708
ARM,2002,Armenia,2002,3.1014
ARM,2001,Armenia,2001,3.6334
ARM,2000,Armenia,2000,3.5697
ARM,1999,Armenia,1999,3.1043
ARM,1998,Armenia,1998,3.4727
ARM,1997,Armenia,1997,3.3384
ARM,1996,Armenia,1996,2.5941
ARM,1995,Armenia,1995,3.5412
ARG,2020,Argentina,2020,168.1154
ARG,2019,Argentina,2019,183.2687
ARG,2018,Argentina,2018,189.8171
ARG,2017,Argentina,2017,191.3736
ARG,2016,Argentina,2016,194.1404
ARG,2015,Argentina,2015,196.1938
ARG,2014,Argentina,2014,190.0264
ARG,2013,Argentina,2013,193.179
ARG,2012,Argentina,2012,188.8365
ARG,2011,Argentina,2011,184.8342
ARG,2010,Argentina,2010,177.3162
ARG,2009,Argentina,2009,164.8204
ARG,2008,Argentina,2008,179.2241
ARG,2007,Argentina,2007,173.0862
ARG,2006,Argentina,2006,162.5613
ARG,2005,Argentina,2005,153.6289
ARG,2004,Argentina,2004,149.6663
ARG,2003,Argentina,2003,135.1954
ARG,2002,Argentina,2002,124.0151
ARG,2001,Argentina,2001,131.3266
ARG,2000,Argentina,2000,136.7561
ARG,1999,Argentina,1999,139.931
ARG,1998,Argentina,1998,138.0301
ARG,1997,Argentina,1997,130.9503
ARG,1996,Argentina,1996,126.592
ARG,1995,Argentina,1995,116.2841
ATG,2020,Antigua and Barbuda,2020,0.326
ATG,2019,Antigua and Barbuda,2019,0.3426
ATG,2018,Antigua and Barbuda,2018,0.2872
ATG,2017,Antigua and Barbuda,2017,0.2772
ATG,2016,Antigua and Barbuda,2016,0.3149
ATG,2015,Antigua and Barbuda,2015,0.291
ATG,2014,Antigua and Barbuda,2014,0.2797
ATG,2013,Antigua and Barbuda,2013,0.2598
ATG,2012,Antigua and Barbuda,2012,0.2268
ATG,2011,Antigua and Barbuda,2011,0.2128
ATG,2010,Antigua and Barbuda,2010,0.2789
ATG,2009,Antigua and Barbuda,2009,0.2667
ATG,2008,Antigua and Barbuda,2008,0.2311
ATG,2007,Antigua and Barbuda,2007,0.2146
ATG,2006,Antigua and Barbuda,2006,0.1962
ATG,2005,Antigua and Barbuda,2005,0.1725
ATG,2004,Antigua and Barbuda,2004,0.1664
ATG,2003,Antigua and Barbuda,2003,0.1637
ATG,2002,Antigua and Barbuda,2002,0.1501
ATG,2001,Antigua and Barbuda,2001,0.1326
ATG,2000,Antigua and Barbuda,2000,0.1357
ATG,1999,Antigua and Barbuda,1999,0.2005
ATG,1998,Antigua and Barbuda,1998,0.1979
ATG,1997,Antigua and Barbuda,1997,0.1933
ATG,1996,Antigua and Barbuda,1996,0.1827
ATG,1995,Antigua and Barbuda,1995,0.1842
AGO,2020,Angola,2020,20.538
AGO,2019,Angola,2019,26.9963
AGO,2018,Angola,2018,25.8142
AGO,2017,Angola,2017,27.9951
AGO,2016,Angola,2016,31.2748
AGO,2015,Angola,2015,33.0865
AGO,2014,Angola,2014,30.8873
AGO,2013,Angola,2013,28.5343
AGO,2012,Angola,2012,24.7162
AGO,2011,Angola,2011,23.6501
AGO,2010,Angola,2010,22.7399
AGO,2009,Angola,2009,21.0889
AGO,2008,Angola,2008,19.1195
AGO,2007,Angola,2007,17.0559
AGO,2006,Angola,2006,16.3203
AGO,2005,Angola,2005,15.6389
AGO,2004,Angola,2004,17.6903
AGO,2003,Angola,2003,17.3297
AGO,2002,Angola,2002,15.9155
AGO,2001,Angola,2001,16.1923
AGO,2000,Angola,2000,16.512
AGO,1999,Angola,1999,18.0315
AGO,1998,Angola,1998,17.0365
AGO,1997,Angola,1997,16.4022
AGO,1996,Angola,1996,15.6788
AGO,1995,Angola,1995,12.9537
AND,2020,Andorra,2020,
AND,2019,Andorra,2019,
AND,2018,Andorra,2018,
AND,2017,Andorra,2017,
AND,2016,Andorra,2016,
AND,2015,Andorra,2015,
AND,2014,Andorra,2014,
AND,2013,Andorra,2013,
AND,2012,Andorra,2012,
AND,2011,Andorra,2011,
AND,2010,Andorra,2010,
AND,2009,Andorra,2009,
AND,2008,Andorra,2008,
AND,2007,Andorra,2007,
AND,2006,Andorra,2006,
AND,2005,Andorra,2005,
AND,2004,Andorra,2004,
AND,2003,Andorra,2003,
AND,2002,Andorra,2002,
AND,2001,Andorra,2001,
AND,2000,Andorra,2000,
AND,1999,Andorra,1999,
AND,1998,Andorra,1998,
AND,1997,Andorra,1997,
AND,1996,Andorra,1996,
AND,1995,Andorra,1995,
ASM,2020,American Samoa,2020,
ASM,2019,American Samoa,2019,
ASM,2018,American Samoa,2018,
ASM,2017,American Samoa,2017,
ASM,2016,American Samoa,2016,
ASM,2015,American Samoa,2015,
ASM,2014,American Samoa,2014,
ASM,2013,American Samoa,2013,
ASM,2012,American Samoa,2012,
ASM,2011,American Samoa,2011,
ASM,2010,American Samoa,2010,
ASM,2009,American Samoa,2009,
ASM,2008,American Samoa,2008,
ASM,2007,American Samoa,2007,
ASM,2006,American Samoa,2006,
ASM,2005,American Samoa,2005,
ASM,2004,American Samoa,2004,
ASM,2003,American Samoa,2003,
ASM,2002,American Samoa,2002,
ASM,2001,American Samoa,2001,
ASM,2000,American Samoa,2000,
ASM,1999,American Samoa,1999,
ASM,1998,American Samoa,1998,
ASM,1997,American Samoa,1997,
ASM,1996,American Samoa,1996,
ASM,1995,American Samoa,1995,
DZA,2020,Algeria,2020,171.9505
DZA,2019,Algeria,2019,181.6864
DZA,2018,Algeria,2018,174.8053
DZA,2017,Algeria,2017,166.3203
DZA,2016,Algeria,2016,160.7458
DZA,2015,Algeria,2015,164.5785
DZA,2014,Algeria,2014,155.033
DZA,2013,Algeria,2013,145.7286
DZA,2012,Algeria,2012,140.2699
DZA,2011,Algeria,2011,124.8035
DZA,2010,Algeria,2010,118.6168
DZA,2009,Algeria,2009,116.0891
DZA,2008,Algeria,2008,113.7088
DZA,2007,Algeria,2007,108.9161
DZA,2006,Algeria,2006,105.5039
DZA,2005,Algeria,2005,101.4002
DZA,2004,Algeria,2004,96.626
DZA,2003,Algeria,2003,96.5063
DZA,2002,Algeria,2002,89.6877
DZA,2001,Algeria,2001,85.8235
DZA,2000,Algeria,2000,87.9391
DZA,1999,Algeria,1999,84.9551
DZA,1998,Algeria,1998,81.4406
DZA,1997,Algeria,1997,79.6229
DZA,1996,Algeria,1996,81.5084
DZA,1995,Algeria,1995,83.819
ALB,2020,Albania,2020,4.5676
ALB,2019,Albania,2019,4.984
ALB,2018,Albania,2018,5.3341
ALB,2017,Albania,2017,5.3613
ALB,2016,Albania,2016,4.5382
ALB,2015,Albania,2015,4.8756
ALB,2014,Albania,2014,5.1022
ALB,2013,Albania,2013,4.7703
ALB,2012,Albania,2012,4.5385
ALB,2011,Albania,2011,5.0007
ALB,2010,Albania,2010,4.567
ALB,2009,Albania,2009,4.2836
ALB,2008,Albania,2008,4.195
ALB,2007,Albania,2007,4.246
ALB,2006,Albania,2006,4.1351
ALB,2005,Albania,2005,4.1489
ALB,2004,Albania,2004,4.4144
ALB,2003,Albania,2003,4.2116
ALB,2002,Albania,2002,4.0067
ALB,2001,Albania,2001,3.4396
ALB,2000,Albania,2000,3.2329
ALB,1999,Albania,1999,3.0869
ALB,1998,Albania,1998,1.9149
ALB,1997,Albania,1997,1.5806
ALB,1996,Albania,1996,2.0552
ALB,1995,Albania,1995,2.0702
AFG,2020,Afghanistan,2020,12.1436
AFG,2019,Afghanistan,2019,12.1046
AFG,2018,Afghanistan,2018,11.8099
AFG,2017,Afghanistan,2017,10.3972
AFG,2016,Afghanistan,2016,7.6117
AFG,2015,Afghanistan,2015,8.4272
AFG,2014,Afghanistan,2014,7.9588
AFG,2013,Afghanistan,2013,8.4287
AFG,2012,Afghanistan,2012,9.8844
AFG,2011,Afghanistan,2011,11.5231
AFG,2010,Afghanistan,2010,7.8684
AFG,2009,Afghanistan,2009,6.1659
AFG,2008,Afghanistan,2008,3.9029
AFG,2007,Afghanistan,2007,2.0642
AFG,2006,Afghanistan,2006,1.4185
AFG,2005,Afghanistan,2005,1.2763
AFG,2004,Afghanistan,2004,0.9024
AFG,2003,Afghanistan,2003,1.0172
AFG,2002,Afghanistan,2002,0.9388
AFG,2001,Afghanistan,2001,0.9402
AFG,2000,Afghanistan,2000,1.0093
AFG,1999,Afghanistan,1999,1.3633
AFG,1998,Afghanistan,1998,1.4093
AFG,1997,Afghanistan,1997,1.3735
AFG,1996,Afghanistan,1996,1.4056
AFG,1995,Afghanistan,1995,1.4526
FCS,2020,Fragile and conflict affected situations,2020,845.7532
FCS,2019,Fragile and conflict affected situations,2019,938.0153
FCS,2018,Fragile and conflict affected situations,2018,945.57
FCS,2017,Fragile and conflict affected situations,2017,914.9485
FCS,2016,Fragile and conflict affected situations,2016,919.1941
FCS,2015,Fragile and conflict affected situations,2015,907.6416
FCS,2014,Fragile and conflict affected situations,2014,983.0354
FCS,2013,Fragile and conflict affected situations,2013,1018.973
FCS,2012,Fragile and conflict affected situations,2012,1008.7858
FCS,2011,Fragile and conflict affected situations,2011,971.054
FCS,2010,Fragile and conflict affected situations,2010,957.9195
FCS,2009,Fragile and conflict affected situations,2009,886.2083
FCS,2008,Fragile and conflict affected situations,2008,941.312
FCS,2007,Fragile and conflict affected situations,2007,920.9649
FCS,2006,Fragile and conflict affected situations,2006,922.3538
FCS,2005,Fragile and conflict affected situations,2005,927.1223
FCS,2004,Fragile and conflict affected situations,2004,915.4584
FCS,2003,Fragile and conflict affected situations,2003,925.5136
FCS,2002,Fragile and conflict affected situations,2002,889.2289
FCS,2001,Fragile and conflict affected situations,2001,898.8586
FCS,2000,Fragile and conflict affected situations,2000,873.315
FCS,1999,Fragile and conflict affected situations,1999,843.6549
FCS,1998,Fragile and conflict affected situations,1998,863.5858
FCS,1997,Fragile and conflict affected situations,1997,910.8945
FCS,1996,Fragile and conflict affected situations,1996,908.9291
FCS,1995,Fragile and conflict affected situations,1995,947.785
