economy,time,NY.GDP.PCAP.CD,SP.DYN.LE00.IN,SP.POP.TOTL
ABW,1990,12187.5363611898,72.546,62753.0
ABW,1991,13233.9905169683,72.592,65896.0
ABW,1992,13892.6051427736,72.717,69005.0
ABW,1993,14700.9598081521,72.777,73685.0
ABW,1994,16055.2877874337,72.796,77595.0
ABW,1995,16548.7173868987,72.832,79805.0
ABW,1996,16620.9545555513,72.856,83021.0
ABW,1997,17750.0095644198,72.904,86301.0
ABW,1998,18828.0870594071,72.94,88451.0
ABW,1999,19216.1972354472,72.857,89659.0
ABW,2000,20681.0230269625,72.939,90588.0
ABW,2001,20740.1325828172,73.044,91439.0
ABW,2002,21307.2482505267,73.135,92074.0
ABW,2003,21949.4859960868,73.236,93128.0
ABW,2004,23700.6319899197,73.223,95138.0
ABW,2005,24171.8371325422,73.415,97635.0
ABW,2006,24845.65848362,73.498,99405.0
ABW,2007,26736.3089444046,73.642,100150.0
ABW,2008,28171.9094008501,73.783,100917.0
ABW,2009,25134.7712303589,73.974,101604.0
ABW,2010,24093.1401510626,74.297,101838.0
ABW,2011,25712.3843015186,74.578,102591.0
ABW,2012,25119.6655449838,74.841,104110.0
ABW,2013,25813.5714408438,75.072,105675.0
ABW,2014,26129.8390617693,75.261,106807.0
ABW,2015,27458.2201537506,75.405,107906.0
ABW,2016,27441.5502144601,75.54,108727.0
ABW,2017,28440.0416881491,75.62,108735.0
ABW,2018,30082.1584226798,75.88,108908.0
ABW,2019,30654.4851235397,76.019,109203.0
ABW,2020,22664.3709949437,75.406,108587.0
AFG,1990,,45.118,12045660.0
AFG,1991,,45.521,12238879.0
AFG,1992,,46.569,13278974.0
AFG,1993,,51.021,14943172.0
AFG,1994,,50.969,16250794.0
AFG,1995,,52.103,17065836.0
AFG,1996,,52.83,17763266.0
AFG,1997,,53.212,18452091.0
AFG,1998,,52.487,19159996.0
AFG,1999,,54.532,19887785.0
AFG,2000,174.930991430166,55.005,20130327.0
AFG,2001,138.706821676113,55.511,20284307.0
AFG,2002,178.954088379235,56.225,21378117.0
AFG,2003,198.871115728727,57.171,22733049.0
AFG,2004,221.763653873013,57.81,23560654.0
AFG,2005,254.184249149336,58.247,24404567.0
AFG,2006,274.218553561575,58.553,25424094.0
AFG,2007,376.223152003876,58.956,25909852.0
AFG,2008,381.73323802844,59.708,26482622.0
AFG,2009,452.053705477043,60.248,27466101.0
AFG,2010,560.621505463146,60.702,28284089.0
AFG,2011,606.694676337726,61.25,29347708.0
AFG,2012,651.417134470046,61.735,30560034.0
AFG,2013,637.087099117099,62.188,31622704.0
AFG,2014,625.054941813938,62.26,32792523.0
AFG,2015,565.569730408751,62.27,33831764.0
AFG,2016,522.082215583898,62.646,34700612.0
AFG,2017,525.469770891619,62.406,35688935.0
AFG,2018,491.337221382603,62.443,36743039.0
AFG,2019,496.6025042585,62.941,37856121.0
AFG,2020,510.787063366811,61.454,39068979.0
AGO,1990,965.866840464665,41.854,11626360.0
AGO,1991,881.919488130062,43.812,12023529.0
AGO,1992,668.706017459877,42.267,12423712.0
AGO,1993,449.727894936295,42.19,12827135.0
AGO,1994,334.973590276074,43.567,13249764.0
AGO,1995,404.29481849612,46.139,13699778.0
AGO,1996,531.115366543271,46.418,14170973.0
AGO,1997,521.70291489053,46.688,14660413.0
AGO,1998,429.188126933192,45.452,15159370.0
AGO,1999,392.725539027496,45.808,15667235.0
AGO,2000,563.733795571487,46.501,16194869.0
AGO,2001,533.586202412447,47.032,16747208.0
AGO,2002,999.065855956628,47.874,17327699.0
AGO,2003,1133.66331960414,50.218,17943712.0
AGO,2004,1451.47117870872,51.123,18600423.0
AGO,2005,2145.88621098663,52.13,19291161.0
AGO,2006,2930.44428606516,52.965,20015279.0
AGO,2007,3515.05678985496,54.2,20778561.0
AGO,2008,4578.15526451058,55.281,21578655.0
AGO,2009,3645.14846565169,56.225,22414773.0
AGO,2010,4101.63715564669,57.242,23294825.0
AGO,2011,5184.15269151846,58.093,24218352.0
AGO,2012,5702.45306277434,58.916,25177394.0
AGO,2013,5688.57916213471,59.705,26165620.0
AGO,2014,5649.68762467535,60.396,27160769.0
AGO,2015,3641.72893920253,61.042,28157798.0
AGO,2016,2082.37343594705,61.619,29183070.0
AGO,2017,2832.14997950512,62.122,30234839.0
AGO,2018,2891.83032378747,62.622,31297155.0
AGO,2019,2507.86807213642,63.051,32375632.0
AGO,2020,1749.1794838482,63.116,33451132.0
ALB,1990,617.230435515505,72.71,3286542.0
ALB,1991,336.586994504629,73.001,3266790.0
ALB,1992,200.852219772323,73.303,3247039.0
ALB,1993,367.279225077581,73.638,3227287.0
ALB,1994,586.416135130865,73.837,3207536.0
ALB,1995,911.320465445326,74.022,3187784.0
ALB,1996,1020.97618050188,74.113,3168033.0
ALB,1997,728.545523729675,73.383,3148281.0
ALB,1998,831.175344077295,74.357,3128530.0
ALB,1999,1056.34481153033,74.568,3108778.0
ALB,2000,1160.42047054038,74.826,3089027.0
ALB,2001,1326.41652388077,75.083,3060173.0
ALB,2002,1479.83884572006,75.299,3051010.0
ALB,2003,1908.69900687608,75.557,3039616.0
ALB,2004,2446.90949947798,75.951,3026939.0
ALB,2005,2741.72136549578,76.427,3011487.0
ALB,2006,3057.77257038113,76.994,2992547.0
ALB,2007,3743.05529896187,77.691,2970017.0
ALB,2008,4498.50486763601,78.248,2947314.0
ALB,2009,4213.65007574693,78.509,2927519.0
ALB,2010,4149.14469936847,78.414,2913021.0
ALB,2011,4465.70914328865,78.303,2905195.0
ALB,2012,4280.93316338873,78.084,2860708.0
ALB,2013,4542.92903556739,77.995,2816902.0
ALB,2014,4793.59751131525,78.029,2773767.0
ALB,2015,4199.53912925398,78.358,2731293.0
ALB,2016,4457.63412207495,78.643,2689469.0
ALB,2017,5006.36012951959,78.9,2648285.0
ALB,2018,5897.65452588774,79.238,2607733.0
ALB,2019,6069.43903131027,79.467,2567801.0
ALB,2020,6027.91350716348,77.824,2528480.0
AND,1990,19563.6574722488,78.961,52597.0
AND,1991,19533.2620668023,79.346,56667.0
AND,1992,20099.5352208543,79.794,60200.0
AND,1993,15916.8395162087,80.186,63272.0
AND,1994,15748.5307503373,80.587,64612.0
AND,1995,18443.2545197741,80.804,63912.0
AND,1996,19130.1597151312,81.009,63984.0
AND,1997,18247.9995651361,81.145,64700.0
AND,1998,18536.5084282698,81.28,65382.0
AND,1999,18875.2869134938,81.55,65710.0
AND,2000,21810.2487426174,81.863,65685.0
AND,2001,23511.2951466328,82.162,65852.0
AND,2002,26528.1301571494,82.448,66506.0
AND,2003,34063.5784040571,82.718,69486.0
AND,2004,39021.1278078772,82.815,74325.0
AND,2005,40829.801878928,83.086,77421.0
AND,2006,43467.210990395,83.374,79585.0
AND,2007,48336.2283340364,83.632,81877.0
AND,2008,49132.5157047203,83.855,83495.0
AND,2009,43975.0183658196,84.1,83888.0
AND,2010,42746.830952263,84.197,80706.0
AND,2011,46657.1561204071,84.296,77783.0
AND,2012,41500.5435782722,84.334,76834.0
AND,2013,42470.3161158563,84.406,75194.0
AND,2014,44369.6596894579,84.485,73737.0
AND,2015,38654.9347217207,84.532,72174.0
AND,2016,40129.8192026671,84.489,72181.0
AND,2017,40672.9943362327,84.359,73763.0
AND,2018,42819.774579353,84.242,75162.0
AND,2019,41257.8045861543,84.098,76474.0
AND,2020,37361.090067211,79.418,77380.0
ARE,1990,26709.9567949611,71.074,1898220.0
ARE,1991,25690.9151233865,71.144,2006626.0
ARE,1992,25648.2807476605,71.166,2114730.0
ARE,1993,25032.8269272198,71.159,2222093.0
ARE,1994,25472.6470660889,71.204,2328188.0
ARE,1995,27003.1753753727,71.392,2434662.0
ARE,1996,28323.1586889615,71.82,2597564.0
ARE,1997,27982.752550093,72.559,2817410.0
ARE,1998,24889.4426807231,73.66,3040421.0
ARE,1999,25855.8379155488,74.982,3266009.0
ARE,2000,29865.5285002232,76.347,3493575.0
ARE,2001,27745.1684523079,77.621,3723590.0
ARE,2002,27753.5810466782,78.721,3956826.0
ARE,2003,29659.5710296993,79.6,4192457.0
ARE,2004,33376.6880534412,80.272,4428967.0
ARE,2005,38719.3138285388,80.779,4664790.0
ARE,2006,44342.603055045,81.155,5009100.0
ARE,2007,45854.7352436978,81.438,5624635.0
ARE,2008,50054.1700685968,81.591,6302664.0
ARE,2009,37803.0663737818,81.679,6707058.0
ARE,2010,44795.2846234991,81.886,6869838.0
ARE,2011,51921.8890746408,81.898,7104538.0
ARE,2012,53141.6251661086,81.913,7391448.0
ARE,2013,53247.2278745159,81.95,7693031.0
ARE,2014,52725.2307981936,81.99,8059440.0
ARE,2015,44910.3458860776,82.076,8505237.0
ARE,2016,42721.1136110991,82.195,8935095.0
ARE,2017,43733.6242018215,82.388,9223225.0
ARE,2018,47135.3478795605,82.449,9346701.0
ARE,2019,45938.6084572227,82.596,9445785.0
ARE,2020,37991.738387966,81.936,9401038.0
ARG,1990,4315.33403111588,71.615,32755901.0
ARG,1991,5709.24784079504,72.02,33230294.0
ARG,1992,6789.99611136495,72.096,33693527.0
ARG,1993,6931.85596375876,72.303,34152717.0
ARG,1994,7437.56242327594,72.732,34613491.0
ARG,1995,7357.6162773788,72.864,35070020.0
ARG,1996,7663.21271287469,73.056,35513793.0
ARG,1997,8146.78710021431,73.407,35947791.0
ARG,1998,8218.99212764682,73.412,36372860.0
ARG,1999,7705.54288252851,73.683,36794682.0
ARG,2000,7637.01489203628,73.91,37213984.0
ARG,2001,7141.47507662826,74.154,37624825.0
ARG,2002,2569.69963519124,74.312,38029349.0
ARG,2003,3320.47775133903,74.307,38424282.0
ARG,2004,4242.02099089422,74.871,38815916.0
ARG,2005,5067.65342293276,75.231,39216789.0
ARG,2006,5869.38028970204,75.279,39622115.0
ARG,2007,7185.25155147027,74.783,40016763.0
ARG,2008,8944.1102657357,75.428,40424148.0
ARG,2009,8150.23527028221,75.577,40854831.0
ARG,2010,10260.1313108254,75.68,41288694.0
ARG,2011,12704.2831819684,76.1,41730660.0
ARG,2012,12949.717486654,75.802,42161721.0
ARG,2013,12963.675773326,75.829,42582455.0
ARG,2014,12233.1444119186,76.268,43024071.0
ARG,2015,13679.6264980954,76.6,43477012.0
ARG,2016,12699.9623137756,76.105,43900313.0
ARG,2017,14532.5009308511,76.543,44288894.0
ARG,2018,11752.7998922979,76.77,44654882.0
ARG,2019,9955.97478680428,76.847,44973465.0
ARG,2020,8535.59938004389,75.878,45191965.0
ARM,1990,635.355327502517,67.5493658536585,3552128.0
ARM,1991,572.740260900977,67.6270487804878,3613977.0
ARM,1992,356.350780006933,67.7185365853659,3571861.0
ARM,1993,347.870644720878,67.9731951219512,3453332.0
ARM,1994,390.879964297655,68.2718048780488,3364610.0
ARM,1995,443.924860857976,68.628487804878,3307581.0
ARM,1996,487.068624404558,69.0061219512195,3278735.0
ARM,1997,505.035887057966,69.3938292682927,3246289.0
ARM,1998,590.239947333459,69.7993414634146,3208401.0
ARM,1999,582.669886150895,70.1989512195122,3167286.0
ARM,2000,593.450581742282,72.8804878048781,3221100.0
ARM,2001,659.588988535629,72.9756097560976,3211800.0
ARM,2002,742.651118319819,72.8268292682927,3199800.0
ARM,2003,882.030167695474,72.8268292682927,3182500.0
ARM,2004,1130.08791444158,73.0268292682927,3164900.0
ARM,2005,1557.48458908655,73.0756097560976,3146400.0
ARM,2006,2041.65267068997,72.8243902439025,3127100.0
ARM,2007,2962.70234594569,72.8731707317073,3107400.0
ARM,2008,3777.66859313767,73.0731707317073,3087100.0
ARM,2009,2820.5926553347,73.0731707317073,3066000.0
ARM,2010,3041.34450723339,73.1731707317073,3044800.0
ARM,2011,3349.55309771906,73.8170731707317,3027900.0
ARM,2012,3511.56399687426,74.119512195122,3024100.0
ARM,2013,3680.16692158886,74.6219512195122,3022000.0
ARM,2014,3852.11800610384,74.8731707317073,3013800.0
ARM,2015,3512.39350276709,74.8707317073171,3004600.0
ARM,2016,3524.42476874707,74.8682926829268,2992300.0
ARM,2017,3869.05373867752,75.2170731707317,2979400.0
ARM,2018,4196.00562301769,75.619512195122,2969000.0
ARM,2019,4597.22887399548,76.2219512195122,2962500.0
ARM,2020,4268.68093304583,73.3756097560976,2961500.0
ASM,1990,,71.107,46640.0
ASM,1991,,71.312,47882.0
ASM,1992,,71.511,49038.0
ASM,1993,,71.54,50159.0
ASM,1994,,71.569,51251.0
ASM,1995,,71.565,52316.0
ASM,1996,,71.576,53353.0
ASM,1997,,71.606,54362.0
ASM,1998,,71.542,55334.0
ASM,1999,,71.484,56248.0
ASM,2000,,71.443,56855.0
ASM,2001,,71.573,57053.0
ASM,2002,8972.69636535698,71.755,57062.0
ASM,2003,9197.66196836987,71.698,56971.0
ASM,2004,8958.42866697173,72.277,56818.0
ASM,2005,8831.26975996609,72.382,56617.0
ASM,2006,8745.16621137404,72.397,56374.0
ASM,2007,9231.37240924563,72.365,56113.0
ASM,2008,10030.8089130902,72.43,55828.0
ASM,2009,12156.0293905777,70.839,55528.0
ASM,2010,10375.1720141957,72.587,55228.0
ASM,2011,10383.459331451,72.662,54895.0
ASM,2012,11745.4899153958,72.709,54489.0
ASM,2013,11813.5022034589,72.769,54006.0
ASM,2014,12026.3344929488,72.687,53466.0
ASM,2015,12727.4102651386,72.654,52878.0
ASM,2016,12843.3342903627,72.64,52245.0
ASM,2017,11863.6839452565,72.801,51586.0
ASM,2018,12552.0546868861,72.794,50908.0
ASM,2019,12886.1359517218,72.751,50209.0
ASM,2020,14489.2586563775,72.672,49761.0
ATG,1990,7590.75442423046,73.602,63066.0
ATG,1991,7956.47430919648,73.472,63387.0
ATG,1992,8153.73786307269,73.386,64404.0
ATG,1993,8624.62016806628,73.39,65587.0
ATG,1994,9351.48753768505,73.493,66843.0
ATG,1995,9034.47552907143,73.576,68189.0
ATG,1996,9756.08717951992,73.839,69612.0
ATG,1997,10336.2591617838,74.045,71053.0
ATG,1998,10906.8785406961,74.187,72412.0
ATG,1999,11342.3349230913,74.456,73666.0
ATG,2000,12027.4949768222,74.819,74912.0
ATG,2001,11539.1825063308,75.108,76069.0
ATG,2002,11658.6949915956,75.237,77032.0
ATG,2003,12173.2319860305,75.313,77884.0
ATG,2004,13037.8895772257,75.329,78719.0
ATG,2005,14368.5708796058,75.364,79611.0
ATG,2006,16173.8136329968,75.506,80604.0
ATG,2007,18204.5124043068,75.72,81704.0
ATG,2008,18786.6743142216,76.075,82912.0
ATG,2009,16472.2478528568,76.386,84173.0
ATG,2010,15217.3950790922,76.701,85320.0
ATG,2011,14911.7275084471,77.023,86332.0
ATG,2012,15639.8078114787,77.1,87260.0
ATG,2013,15051.5113587425,77.05,88064.0
ATG,2014,15532.1062063584,76.912,88765.0
ATG,2015,16077.6340769406,76.892,89409.0
ATG,2016,16556.8551801588,76.968,89969.0
ATG,2017,16965.7288273816,77.03,90468.0
ATG,2018,18273.4270684912,77.132,90926.0
ATG,2019,18896.3721832248,77.168,91364.0
ATG,2020,15369.6082250401,77.161,91846.0
AUS,1990,18273.561526468,76.9946341463415,17065128.0
AUS,1991,18885.4274465057,77.2756097560976,17284036.0
AUS,1992,18650.3675476612,77.3780487804878,17478635.0
AUS,1993,17724.5399501656,77.8780487804878,17634808.0
AUS,1994,18155.6282000179,77.8780487804878,17805468.0
AUS,1995,20479.1748274233,77.8292682926829,18004882.0
AUS,1996,22055.838490507,78.0780487804878,18224767.0
AUS,1997,23683.4948964934,78.4804878048781,18423037.0
AUS,1998,21516.0403147759,78.6317073170732,18607584.0
AUS,1999,20749.6443779096,78.9317073170732,18812264.0
AUS,2000,21908.9968019784,79.2341463414634,19028802.0
AUS,2001,19733.6510102645,79.6341463414634,19274701.0
AUS,2002,20335.0960191023,79.9365853658537,19495210.0
AUS,2003,23757.5898471684,80.2390243902439,19720737.0
AUS,2004,30886.0500949401,80.490243902439,19932722.0
AUS,2005,34535.20727091,80.8414634146341,20176844.0
AUS,2006,36658.8243476122,81.0414634146342,20450966.0
AUS,2007,41128.2476618402,81.2926829268293,20827622.0
AUS,2008,49811.2067218988,81.3951219512195,21249199.0
AUS,2009,42954.8494884573,81.5439024390244,21691653.0
AUS,2010,52313.8939041213,81.6951219512195,22031750.0
AUS,2011,62799.3895017032,81.8951219512195,22340024.0
AUS,2012,68301.4402512587,82.0463414634146,22733465.0
AUS,2013,68476.6788496118,82.1487804878049,23128129.0
AUS,2014,62817.2061751737,82.3,23475686.0
AUS,2015,56970.3613028094,82.4,23815995.0
AUS,2016,50084.4440606385,82.4487804878049,24190907.0
AUS,2017,54117.547718609,82.5,24592588.0
AUS,2018,57410.1737346009,82.7487804878049,24963258.0
AUS,2019,55194.7585097428,82.9,25334826.0
AUS,2020,51983.4523666382,83.2,25649248.0
AUT,1990,21596.068219998,75.5682926829269,7677850.0
AUT,1991,22323.1312492943,75.6170731707317,7754891.0
AUT,1992,24782.7118767063,75.8170731707317,7840709.0
AUT,1993,23987.2037240657,76.0682926829268,7905633.0
AUT,1994,25546.2460525087,76.419512195122,7936118.0
AUT,1995,30207.0674314652,76.6682926829268,7948278.0
AUT,1996,29645.9451251491,76.8707317073171,7959017.0
AUT,1997,26571.7523626508,77.319512195122,7968041.0
AUT,1998,27212.4642905708,77.6707317073171,7976789.0
AUT,1999,27078.7081612201,77.8756097560976,7992324.0
AUT,2000,24487.2974685956,78.1268292682927,8011566.0
AUT,2001,24430.495982841,78.5756097560976,8042293.0
AUT,2002,26334.862215032,78.6780487804878,8081957.0
AUT,2003,32110.1159661425,78.6317073170732,8121423.0
AUT,2004,36614.2506533707,79.1804878048781,8171966.0
AUT,2005,38157.37022862,79.3317073170732,8227829.0
AUT,2006,40382.2078298575,79.8804878048781,8268641.0
AUT,2007,46622.9622913635,80.1804878048781,8295487.0
AUT,2008,51581.3982361071,80.4317073170732,8321496.0
AUT,2009,47857.4446635266,80.3317073170732,8343323.0
AUT,2010,46611.1393420232,80.5804878048781,8363404.0
AUT,2011,51116.8953522042,80.9829268292683,8391643.0
AUT,2012,48250.4059142637,80.9365853658537,8429991.0
AUT,2013,50305.3545774973,81.1365853658537,8479823.0
AUT,2014,51314.9722616322,81.490243902439,8546356.0
AUT,2015,43915.228020857,81.190243902439,8642699.0
AUT,2016,45061.4993920192,81.6414634146342,8736668.0
AUT,2017,47163.7425775142,81.6439024390244,8797566.0
AUT,2018,51194.0749841299,81.6926829268293,8840521.0
AUT,2019,49885.9947355204,81.8951219512195,8879920.0
AUT,2020,48716.4098900349,81.1926829268293,8916864.0
AZE,1990,1238.27189274842,62.75,7175200.0
AZE,1991,734.944232805688,62.544,7271300.0
AZE,1992,60.2351205405972,60.773,7382050.0
AZE,1993,209.530954548425,61.426,7494800.0
AZE,1994,157.063549947072,60.277,7596550.0
AZE,1995,314.55801908334,61.931,7684850.0
AZE,1996,409.185543774103,62.66,7763000.0
AZE,1997,505.516204188336,62.953,7838250.0
AZE,1998,561.906807871869,63.75,7913000.0
AZE,1999,573.893528734031,64.733,7982750.0
AZE,2000,655.097249579917,65.377,8048600.0
AZE,2001,703.670998584686,66.043,8111200.0
AZE,2002,763.108895463487,66.769,8171950.0
AZE,2003,883.692580745256,67.036,8234100.0
AZE,2004,1045.0136328106,67.488,8306500.0
AZE,2005,1578.36733030667,67.71,8391850.0
AZE,2006,2472.95725732287,68.489,8484550.0
AZE,2007,3851.33015175141,68.659,8581300.0
AZE,2008,5574.46810432575,69.355,8763400.0
AZE,2009,4950.39949009423,69.874,8947243.0
AZE,2010,5843.5337683582,70.309,9054332.0
AZE,2011,7189.81869211976,70.565,9173082.0
AZE,2012,7495.86527658099,71.08,9295784.0
AZE,2013,7875.34536661549,71.485,9416801.0
AZE,2014,7890.84028062087,71.93,9535079.0
AZE,2015,5500.50364628486,72.349,9649341.0
AZE,2016,3880.6852276838,72.568,9757812.0
AZE,2017,4147.1981423222,72.694,9854033.0
AZE,2018,4739.7943123408,73.016,9939771.0
AZE,2019,4805.75371765917,73.29,10024283.0
AZE,2020,4229.91064904503,70.312,10093121.0
BDI,1990,202.629446176297,45.184,5587052.0
BDI,1991,204.668258398817,44.66,5703857.0
BDI,1992,184.868970456447,44.469,5858407.0
BDI,1993,165.344120319403,37.221,5676843.0
BDI,1994,161.892584261635,44.515,5713854.0
BDI,1995,164.915311679326,44.589,6066316.0
BDI,1996,143.156741187159,44.807,6070506.0
BDI,1997,160.278342046962,45.721,6070042.0
BDI,1998,144.456948255536,46.678,6187108.0
BDI,1999,127.51419578119,47.627,6337155.0
BDI,2000,134.537861752389,47.617,6470194.0
BDI,2001,132.159554541932,48.509,6634365.0
BDI,2002,120.952308575468,49.924,6824132.0
BDI,2003,111.406682804391,50.997,7043154.0
BDI,2004,125.194965184533,52.217,7310656.0
BDI,2005,147.234619294225,53.053,7587299.0
BDI,2006,161.892755640319,53.962,7865547.0
BDI,2007,166.162744906755,54.832,8161874.0
BDI,2008,189.502074570768,55.581,8505637.0
BDI,2009,198.431524048225,56.422,8947646.0
BDI,2010,216.727705301976,57.088,9376444.0
BDI,2011,230.069761381132,57.804,9717978.0
BDI,2012,231.098787811507,58.501,10071028.0
BDI,2013,234.844770150871,59.179,10439341.0
BDI,2014,250.544492155185,59.764,10799785.0
BDI,2015,254.402585226788,60.107,11047580.0
BDI,2016,232.937812100153,60.789,11239451.0
BDI,2017,246.060725714184,61.345,11506762.0
BDI,2018,245.661678332009,61.806,11859446.0
BDI,2019,234.31061590725,62.18,12255336.0
BDI,2020,252.702452750006,62.569,12617036.0
BEL,1990,20600.3752789827,76.0519512195122,9967379.0
BEL,1991,21041.6606519648,76.1921951219512,10004486.0
BEL,1992,23372.619171015,76.3512195121951,10045158.0
BEL,1993,22283.9360213551,76.3453658536585,10084475.0
BEL,1994,24208.5547931447,76.6917073170732,10115603.0
BEL,1995,28413.8264387368,76.8407317073171,10136811.0
BEL,1996,27489.5551770488,77.1873170731707,10156637.0
BEL,1997,24820.9380503896,77.3707317073171,10181245.0
BEL,1998,25338.4432934904,77.4731707317073,10203008.0
BEL,1999,25252.8019066564,77.619512195122,10226419.0
BEL,2000,23098.8865077401,77.7219512195122,10251250.0
BEL,2001,23015.0712632462,77.9731707317073,10286570.0
BEL,2002,25006.191397109,78.0756097560976,10332785.0
BEL,2003,30655.2092679024,78.1292682926829,10376133.0
BEL,2004,35429.4077933344,78.8780487804878,10421137.0
BEL,2005,36809.7013403619,78.9804878048781,10478617.0
BEL,2006,38705.1067959147,79.380487804878,10547958.0
BEL,2007,44319.165448813,79.7829268292683,10625700.0
BEL,2008,48303.397956286,79.6804878048781,10709973.0
BEL,2009,44923.3400135081,80.0341463414634,10796493.0
BEL,2010,44197.393671162,80.1829268292683,10895586.0
BEL,2011,47760.8298776546,80.5853658536585,11038264.0
BEL,2012,44874.1709182123,80.3853658536585,11106932.0
BEL,2013,46964.5946777056,80.5878048780488,11159407.0
BEL,2014,47995.7786961339,81.2878048780488,11209057.0
BEL,2015,40893.804537772,80.9926829268293,11274196.0
BEL,2016,41854.5498296444,81.4390243902439,11331422.0
BEL,2017,44035.3239358548,81.4926829268293,11375158.0
BEL,2018,47487.2100392561,81.5951219512195,11427054.0
BEL,2019,46716.6227467964,81.9951219512195,11488980.0
BEL,2020,45906.2875805246,80.6951219512195,11538604.0
BEN,1990,371.101604332357,53.02,5281479.0
BEN,1991,364.689296016645,53.441,5446932.0
BEN,1992,301.77329696287,54.137,5617844.0
BEN,1993,387.310054813122,54.612,5872706.0
BEN,1994,262.129807445074,54.988,6096506.0
BEN,1995,348.435238914394,55.366,6226773.0
BEN,1996,369.394384135736,55.648,6391858.0
BEN,1997,344.550491498963,55.986,6583365.0
BEN,1998,361.601983057505,56.154,6789489.0
BEN,1999,525.130597245974,56.336,7002818.0
BEN,2000,487.424141384242,56.594,7221619.0
BEN,2001,492.401499509072,56.654,7445596.0
BEN,2002,546.463829658159,56.851,7675426.0
BEN,2003,676.002878084282,57.092,7913070.0
BEN,2004,758.695803786371,57.346,8159094.0
BEN,2005,779.437777753268,57.738,8426144.0
BEN,2006,809.147072506221,57.966,8693242.0
BEN,2007,912.338247188342,58.249,8953969.0
BEN,2008,1060.60254502099,58.099,9228466.0
BEN,2009,1024.10277858112,58.258,9509423.0
BEN,2010,973.244254931526,58.387,9797484.0
BEN,2011,1059.41358852588,58.462,10093623.0
BEN,2012,1071.5258366283,58.559,10397657.0
BEN,2013,1168.92699279226,58.863,10708834.0
BEN,2014,1204.39918670094,59.008,11030004.0
BEN,2015,1002.41886879614,59.123,11360681.0
BEN,2016,1010.5338961993,59.283,11697842.0
BEN,2017,1054.97408066814,59.528,12039780.0
BEN,2018,1151.7409703472,59.71,12383347.0
BEN,2019,1130.82135339795,59.888,12726755.0
BEN,2020,1200.19426557789,60.154,13070169.0
BFA,1990,338.593759055128,49.315,9159356.0
BFA,1991,333.70605512636,49.33,9394632.0
BFA,1992,348.592443894547,49.378,9629275.0
BFA,1993,324.111576707435,49.412,9871713.0
BFA,1994,187.21142372606,49.469,10123798.0
BFA,1995,229.092294496817,49.554,10386722.0
BFA,1996,242.733171352672,49.693,10655942.0
BFA,1997,223.853958525611,49.56,10934223.0
BFA,1998,249.53173292493,50.163,11240664.0
BFA,1999,292.836958697313,50.463,11574928.0
BFA,2000,248.908526921752,50.808,11925546.0
BFA,2001,259.485223380436,51.188,12295001.0
BFA,2002,285.654087637533,51.447,12680897.0
BFA,2003,362.373899996953,51.959,13082532.0
BFA,2004,403.81283743461,52.6,13500533.0
BFA,2005,441.164148016012,53.271,13932123.0
BFA,2006,455.513655620024,53.784,14373707.0
BFA,2007,514.684451177238,54.377,14816307.0
BFA,2008,619.437533256264,55.199,15258093.0
BFA,2009,601.569520671859,55.791,15710066.0
BFA,2010,624.957252224766,56.343,16176498.0
BFA,2011,725.024767725475,57.001,16661908.0
BFA,2012,731.470138867833,57.457,17172287.0
BFA,2013,759.762065168498,57.903,17695409.0
BFA,2014,764.861675106225,58.331,18229461.0
BFA,2015,630.124750752312,58.778,18777487.0
BFA,2016,663.742364842886,59.173,19334856.0
BFA,2017,709.091535894695,59.578,19894407.0
BFA,2018,777.465618514048,59.972,20438288.0
BFA,2019,764.853077774946,60.184,20961952.0
BFA,2020,825.237038782475,60.454,21478690.0
BGD,1990,283.053737055234,55.822,111633717.0
BGD,1991,272.064948495878,53.781,113787109.0
BGD,1992,273.465072520272,56.592,115952192.0
BGD,1993,280.757274450366,57.073,118132360.0
BGD,1994,280.603031791216,57.64,120343179.0
BGD,1995,309.458680823367,58.244,122600370.0
BGD,1996,371.917937677345,58.94,124862179.0
BGD,1997,379.284917709635,59.671,127198069.0
BGD,1998,385.616881752796,60.429,129622332.0
BGD,1999,388.095684268235,61.244,132108065.0
BGD,2000,396.670730249751,62.049,134544304.0
BGD,2001,394.65641001891,62.836,136805810.0
BGD,2002,393.886422327628,63.591,138933658.0
BGD,2003,426.74880754362,64.288,140970351.0
BGD,2004,455.614016909798,64.912,142902856.0
BGD,2005,480.08585075452,65.509,144715786.0
BGD,2006,490.388026533289,66.048,146405973.0
BGD,2007,537.955492792911,66.458,147989278.0
BGD,2008,613.06204104124,67.047,149474264.0
BGD,2009,679.211477428056,67.527,150873714.0
BGD,2010,757.385280361508,68.009,152201981.0
BGD,2011,837.336944695647,68.499,153591076.0
BGD,2012,859.680536375497,68.989,155070101.0
BGD,2013,958.262989798283,69.487,156532141.0
BGD,2014,1094.46199702838,70.016,157964929.0
BGD,2015,1224.38647668165,70.543,159383179.0
BGD,2016,1649.28380858601,71.075,160811932.0
BGD,2017,1811.08221668646,71.606,162186147.0
BGD,2018,1965.24372731467,72.122,163523103.0
BGD,2019,2129.79896954606,72.625,164913055.0
BGD,2020,2248.85078828233,71.421,166298024.0
BGR,1990,2377.3707947508,71.6414634146342,8718289.0
BGR,1991,883.739622070812,71.5609756097561,8632367.0
BGR,1992,1007.34296439412,71.4943902439024,8540164.0
BGR,1993,1278.5223581096,71.3468292682927,8472313.0
BGR,1994,1149.89347084177,71.2087804878049,8443591.0
BGR,1995,2259.36679369328,71.0534146341463,8406067.0
BGR,1996,1470.26721873691,70.8973170731707,8362826.0
BGR,1997,1361.47904618155,70.3512195121951,8312068.0
BGR,1998,1820.5415264678,71.0609756097561,8256786.0
BGR,1999,1660.9935924411,71.4121951219512,8210624.0
BGR,2000,1621.3452487867,71.6634146341463,8170172.0
BGR,2001,1770.99748249575,71.7682926829268,8009142.0
BGR,2002,2093.08967660564,71.8658536585366,7837161.0
BGR,2003,2719.63335037372,72.0658536585366,7775327.0
BGR,2004,3389.86047992391,72.5634146341463,7716860.0
BGR,2005,3900.02501966492,72.5609756097561,7658972.0
BGR,2006,4523.37797301782,72.6121951219512,7601022.0
BGR,2007,5888.87094585161,72.6634146341463,7545338.0
BGR,2008,7271.67443724077,72.9634146341463,7492561.0
BGR,2009,6988.63048446496,73.4121951219512,7444443.0
BGR,2010,6854.2987837778,73.5121951219512,7395599.0
BGR,2011,7849.98219737366,74.1634146341463,7348328.0
BGR,2012,7432.33753378983,74.3146341463415,7305888.0
BGR,2013,7796.37945241455,74.8609756097561,7160005.0
BGR,2014,8070.01289303544,74.4658536585366,7073572.0
BGR,2015,7269.02586513711,74.6146341463415,6984225.0
BGR,2016,7822.89886431732,74.8121951219512,6894139.0
BGR,2017,8697.13373333715,74.8146341463415,6803468.0
BGR,2018,9849.88769989118,74.9634146341464,6710798.0
BGR,2019,10354.2500414088,75.1121951219512,6616726.0
BGR,2020,10760.7616180234,73.3560975609756,6550696.0
BHR,1990,9342.53891401688,72.587,514797.0
BHR,1991,10434.1323962786,72.668,503052.0
BHR,1992,10460.1583222808,72.785,516458.0
BHR,1993,11151.871495742,72.939,530225.0
BHR,1994,11629.3595219612,73.134,544366.0
BHR,1995,11900.9317778335,73.361,558879.0
BHR,1996,12091.7802188235,73.61,573792.0
BHR,1997,12254.6662583128,73.872,589115.0
BHR,1998,11625.0343768343,74.138,604842.0
BHR,1999,12123.3534715368,74.405,620989.0
BHR,2000,14214.4836839343,74.673,637582.0
BHR,2001,13573.2339887597,74.942,661316.0
BHR,2002,13501.4708801425,75.209,710553.0
BHR,2003,14486.0269029822,75.486,764517.0
BHR,2004,15963.9493171617,75.787,823741.0
BHR,2005,17966.1657837625,76.125,888822.0
BHR,2006,19267.282615072,76.51,960424.0
BHR,2007,20908.4042548073,76.952,1039295.0
BHR,2008,23299.4992780392,77.457,1103496.0
BHR,2009,19465.3140745038,78.016,1178415.0
BHR,2010,21819.3291098099,78.593,1228543.0
BHR,2011,25032.7867743333,79.141,1195020.0
BHR,2012,26438.6733230428,79.622,1208964.0
BHR,2013,26989.7601148469,79.998,1253191.0
BHR,2014,26451.7965647453,80.214,1314562.0
BHR,2015,23734.0551143019,80.338,1370322.0
BHR,2016,23800.001440631,80.407,1423726.0
BHR,2017,24784.7693514607,80.407,1501116.0
BHR,2018,26324.4066549559,80.412,1503091.0
BHR,2019,27259.7438599327,80.471,1483756.0
BHR,2020,24342.8444554718,78.683,1472204.0
BHS,1990,11473.3008389353,70.945,275945.0
BHS,1991,11082.3528573617,71.183,280731.0
BHS,1992,10873.4047501635,71.298,285927.0
BHS,1993,10613.0658785813,71.42,291339.0
BHS,1994,10991.2346674131,71.429,296509.0
BHS,1995,11374.6056703852,71.422,301461.0
BHS,1996,11783.797197226,71.464,306268.0
BHS,1997,20367.5732702056,71.597,310904.0
BHS,1998,21667.448821694,71.84,315368.0
BHS,1999,24041.0933188158,72.147,319614.0
BHS,2000,24940.0775086078,72.481,323835.0
BHS,2001,25371.9237667614,72.765,327836.0
BHS,2002,26781.6195938652,73.023,331614.0
BHS,2003,26429.1247787663,73.213,335618.0
BHS,2004,26650.2934234303,73.235,339782.0
BHS,2005,28602.4181869995,73.413,343894.0
BHS,2006,29184.7865087908,73.456,348375.0
BHS,2007,30051.8489587756,73.463,353334.0
BHS,2008,29392.3824416397,73.445,358120.0
BHS,2009,27512.9130950084,73.455,362810.0
BHS,2010,27473.100430502,73.449,367478.0
BHS,2011,27090.8376801379,73.571,371729.0
BHS,2012,28552.0242683151,73.707,375469.0
BHS,2013,27642.7419759179,73.93,378953.0
BHS,2014,29137.2175632622,74.029,382298.0
BHS,2015,30719.405417469,73.805,385346.0
BHS,2016,30616.5363157284,74.042,388055.0
BHS,2017,31875.4881749619,74.031,390485.0
BHS,2018,32642.3353203452,74.062,392717.0
BHS,2019,33640.3369861278,71.408,394675.0
BHS,2020,26178.7537607708,72.994,395863.0
BIH,1990,1742.88262171767,71.509,4448652.0
BIH,1991,1373.37104472973,71.813,4458343.0
BIH,1992,1118.17569934079,51.967,4234616.0
BIH,1993,929.872118717018,50.894,3904482.0
BIH,1994,337.090896023259,66.603,3725412.0
BIH,1995,502.365980975339,70.188,3715564.0
BIH,1996,718.933797141505,73.454,3875246.0
BIH,1997,913.813399054859,73.895,4018227.0
BIH,1998,1006.70479669823,74.472,4089356.0
BIH,1999,1134.60298042083,74.946,4130305.0
BIH,2000,1338.48059636261,75.292,4159771.0
BIH,2001,1387.89362942121,75.573,4179438.0
BIH,2002,1606.5467454132,75.994,4188002.0
BIH,2003,2033.94700935864,76.449,4178523.0
BIH,2004,2452.6860917386,76.489,4140987.0
BIH,2005,2739.61076866057,76.424,4096493.0
BIH,2006,3166.12865344833,76.028,4063272.0
BIH,2007,3931.48948737505,76.162,4013424.0
BIH,2008,4841.69311934649,76.3,3947544.0
BIH,2009,4539.91863774968,76.701,3879794.0
BIH,2010,4506.47828548389,76.827,3811472.0
BIH,2011,4982.69375768263,76.963,3741798.0
BIH,2012,4693.78899115381,77.037,3670113.0
BIH,2013,5034.56634817068,77.129,3610859.0
BIH,2014,5206.06573475132,77.089,3564829.0
BIH,2015,4662.25869219448,77.073,3518541.0
BIH,2016,4928.5665903114,77.124,3473003.0
BIH,2017,5345.01978766473,77.385,3428682.0
BIH,2018,6047.84707207392,77.942,3387000.0
BIH,2019,6122.37541352353,77.394,3345533.0
BIH,2020,6130.31187968266,76.04,3299349.0
BLR,1990,1706.64091882343,70.8365853658537,10189348.0
BLR,1991,1805.45592531527,70.3780487804878,10194050.0
BLR,1992,1658.08641281239,70.0219512195122,10216470.0
BLR,1993,1589.51011343649,68.9707317073171,10239050.0
BLR,1994,1460.00791360458,68.7682926829268,10226955.0
BLR,1995,1370.69991385664,68.4609756097561,10193831.0
BLR,1996,1427.26896385327,68.5121951219512,10159569.0
BLR,1997,1396.44201900881,68.4609756097561,10117433.0
BLR,1998,1511.32531567314,68.4073170731707,10071963.0
BLR,1999,1210.6117195862,67.9073170731707,10026738.0
BLR,2000,1276.2880341,68.9121951219512,9979610.0
BLR,2001,1244.37318523431,68.5073170731707,9928549.0
BLR,2002,1479.38066337175,68.0560975609756,9865548.0
BLR,2003,1819.52653114699,68.5536585365854,9796749.0
BLR,2004,2378.33700470129,68.9560975609756,9730146.0
BLR,2005,3126.07176665248,68.8512195121951,9663915.0
BLR,2006,3848.22350300163,69.4048780487805,9604924.0
BLR,2007,4735.48107556066,70.2073170731707,9560953.0
BLR,2008,6376.17569162063,70.4560975609756,9527985.0
BLR,2009,5352.48809190697,70.4073170731707,9504583.0
BLR,2010,6034.67885177216,70.4048780487805,9483836.0
BLR,2011,6527.6593428786,70.5536585365854,9461643.0
BLR,2012,6953.21591683101,71.9658536585366,9446836.0
BLR,2013,7998.0802045456,72.4707317073171,9443211.0
BLR,2014,8341.31809294883,72.9707317073171,9448515.0
BLR,2015,5967.05595058777,73.6243902439025,9461076.0
BLR,2016,5039.77560949445,73.8268292682927,9469379.0
BLR,2017,5785.54491935194,74.1292682926829,9458989.0
BLR,2018,6360.037502312,74.1756097560976,9438785.0
BLR,2019,6837.77339645635,74.2268292682927,9419758.0
BLR,2020,6542.85579976768,72.1385609756098,9379952.0
BLZ,1990,2986.46962075029,69.569,183076.0
BLZ,1991,3190.13098802395,69.645,187040.0
BLZ,1992,3642.9480634402,69.601,190983.0
BLZ,1993,3859.6584437307,69.595,194902.0
BLZ,1994,3876.69327011457,69.585,199097.0
BLZ,1995,4009.82752539849,69.484,204146.0
BLZ,1996,4043.26517997242,69.363,210310.0
BLZ,1997,4014.40380600241,69.183,217446.0
BLZ,1998,4125.92539958166,68.906,225173.0
BLZ,1999,4289.5277590653,68.976,233059.0
BLZ,2000,4726.50675459616,68.911,240799.0
BLZ,2001,4718.77715104739,68.944,248379.0
BLZ,2002,4858.86062599362,69.528,256009.0
BLZ,2003,4959.74012434605,69.819,263780.0
BLZ,2004,5153.71308265363,70.152,271688.0
BLZ,2005,5270.41479135312,70.335,279731.0
BLZ,2006,5524.78167834986,70.535,287878.0
BLZ,2007,5762.21023302938,70.652,296100.0
BLZ,2008,5711.81458859709,70.665,304361.0
BLZ,2009,5399.67100001919,70.806,312614.0
BLZ,2010,5461.40735999001,70.875,320245.0
BLZ,2011,5596.05222152289,70.975,327298.0
BLZ,2012,5732.66519942347,71.134,334414.0
BLZ,2013,5957.34953619006,71.276,341627.0
BLZ,2014,6128.12053089077,71.437,348923.0
BLZ,2015,6154.62264230369,71.647,356333.0
BLZ,2016,6140.86713919469,71.843,364705.0
BLZ,2017,6071.85451846453,72.062,373202.0
BLZ,2018,6011.99036888587,72.322,380226.0
BLZ,2019,6171.61449761423,72.577,385829.0
BLZ,2020,5238.54078175696,71.58,390812.0
BMU,1990,27665.525808301,73.952,57559.0
BMU,1991,28195.7091611479,74.204,57984.0
BMU,1992,28761.9634632835,74.446,58407.0
BMU,1993,30950.0799102285,74.766,58816.0
BMU,1994,31543.0634861641,75.276,59194.0
BMU,1995,34115.3445553204,75.92,59526.0
BMU,1996,45063.6149332085,76.52,59813.0
BMU,1997,48736.6768034299,76.972,60177.0
BMU,1998,51629.2814855126,77.389,60639.0
BMU,1999,54388.3417315621,77.854,61124.0
BMU,2000,56542.9569455727,78.251,61550.0
BMU,2001,59490.2452034202,78.637,61867.0
BMU,2002,63358.5658652763,78.841,62142.0
BMU,2003,67106.8028083224,78.715,62386.0
BMU,2004,71692.1589001679,78.898,62555.0
BMU,2005,77628.103522508,78.874,62711.0
BMU,2006,97781.4558996721,78.87,62834.0
BMU,2007,107395.651483891,79.006,63010.0
BMU,2008,110268.562401264,79.101,63300.0
BMU,2009,104711.712420357,79.229,63565.0
BMU,2010,104111.824244802,79.414,63725.0
BMU,2011,99049.0169927667,79.651,63733.0
BMU,2012,100213.493385287,79.847,63646.0
BMU,2013,101704.40746217,80.016,63574.0
BMU,2014,100961.576602811,80.199,63529.0
BMU,2015,104855.366822135,80.338,63464.0
BMU,2016,108747.356144305,80.476,63449.0
BMU,2017,112339.425587467,80.686,63578.0
BMU,2018,113204.82210838,80.986,63831.0
BMU,2019,115798.040775578,81.251,64107.0
BMU,2020,106976.546239632,81.456,64382.0
BOL,1990,682.67681029538,56.797,7130142.0
BOL,1991,733.935487602519,57.439,7280289.0
BOL,1992,759.57113496365,57.923,7430336.0
BOL,1993,756.637016048451,58.66,7579195.0
BOL,1994,774.035669644318,59.282,7727322.0
BOL,1995,852.754034861444,59.787,7874676.0
BOL,1996,922.113259069714,60.287,8021736.0
BOL,1997,970.351843368594,60.745,8167900.0
BOL,1998,1022.14506519545,61.227,8313394.0
BOL,1999,979.344494964572,61.655,8459806.0
BOL,2000,975.777060358751,62.057,8606326.0
BOL,2001,930.168227214313,62.538,8752736.0
BOL,2002,888.221328974352,63.068,8900355.0
BOL,2003,893.013760211149,63.455,9050700.0
BOL,2004,953.191893246277,63.819,9204287.0
BOL,2005,1020.12326200737,64.182,9360754.0
BOL,2006,1202.71150446327,64.529,9521689.0
BOL,2007,1354.54905949929,64.939,9685960.0
BOL,2008,1692.67248455876,65.299,9850858.0
BOL,2009,1731.18172112209,65.656,10016275.0
BOL,2010,1929.78373077158,66.003,10182345.0
BOL,2011,2315.52121930607,66.282,10348929.0
BOL,2012,2575.59857098084,66.586,10515807.0
BOL,2013,2870.02377000756,66.777,10682608.0
BOL,2014,3041.43503162408,66.97,10848888.0
BOL,2015,2996.01289811344,67.205,11014705.0
BOL,2016,3035.87347732132,67.392,11180020.0
BOL,2017,4048.40119739839,67.536,11344587.0
BOL,2018,4206.8552936661,67.699,11508368.0
BOL,2019,4203.15492855788,67.82,11671386.0
BOL,2020,3580.96761778303,62.906,11816299.0
BRA,1990,2581.14187449078,65.862,149143223.0
BRA,1991,2257.6092968885,66.203,151724256.0
BRA,1992,2127.31642731638,66.539,154275079.0
BRA,1993,2348.88247685352,66.892,156794577.0
BRA,1994,3298.71250747787,67.293,159265006.0
BRA,1995,4756.74840785403,67.701,161735073.0
BRA,1996,5179.13052002464,68.108,164202549.0
BRA,1997,5299.39630404412,68.505,166661659.0
BRA,1998,5105.89099544117,68.848,169159655.0
BRA,1999,3493.57162513699,69.211,171641543.0
BRA,2000,3766.54811466032,69.584,174018282.0
BRA,2001,3176.28935747524,69.98,176301203.0
BRA,2002,2855.94018885769,70.396,178503484.0
BRA,2003,3090.6070097455,70.884,180622688.0
BRA,2004,3663.823188064,71.361,182675143.0
BRA,2005,4827.78173074714,71.832,184688101.0
BRA,2006,5934.14470924968,72.296,186653106.0
BRA,2007,7409.69130673473,72.73,188552320.0
BRA,2008,8908.33176538648,73.111,190367302.0
BRA,2009,8678.6592244676,73.457,192079951.0
BRA,2010,11403.2821278747,73.779,193701929.0
BRA,2011,13396.6243562986,74.047,195284734.0
BRA,2012,12521.7213519966,74.335,196876111.0
BRA,2013,12458.8912138813,74.609,198478299.0
BRA,2014,12274.9939689363,74.823,200085127.0
BRA,2015,8936.19661712113,75.106,201675532.0
BRA,2016,8836.28652735657,75.081,203218114.0
BRA,2017,10080.5092819305,75.383,204703445.0
BRA,2018,9300.66164923219,75.633,206107261.0
BRA,2019,9029.83326681073,75.809,207455459.0
BRA,2020,7074.19378337644,74.506,208660842.0
BRB,1990,7781.40573306125,73.463,258582.0
BRB,1991,7790.26229439159,73.543,259373.0
BRB,1992,7519.20143544898,73.61,260267.0
BRB,1993,7904.70762426389,73.739,261027.0
BRB,1994,8223.16681181719,73.755,261620.0
BRB,1995,8460.47380869104,73.88,262039.0
BRB,1996,9011.77884838722,74.065,262284.0
BRB,1997,9521.57127377123,73.988,262392.0
BRB,1998,10734.3637242884,74.465,262436.0
BRB,1999,11244.3087668392,74.587,262517.0
BRB,2000,11674.6736471764,74.58,262063.0
BRB,2001,11639.5160522054,74.707,262425.0
BRB,2002,11760.4524736133,74.82,264148.0
BRB,2003,12075.9587020649,74.865,265776.0
BRB,2004,12886.3665272467,75.15,267298.0
BRB,2005,14214.4202213572,74.96,268706.0
BRB,2006,15619.6005955511,75.049,270002.0
BRB,2007,17235.4396434785,75.263,271288.0
BRB,2008,17565.6929970592,75.3,272714.0
BRB,2009,16294.9099491834,75.458,274123.0
BRB,2010,19723.2381931602,75.488,275243.0
BRB,2011,20146.2381264508,75.599,276139.0
BRB,2012,19811.2953079751,75.737,276938.0
BRB,2013,20384.4910233555,75.816,277665.0
BRB,2014,20423.7177921163,75.926,278348.0
BRB,2015,20429.4747123553,76.055,278990.0
BRB,2016,20311.4094163764,76.168,279598.0
BRB,2017,20870.7596432179,76.237,280171.0
BRB,2018,21378.2201267496,76.378,280711.0
BRB,2019,21929.435611489,76.495,281207.0
BRB,2020,19180.9915228365,76.647,281698.0
BRN,1990,23658.7166330381,71.629,255292.0
BRN,1991,23932.1897281583,71.858,262596.0
BRN,1992,23450.8964055243,72.09,269839.0
BRN,1993,22397.0737447404,72.333,276971.0
BRN,1994,22766.587177075,72.571,284091.0
BRN,1995,26443.2564746713,72.838,291195.0
BRN,1996,25692.2357348562,73.079,298276.0
BRN,1997,25522.3975038009,73.326,305341.0
BRN,1998,17769.2463451942,73.584,312385.0
BRN,1999,19752.2013255542,73.806,319411.0
BRN,2000,20130.2572346624,74.017,326424.0
BRN,2001,18287.8272281914,74.209,333345.0
BRN,2002,18621.2922577525,74.365,340099.0
BRN,2003,20677.9001143188,74.509,346637.0
BRN,2004,24423.0946995548,74.603,352911.0
BRN,2005,29386.2703822862,74.683,358916.0
BRN,2006,34674.7995236452,74.753,364663.0
BRN,2007,36217.3290706015,74.793,370873.0
BRN,2008,42156.5685838672,74.814,377793.0
BRN,2009,30946.4673773828,74.814,384952.0
BRN,2010,34937.5555357155,74.82,392332.0
BRN,2011,46382.8274255349,74.835,399389.0
BRN,2012,46968.5971164922,74.843,405557.0
BRN,2013,44003.0644273461,74.854,411202.0
BRN,2014,41026.5084247957,74.862,416750.0
BRN,2015,30625.1287744656,74.88,422212.0
BRN,2016,26663.2972950602,74.905,427564.0
BRN,2017,28024.3824580252,74.943,432772.0
BRN,2018,30988.1190267227,74.992,437810.0
BRN,2019,30426.5730656528,75.049,442680.0
BRN,2020,26834.3592233943,75.114,447404.0
BTN,1990,488.327431477129,55.811,589287.0
BTN,1991,400.634705187075,56.451,599784.0
BTN,1992,415.791522568451,57.208,577774.0
BTN,1993,407.39984249657,57.906,554673.0
BTN,1994,467.008312125283,58.395,554497.0
BTN,1995,530.103676927417,59.277,547989.0
BTN,1996,552.873891403681,59.982,548784.0
BTN,1997,630.447410148304,60.639,558697.0
BTN,1998,638.278962310609,61.322,569435.0
BTN,1999,685.419830628567,62.032,582579.0
BTN,2000,771.924911410619,61.842,596863.0
BTN,2001,812.238210772056,63.323,610794.0
BTN,2002,895.799489930972,63.984,624409.0
BTN,2003,1022.38240311018,64.662,637663.0
BTN,2004,1130.35934606796,65.29,650544.0
BTN,2005,1299.94938578359,65.875,661865.0
BTN,2006,1405.6071618158,66.499,670799.0
BTN,2007,1850.41570433398,67.152,678641.0
BTN,2008,1919.59774896395,67.733,686351.0
BTN,2009,1918.39599211093,68.156,693988.0
BTN,2010,2435.5798056672,68.765,701632.0
BTN,2011,2787.97967608562,69.28,709377.0
BTN,2012,2751.2128864294,69.759,717279.0
BTN,2013,2679.95217201538,70.161,725273.0
BTN,2014,2849.49998647303,70.504,733139.0
BTN,2015,2954.04081911097,70.797,740618.0
BTN,2016,3152.30905106786,71.119,747866.0
BTN,2017,3435.28804735662,71.413,754335.0
BTN,2018,3400.20417245342,71.711,759759.0
BTN,2019,3576.87987100503,72.005,764824.0
BTN,2020,3191.66906999331,72.253,770006.0
BWA,1990,2903.15381562611,60.104,1305696.0
BWA,1991,2938.59442659608,58.911,1341756.0
BWA,1992,3004.61263362306,58.19,1380033.0
BWA,1993,2929.43119022452,57.316,1420115.0
BWA,1994,2917.25514197806,55.97,1460023.0
BWA,1995,3156.18194514079,54.713,1498836.0
BWA,1996,3156.26865681161,54.284,1535914.0
BWA,1997,3194.18106145858,53.594,1571691.0
BWA,1998,2981.19639702109,52.968,1606899.0
BWA,1999,3339.99596033431,52.499,1641997.0
BWA,2000,3450.81180622992,52.263,1677382.0
BWA,2001,3206.07123689853,52.21,1712254.0
BWA,2002,3117.25087183011,52.373,1744763.0
BWA,2003,4230.12326909926,52.851,1775736.0
BWA,2004,4956.69287735214,53.573,1807146.0
BWA,2005,5391.07076619634,54.386,1839877.0
BWA,2006,5291.58379144849,55.112,1874516.0
BWA,2007,5529.12574632532,56.735,1911201.0
BWA,2008,5503.07395314313,57.661,1949970.0
BWA,2009,5082.93388332404,58.297,1990673.0
BWA,2010,6215.73216077919,59.137,2033111.0
BWA,2011,7287.38295334919,59.715,2073535.0
BWA,2012,6595.53845015424,60.384,2108617.0
BWA,2013,6666.91219583487,61.217,2140682.0
BWA,2014,7122.36423421503,62.167,2172044.0
BWA,2015,6141.20394726616,63.215,2203273.0
BWA,2016,6749.05994339013,64.32,2234776.0
BWA,2017,7104.96401088027,65.42,2266747.0
BWA,2018,7407.95940141786,66.371,2299141.0
BWA,2019,7172.08956480028,67.167,2332083.0
BWA,2020,6323.2974967659,67.643,2365894.0
CAF,1990,501.656200636394,49.854,2871910.0
CAF,1991,464.828283626364,49.575,2963191.0
CAF,1992,461.587303490896,49.213,3058831.0
CAF,1993,404.954546941526,48.899,3157839.0
CAF,1994,261.260397409459,48.509,3257954.0
CAF,1995,333.145863233895,48.109,3348052.0
CAF,1996,293.306575328658,47.7,3435965.0
CAF,1997,265.5212823896,47.284,3531700.0
CAF,1998,266.570544600384,47.089,3628827.0
CAF,1999,267.995954011083,46.91,3729450.0
CAF,2000,239.154133726071,46.609,3833416.0
CAF,2001,237.951702544735,46.734,3919487.0
CAF,2002,248.639290978403,46.84,4006077.0
CAF,2003,278.403992150941,47.306,4103086.0
CAF,2004,303.461321152782,47.696,4192826.0
CAF,2005,311.950023138687,48.207,4288810.0
CAF,2006,333.942519903031,48.687,4377579.0
CAF,2007,380.887048839475,49.327,4462770.0
CAF,2008,437.24827472489,49.873,4558984.0
CAF,2009,456.471673898404,14.665,4529047.0
CAF,2010,476.873786950728,46.871,4492995.0
CAF,2011,534.057281471636,50.107,4565021.0
CAF,2012,544.395849142785,51.336,4610848.0
CAF,2013,364.36696260838,49.487,4642419.0
CAF,2014,409.8504859647,40.265,4623182.0
CAF,2015,366.322853938121,51.934,4629320.0
CAF,2016,387.176203444318,50.999,4713663.0
CAF,2017,432.324025684263,45.231,4793511.0
CAF,2018,455.243962859534,52.297,4878657.0
CAF,2019,449.228467602439,31.53,4944703.0
CAF,2020,462.879071294011,50.596,5026628.0
CAN,1990,21525.8611387148,77.4365853658537,27691138.0
CAN,1991,21846.7930471354,77.5934146341464,28037420.0
CAN,1992,20950.3305287651,77.8380487804878,28371264.0
CAN,1993,20186.7988782965,77.7048780487805,28684764.0
CAN,1994,19997.6237373354,77.8717073170732,29000663.0
CAN,1995,20679.634792669,77.9773170731707,29302311.0
CAN,1996,21296.9723536904,78.220243902439,29610218.0
CAN,1997,21901.5870048928,78.4124390243903,29905948.0
CAN,1998,21024.5627149423,78.6236585365854,30155173.0
CAN,1999,22315.3130930482,78.8390243902439,30401286.0
CAN,2000,24271.0020563821,79.1668292682927,30685730.0
CAN,2001,23822.096210932,79.3980487804878,31020855.0
CAN,2002,24256.0598742201,79.5307317073171,31359199.0
CAN,2003,28301.9097055898,79.7151219512195,31642461.0
CAN,2004,32145.5653280273,79.9921951219512,31938807.0
CAN,2005,36383.9671341396,80.1126829268293,32242732.0
CAN,2006,40504.8490329826,80.5436585365854,32571193.0
CAN,2007,44660.0838892281,80.5436585365854,32888886.0
CAN,2008,46710.3654423328,80.7246341463415,33247298.0
CAN,2009,40874.9612318547,81.0660975609756,33630069.0
CAN,2010,47560.8378831258,81.3221951219512,34005902.0
CAN,2011,52224.1237767406,81.4826829268293,34339221.0
CAN,2012,52670.1429540952,81.6636585365854,34713395.0
CAN,2013,52637.7313222622,81.7448780487805,35080992.0
CAN,2014,50960.8942086685,81.7843902439025,35434066.0
CAN,2015,43594.2379080706,81.8258536585366,35704498.0
CAN,2016,42314.1033623905,81.94,36110803.0
CAN,2017,45129.7335281051,81.8078048780488,36545075.0
CAN,2018,46539.2177903178,81.8036585365854,37072620.0
CAN,2019,46352.9695208927,82.1585365853659,37618495.0
CAN,2020,43537.8981198851,81.53,38028638.0
CHE,1990,40170.8696758305,77.2424390243902,6715519.0
CHE,1991,40140.3718874038,77.5146341463415,6799978.0
CHE,1992,41327.1832947809,77.8060975609756,6875364.0
CHE,1993,39828.3640333356,78.0853658536586,6938265.0
CHE,1994,43741.1064805172,78.35,6993795.0
CHE,1995,50868.9734516769,78.4170731707317,7040687.0
CHE,1996,48837.8072568268,78.8960975609756,7071850.0
CHE,1997,42159.9962722039,79.079512195122,7088906.0
CHE,1998,43165.639648677,79.3243902439025,7110001.0
CHE,1999,42260.8690492557,79.580487804878,7143991.0
CHE,2000,39298.0968042444,79.6804878048781,7184250.0
CHE,2001,40133.6101965261,80.1804878048781,7229854.0
CHE,2002,43094.2492848494,80.3853658536585,7284753.0
CHE,2003,49947.3910175152,80.5365853658537,7339001.0
CHE,2004,55349.6164595028,81.0878048780488,7389625.0
CHE,2005,57080.0704338193,81.2365853658537,7437115.0
CHE,2006,59910.293405504,81.490243902439,7483934.0
CHE,2007,66082.1233977532,81.7414634146342,7551117.0
CHE,2008,75147.5376709155,81.9926829268293,7647675.0
CHE,2009,72788.2049524379,82.0439024390244,7743831.0
CHE,2010,77956.1262043942,82.2463414634147,7824909.0
CHE,2011,91910.3964565203,82.6951219512195,7912398.0
CHE,2012,87269.5594780124,82.6975609756098,7996861.0
CHE,2013,88851.2374497983,82.7975609756098,8089346.0
CHE,2014,90511.6484558843,83.1975609756098,8188649.0
CHE,2015,85265.06205193,82.8975609756098,8282396.0
CHE,2016,83432.4111596314,83.6024390243903,8373338.0
CHE,2017,83610.248611484,83.5512195121951,8451840.0
CHE,2018,87002.3382293532,83.7536585365854,8514329.0
CHE,2019,85872.9702303454,83.9048780487805,8575280.0
CHE,2020,87529.7016394892,83.0,8638167.0
CHI,1990,,76.3,143087.0
CHI,1991,,76.5,144269.0
CHI,1992,,77.1,144733.0
CHI,1993,,76.8,144984.0
CHI,1994,,77.0,145163.0
CHI,1995,,77.7,145247.0
CHI,1996,,77.8,145565.0
CHI,1997,,78.2,146214.0
CHI,1998,40472.6653548172,78.5,146906.0
CHI,1999,42443.7199726991,79.1,147554.0
CHI,2000,43479.1940767689,78.8,148110.0
CHI,2001,41873.7406146127,79.0,148850.0
CHI,2002,44459.7318188977,79.1,149881.0
CHI,2003,48570.7796632166,79.4,150960.0
CHI,2004,56259.5344226334,79.8,152039.0
CHI,2005,57647.1188908006,80.1,153126.0
CHI,2006,62745.1006593557,80.4,154214.0
CHI,2007,74139.97799443,80.6,155309.0
CHI,2008,,80.8,156408.0
CHI,2009,57778.5407063052,81.0,157511.0
CHI,2010,56123.4597963451,81.2,158621.0
CHI,2011,60415.2632075658,81.4,159706.0
CHI,2012,58809.5698945413,81.3,160767.0
CHI,2013,59308.4666588674,81.5,161777.0
CHI,2014,64697.5485024325,81.6,162726.0
CHI,2015,61847.8212238857,81.4,163454.0
CHI,2016,55947.579811974,81.2,163883.0
CHI,2017,55806.3554257428,81.0,164319.0
CHI,2018,60784.8125397162,81.1,164949.0
CHI,2019,60564.6293993681,81.2,165639.0
CHI,2020,56785.9402005039,80.9,166235.0
CHL,1990,2487.76829657299,73.675,13437176.0
CHL,1991,2798.34262413795,74.082,13662491.0
CHL,1992,3351.84108855522,74.367,13884577.0
CHL,1993,3540.91377313015,74.679,14102276.0
CHL,1994,4012.10159912285,74.973,14316256.0
CHL,1995,5081.4682771561,75.298,14527381.0
CHL,1996,5333.50438729711,75.555,14734046.0
CHL,1997,5741.95842989596,75.826,14932434.0
CHL,1998,5419.82417297191,76.324,15127799.0
CHL,1999,4933.55581516755,76.738,15319313.0
CHL,2000,5052.99245766325,77.128,15503635.0
CHL,2001,4563.5952986689,77.58,15683849.0
CHL,2002,4430.84741157984,77.84,15857925.0
CHL,2003,4773.40177520754,77.884,16024752.0
CHL,2004,6120.59152055344,78.276,16187322.0
CHL,2005,7480.32330998636,78.459,16348778.0
CHL,2006,9318.65655296121,78.533,16509195.0
CHL,2007,10346.4138184533,78.652,16671581.0
CHL,2008,10683.2188772511,78.752,16838988.0
CHL,2009,10098.8017167286,78.89,17009731.0
CHL,2010,12632.8704724192,79.095,17181464.0
CHL,2011,14487.3927832032,79.236,17351816.0
CHL,2012,15241.9069981119,79.221,17519119.0
CHL,2013,15683.5486369155,79.551,17687006.0
CHL,2014,14529.6767206336,79.714,17864195.0
CHL,2015,13433.9202987032,80.008,18047625.0
CHL,2016,13649.8520452803,80.295,18267221.0
CHL,2017,14879.9086227187,80.61,18558868.0
CHL,2018,15659.4808675628,80.559,18893191.0
CHL,2019,14496.9345640362,80.324,19197744.0
CHL,2020,13117.9930230086,79.349,19370624.0
CHN,1990,318.50335359039,68.155,1135185000.0
CHN,1991,334.130288119078,68.61,1150780000.0
CHN,1992,367.822651903542,69.059,1164970000.0
CHN,1993,378.939353053314,69.492,1178440000.0
CHN,1994,475.677874448369,69.835,1191835000.0
CHN,1995,612.680277898627,70.363,1204855000.0
CHN,1996,713.337387811657,70.823,1217550000.0
CHN,1997,786.743548510999,71.227,1230075000.0
CHN,1998,835.095348597432,71.601,1241935000.0
CHN,1999,881.146614068925,71.952,1252735000.0
CHN,2000,969.199513696287,72.288,1262645000.0
CHN,2001,1065.40597574519,72.675,1271850000.0
CHN,2002,1163.55957673426,73.034,1280400000.0
CHN,2003,1306.97245408557,73.385,1288400000.0
CHN,2004,1530.92726215723,73.727,1296075000.0
CHN,2005,1777.64496828464,74.085,1303720000.0
CHN,2006,2129.25696999613,74.404,1311020000.0
CHN,2007,2734.72709877693,74.789,1317885000.0
CHN,2008,3523.44302065213,74.833,1324655000.0
CHN,2009,3898.24459158811,75.317,1331260000.0
CHN,2010,4629.24551710077,75.668,1337705000.0
CHN,2011,5703.76027973346,75.889,1345035000.0
CHN,2012,6405.0574241349,76.2,1354190000.0
CHN,2013,7147.03518622344,76.452,1363240000.0
CHN,2014,7781.06597484974,76.714,1371860000.0
CHN,2015,8175.33285077393,76.975,1379860000.0
CHN,2016,8254.86859320357,77.214,1387790000.0
CHN,2017,8979.67652709856,77.235,1396215000.0
CHN,2018,10085.6638148819,77.709,1402760000.0
CHN,2019,10342.9009524335,77.94,1407745000.0
CHN,2020,10627.4637989619,78.019,1411100000.0
CIV,1990,885.647842214928,52.796,12189778.0
CIV,1991,827.241889166985,52.621,12683870.0
CIV,1992,844.902223806738,52.429,13200310.0
CIV,1993,804.149657211252,52.247,13735951.0
CIV,1994,581.888468577405,52.005,14287201.0
CIV,1995,740.4730999133,51.713,14855565.0
CIV,1996,1170.23622049666,51.596,15442312.0
CIV,1997,1124.65674867927,51.498,16047170.0
CIV,1998,1177.37133815342,51.22,16663948.0
CIV,1999,1096.13520587572,51.273,17215935.0
CIV,2000,936.636541348798,51.393,17699004.0
CIV,2001,924.727294962066,51.428,18178913.0
CIV,2002,967.815864415991,51.544,18654771.0
CIV,2003,1111.17135087887,51.443,19125542.0
CIV,2004,1199.82524528546,51.939,19595000.0
CIV,2005,1197.74616979415,52.432,20068458.0
CIV,2006,1230.43056838584,52.885,20546802.0
CIV,2007,1367.53817722326,53.452,21030558.0
CIV,2008,1583.97066701372,54.179,21514439.0
CIV,2009,1540.45393569596,54.744,21997940.0
CIV,2010,1553.54887048143,55.282,22488065.0
CIV,2011,1596.62826565998,55.972,22982000.0
CIV,2012,1546.9460184731,56.57,23467078.0
CIV,2013,1786.15862031324,57.057,23939775.0
CIV,2014,1991.36539423404,57.772,24527395.0
CIV,2015,1814.71855088017,58.281,25246342.0
CIV,2016,1862.59597081287,58.814,25989405.0
CIV,2017,1964.29930338343,59.315,26733372.0
CIV,2018,2130.86619381144,59.795,27464173.0
CIV,2019,2141.76836170115,60.274,28193009.0
CIV,2020,2179.72934832935,60.14,28915449.0
CMR,1990,1086.71700937081,54.348,11331821.0
CMR,1991,1014.82897292999,54.168,11667180.0
CMR,1992,1005.44897647465,54.053,12006353.0
CMR,1993,1309.93629975506,53.872,12353131.0
CMR,1994,700.70950185009,53.537,12704903.0
CMR,1995,832.006674487689,53.347,13058516.0
CMR,1996,826.965322327363,53.2,13414757.0
CMR,1997,783.251601945462,53.105,13775214.0
CMR,1998,798.745621406677,53.043,14144860.0
CMR,1999,796.262649784591,53.166,14525140.0
CMR,2000,708.565731625965,53.338,14912631.0
CMR,2001,715.470296470585,53.598,15309490.0
CMR,2002,789.623811072554,53.922,15725528.0
CMR,2003,988.241276791846,54.253,16160340.0
CMR,2004,1133.39326749673,54.578,16610487.0
CMR,2005,1142.62466252106,54.904,17074594.0
CMR,2006,1191.45458990968,55.301,17550407.0
CMR,2007,1325.67248215933,55.71,18049896.0
CMR,2008,1492.14269801453,56.116,18574056.0
CMR,2009,1461.38999232337,56.486,19113974.0
CMR,2010,1398.58702025047,56.965,19668066.0
CMR,2011,1513.96056994878,57.482,20232304.0
CMR,2012,1449.09874362279,58.17,20809529.0
CMR,2013,1575.92882118897,58.73,21402376.0
CMR,2014,1649.4433905949,59.13,22059893.0
CMR,2015,1415.00009710569,59.687,22763414.0
CMR,2016,1441.7201725688,60.293,23454161.0
CMR,2017,1496.08951771242,60.817,24128601.0
CMR,2018,1610.69641591017,61.189,24806383.0
CMR,2019,1555.22660476477,61.695,25506095.0
CMR,2020,1555.60370660749,61.674,26210558.0
COD,1990,254.872656292509,48.538,36684063.0
COD,1991,253.79642770809,48.944,37925817.0
COD,1992,209.726548794417,49.323,39228910.0
COD,1993,263.335582841074,49.621,40656336.0
COD,1994,136.542547670676,49.88,42626876.0
COD,1995,127.008078734668,50.381,44433704.0
COD,1996,127.416132828292,49.376,45296124.0
COD,1997,132.323520768553,50.461,46029902.0
COD,1998,131.461338858019,49.664,47297600.0
COD,1999,96.3192243479286,50.089,48912971.0
COD,2000,377.925421481395,51.887,50507442.0
COD,2001,142.678142604412,52.205,52132646.0
COD,2002,162.38052907429,52.371,53750524.0
COD,2003,161.491553524396,52.952,55343867.0
COD,2004,180.664764963633,53.534,56997741.0
COD,2005,214.539740473519,54.001,58775724.0
COD,2006,255.445229568751,54.498,60615908.0
COD,2007,294.101615124419,54.954,62477752.0
COD,2008,352.900363371995,55.388,64390664.0
COD,2009,280.178991035792,55.798,66412044.0
COD,2010,352.400398754692,56.411,68563038.0
COD,2011,372.514273875789,56.911,70849311.0
COD,2012,409.931424783784,57.35,73254618.0
COD,2013,460.370334930107,57.795,75789395.0
COD,2014,489.175952097319,58.236,78403242.0
COD,2015,495.826633014883,58.658,81035531.0
COD,2016,459.765036590388,59.081,83956415.0
COD,2017,431.052559128788,59.495,87083398.0
COD,2018,518.169626875371,59.926,90047644.0
COD,2019,504.00419142286,60.242,92947442.0
COD,2020,486.425572682256,60.428,95989998.0
COG,1990,1175.66709098428,57.07,2380560.0
COG,1991,1112.53521242945,56.764,2449229.0
COG,1992,1164.22442980292,56.483,2519465.0
COG,1993,1034.37200809816,56.041,2595124.0
COG,1994,661.904273689712,55.641,2673144.0
COG,1995,769.606794842829,55.474,2749461.0
COG,1996,898.794050151577,55.24,2826785.0
COG,1997,804.304050086499,48.575,2887862.0
COG,1998,660.379775085784,52.551,2952061.0
COG,1999,776.416349733937,54.427,3032874.0
COG,2000,1024.30159109181,55.371,3151345.0
COG,2001,854.598314408095,55.885,3272537.0
COG,2002,905.538135544704,56.414,3350771.0
COG,2003,1016.82363412143,57.131,3445753.0
COG,2004,1306.10136324599,57.957,3565554.0
COG,2005,1799.05158366154,58.73,3696393.0
COG,2006,2103.5821381211,59.474,3837409.0
COG,2007,2206.47101863414,60.05,3980430.0
COG,2008,2832.09177777643,60.79,4113517.0
COG,2009,2271.15219175966,61.215,4281219.0
COG,2010,2946.55798067708,61.731,4462290.0
COG,2011,3396.16505817952,62.286,4609724.0
COG,2012,3732.32737320389,62.662,4740450.0
COG,2013,3697.41705884249,62.969,4857099.0
COG,2014,3601.2365808718,63.349,4975880.0
COG,2015,2439.35189403696,63.662,5097581.0
COG,2016,2093.10728558843,63.911,5222536.0
COG,2017,2211.63309874797,64.203,5351011.0
COG,2018,2694.43413191427,64.472,5483118.0
COG,2019,2488.42466724916,63.152,5616661.0
COG,2020,1993.586671931,64.391,5752791.0
COL,1990,1474.8455285342,68.701,32440069.0
COL,1991,1485.73971889208,68.772,33098372.0
COL,1992,1730.39091795329,68.764,33760571.0
COL,1993,1929.26721811738,69.083,34441473.0
COL,1994,2325.91872973374,69.422,35127410.0
COL,1995,2583.66576349858,69.81,35804662.0
COL,1996,2664.64056059983,70.209,36462745.0
COL,1997,2873.2814350993,70.632,37121149.0
COL,1998,2604.87166959518,70.924,37792165.0
COL,1999,2241.22911801216,70.913,38454863.0
COL,2000,2555.00751039968,70.905,39089934.0
COL,2001,2472.99084035833,71.185,39709262.0
COL,2002,2428.92969771584,71.537,40324680.0
COL,2003,2311.94218760291,72.309,40937429.0
COL,2004,2818.57195413044,72.76,41543171.0
COL,2005,3456.06610874512,73.156,42128977.0
COL,2006,3789.85361217027,73.497,42691084.0
COL,2007,4769.926147194,73.751,43235374.0
COL,2008,5541.83629665898,74.206,43758808.0
COL,2009,5250.97292433518,74.531,44271541.0
COL,2010,6398.2958447102,74.876,44777319.0
COL,2011,7400.9940695669,75.18,45259614.0
COL,2012,8108.59838244229,75.611,45715810.0
COL,2013,8279.10255642981,75.834,46151584.0
COL,2014,8187.20824890084,75.95,46565429.0
COL,2015,6248.51490534512,76.067,46969940.0
COL,2016,5959.84250367574,76.228,47437512.0
COL,2017,6479.53231292429,76.418,48131078.0
COL,2018,6816.96818309544,76.579,49024465.0
COL,2019,6472.54544924705,76.793,49907985.0
COL,2020,5339.68711357943,74.757,50629997.0
COM,1990,903.20430581841,55.62,444596.0
COM,1991,879.348889291867,56.104,455556.0
COM,1992,938.595399659213,56.576,465113.0
COM,1993,903.033729112507,57.026,473682.0
COM,1994,652.898017688557,57.458,482142.0
COM,1995,800.623567802959,57.83,490586.0
COM,1996,786.380773511866,58.151,499107.0
COM,1997,714.519968676115,58.228,507777.0
COM,1998,704.479817408486,58.301,516597.0
COM,1999,707.228776682623,58.853,525886.0
COM,2000,633.309032776244,58.941,536080.0
COM,2001,681.163857619963,59.587,547220.0
COM,2002,764.61349832543,59.723,558923.0
COM,2003,959.691049354812,60.24,569798.0
COM,2004,1072.28409029621,60.557,580704.0
COM,2005,1105.78796866788,60.883,592677.0
COM,2006,1138.47908404345,61.229,604753.0
COM,2007,1289.73631056361,61.475,616927.0
COM,2008,1455.02768595586,61.955,629307.0
COM,2009,1410.30516959473,62.302,641947.0
COM,2010,1386.57533553376,62.747,654836.0
COM,2011,1531.43969320468,63.105,668056.0
COM,2012,1490.31425650871,63.463,681630.0
COM,2013,1603.32653496691,63.839,696192.0
COM,2014,1615.71709756316,64.143,711503.0
COM,2015,1329.37048235986,64.473,726682.0
COM,2016,1365.48403444497,64.792,741741.0
COM,2017,1423.9248027797,65.127,756669.0
COM,2018,1540.71132257526,65.401,771590.0
COM,2019,1519.26386436068,65.662,786578.0
COM,2020,1527.16991011916,65.756,802163.0
CPV,1990,817.442925539738,63.869,375428.0
CPV,1991,831.61388764249,64.066,384586.0
CPV,1992,907.847909529157,64.253,393415.0
CPV,1993,1220.04997868613,64.458,401965.0
CPV,1994,991.108974352157,64.648,410228.0
CPV,1995,1165.13832331934,63.691,418104.0
CPV,1996,1179.51522705182,65.521,425581.0
CPV,1997,1133.57422614008,66.082,432798.0
CPV,1998,1186.74294773086,66.714,439784.0
CPV,1999,1326.74466945164,67.409,446519.0
CPV,2000,1189.51479345891,68.117,453317.0
CPV,2001,1223.33055331575,68.707,460293.0
CPV,2002,1328.57874270666,69.447,467046.0
CPV,2003,1717.97565369655,70.006,473383.0
CPV,2004,1929.49081468781,70.499,479370.0
CPV,2005,2004.14680417563,70.936,485115.0
CPV,2006,2256.99666191075,71.341,490728.0
CPV,2007,3324.57675212498,71.487,496190.0
CPV,2008,3908.64885822576,71.888,501355.0
CPV,2009,3659.72046361628,72.142,506141.0
CPV,2010,3579.46006137809,72.507,509784.0
CPV,2011,4002.01386888785,72.913,511447.0
CPV,2012,3736.81517011087,73.315,511955.0
CPV,2013,3960.97596791345,73.481,512225.0
CPV,2014,3985.60706548134,73.788,512326.0
CPV,2015,3415.06266730931,74.096,512394.0
CPV,2016,3608.96605234906,74.35,512554.0
CPV,2017,3893.09571382506,74.71,512893.0
CPV,2018,4294.96510035729,74.84,513415.0
CPV,2019,4380.78117331128,75.449,514104.0
CPV,2020,3539.22661248299,73.818,514679.0
CRI,1990,1829.6687089559,76.094,3121706.0
CRI,1991,2253.3819611182,76.237,3202176.0
CRI,1992,2612.38762395528,76.385,3284258.0
CRI,1993,2840.38709085425,76.315,3367434.0
CRI,1994,3039.56331706225,76.329,3451122.0
CRI,1995,3275.25258510331,76.44,3535176.0
CRI,1996,3226.96401664833,76.428,3619013.0
CRI,1997,3407.77611260904,76.603,3701711.0
CRI,1998,3617.45758013205,76.869,3782838.0
CRI,1999,3690.9615476017,77.058,3862101.0
CRI,2000,3812.75386183689,77.317,3937739.0
CRI,2001,3985.12987980056,77.609,4008947.0
CRI,2002,4067.71854177094,77.939,4075705.0
CRI,2003,4173.14853766977,78.214,4138784.0
CRI,2004,4431.01172024063,78.512,4200078.0
CRI,2005,4703.00720463794,78.877,4261240.0
CRI,2006,5256.59641275583,79.049,4321340.0
CRI,2007,6137.71199435022,79.098,4380248.0
CRI,2008,6937.24261660254,79.18,4440056.0
CRI,2009,6832.69828187486,79.372,4499791.0
CRI,2010,8265.78820580299,79.354,4555962.0
CRI,2011,9276.39109377477,79.624,4609833.0
CRI,2012,10126.9991155066,79.925,4663934.0
CRI,2013,10803.2401795009,80.189,4716147.0
CRI,2014,10911.4978703456,80.231,4767119.0
CRI,2015,11714.7106121672,80.407,4818038.0
CRI,2016,12091.0301560892,79.988,4866998.0
CRI,2017,12317.0902779911,79.994,4913177.0
CRI,2018,12620.0207321581,80.09,4957818.0
CRI,2019,12951.8588421841,80.296,4999553.0
CRI,2020,12475.6852076814,79.725,5034320.0
CUB,1990,2694.31697957692,73.823,10631799.0
CUB,1991,2268.83493247194,73.757,10717640.0
CUB,1992,2047.67900346421,73.846,10785801.0
CUB,1993,2063.20366253587,73.874,10841031.0
CUB,1994,2613.28971869122,74.092,10886021.0
CUB,1995,2785.24442954103,74.346,10925362.0
CUB,1996,2282.18809324202,74.69,10962010.0
CUB,1997,2306.42483397336,75.064,10997934.0
CUB,1998,2332.30656133119,75.412,11034712.0
CUB,1999,2561.77980406838,75.719,11072230.0
CUB,2000,2751.3817714814,75.922,11109109.0
CUB,2001,2842.96704310394,76.429,11144132.0
CUB,2002,3005.21104247868,76.766,11177418.0
CUB,2003,3202.78109865637,77.405,11209383.0
CUB,2004,3399.21962893402,77.326,11238756.0
CUB,2005,3786.33799225291,77.54,11262554.0
CUB,2006,4329.98265964383,77.406,11278550.0
CUB,2007,4807.43888960684,77.55,11287272.0
CUB,2008,4986.12436479175,77.589,11291762.0
CUB,2009,5089.23519757167,77.584,11294719.0
CUB,2010,5272.26755824835,77.876,11297409.0
CUB,2011,6104.46105236166,78.051,11301571.0
CUB,2012,6470.83673392653,78.162,11303175.0
CUB,2013,6828.36428245396,78.028,11298167.0
CUB,2014,7146.70459051328,77.825,11285775.0
CUB,2015,7727.91997207998,77.745,11275065.0
CUB,2016,8110.55874283616,77.571,11265612.0
CUB,2017,8610.60829605429,77.3,11247829.0
CUB,2018,8911.46205998726,77.426,11227118.0
CUB,2019,9232.26115935183,77.413,11202846.0
CUB,2020,9605.27914559614,77.407,11176354.0
CUW,1990,,72.439,145400.0
CUW,1991,,72.536,144403.0
CUW,1992,,72.65,143912.0
CUW,1993,,72.703,144299.0
CUW,1994,,72.791,144630.0
CUW,1995,,72.831,145139.0
CUW,1996,,72.945,146306.0
CUW,1997,,73.035,146956.0
CUW,1998,,73.084,144472.0
CUW,1999,,73.174,139428.0
CUW,2000,15841.2612359949,73.283,133860.0
CUW,2001,16609.8454536485,73.36,129047.0
CUW,2002,16723.6925253468,73.472,129205.0
CUW,2003,16695.7351137757,73.603,131897.0
CUW,2004,16671.3403391655,73.735,134192.0
CUW,2005,17032.3356620744,73.873,137658.0
CUW,2006,17400.1637780186,73.978,141239.0
CUW,2007,18005.7165850772,74.137,144056.0
CUW,2008,19423.3352430175,74.314,145880.0
CUW,2009,19540.2476579348,74.485,146833.0
CUW,2010,19847.2310127979,75.117,148703.0
CUW,2011,19426.326382752,75.576,150831.0
CUW,2012,19809.8223198624,75.96,152088.0
CUW,2013,19721.2921646576,76.239,153822.0
CUW,2014,19623.029993395,76.384,155909.0
CUW,2015,19361.8130008678,76.482,157980.0
CUW,2016,18944.0961493998,76.322,159664.0
CUW,2017,18938.2440469703,76.423,160175.0
CUW,2018,19119.1243941688,76.493,159336.0
CUW,2019,19220.6866958303,76.492,157441.0
CUW,2020,16299.8134688605,76.501,155482.0
CYM,1990,,72.744,25999.0
CYM,1991,,72.911,27294.0
CYM,1992,,73.088,28621.0
CYM,1993,,73.25,29976.0
CYM,1994,,73.42,31352.0
CYM,1995,,73.597,32743.0
CYM,1996,,73.74,34143.0
CYM,1997,,73.904,35543.0
CYM,1998,,74.08,36922.0
CYM,1999,,74.232,38284.0
CYM,2000,,74.378,39674.0
CYM,2001,,74.529,41089.0
CYM,2002,,74.609,42514.0
CYM,2003,,74.639,43934.0
CYM,2004,,74.596,45352.0
CYM,2005,,74.863,46788.0
CYM,2006,87085.0937376216,75.0,48232.0
CYM,2007,89888.2618212462,75.152,49687.0
CYM,2008,89655.1196222184,75.386,51151.0
CYM,2009,81373.5711516642,75.671,52618.0
CYM,2010,76837.6699636672,76.069,54099.0
CYM,2011,75280.960764889,76.562,55606.0
CYM,2012,75101.59136128,77.121,57136.0
CYM,2013,75113.7332398618,77.652,58655.0
CYM,2014,75845.3060407986,77.865,60160.0
CYM,2015,76379.2095108681,78.119,61642.0
CYM,2016,77802.2541567187,78.367,63100.0
CYM,2017,80053.9444506891,78.615,64535.0
CYM,2018,83865.5531568184,78.835,65941.0
CYM,2019,88254.2903677044,79.052,67327.0
CYM,2020,82338.7977439023,79.23,68684.0
CYP,1990,9641.5751953125,76.044,788351.0
CYP,1991,9696.099609375,76.246,798944.0
CYP,1992,11310.072265625,76.291,810341.0
CYP,1993,10526.1416015625,76.294,826034.0
CYP,1994,11617.6923828125,76.383,844667.0
CYP,1995,15261.4169921875,76.583,862695.0
CYP,1996,15139.220703125,76.88,880290.0
CYP,1997,14234.2412109375,77.119,897568.0
CYP,1998,15092.828125,77.164,914548.0
CYP,1999,15287.91796875,77.572,931234.0
CYP,2000,14388.3525390625,77.9,947667.0
CYP,2001,14821.44921875,78.185,964127.0
CYP,2002,16093.2158203125,78.758,981440.0
CYP,2003,20252.24609375,78.908,999590.0
CYP,2004,23792.619140625,79.007,1017875.0
CYP,2005,24959.26171875,79.198,1036151.0
CYP,2006,26729.28125,79.456,1054418.0
CYP,2007,31244.87890625,79.798,1072714.0
CYP,2008,35541.88671875,79.906,1091026.0
CYP,2009,32236.462890625,80.375,1109371.0
CYP,2010,31105.02734375,80.632,1127816.0
CYP,2011,32485.8046875,80.855,1146493.0
CYP,2012,28991.9296875,81.128,1165397.0
CYP,2013,27764.7265625,81.317,1183895.0
CYP,2014,26993.095703125,81.337,1201801.0
CYP,2015,23088.4296875,81.464,1219502.0
CYP,2016,24280.044921875,81.534,1237112.0
CYP,2017,26247.46484375,81.543,1254275.0
CYP,2018,29120.38671875,81.556,1270737.0
CYP,2019,29227.16796875,81.454,1286671.0
CYP,2020,28130.330078125,81.23,1302247.0
CZE,1990,3969.36733543794,71.3839024390244,10333355.0
CZE,1991,2917.08655474323,71.8982926829268,10308578.0
CZE,1992,3396.70972430469,72.2717073170732,10319123.0
CZE,1993,3984.1463439879,72.7678048780488,10329855.0
CZE,1994,4663.28665345469,72.9726829268293,10333587.0
CZE,1995,5865.29460556726,73.0748780487805,10327253.0
CZE,1996,6573.19643136362,73.7146341463415,10315241.0
CZE,1997,6069.38762357837,73.8248780487805,10304131.0
CZE,1998,6526.59635780951,74.5146341463415,10294373.0
CZE,1999,6377.6211077224,74.6682926829268,10283860.0
CZE,2000,6062.92152842793,74.9682926829268,10255063.0
CZE,2001,6669.07494847497,75.1731707317073,10216605.0
CZE,2002,8101.26018588111,75.2219512195122,10196916.0
CZE,2003,9852.45677945801,75.1707317073171,10193998.0
CZE,2004,11782.5546676117,75.7219512195122,10197101.0
CZE,2005,13442.4916284309,75.9243902439025,10211216.0
CZE,2006,15259.0788162004,76.5243902439024,10238905.0
CZE,2007,18452.6532812196,76.7243902439025,10298828.0
CZE,2008,22774.7045076205,76.9756097560976,10384603.0
CZE,2009,19817.4215836554,77.0780487804878,10443936.0
CZE,2010,20160.4355077059,77.4243902439025,10474410.0
CZE,2011,22049.1080788682,77.8731707317073,10496088.0
CZE,2012,20014.0354015165,78.0756097560976,10510785.0
CZE,2013,20260.4954999375,78.1756097560976,10514272.0
CZE,2014,20038.4163180257,78.8243902439024,10525347.0
CZE,2015,17931.5987670768,78.5780487804878,10546059.0
CZE,2016,18753.9686718096,79.0268292682927,10566332.0
CZE,2017,20913.197632212,78.9780487804878,10594438.0
CZE,2018,23705.9329811299,79.0292682926829,10629928.0
CZE,2019,24062.7190013343,79.2292682926829,10671870.0
CZE,2020,23472.8915454417,78.2268292682927,10697858.0
DEU,1990,22385.6778250275,75.0856341463415,79433029.0
DEU,1991,23443.3350818536,75.319512195122,80013896.0
DEU,1992,26559.8543879632,75.819512195122,80624598.0
DEU,1993,25616.6508772405,75.8707317073171,81156363.0
DEU,1994,27201.9593555204,76.2707317073171,81438348.0
DEU,1995,31747.2449398447,76.4219512195122,81678051.0
DEU,1996,30599.7891048363,76.6731707317073,81914831.0
DEU,1997,27046.9565464237,77.0731707317073,82034771.0
DEU,1998,27395.9440608051,77.4756097560976,82047195.0
DEU,1999,26965.4922773722,77.7268292682927,82100243.0
DEU,2000,23925.8559901991,77.9268292682927,82211508.0
DEU,2001,23878.3641471651,78.3292682926829,82349925.0
DEU,2002,25486.5942008748,78.2292682926829,82488495.0
DEU,2003,30711.1022511331,78.3804878048781,82534176.0
DEU,2004,34566.7359143735,78.6804878048781,82516260.0
DEU,2005,35084.4363546269,78.9317073170732,82469422.0
DEU,2006,36980.3349948954,79.1317073170732,82376451.0
DEU,2007,42350.9217211489,79.5341463414634,82266372.0
DEU,2008,46379.1647953479,79.7365853658537,82110097.0
DEU,2009,42471.8868625226,79.8365853658537,81902307.0
DEU,2010,42396.9665976293,79.9878048780488,81776930.0
DEU,2011,47630.9761883572,80.4365853658537,80274983.0
DEU,2012,44718.0159214069,80.5390243902439,80425823.0
DEU,2013,47206.8353514242,80.490243902439,80645605.0
DEU,2014,48959.5991203133,81.090243902439,80982500.0
DEU,2015,41929.7549110722,80.6414634146341,81686611.0
DEU,2016,42948.9381932694,80.990243902439,82348669.0
DEU,2017,45553.9341495339,80.9926829268293,82657002.0
DEU,2018,48916.1686612154,80.8926829268293,82905782.0
DEU,2019,47656.199739747,81.2926829268293,83092962.0
DEU,2020,47394.8734504469,81.0414634146342,83160871.0
DJI,1990,780.497719360725,55.469,579538.0
DJI,1991,732.733101553782,55.194,631092.0
DJI,1992,763.659214503152,54.375,626010.0
DJI,1993,758.733842733535,55.734,614245.0
DJI,1994,784.556207408331,55.592,626710.0
DJI,1995,786.201866748458,56.234,633074.0
DJI,1996,761.943659476655,56.33,648348.0
DJI,1997,748.232840194914,56.207,671817.0
DJI,1998,735.349107889529,56.426,699352.0
DJI,1999,740.21930978973,56.564,724218.0
DJI,2000,737.612183644052,56.734,747318.0
DJI,2001,742.133791107063,57.506,771313.0
DJI,2002,743.013270420348,57.824,795574.0
DJI,2003,764.634465224597,58.041,813519.0
DJI,2004,806.261652944964,58.103,826124.0
DJI,2005,844.4483573908,58.548,839167.0
DJI,2006,898.464628136774,58.962,855764.0
DJI,2007,969.573220191902,59.362,874528.0
DJI,2008,1119.15233346969,59.815,892734.0
DJI,2009,1150.9375857489,60.351,911527.0
DJI,2010,1213.23352553429,60.743,930251.0
DJI,2011,1306.34552844977,61.337,948558.0
DJI,2012,1400.19357858954,61.719,966747.0
DJI,2013,2075.94498424748,62.116,984824.0
DJI,2014,2214.62084142432,62.427,1002717.0
DJI,2015,2376.12554719873,62.833,1020313.0
DJI,2016,2510.4300076241,63.335,1037653.0
DJI,2017,2618.95521147369,63.71,1054841.0
DJI,2018,2718.08338799203,64.105,1071882.0
DJI,2019,2837.16902340932,64.381,1088709.0
DJI,2020,2844.88810647853,64.2,1105188.0
DMA,1990,2892.9815966454,70.471,69627.0
DMA,1991,3171.36577815405,70.398,69296.0
DMA,1992,3376.26050139573,70.473,69325.0
DMA,1993,3536.15609185727,70.612,69433.0
DMA,1994,3805.20278759984,70.777,69477.0
DMA,1995,3951.72267086358,70.832,69469.0
DMA,1996,4210.99532034556,71.039,69410.0
DMA,1997,4372.19712966838,71.195,69299.0
DMA,1998,4664.24268142919,71.352,69124.0
DMA,1999,4817.18105502046,71.527,68870.0
DMA,2000,4867.39896323759,71.715,68511.0
DMA,2001,5527.51527300496,71.862,68288.0
DMA,2002,5488.02784969357,71.927,68367.0
DMA,2003,5447.44011496284,71.942,68531.0
DMA,2004,5778.83306546506,71.987,68649.0
DMA,2005,5695.22442394675,72.016,68734.0
DMA,2006,6055.78109574854,72.007,68806.0
DMA,2007,6459.03503689609,71.901,68847.0
DMA,2008,6971.32633839289,71.945,68854.0
DMA,2009,7487.49010395154,71.835,68864.0
DMA,2010,7549.61964680375,71.68,68859.0
DMA,2011,7705.40717248319,71.517,69053.0
DMA,2012,7528.51001990155,71.391,69118.0
DMA,2013,7822.21797211398,71.228,69715.0
DMA,2014,8131.74876096735,71.189,70373.0
DMA,2015,8282.59874702141,69.968,70410.0
DMA,2016,8802.56172041363,71.189,69606.0
DMA,2017,8224.64896571414,68.62,68496.0
DMA,2018,9215.3085405645,71.378,68174.0
DMA,2019,9491.14995962374,71.305,67880.0
DMA,2020,7827.74842680426,71.269,67573.0
DNK,1990,26885.6994188191,74.8053658536585,5140939.0
DNK,1991,27002.8057705804,75.1578048780488,5154298.0
DNK,1992,29579.4913648682,75.1941463414634,5171370.0
DNK,1993,27581.7241097459,75.1168292682927,5188628.0
DNK,1994,29967.8303903163,75.3751219512195,5206180.0
DNK,1995,35321.0980773087,75.2126829268293,5233373.0
DNK,1996,35621.9878051732,75.5914634146342,5263074.0
DNK,1997,32779.879045297,75.9451219512195,5284991.0
DNK,1998,33346.4884298957,76.1390243902439,5304219.0
DNK,1999,33426.2381077405,76.3414634146341,5321799.0
DNK,2000,30722.0251837567,76.5926829268293,5339616.0
DNK,2001,30768.4775471112,76.7926829268293,5358783.0
DNK,2002,33257.1622586509,76.8951219512195,5375931.0
DNK,2003,40519.0974905924,77.1439024390244,5390574.0
DNK,2004,46625.050098011,77.4926829268293,5404523.0
DNK,2005,48925.8076698784,77.8439024390244,5419432.0
DNK,2006,52119.1787984282,78.0951219512195,5437272.0
DNK,2007,58631.6566433635,78.1951219512195,5461438.0
DNK,2008,64616.6657583663,78.4463414634146,5493621.0
DNK,2009,58412.7472358513,78.5975609756098,5523095.0
DNK,2010,58104.5445594981,79.1,5547683.0
DNK,2011,61809.737898222,79.8,5570572.0
DNK,2012,58443.7747103968,80.0512195121951,5591572.0
DNK,2013,61377.5940590412,80.3,5614932.0
DNK,2014,62520.4509747011,80.7,5643475.0
DNK,2015,53094.0133607574,80.7024390243902,5683483.0
DNK,2016,54500.9260410217,80.8536585365854,5728010.0
DNK,2017,57521.5514992225,81.1024390243903,5764980.0
DNK,2018,61324.7665045565,80.9536585365854,5793636.0
DNK,2019,59404.2663247723,81.4512195121951,5814422.0
DNK,2020,60985.4885601514,81.6024390243903,5831404.0
DOM,1990,989.163941207659,67.746,7151166.0
DOM,1991,1345.84673690623,68.154,7299853.0
DOM,1992,1558.29782071075,68.525,7447474.0
DOM,1993,1722.41995993981,68.86,7594572.0
DOM,1994,1891.67055679,69.16,7741694.0
DOM,1995,2109.16940728689,69.394,7888115.0
DOM,1996,2270.86558687203,69.595,8032894.0
DOM,1997,2448.89393535363,69.809,8174078.0
DOM,1998,2607.85457321405,69.875,8310362.0
DOM,1999,2620.8896817272,70.178,8446208.0
DOM,2000,2831.45883638033,70.365,8584190.0
DOM,2001,2935.89367312668,70.553,8720283.0
DOM,2002,3065.60329524196,70.719,8852235.0
DOM,2003,2383.26171780393,70.856,8980620.0
DOM,2004,2451.69161616569,70.73,9104892.0
DOM,2005,3878.31206735244,71.043,9225034.0
DOM,2006,4055.14270347371,71.054,9341183.0
DOM,2007,4649.64558875814,71.097,9455658.0
DOM,2008,5023.58513403515,71.331,9573130.0
DOM,2009,4973.95186999952,71.587,9695265.0
DOM,2010,5478.62470398954,72.039,9820175.0
DOM,2011,5826.51014109195,72.496,9945621.0
DOM,2012,6013.81965002603,72.817,10070411.0
DOM,2013,6136.59429329301,73.038,10193833.0
DOM,2014,6496.45166971142,73.145,10315528.0
DOM,2015,6800.95309395474,72.982,10434829.0
DOM,2016,7160.44200982307,72.889,10551430.0
DOM,2017,7412.71571571512,73.37,10666843.0
DOM,2018,7882.98221584944,73.555,10782053.0
DOM,2019,8183.01623600375,73.112,10894043.0
DOM,2020,7135.22273255899,72.636,11008300.0
DZA,1990,2445.18332740258,67.658,25375810.0
DZA,1991,1759.11201648229,67.692,25987928.0
DZA,1992,1802.69300801289,67.725,26628568.0
DZA,1993,1831.04800976449,67.797,27277048.0
DZA,1994,1525.54061760288,67.284,27887279.0
DZA,1995,1466.94806760415,67.691,28470191.0
DZA,1996,1616.83198721285,68.219,29033044.0
DZA,1997,1628.76100561506,68.859,29579301.0
DZA,1998,1603.36623200836,69.327,30054133.0
DZA,1999,1596.11822239025,70.088,30474354.0
DZA,2000,1772.92869122761,70.576,30903893.0
DZA,2001,1896.30020878013,71.025,31331221.0
DZA,2002,1937.46411413019,71.644,31750835.0
DZA,2003,2283.77299346126,71.906,32175818.0
DZA,2004,2816.99384960555,72.536,32628286.0
DZA,2005,3233.13339634212,72.836,33109249.0
DZA,2006,3660.66104745322,73.116,33623506.0
DZA,2007,4167.45169937531,73.346,34189416.0
DZA,2008,5180.91881514686,73.618,34816961.0
DZA,2009,4235.42990456612,73.871,35490445.0
DZA,2010,4912.78585503672,74.144,36188236.0
DZA,2011,5916.31364364343,74.383,36903376.0
DZA,2012,6033.64884689543,74.609,37646166.0
DZA,2013,5979.60138960585,74.809,38414171.0
DZA,2014,6094.69392314956,74.992,39205031.0
DZA,2015,4685.05902729002,75.159,40019529.0
DZA,2016,4424.98529027556,75.31,40850721.0
DZA,2017,4554.66753957828,75.431,41689299.0
DZA,2018,4577.21029180491,75.555,42505035.0
DZA,2019,4468.45341883656,75.682,43294546.0
DZA,2020,3743.5419522929,73.257,44042091.0
ECU,1990,1455.00748510871,68.445,10473673.0
ECU,1991,1587.36049996672,69.04,10702380.0
ECU,1992,1655.44613192632,69.468,10930128.0
ECU,1993,1697.88884141445,70.07,11154274.0
ECU,1994,1996.85894789444,70.876,11372197.0
ECU,1995,2108.00698245316,71.349,11590514.0
ECU,1996,2135.8479374308,71.82,11810950.0
ECU,1997,2340.76600026857,72.007,12031127.0
ECU,1998,2284.01572847769,71.949,12251184.0
ECU,1999,1575.30234730971,71.92,12470795.0
ECU,2000,1382.23421759909,72.09,12689206.0
ECU,2001,1791.30359685037,72.571,12910740.0
ECU,2002,2059.1585535974,73.164,13138472.0
ECU,2003,2315.62215223014,73.632,13372306.0
ECU,2004,2586.20914663347,73.868,13608701.0
ECU,2005,2909.02606014388,73.909,13846163.0
ECU,2006,3243.67010359339,74.01,14086131.0
ECU,2007,3478.92488770671,74.226,14328773.0
ECU,2008,4194.75750661981,74.709,14575202.0
ECU,2009,4053.36331139298,74.901,14825954.0
ECU,2010,4520.30959039763,75.188,15076695.0
ECU,2011,5153.6916424375,75.179,15326227.0
ECU,2012,5634.08393191094,75.486,15572194.0
ECU,2013,6109.29031510341,75.832,15807128.0
ECU,2014,6405.79979300441,76.141,16035124.0
ECU,2015,5976.1596805651,76.222,16266225.0
ECU,2016,5917.63771271481,76.094,16505139.0
ECU,2017,6233.32244797718,76.22,16759519.0
ECU,2018,6303.91886658338,77.248,17049547.0
ECU,2019,6205.05765246766,77.286,17340021.0
ECU,2020,5463.64515348598,72.004,17546065.0
EGY,1990,735.982935028025,62.513,58396618.0
EGY,1991,622.829605007867,63.059,60028997.0
EGY,1992,680.79923864551,63.585,61480660.0
EGY,1993,740.334217356418,64.147,62915681.0
EGY,1994,807.303537230487,64.663,64285589.0
EGY,1995,916.326617700876,65.214,65652622.0
EGY,1996,1008.97637629447,65.733,67028048.0
EGY,1997,1146.20172117634,66.207,68431740.0
EGY,1998,1212.82259820477,66.635,69943294.0
EGY,1999,1268.30949160496,67.01,71520954.0
EGY,2000,1366.09274372613,67.332,73083284.0
EGY,2001,1295.1374184163,67.612,74652029.0
EGY,2002,1116.82884626213,67.846,76239137.0
EGY,2003,1031.27556291284,68.045,77853548.0
EGY,2004,991.255689145253,68.211,79477443.0
EGY,2005,1105.53920713903,68.355,81101004.0
EGY,2006,1298.97900203124,68.493,82700403.0
EGY,2007,1547.74170735909,68.627,84276225.0
EGY,2008,1896.21594269779,68.761,85864789.0
EGY,2009,2161.63964573927,68.915,87501636.0
EGY,2010,2455.08194645282,69.078,89196072.0
EGY,2011,2590.64384891965,69.232,91093059.0
EGY,2012,2996.0677072015,69.464,93161001.0
EGY,2013,3025.52563552448,69.632,95333553.0
EGY,2014,3133.39102265541,69.911,97528654.0
EGY,2015,3306.98159414141,70.135,99597342.0
EGY,2016,3270.6287768197,70.437,101644589.0
EGY,2017,2395.10333299491,70.709,103696057.0
EGY,2018,2484.70315630508,70.974,105682094.0
EGY,2019,2962.98892023003,71.213,107553158.0
EGY,2020,3511.11381026379,69.79,109315124.0
ERI,1990,,49.733,2032737.0
ERI,1991,,50.516,1919571.0
ERI,1992,265.240962963337,52.436,1798748.0
ERI,1993,252.085777069472,53.189,1856006.0
ERI,1994,277.801423620334,54.027,1913915.0
ERI,1995,285.402184008331,54.822,2025267.0
ERI,1996,325.838705371605,55.498,2128464.0
ERI,1997,318.980960831984,56.155,2152135.0
ERI,1998,341.91736400208,49.997,2180419.0
ERI,1999,311.336209255125,44.506,2212780.0
ERI,2000,314.357396753501,56.285,2247031.0
ERI,2001,325.409161513593,58.359,2312079.0
ERI,2002,304.775756465092,58.941,2392978.0
ERI,2003,348.950327077742,59.455,2493903.0
ERI,2004,426.840947887032,60.063,2598284.0
ERI,2005,412.753079199423,60.628,2661215.0
ERI,2006,447.997404727201,61.457,2703502.0
ERI,2007,480.44762365456,61.998,2743222.0
ERI,2008,490.066956003333,62.422,2816327.0
ERI,2009,642.92572288007,63.203,2887885.0
ERI,2010,539.699512069686,63.665,2945186.0
ERI,2011,688.68165957684,64.231,2998485.0
ERI,2012,,64.697,3036988.0
ERI,2013,,65.005,3074360.0
ERI,2014,,65.517,3095173.0
ERI,2015,,65.909,3105546.0
ERI,2016,,66.242,3124698.0
ERI,2017,,66.612,3150347.0
ERI,2018,,66.979,3192760.0
ERI,2019,,67.306,3240194.0
ERI,2020,,66.98,3291271.0
ESP,1990,13795.0159385128,76.8375609756098,38867322.0
ESP,1991,14801.3226152172,76.9712195121951,38966376.0
ESP,1992,16100.6799428032,77.41,39157685.0
ESP,1993,13330.3798192211,77.5465853658537,39361262.0
ESP,1994,13405.704414883,77.9014634146342,39549108.0
ESP,1995,15460.9110266653,77.9807317073171,39724050.0
ESP,1996,16100.6215831114,78.1204878048781,39889852.0
ESP,1997,14722.3717633536,78.6041463414634,40057389.0
ESP,1998,15382.3348573373,78.6658536585366,40223509.0
ESP,1999,15707.9473068138,78.7170731707317,40386875.0
ESP,2000,14743.2671031455,78.9658536585366,40567864.0
ESP,2001,15368.2337984435,79.3682926829268,40850412.0
ESP,2002,17111.0685058941,79.5682926829268,41431558.0
ESP,2003,21522.0170990262,79.619512195122,42187645.0
ESP,2004,24925.0267844576,79.8707317073171,42921895.0
ESP,2005,26450.9530130382,80.1707317073171,43653155.0
ESP,2006,28421.686527407,80.8219512195122,44397319.0
ESP,2007,32652.015594702,80.8731707317073,45226803.0
ESP,2008,35603.248328071,81.1756097560976,45954106.0
ESP,2009,32279.8208476151,81.4756097560976,46362946.0
ESP,2010,30658.7422282912,81.6268292682927,46576897.0
ESP,2011,31824.6219134777,82.4756097560976,46742697.0
ESP,2012,28456.4438151477,82.4268292682927,46773055.0
ESP,2013,29228.846559842,83.0780487804878,46604197.0
ESP,2014,29707.765509467,83.2292682926829,46460733.0
ESP,2015,25982.4416197775,82.8317073170732,46422303.0
ESP,2016,26755.6061149398,83.3292682926829,46458139.0
ESP,2017,28381.3425596906,83.2829268292683,46571232.0
ESP,2018,30602.4212881113,83.4317073170732,46782011.0
ESP,2019,29786.5245689007,83.8317073170732,47118501.0
ESP,2020,27233.9426461608,82.2317073170732,47359424.0
EST,1990,,69.4756097560976,1569174.0
EST,1991,,69.3731707317073,1561314.0
EST,1992,,68.8634146341464,1533091.0
EST,1993,2685.90889287357,67.909756097561,1494128.0
EST,1994,2819.12612100926,66.5,1462514.0
EST,1995,3134.38975345407,67.5439024390244,1436634.0
EST,1996,3380.92630243199,69.6121951219512,1415594.0
EST,1997,3682.95230146695,69.809756097561,1399535.0
EST,1998,4093.39247738765,69.3585365853659,1386156.0
EST,1999,4140.93660232167,70.0634146341463,1390244.0
EST,2000,4070.60902410208,70.4170731707317,1396985.0
EST,2001,4502.66614992392,70.2585365853659,1388115.0
EST,2002,5343.18310760735,70.9048780487805,1379350.0
EST,2003,7205.40703313243,71.3170731707317,1370720.0
EST,2004,8916.0728274602,71.909756097561,1362550.0
EST,2005,10414.6381183565,72.5682926829268,1354775.0
EST,2006,12641.4800976473,72.6914634146341,1346810.0
EST,2007,16745.4308011148,72.8146341463415,1340680.0
EST,2008,18205.9064113446,73.7707317073171,1337090.0
EST,2009,14712.4494217916,74.8243902439024,1334515.0
EST,2010,14663.7041018705,75.4292682926829,1331475.0
EST,2011,17555.5455239426,76.2292682926829,1327439.0
EST,2012,17568.2137969714,76.3268292682927,1322696.0
EST,2013,19310.3874900757,77.1414634146341,1317997.0
EST,2014,20581.7898991695,77.0341463414634,1314545.0
EST,2015,17722.1557669523,77.590243902439,1315407.0
EST,2016,18666.3736521706,77.6414634146342,1315790.0
EST,2017,20851.5223496861,78.0926829268293,1317384.0
EST,2018,23618.1361254581,78.2439024390244,1321977.0
EST,2019,24021.2501413306,78.6463414634147,1326898.0
EST,2020,23933.9939421065,78.5951219512195,1329522.0
ETH,1990,262.108971053707,45.117,47609755.0
ETH,1991,277.565910365091,46.657,49717198.0
ETH,1992,207.406400863847,47.279,51853747.0
ETH,1993,168.520401400989,47.676,53708891.0
ETH,1994,127.685923459033,47.926,55611508.0
ETH,1995,136.523619088963,48.156,57537335.0
ETH,1996,147.327458851964,48.697,59467635.0
ETH,1997,143.369531498844,49.21,61404539.0
ETH,1998,126.465095781244,49.785,63363524.0
ETH,1999,120.734631499865,49.486,65374561.0
ETH,2000,122.269202606069,50.88,67411494.0
ETH,2001,118.457204255261,51.428,69487762.0
ETH,2002,109.593813612988,52.085,71635517.0
ETH,2003,116.800491132777,52.877,73832663.0
ETH,2004,133.169812538096,53.735,76077206.0
ETH,2005,158.243458082465,54.364,78367470.0
ETH,2006,189.345737521418,55.402,80703490.0
ETH,2007,237.146255996319,56.566,83103217.0
ETH,2008,316.410475118075,57.733,85543668.0
ETH,2009,368.574712267445,58.715,88007636.0
ETH,2010,330.619412798644,59.709,90538514.0
ETH,2011,343.024942351887,60.595,93149970.0
ETH,2012,452.101031885754,61.443,95798767.0
ETH,2013,484.039833104062,62.161,98438751.0
ETH,2014,549.986577082588,62.927,101115610.0
ETH,2015,597.912113218663,63.592,103867135.0
ETH,2016,641.651523286233,64.162,106718162.0
ETH,2017,696.348429076216,64.766,109666481.0
ETH,2018,739.702022272086,65.257,112664152.0
ETH,2019,793.473247218996,65.741,115737383.0
ETH,2020,829.790982552951,65.969,118917671.0
FIN,1990,28366.204276071,74.8131707317073,4986431.0
FIN,1991,25488.8450525604,75.2275609756098,5013740.0
FIN,1992,22320.1124695857,75.4553658536585,5041992.0
FIN,1993,17588.6781715509,75.7051219512195,5066447.0
FIN,1994,20278.29109854,76.3956097560976,5088333.0
FIN,1995,26246.2743214462,76.409512195122,5107790.0
FIN,1996,25756.6777073618,76.6934146341464,5124573.0
FIN,1997,24682.29083271,76.8785365853659,5139835.0
FIN,1998,25999.9861694953,77.0907317073171,5153498.0
FIN,1999,26180.4128562349,77.2912195121951,5165474.0
FIN,2000,24335.9225082659,77.4658536585366,5176209.0
FIN,2001,24965.202996776,77.9658536585366,5188008.0
FIN,2002,26989.389260959,78.119512195122,5200598.0
FIN,2003,32920.0857192568,78.3682926829268,5213014.0
FIN,2004,37768.1334202029,78.7146341463415,5228172.0
FIN,2005,39049.8703780223,78.8170731707317,5246096.0
FIN,2006,41214.0187765069,79.2146341463415,5266268.0
FIN,2007,48473.0240091455,79.2634146341464,5288720.0
FIN,2008,53769.4726240385,79.5682926829268,5313399.0
FIN,2009,47478.3495310999,79.719512195122,5338871.0
FIN,2010,46506.2919016566,79.8707317073171,5363352.0
FIN,2011,51060.3242589767,80.4707317073171,5388272.0
FIN,2012,47551.6740841369,80.6268292682927,5413971.0
FIN,2013,49691.0145200739,80.9756097560976,5438972.0
FIN,2014,50073.7760815871,81.1804878048781,5461512.0
FIN,2015,42560.3456767103,81.4804878048781,5479531.0
FIN,2016,43451.2562442158,81.4292682926829,5495303.0
FIN,2017,46085.0174739036,81.6317073170732,5508214.0
FIN,2018,49654.2497035329,81.7341463414634,5515525.0
FIN,2019,48358.1807773701,81.9829268292683,5521606.0
FIN,2020,48828.6846862799,81.9317073170732,5529543.0
FJI,1990,1728.94076871199,65.056,773316.0
FJI,1991,1774.99211138118,65.457,779656.0
FJI,1992,1951.25592930351,65.407,785346.0
FJI,1993,2070.04734110195,65.51,790369.0
FJI,1994,2297.18005884304,65.796,794771.0
FJI,1995,2466.74347815903,66.007,798746.0
FJI,1996,2648.32766264,66.202,803789.0
FJI,1997,2573.72338605678,66.293,812139.0
FJI,1998,2010.49636073149,66.536,822258.0
FJI,1999,2327.95720514091,66.728,831828.0
FJI,2000,1995.72071163264,66.194,840909.0
FJI,2001,1944.997414609,66.205,849596.0
FJI,2002,2136.56794118683,65.492,858049.0
FJI,2003,2655.58079586044,65.653,866286.0
FJI,2004,3097.19096651759,65.841,874366.0
FJI,2005,3377.69126953493,65.983,882379.0
FJI,2006,3455.10599907349,66.126,890365.0
FJI,2007,3762.74692789299,66.161,897832.0
FJI,2008,3899.92231512129,66.32,903399.0
FJI,2009,3164.13275408169,66.347,907239.0
FJI,2010,3449.14452883369,66.778,910419.0
FJI,2011,4139.60288609702,66.88,912989.0
FJI,2012,4341.40338748749,65.812,914918.0
FJI,2013,4572.44377544245,66.545,916352.0
FJI,2014,5293.35676680464,66.581,917585.0
FJI,2015,5097.53106864695,66.48,918578.0
FJI,2016,5363.79026679243,66.657,919166.0
FJI,2017,5826.84814459328,67.06,918759.0
FJI,2018,6085.41979485376,66.965,917180.0
FJI,2019,5842.07344577597,67.009,914899.0
FJI,2020,4620.6457238014,66.924,914963.0
FRA,1990,21586.4674617483,76.6,58261012.0
FRA,1991,21500.7778366233,76.8487804878049,58554242.0
FRA,1992,23615.0168565483,77.1,58846584.0
FRA,1993,22238.8250618434,77.3,59103094.0
FRA,1994,23359.8985104774,77.6487804878049,59324863.0
FRA,1995,26791.8151982369,77.7512195121951,59541294.0
FRA,1996,26757.6351494145,77.9536585365854,59754504.0
FRA,1997,24169.4008102822,78.3048780487805,59968066.0
FRA,1998,24869.4030795939,78.6048780487805,60190684.0
FRA,1999,24576.3152254528,78.7560975609756,60501986.0
FRA,2000,22340.5939516217,79.0560975609756,60918661.0
FRA,2001,22331.7948343036,79.1585365853659,61364377.0
FRA,2002,24144.5727019529,79.2609756097561,61812142.0
FRA,2003,29479.5222101175,79.1146341463415,62249855.0
FRA,2004,33644.9282220364,80.1634146341463,62707588.0
FRA,2005,34696.3718316971,80.1634146341463,63180854.0
FRA,2006,36431.5658906555,80.8121951219512,63622342.0
FRA,2007,41486.1907828787,81.1121951219512,64016890.0
FRA,2008,45464.8181385158,81.2146341463415,64375116.0
FRA,2009,41728.0884164132,81.4146341463415,64706436.0
FRA,2010,40694.8211697025,81.6634146341463,65026211.0
FRA,2011,43929.7840873812,82.1146341463415,65340830.0
FRA,2012,40863.5814412333,81.9682926829268,65657659.0
FRA,2013,42669.1795111893,82.219512195122,65997932.0
FRA,2014,43148.0459288416,82.719512195122,66312067.0
FRA,2015,36702.4323733379,82.3219512195122,66548272.0
FRA,2016,37024.2157133669,82.5731707317073,66724104.0
FRA,2017,38687.1626407164,82.5756097560976,66918020.0
FRA,2018,41418.1766484844,82.6756097560976,67158348.0
FRA,2019,40408.2848574751,82.8268292682927,67382061.0
FRA,2020,39169.8606000707,82.1756097560976,67601110.0
FRO,1990,20125.3725089519,76.1188024390244,47741.0
FRO,1991,19163.5554371421,76.3555731707317,47447.0
FRO,1992,19300.6621973456,76.5918219512195,47287.0
FRO,1993,16373.8260050275,76.8286975609756,46474.0
FRO,1994,16975.9297150055,77.0694536585366,44695.0
FRO,1995,20669.2052425004,77.3228243902439,43611.0
FRO,1996,22705.6954787426,77.5619634146341,43581.0
FRO,1997,21158.4130199317,77.7854414634146,44132.0
FRO,1998,24729.019906458,77.9979951219512,44674.0
FRO,1999,24978.6210817538,78.2087731707317,45146.0
FRO,2000,23322.7593357515,78.4119073170732,45754.0
FRO,2001,24879.7729617864,78.6017292682927,46635.0
FRO,2002,26937.6505602847,78.7876585365854,47335.0
FRO,2003,31269.6031997217,78.9848073170732,48032.0
FRO,2004,35647.5440400531,79.2049804878049,48384.0
FRO,2005,36389.081644098,79.4453463414634,48359.0
FRO,2006,41743.6812847661,79.6898609756098,48335.0
FRO,2007,48348.7393711011,79.9238243902439,48378.0
FRO,2008,51287.8911081663,80.1460804878049,48547.0
FRO,2009,47060.1592550833,80.3695317073171,48790.0
FRO,2010,47924.1364756678,80.604956097561,48656.0
FRO,2011,51620.0541648551,80.8518097560976,48542.0
FRO,2012,50263.0024625867,81.1060951219512,48290.0
FRO,2013,55759.364098362,81.356643902439,48245.0
FRO,2014,60173.3057854661,81.5912048780488,48427.0
FRO,2015,52638.2668218454,81.7995975609756,48898.0
FRO,2016,56876.4302363804,81.962112195122,49463.0
FRO,2017,59388.5365965776,82.1062926829268,50179.0
FRO,2018,62525.2647698273,82.2486024390244,50997.0
FRO,2019,63070.7228080361,82.3912829268293,51790.0
FRO,2020,62247.9273907098,82.5341926829268,52561.0
FSM,1990,1459.04369201491,63.722,100888.0
FSM,1991,1617.45528154622,63.881,102754.0
FSM,1992,1699.3301910196,63.996,104806.0
FSM,1993,1853.06259690284,64.041,107066.0
FSM,1994,1856.5207426083,64.082,109075.0
FSM,1995,1995.19187154132,64.142,110230.0
FSM,1996,1955.97507000271,64.253,110710.0
FSM,1997,1840.2391263246,64.371,111071.0
FSM,1998,1944.03332824551,64.509,111377.0
FSM,1999,1944.83255730659,64.626,111680.0
FSM,2000,2049.34490021777,64.317,112044.0
FSM,2001,2103.74849819784,64.801,112365.0
FSM,2002,2113.45955463859,63.907,112448.0
FSM,2003,2145.87789998664,64.915,112285.0
FSM,2004,2104.42796515524,64.898,111925.0
FSM,2005,2216.9963738197,64.906,111412.0
FSM,2006,2257.76445195026,64.859,110729.0
FSM,2007,2302.51183108846,64.844,109880.0
FSM,2008,2395.90218109716,64.849,108936.0
FSM,2009,2565.83639782506,64.865,107957.0
FSM,2010,2715.26873721406,64.892,107540.0
FSM,2011,2859.8488365615,64.969,107698.0
FSM,2012,3003.05867086848,65.08,107890.0
FSM,2013,2904.1536796737,65.179,108121.0
FSM,2014,2915.23672460238,65.294,108396.0
FSM,2015,2869.86276169101,65.306,108716.0
FSM,2016,2997.93719917488,65.576,109075.0
FSM,2017,3297.37580036719,65.761,109481.0
FSM,2018,3584.78377566896,65.943,109909.0
FSM,2019,3581.72684572278,66.196,110282.0
FSM,2020,3362.02802120524,65.878,110916.0
GAB,1990,6050.71468999523,60.736,983734.0
GAB,1991,5345.0965303052,60.891,1010818.0
GAB,1992,5385.68811745078,61.013,1038380.0
GAB,1993,4105.98701339331,61.125,1066405.0
GAB,1994,3828.21118114454,61.183,1094720.0
GAB,1995,4414.8755828572,61.27,1123213.0
GAB,1996,4942.67870027615,61.265,1152015.0
GAB,1997,4508.75340541142,61.395,1181439.0
GAB,1998,3699.99513906504,61.506,1211736.0
GAB,1999,3751.35318950625,61.658,1243016.0
GAB,2000,3982.906200928,61.81,1275572.0
GAB,2001,3835.75718279727,61.982,1309589.0
GAB,2002,3966.48001864663,62.175,1345135.0
GAB,2003,4710.74862768151,62.463,1382350.0
GAB,2004,5465.79193590708,62.694,1421609.0
GAB,2005,6547.87613955186,62.978,1463495.0
GAB,2006,6847.00985685394,63.259,1508337.0
GAB,2007,8003.54289696049,63.619,1556237.0
GAB,2008,9688.64519690633,64.011,1607175.0
GAB,2009,7290.57526093114,64.361,1661556.0
GAB,2010,8356.74662013345,64.715,1719879.0
GAB,2011,10219.1139339454,65.102,1781985.0
GAB,2012,9296.96587941088,65.438,1846889.0
GAB,2013,9197.70106323947,65.751,1913059.0
GAB,2014,9201.36276648105,66.07,1978399.0
GAB,2015,7047.12654634355,66.336,2040989.0
GAB,2016,6677.07003901644,66.583,2100306.0
GAB,2017,6921.73373135624,66.816,2156900.0
GAB,2018,7624.2775233771,67.043,2212318.0
GAB,2019,7441.1786472281,67.337,2267706.0
GAB,2020,6605.80346077904,67.073,2322539.0
GBR,1990,19095.4669984608,75.8804878048781,57247586.0
GBR,1991,19900.7266505069,76.0829268292683,57424897.0
GBR,1992,20487.1707852878,76.4341463414634,57580402.0
GBR,1993,18389.0195675099,76.3853658536585,57718614.0
GBR,1994,19709.2380983653,76.8853658536585,57865745.0
GBR,1995,23252.6157127423,76.8365853658537,58019030.0
GBR,1996,24503.3829602903,77.0878048780488,58166950.0
GBR,1997,26910.1381529902,77.2109756097561,58316954.0
GBR,1998,28396.3523548013,77.190243902439,58487141.0
GBR,1999,28858.0065333126,77.390243902439,58682466.0
GBR,2000,28383.8761094996,77.7414634146342,58892514.0
GBR,2001,28013.8729635508,77.9926829268293,59119673.0
GBR,2002,30158.7017807858,78.1439024390244,59370479.0
GBR,2003,34556.7726095905,78.4463414634146,59647577.0
GBR,2004,40504.4118103928,78.7463414634146,59987905.0
GBR,2005,42240.2462987547,79.0487804878049,60401206.0
GBR,2006,44695.161023424,79.2487804878049,60846820.0
GBR,2007,50629.0799172887,79.4487804878049,61322463.0
GBR,2008,47652.4030691881,79.6,61806995.0
GBR,2009,39009.3715547821,80.0512195121951,62276270.0
GBR,2010,39778.3220528565,80.4024390243902,62766365.0
GBR,2011,42295.9273835322,80.9512195121951,63258810.0
GBR,2012,42688.3263728372,80.9048780487805,63711000.0
GBR,2013,43607.6636827371,81.0048780487805,64138000.0
GBR,2014,47746.9810645521,81.3048780487805,64619000.0
GBR,2015,45256.040227057,80.9560975609756,65087000.0
GBR,2016,41258.5374285695,81.1560975609756,65606000.0
GBR,2017,40918.0520870944,81.2560975609756,65964000.0
GBR,2018,43704.3162296687,81.2560975609756,66287000.0
GBR,2019,43160.6843971799,81.3691219512195,66628000.0
GBR,2020,40815.1255364787,80.331756097561,66740000.0
GEO,1990,1610.98027146868,68.679,4802000.0
GEO,1991,1307.82342713006,68.202,4835900.0
GEO,1992,757.223548505358,67.78,4873500.0
GEO,1993,550.015542609224,67.405,4911100.0
GEO,1994,519.815578814965,68.669,4836076.0
GEO,1995,578.336923460866,69.398,4657722.0
GEO,1996,689.034634153312,70.637,4491699.0
GEO,1997,807.032285752352,69.683,4349913.0
GEO,1998,851.515542450841,69.787,4243607.0
GEO,1999,673.537782887275,70.012,4157192.0
GEO,2000,749.908534993961,70.091,4077131.0
GEO,2001,801.98383707929,70.371,4014373.0
GEO,2002,853.526171868939,70.438,3978515.0
GEO,2003,1010.03151630868,71.377,3951736.0
GEO,2004,1305.04748557208,71.011,3927340.0
GEO,2005,1642.78359414797,70.689,3902469.0
GEO,2006,1996.02013272284,70.983,3880347.0
GEO,2007,2635.36650276116,70.985,3860158.0
GEO,2008,3324.7537205015,70.949,3848449.0
GEO,2009,2822.68939668797,71.058,3814419.0
GEO,2010,3281.72930937343,71.732,3786695.0
GEO,2011,4119.66818307193,72.485,3756441.0
GEO,2012,4530.69533409431,72.672,3728874.0
GEO,2013,4712.00229382665,73.025,3717668.0
GEO,2014,4830.33486170249,73.105,3719414.0
GEO,2015,4086.6223465965,73.241,3725276.0
GEO,2016,4143.40125686315,73.136,3727505.0
GEO,2017,4418.75206546679,73.435,3728004.0
GEO,2018,4804.0546040444,73.985,3726549.0
GEO,2019,4741.2832715876,74.165,3720161.0
GEO,2020,4300.85701291207,73.509,3722716.0
GHA,1990,382.54246368354,55.395,15394648.0
GHA,1991,418.254121349986,55.722,15787496.0
GHA,1992,396.426407640517,56.055,16184855.0
GHA,1993,359.800844097528,56.286,16589519.0
GHA,1994,320.50390343252,56.234,16993190.0
GHA,1995,371.537243033836,56.662,17399017.0
GHA,1996,389.271267898831,56.957,17810181.0
GHA,1997,377.841935501461,57.241,18238958.0
GHA,1998,400.366799508524,57.525,18688036.0
GHA,1999,403.037326127273,57.835,19149864.0
GHA,2000,253.746936203344,58.139,19637087.0
GHA,2001,263.542156494853,58.403,20167069.0
GHA,2002,297.46164468774,58.709,20729388.0
GHA,2003,358.39927142073,59.014,21296705.0
GHA,2004,406.132105329565,59.316,21868298.0
GHA,2005,478.611909191028,59.638,22449438.0
GHA,2006,906.441027564887,59.975,23040702.0
GHA,2007,1050.12461524926,60.282,23642279.0
GHA,2008,1182.65761256016,60.578,24249946.0
GHA,2009,1047.70430093586,60.928,24862664.0
GHA,2010,1263.89251760539,61.297,25474995.0
GHA,2011,1507.43573198753,61.617,26095088.0
GHA,2012,1543.77524235764,61.995,26734268.0
GHA,2013,2294.79584693743,62.397,27386193.0
GHA,2014,1949.90832923846,62.832,28041592.0
GHA,2015,1722.77282833606,63.175,28696068.0
GHA,2016,1912.47991339951,63.522,29356742.0
GHA,2017,2012.28662641265,63.829,30008354.0
GHA,2018,2195.32166016377,64.138,30637585.0
GHA,2019,2186.65822682613,64.455,31258945.0
GHA,2020,2195.45481659987,64.309,31887809.0
GIB,1990,,76.814,27200.0
GIB,1991,,77.118,26898.0
GIB,1992,,77.412,26878.0
GIB,1993,,77.722,27070.0
GIB,1994,,78.052,27239.0
GIB,1995,,78.345,27377.0
GIB,1996,,78.696,27487.0
GIB,1997,,79.097,27582.0
GIB,1998,,79.477,27650.0
GIB,1999,,79.812,27692.0
GIB,2000,,80.145,27709.0
GIB,2001,,80.419,27657.0
GIB,2002,,80.59,27831.0
GIB,2003,,80.713,28274.0
GIB,2004,,80.856,28715.0
GIB,2005,,80.991,29163.0
GIB,2006,,81.103,29594.0
GIB,2007,,81.269,30006.0
GIB,2008,,81.541,30413.0
GIB,2009,,81.807,30823.0
GIB,2010,,82.08,31248.0
GIB,2011,,82.333,31660.0
GIB,2012,,82.527,32029.0
GIB,2013,,82.586,32407.0
GIB,2014,,82.644,32813.0
GIB,2015,,82.668,33193.0
GIB,2016,,82.741,33658.0
GIB,2017,,82.858,34245.0
GIB,2018,,83.028,34854.0
GIB,2019,,83.183,35494.0
GIB,2020,,83.07,36173.0
GIN,1990,604.304422702532,47.252,6434374.0
GIN,1991,656.42373119518,47.781,6697166.0
GIN,1992,692.647802662806,48.266,6914366.0
GIN,1993,670.741778229959,48.819,7128177.0
GIN,1994,671.576385058752,49.188,7345107.0
GIN,1995,713.031460558683,49.836,7553249.0
GIN,1996,726.025442583799,50.546,7770035.0
GIN,1997,695.58174225826,51.113,7931370.0
GIN,1998,647.379920832778,51.61,8081990.0
GIN,1999,610.614842942762,51.987,8265123.0
GIN,2000,518.157066924026,52.42,8428832.0
GIN,2001,483.085120214741,52.669,8539960.0
GIN,2002,495.916073559269,53.2,8674066.0
GIN,2003,566.48540588068,53.589,8870781.0
GIN,2004,584.897740538081,53.975,9062726.0
GIN,2005,463.17768685098,54.422,9245844.0
GIN,2006,446.980554135013,54.875,9441171.0
GIN,2007,650.148575304743,55.233,9662281.0
GIN,2008,703.532825784369,55.703,9898870.0
GIN,2009,662.185914665575,56.052,10143534.0
GIN,2010,659.235326211315,56.431,10396086.0
GIN,2011,636.694958747648,56.778,10656810.0
GIN,2012,699.353377212197,57.117,10921581.0
GIN,2013,748.455020824734,57.459,11191873.0
GIN,2014,765.146999389279,57.581,11472924.0
GIN,2015,747.356966759448,57.899,11767070.0
GIN,2016,711.996509782316,58.49,12073030.0
GIN,2017,833.598621691121,58.715,12385659.0
GIN,2018,933.273615633705,59.043,12704774.0
GIN,2019,1031.34146480732,59.379,13034346.0
GIN,2020,1053.66097696415,59.35,13371183.0
GMB,1990,300.639895740381,51.278,1054696.0
GMB,1991,627.578919318827,51.857,1099959.0
GMB,1992,623.485927783598,52.477,1145582.0
GMB,1993,635.3611677282,53.15,1188365.0
GMB,1994,608.2774907808,53.768,1227226.0
GMB,1995,621.681391269646,54.292,1264313.0
GMB,1996,651.784945724837,54.849,1301410.0
GMB,1997,600.224023405754,55.225,1338889.0
GMB,1998,610.234711461724,56.007,1376987.0
GMB,1999,575.459893151216,56.466,1415779.0
GMB,2000,538.054072348854,56.899,1455084.0
GMB,2001,459.803068381399,57.283,1495011.0
GMB,2002,376.531026962584,57.736,1535691.0
GMB,2003,308.719123437587,58.223,1577611.0
GMB,2004,593.285346326581,58.749,1621312.0
GMB,2005,616.483657865348,59.11,1667037.0
GMB,2006,614.544307904464,59.667,1715275.0
GMB,2007,724.726407242432,60.001,1765774.0
GMB,2008,859.127671411226,60.473,1817852.0
GMB,2009,774.888030908091,60.735,1871422.0
GMB,2010,801.033372714536,61.167,1926630.0
GMB,2011,710.608411468152,61.561,1983784.0
GMB,2012,692.579361628102,61.9,2043094.0
GMB,2013,653.862713272743,62.252,2103820.0
GMB,2014,568.00453558864,62.576,2164528.0
GMB,2015,619.536364296461,62.971,2224529.0
GMB,2016,650.056501323611,63.386,2283769.0
GMB,2017,642.522641296331,63.708,2342189.0
GMB,2018,696.219806960615,64.034,2399632.0
GMB,2019,738.186751987483,64.427,2456844.0
GMB,2020,720.335143352133,64.418,2515733.0
GNB,1990,651.337640650994,46.89,973669.0
GNB,1991,672.07387884966,47.201,994639.0
GNB,1992,574.32110641811,47.518,1024356.0
GNB,1993,581.612681813953,47.84,1058745.0
GNB,1994,560.883422537973,47.775,1092031.0
GNB,1995,589.487023081945,48.531,1119949.0
GNB,1996,614.729892454585,48.772,1143535.0
GNB,1997,598.953470198484,48.033,1165545.0
GNB,1998,497.724279563733,48.123,1187473.0
GNB,1999,478.733190989909,48.492,1210206.0
GNB,2000,316.945495037639,50.565,1234741.0
GNB,2001,327.138431972397,51.054,1261273.0
GNB,2002,362.034574570354,51.608,1289307.0
GNB,2003,419.78486611807,52.186,1318806.0
GNB,2004,431.376557669634,52.8,1349563.0
GNB,2005,463.073962650452,52.949,1381585.0
GNB,2006,448.513075469701,54.089,1415303.0
GNB,2007,519.069789794741,54.87,1450986.0
GNB,2008,640.210331101753,55.3,1488054.0
GNB,2009,583.190020139094,56.297,1526377.0
GNB,2010,600.194298540768,56.999,1566347.0
GNB,2011,719.539573498937,57.663,1608076.0
GNB,2012,635.461653303881,58.27,1651417.0
GNB,2013,654.304534409417,58.879,1695973.0
GNB,2014,652.022501029449,59.476,1741122.0
GNB,2015,645.066837207039,60.071,1786457.0
GNB,2016,679.665386626818,60.619,1831893.0
GNB,2017,783.123186602022,61.148,1877072.0
GNB,2018,808.531613218504,61.652,1922168.0
GNB,2019,811.210004050041,62.161,1967696.0
GNB,2020,846.918134967613,61.343,2013255.0
GNQ,1990,236.402188376265,51.397,474274.0
GNQ,1991,225.319378519763,51.497,492217.0
GNQ,1992,263.733547088944,51.579,510770.0
GNQ,1993,256.683023652574,51.671,530023.0
GNQ,1994,183.239482711964,51.785,550138.0
GNQ,1995,248.314896208855,51.926,571264.0
GNQ,1996,391.686868235732,52.123,593492.0
GNQ,1997,717.041481576821,52.365,616893.0
GNQ,1998,577.868525342745,52.646,641474.0
GNQ,1999,930.912549299779,53.001,667214.0
GNQ,2000,1487.3165506701,53.395,703279.0
GNQ,2001,1948.61145907844,53.827,749836.0
GNQ,2002,2264.21065580365,54.324,797957.0
GNQ,2003,2930.60183743733,54.791,847862.0
GNQ,2004,4901.30127408119,55.307,899917.0
GNQ,2005,8673.9026086535,55.766,947367.0
GNQ,2006,10184.8841248541,56.354,990343.0
GNQ,2007,12616.9532942011,56.857,1036044.0
GNQ,2008,18210.5552970599,57.384,1084530.0
GNQ,2009,13232.5019378102,57.881,1135673.0
GNQ,2010,13720.1658723222,58.344,1189085.0
GNQ,2011,17198.2136668275,58.827,1241835.0
GNQ,2012,17308.5723924575,59.301,1293483.0
GNQ,2013,16304.0713196418,59.784,1346218.0
GNQ,2014,15548.6624656619,60.228,1399828.0
GNQ,2015,9068.91003238645,60.635,1453923.0
GNQ,2016,7453.19797948517,61.081,1508186.0
GNQ,2017,7809.10465655488,61.481,1562396.0
GNQ,2018,8102.47084834031,61.915,1616422.0
GNQ,2019,6804.14923073888,62.297,1670177.0
GNQ,2020,5764.05502912947,62.141,1716468.0
GRC,1990,9466.66238502174,76.9390243902439,10196792.0
GRC,1991,10046.6663875475,77.1365853658537,10319927.0
GRC,1992,11021.012224607,77.3829268292683,10399061.0
GRC,1993,10257.3085789073,77.390243902439,10460415.0
GRC,1994,10937.0223808611,77.6390243902439,10512922.0
GRC,1995,12779.081491606,77.5853658536585,10562153.0
GRC,1996,13432.5262183244,77.6853658536585,10608800.0
GRC,1997,13015.9175046854,78.1365853658537,10661259.0
GRC,1998,13022.9648774809,77.8390243902439,10720509.0
GRC,1999,12742.5404388143,77.9878048780488,10761698.0
GRC,2000,11638.2010697215,77.8878048780488,10805808.0
GRC,2001,12156.9572824221,78.3878048780488,10862132.0
GRC,2002,13782.195640943,78.6414634146341,10902022.0
GRC,2003,18020.612039764,78.8414634146341,10928070.0
GRC,2004,21449.2552764245,79.0390243902439,10955141.0
GRC,2005,22054.1315756886,79.2390243902439,10987314.0
GRC,2006,24416.0232970275,79.4390243902439,11020362.0
GRC,2007,28440.7625328955,79.4390243902439,11048473.0
GRC,2008,31695.8331092209,79.9390243902439,11077841.0
GRC,2009,29425.4573200263,80.1878048780488,11107017.0
GRC,2010,26653.0488008626,80.3878048780488,11121341.0
GRC,2011,25504.7866510124,80.7317073170732,11104899.0
GRC,2012,21624.346052551,80.6341463414634,11045011.0
GRC,2013,21573.3449762805,81.2853658536585,10965211.0
GRC,2014,21474.7257123892,81.3853658536585,10892413.0
GRC,2015,17980.7298238137,81.0365853658537,10820883.0
GRC,2016,17919.2426377048,81.3878048780488,10775971.0
GRC,2017,18631.9930129293,81.2878048780488,10754679.0
GRC,2018,19873.4015238771,81.7878048780488,10732882.0
GRC,2019,19335.3602002969,81.6390243902439,10721582.0
GRC,2020,17886.733165236,81.2878048780488,10698599.0
GRD,1990,2782.18396873619,70.546,99957.0
GRD,1991,2983.91643158641,70.823,100793.0
GRD,1992,3052.70018744163,71.125,101602.0
GRD,1993,3026.04154231393,71.45,102382.0
GRD,1994,3152.2020478855,71.78,103138.0
GRD,1995,3294.26988339657,72.094,103869.0
GRD,1996,3508.294236637,72.373,104584.0
GRD,1997,3724.75466168304,72.6,105293.0
GRD,1998,4206.28052894181,72.762,106009.0
GRD,1999,4516.28332446682,72.873,106727.0
GRD,2000,4839.82811114248,72.955,107451.0
GRD,2001,4819.50776653843,73.034,107987.0
GRD,2002,4984.47405931447,73.142,108404.0
GRD,2003,5427.96377252312,73.291,108884.0
GRD,2004,5480.26117644588,72.447,109323.0
GRD,2005,6338.56011405358,73.7,109734.0
GRD,2006,6344.0383771432,73.93,110135.0
GRD,2007,6864.54816771858,74.159,110522.0
GRD,2008,7448.2040563865,74.374,110896.0
GRD,2009,6932.56472176781,74.567,111254.0
GRD,2010,6909.60169568597,74.731,111586.0
GRD,2011,6947.38136096464,74.861,112079.0
GRD,2012,7092.71985352677,74.961,112775.0
GRD,2013,7424.80212287327,75.022,113487.0
GRD,2014,7986.33421210788,75.045,114132.0
GRD,2015,8694.12438005692,75.037,114676.0
GRD,2016,9221.23461079424,75.01,115130.0
GRD,2017,9751.42661155932,74.977,115438.0
GRD,2018,10083.021279225,74.957,115691.0
GRD,2019,10462.7929159533,74.971,115981.0
GRD,2020,8968.55890108484,75.019,116341.0
GRL,1990,18326.9295023252,65.0682926829268,55600.0
GRL,1991,18315.3165631906,65.0317073170732,55500.0
GRL,1992,18768.8275325455,65.1960975609756,55300.0
GRL,1993,16797.3578218828,65.5853658536585,55200.0
GRL,1994,18124.0998075763,65.9009756097561,55500.0
GRL,1995,21665.8295173116,65.6441463414634,55800.0
GRL,1996,21422.4609853672,65.7673170731707,55900.0
GRL,1997,19145.614890096,65.7980487804878,56000.0
GRL,1998,20496.578783559,66.1570731707317,56100.0
GRL,1999,20170.322763798,65.8336585365854,56100.0
GRL,2000,19009.0774407515,64.8034146341463,56185.0
GRL,2001,19265.5191468738,65.0058536585366,56379.0
GRL,2002,20657.9506323097,65.419512195122,56595.0
GRL,2003,27466.6494525504,66.1229268292683,56751.0
GRL,2004,32030.9987915109,66.8080487804878,56898.0
GRL,2005,32489.7277309899,67.3051219512195,56935.0
GRL,2006,35457.6297578214,67.8180487804878,56775.0
GRL,2007,39780.9441368721,68.2739024390244,56555.0
GRL,2008,44366.7858688175,68.5660975609756,56328.0
GRL,2009,44918.8413832155,69.0321951219512,56323.0
GRL,2010,44277.1993400972,69.349756097561,56534.0
GRL,2011,47186.8759969388,69.6146341463415,56890.0
GRL,2012,45936.9562817724,69.959512195122,56810.0
GRL,2013,47535.4883792376,70.2917073170732,56483.0
GRL,2014,50485.2244135291,70.5082926829268,56295.0
GRL,2015,44536.3549705377,70.909756097561,56114.0
GRL,2016,48181.7453541266,71.1990243902439,56186.0
GRL,2017,50765.7494665372,71.2563414634146,56172.0
GRL,2018,54545.135857765,71.3609756097561,56023.0
GRL,2019,53309.2035905065,71.4092682926829,56225.0
GRL,2020,54812.6661771023,71.2858536585366,56367.0
GTM,1990,847.688561830359,61.767,9024773.0
GTM,1991,1014.40279682682,61.926,9272584.0
GTM,1992,1096.45976992698,61.992,9522266.0
GTM,1993,1165.67442716224,62.442,9779761.0
GTM,1994,1292.67202750483,63.026,10043718.0
GTM,1995,1421.06177809796,63.662,10312996.0
GTM,1996,1481.05986750672,64.54,10583526.0
GTM,1997,1638.46281851789,65.249,10857754.0
GTM,1998,1741.20114182856,65.969,11139145.0
GTM,1999,1603.64776144934,66.634,11422965.0
GTM,2000,1648.96578971559,67.102,11697592.0
GTM,2001,1537.68663578252,67.436,11969422.0
GTM,2002,1669.33517469705,67.835,12246915.0
GTM,2003,1722.54701910774,68.204,12525842.0
GTM,2004,1840.91184884,68.245,12807402.0
GTM,2005,2046.46611650758,68.167,13087629.0
GTM,2006,2225.1234753878,68.79,13367459.0
GTM,2007,2458.81573919384,69.299,13652040.0
GTM,2008,2763.05988172926,69.493,13935174.0
GTM,2009,2611.64632773352,69.676,14215611.0
GTM,2010,2805.25960237322,69.885,14500112.0
GTM,2011,3168.98370607705,70.321,14792126.0
GTM,2012,3286.61959336267,70.722,15089647.0
GTM,2013,3444.15802275864,70.878,15387337.0
GTM,2014,3689.14510410202,70.942,15681725.0
GTM,2015,3893.50533299068,70.915,15971743.0
GTM,2016,4060.13784737643,71.215,16268760.0
GTM,2017,4324.99768915601,71.583,16567357.0
GTM,2018,4352.94593289707,71.496,16845685.0
GTM,2019,4511.99839552697,71.639,17103803.0
GTM,2020,4477.61785000665,69.971,17357325.0
GUM,1990,,73.455,138610.0
GUM,1991,,73.518,141073.0
GUM,1992,,73.632,143393.0
GUM,1993,,74.004,145654.0
GUM,1994,,74.344,147868.0
GUM,1995,,74.511,150054.0
GUM,1996,,74.638,152169.0
GUM,1997,,74.7,154215.0
GUM,1998,,74.753,156237.0
GUM,1999,,74.789,158289.0
GUM,2000,,74.894,160065.0
GUM,2001,,75.195,161329.0
GUM,2002,20909.9590302806,75.506,162315.0
GUM,2003,21877.3178371553,75.885,163137.0
GUM,2004,23618.8266894573,76.114,163810.0
GUM,2005,25631.9776108052,76.427,164365.0
GUM,2006,25709.9351488422,76.477,164839.0
GUM,2007,26605.4324214756,76.397,165267.0
GUM,2008,28112.2316573422,76.233,165693.0
GUM,2009,29054.0581201519,76.141,166173.0
GUM,2010,29719.7967836082,76.095,166522.0
GUM,2011,29926.2052442913,76.153,166543.0
GUM,2012,31653.7506538168,76.237,166331.0
GUM,2013,32530.7593121483,76.361,165966.0
GUM,2014,33900.1486530583,76.423,165486.0
GUM,2015,35165.7014644795,76.444,164905.0
GUM,2016,35930.6594898711,76.449,164233.0
GUM,2017,36779.0078903909,76.463,163490.0
GUM,2018,37195.9503070464,76.561,162679.0
GUM,2019,39274.9431424899,76.645,161808.0
GUM,2020,36482.9363953675,75.529,162158.0
GUY,1990,528.851095342994,62.254,749894.0
GUY,1991,466.039938988882,62.463,747861.0
GUY,1992,498.156636569954,62.816,749911.0
GUY,1993,603.084316652805,63.016,752965.0
GUY,1994,721.437561135572,63.007,755822.0
GUY,1995,819.668541584905,62.668,758388.0
GUY,1996,927.523847211669,62.691,760526.0
GUY,1997,982.804753805587,62.879,762245.0
GUY,1998,939.685488169724,63.429,763586.0
GUY,1999,908.790631391797,63.772,764483.0
GUY,2000,931.796651718955,64.075,764832.0
GUY,2001,931.574723847673,64.38,764477.0
GUY,2002,950.866932470993,64.183,763652.0
GUY,2003,973.742598054188,64.117,763101.0
GUY,2004,1033.31030902188,64.214,762418.0
GUY,2005,1084.06541388904,64.392,760914.0
GUY,2006,3135.60553528326,64.848,758966.0
GUY,2007,3608.28685240188,65.462,756861.0
GUY,2008,4008.9628671603,65.721,754606.0
GUY,2009,4209.13230624565,66.03,752094.0
GUY,2010,4581.76179693492,66.204,749256.0
GUY,2011,4947.22170589917,66.469,746153.0
GUY,2012,5444.39751913913,66.443,746288.0
GUY,2013,5556.91231156932,66.71,750021.0
GUY,2014,5472.68820452237,67.334,754229.0
GUY,2015,5640.41560569466,67.719,758781.0
GUY,2016,5870.87823759835,68.069,763548.0
GUY,2017,6178.6650437298,68.543,768479.0
GUY,2018,6048.38697180418,68.829,791556.0
GUY,2019,6405.82443444562,69.067,807665.0
GUY,2020,6775.70939096303,67.751,807481.0
HKG,1990,13485.6314525052,77.3707317073171,5704500.0
HKG,1991,15465.9245305858,77.8729268292683,5752000.0
HKG,1992,17976.4688629053,77.6734146341464,5800500.0
HKG,1993,20395.5621886121,78.0160975609756,5901000.0
HKG,1994,22502.5302426236,78.5436585365854,6035400.0
HKG,1995,23497.3920767477,78.6787804878049,6156100.0
HKG,1996,24818.3021600084,79.6275609756098,6435500.0
HKG,1997,27330.0933613355,80.1121951219512,6489300.0
HKG,1998,25808.8609899709,80.1068292682927,6543700.0
HKG,1999,25091.6665997966,80.3726829268293,6606500.0
HKG,2000,25756.7728723704,80.8731707317073,6665000.0
HKG,2001,25230.3780910304,81.4192682926829,6714300.0
HKG,2002,24665.8362318216,81.4521951219512,6744100.0
HKG,2003,23977.1734120477,81.3434146341464,6730800.0
HKG,2004,24928.1003722551,81.7992682926829,6783500.0
HKG,2005,26649.637724155,81.6090243902439,6813200.0
HKG,2006,28224.0951563146,82.3848780487805,6857100.0
HKG,2007,30593.9511738646,82.3668292682927,6916300.0
HKG,2008,31515.5292103443,82.3404878048781,6957800.0
HKG,2009,30697.5383861641,82.7751219512195,6972800.0
HKG,2010,32550.136489179,82.9575609756098,7024200.0
HKG,2011,35142.4879344543,83.4119512195122,7071600.0
HKG,2012,36730.796195815,83.450243902439,7150100.0
HKG,2013,38403.7777145477,83.8312195121951,7178900.0
HKG,2014,40315.3739510191,83.9356097560976,7229500.0
HKG,2015,42432.1619740441,84.2526829268293,7291300.0
HKG,2016,43734.1980702999,84.2114634146342,7336600.0
HKG,2017,46160.429791493,84.6956097560976,7393200.0
HKG,2018,48537.5668888343,84.869756097561,7452600.0
HKG,2019,48359.0011950597,85.1558536585366,7507900.0
HKG,2020,46109.2299946609,85.4963414634146,7481000.0
HND,1990,749.818113552631,65.183,4980488.0
HND,1991,722.000657931123,65.584,5123792.0
HND,1992,782.111518709432,65.908,5271431.0
HND,1993,772.74224772986,66.074,5423249.0
HND,1994,735.886147157389,66.523,5579242.0
HND,1995,814.049075569071,66.919,5739637.0
HND,1996,812.817047602244,67.263,5903954.0
HND,1997,917.272651200904,67.542,6071454.0
HND,1998,988.655986927253,62.432,6234431.0
HND,1999,999.004383328908,68.005,6400463.0
HND,2000,1092.56400746252,68.302,6577773.0
HND,2001,1132.1648753329,68.491,6757993.0
HND,2002,1132.49965345317,68.714,6938859.0
HND,2003,1156.08162681357,68.874,7119213.0
HND,2004,1215.13995412761,69.05,7298994.0
HND,2005,1304.70039153826,69.198,7478355.0
HND,2006,1425.84780051892,69.364,7656832.0
HND,2007,1577.73789197407,69.539,7834798.0
HND,2008,1732.49062702803,69.657,8012587.0
HND,2009,1781.15703614674,69.823,8189899.0
HND,2010,1893.32722662035,69.77,8365878.0
HND,2011,2073.66121088074,70.116,8540583.0
HND,2012,2126.03474686503,70.46,8715076.0
HND,2013,2081.12843527945,70.765,8889278.0
HND,2014,2179.88171977271,71.032,9063122.0
HND,2015,2271.20265980349,71.323,9237305.0
HND,2016,2307.34468351082,71.615,9412380.0
HND,2017,2413.0076562942,71.805,9588137.0
HND,2018,2464.64241531918,72.001,9765210.0
HND,2019,2502.32744328073,72.124,9943633.0
HND,2020,2307.61494319511,70.864,10119640.0
HRV,1990,5369.10978590681,72.1704878048781,4777368.0
HRV,1991,4000.91677428625,72.1853658536586,4689022.0
HRV,1992,2321.15204123035,71.2414634146342,4575818.0
HRV,1993,2447.50319141761,71.5224390243903,4600463.0
HRV,1994,3237.92646315285,71.8034146341463,4652024.0
HRV,1995,4929.02083885825,72.0843902439024,4620030.0
HRV,1996,5299.74887884048,72.3653658536585,4557097.0
HRV,1997,5330.9148941072,72.4951219512195,4534920.0
HRV,1998,5712.49829262763,72.3170731707317,4532135.0
HRV,1999,5269.01488637462,72.6419512195122,4512597.0
HRV,2000,4953.57515008131,72.8078048780488,4468302.0
HRV,2001,5364.88188501029,74.5129268292683,4299642.0
HRV,2002,6219.56093667781,74.7173170731707,4302174.0
HRV,2003,8189.99059314699,74.6139024390244,4303399.0
HRV,2004,9718.92771524605,75.520243902439,4304600.0
HRV,2005,10443.4484003498,75.2446341463415,4310145.0
HRV,2006,11501.2327422844,75.8368292682927,4311159.0
HRV,2007,13755.8149054063,75.7056097560976,4310217.0
HRV,2008,15888.1184388903,75.9121951219512,4309705.0
HRV,2009,14474.52513863,76.1682926829268,4305181.0
HRV,2010,13729.7472872883,76.4756097560976,4295427.0
HRV,2011,14691.591757962,76.7756097560976,4280622.0
HRV,2012,13507.6349882758,77.1682926829268,4260368.0
HRV,2013,14135.0903485872,77.5707317073171,4233922.0
HRV,2014,14186.7712230471,77.7243902439024,4201598.0
HRV,2015,12283.8750299177,77.2756097560976,4151725.0
HRV,2016,12820.1872746645,77.9219512195122,4106867.0
HRV,2017,13901.6498657787,77.7268292682927,4041407.0
HRV,2018,15460.4560798984,77.919512195122,3988775.0
HRV,2019,15563.7354996625,78.2243902439024,3949390.0
HRV,2020,14807.5559227544,77.5243902439024,3914206.0
HTI,1990,451.720249689216,53.215,6854441.0
HTI,1991,496.545987433864,53.524,6995450.0
HTI,1992,316.276513134354,54.041,7136571.0
HTI,1993,258.066372258817,54.478,7278181.0
HTI,1994,292.134224374091,54.731,7419771.0
HTI,1995,372.006104665125,55.582,7562546.0
HTI,1996,377.229465025972,56.111,7707557.0
HTI,1997,425.111085879256,56.675,7854298.0
HTI,1998,465.363306259051,57.137,8002143.0
HTI,1999,509.578585275375,57.692,8151296.0
HTI,2000,820.600046761464,58.175,8303151.0
HTI,2001,748.821159844528,58.591,8455918.0
HTI,2002,720.969568042522,59.041,8607641.0
HTI,2003,578.995291079709,59.44,8759912.0
HTI,2004,683.185298155273,58.517,8910263.0
HTI,2005,775.845704056916,60.318,9061273.0
HTI,2006,828.805700289589,60.74,9216562.0
HTI,2007,984.566983448521,61.09,9373296.0
HTI,2008,1094.66058421644,61.28,9530774.0
HTI,2009,1196.8528706018,61.694,9689581.0
HTI,2010,1209.72733503094,45.577,9803294.0
HTI,2011,1312.03953552013,61.581,9914904.0
HTI,2012,1361.39396587374,62.273,10069771.0
HTI,2013,1457.83221179626,62.624,10222362.0
HTI,2014,1460.18898613914,62.969,10373235.0
HTI,2015,1411.12684746796,63.224,10523242.0
HTI,2016,1318.40268167953,63.325,10671457.0
HTI,2017,1395.23945184461,63.832,10817754.0
HTI,2018,1496.38048970156,64.077,10962362.0
HTI,2019,1352.17204191532,64.328,11105163.0
HTI,2020,1290.32538667383,63.773,11243848.0
HUN,1990,3323.53967237633,69.3156097560976,10373988.0
HUN,1991,3361.22268037924,69.3770731707317,10373400.0
HUN,1992,3747.32966394956,69.1170731707317,10369341.0
HUN,1993,3886.66608419616,69.1012195121951,10357523.0
HUN,1994,4187.0311799663,69.469756097561,10343355.0
HUN,1995,4509.41740910077,69.7917073170732,10328965.0
HUN,1996,4542.0120380978,70.3287804878049,10311238.0
HUN,1997,4606.0569733295,70.7024390243902,10290486.0
HUN,1998,4751.7732430202,70.5578048780488,10266570.0
HUN,1999,4801.95949584162,70.6770731707317,10237530.0
HUN,2000,4629.91760812548,71.2463414634146,10210971.0
HUN,2001,5280.94887987063,72.2487804878049,10187576.0
HUN,2002,6658.04494326809,72.3487804878049,10158608.0
HUN,2003,8410.09248198479,72.3,10129552.0
HUN,2004,10291.2694721409,72.6487804878049,10107146.0
HUN,2005,11212.2046968994,72.6487804878049,10087065.0
HUN,2006,11478.4891640501,73.0975609756098,10071370.0
HUN,2007,13934.605460375,73.1512195121951,10055780.0
HUN,2008,15762.6322515113,73.7024390243903,10038188.0
HUN,2009,13051.1831777184,73.9048780487805,10022650.0
HUN,2010,13189.8433874768,74.2073170731707,10000023.0
HUN,2011,14211.460557822,74.8585365853659,9971727.0
HUN,2012,12950.1594488143,75.0634146341463,9920362.0
HUN,2013,13739.4620151401,75.5658536585366,9872734.0
HUN,2014,14352.501883174,75.7634146341463,9833038.0
HUN,2015,12782.9412577973,75.5682926829269,9797755.0
HUN,2016,13215.8605277789,76.0634146341464,9759755.0
HUN,2017,14736.1668157258,75.8170731707317,9726756.0
HUN,2018,16605.0570511887,76.0658536585366,9706964.0
HUN,2019,17012.8598553199,76.3195121951219,9694824.0
HUN,2020,16386.9308821258,75.419512195122,9670419.0
IDN,1990,578.420121135382,63.249,183501098.0
IDN,1991,624.387495384411,63.703,186778238.0
IDN,1992,673.67103954742,64.182,190043744.0
IDN,1993,817.395116417856,64.851,193305168.0
IDN,1994,899.793982949817,65.041,196591828.0
IDN,1995,1011.22614205568,65.263,199888057.0
IDN,1996,1118.92133024129,65.465,203204348.0
IDN,1997,1044.60674832472,65.774,206536095.0
IDN,1998,454.877800792123,65.942,209826788.0
IDN,1999,657.268934667018,66.001,213004668.0
IDN,2000,763.711124950924,66.292,216077790.0
IDN,2001,732.307093405708,66.583,219097902.0
IDN,2002,881.002913569131,66.954,222088495.0
IDN,2003,1043.2105838671,67.134,225048008.0
IDN,2004,1126.84004447173,65.521,227926649.0
IDN,2005,1238.21447629488,67.531,230871650.0
IDN,2006,1558.31562847163,67.664,233951652.0
IDN,2007,1823.21976255073,67.914,237062337.0
IDN,2008,2124.55483920618,68.085,240157903.0
IDN,2009,2218.48541852977,68.267,243220028.0
IDN,2010,3065.68348377765,68.364,246305322.0
IDN,2011,3579.46442466152,68.629,249470032.0
IDN,2012,3632.27254030331,68.862,252698525.0
IDN,2013,3566.60284506078,69.064,255852467.0
IDN,2014,3441.06808464008,69.292,258877399.0
IDN,2015,3288.22269725538,69.52,261799249.0
IDN,2016,3521.46943457574,69.733,264627418.0
IDN,2017,3798.88326174526,69.953,267346658.0
IDN,2018,3860.95353090726,70.08,269951846.0
IDN,2019,4106.94856160358,70.349,272489381.0
IDN,2020,3853.70288774146,68.817,274814866.0
IMN,1990,11049.8949396235,71.8,68916.0
IMN,1991,11768.1058977186,72.183,69808.0
IMN,1992,12150.8545456352,72.544,70353.0
IMN,1993,10818.5139663414,72.822,70772.0
IMN,1994,11708.2857474351,73.14,71168.0
IMN,1995,12896.5252829716,73.371,71513.0
IMN,1996,13979.8454930411,73.634,72047.0
IMN,1997,16160.7112518361,73.9,72909.0
IMN,1998,18753.1202301034,74.204,73861.0
IMN,1999,21042.1461816648,74.469,74790.0
IMN,2000,21161.3963073772,74.842,75659.0
IMN,2001,21819.7123825606,75.289,76476.0
IMN,2002,24471.0798814847,75.785,77275.0
IMN,2003,28861.6178062918,76.319,78049.0
IMN,2004,35564.6023910146,76.876,78792.0
IMN,2005,38135.8597885858,77.453,79516.0
IMN,2006,42627.5089352891,77.971,80294.0
IMN,2007,55040.2437046236,78.451,81147.0
IMN,2008,72276.7741329461,78.899,82029.0
IMN,2009,66156.105656847,79.303,82939.0
IMN,2010,70587.3140283741,79.613,83873.0
IMN,2011,77808.8579649376,79.836,84382.0
IMN,2012,79329.2034347434,80.007,84335.0
IMN,2013,83207.6588430451,80.12,84141.0
IMN,2014,91885.4528718026,80.199,83892.0
IMN,2015,84753.5187422732,80.267,83593.0
IMN,2016,82025.9454509241,80.391,83466.0
IMN,2017,83481.3038489014,80.506,83609.0
IMN,2018,89393.8244248812,80.614,83805.0
IMN,2019,87127.5517977404,80.74,83957.0
IMN,2020,79513.5330346598,80.591,84064.0
IND,1990,371.085936203765,58.618,864972221.0
IND,1991,305.574055928592,59.032,883927600.0
IND,1992,319.182472626315,59.445,902957070.0
IND,1993,302.884806246174,59.823,922118387.0
IND,1994,347.73421473994,60.237,941163767.0
IND,1995,375.17600537305,60.63,960301044.0
IND,1996,401.046754673579,61.027,979678458.0
IND,1997,416.228116203753,61.439,999133762.0
IND,1998,413.630864056851,61.852,1018665080.0
IND,1999,441.927991436397,62.284,1038225823.0
IND,2000,442.750218937263,62.749,1057922733.0
IND,2001,450.357900514128,63.158,1077898575.0
IND,2002,469.149928973927,63.649,1097600380.0
IND,2003,544.143133545002,64.086,1116803006.0
IND,2004,624.258826510066,64.484,1135991513.0
IND,2005,710.488080408949,64.939,1154676322.0
IND,2006,801.668353659022,65.373,1172878890.0
IND,2007,1021.88707706826,65.803,1190676021.0
IND,2008,992.519584923828,66.247,1207930964.0
IND,2009,1094.94974598436,66.7,1225524753.0
IND,2010,1347.51939071367,67.162,1243481564.0
IND,2011,1445.46127486037,67.623,1261224954.0
IND,2012,1429.32199520032,68.076,1278674502.0
IND,2013,1432.84397512195,68.499,1295829511.0
IND,2014,1553.88396075118,68.932,1312277191.0
IND,2015,1583.99815907985,69.326,1328024498.0
IND,2016,1707.50892912243,69.709,1343944296.0
IND,2017,1950.10468280866,70.068,1359657400.0
IND,2018,1966.25455171679,70.415,1374659064.0
IND,2019,2041.42863698585,70.746,1389030312.0
IND,2020,1907.04251637669,70.156,1402617695.0
IRL,1990,14031.3025675469,74.8460731707317,3513974.0
IRL,1991,14087.2074393708,75.025,3534235.0
IRL,1992,15714.3847487231,75.4150975609756,3558430.0
IRL,1993,14657.0615549805,75.2921951219512,3576261.0
IRL,1994,15902.9296755168,75.7866341463415,3590386.0
IRL,1995,19158.4564773907,75.4693170731707,3608841.0
IRL,1996,20835.8977130847,75.8317073170732,3637510.0
IRL,1997,22551.1139134126,75.9853658536585,3674171.0
IRL,1998,24294.8547674007,76.1804878048781,3712696.0
IRL,1999,26338.1077543817,76.0829268292683,3754786.0
IRL,2000,26334.5672050501,76.5365853658537,3805174.0
IRL,2001,28282.409882073,77.1341463414634,3866243.0
IRL,2002,32705.4345565698,77.6341463414634,3931947.0
IRL,2003,41203.5295847568,78.1390243902439,3996521.0
IRL,2004,47754.2023194244,78.5390243902439,4070262.0
IRL,2005,50933.0216095589,78.9439024390244,4159914.0
IRL,2006,54329.1618599624,79.2414634146342,4273591.0
IRL,2007,61396.417461176,79.6414634146341,4398942.0
IRL,2008,61353.1065629523,80.0951219512195,4489544.0
IRL,2009,52133.0906162544,80.190243902439,4535375.0
IRL,2010,48623.9666422487,80.7439024390244,4560155.0
IRL,2011,52613.8540355689,80.7463414634146,4580084.0
IRL,2012,49335.8408099555,80.8463414634146,4599533.0
IRL,2013,52537.6108648692,80.9487804878049,4623816.0
IRL,2014,57214.5379785709,81.3487804878049,4657740.0
IRL,2015,64250.1385181257,81.4536585365854,4701957.0
IRL,2016,64129.5571542383,81.6536585365854,4762722.0
IRL,2017,72161.4047531385,82.1560975609756,4827445.0
IRL,2018,80804.1123164826,82.2048780487805,4898022.0
IRL,2019,81827.6688873996,82.7024390243903,4976456.0
IRL,2020,86514.0706108754,82.4560975609756,5039747.0
IRN,1990,2137.94222739877,64.066,58380092.0
IRN,1991,2194.43906803657,66.233,59986931.0
IRN,1992,1957.48507794252,66.653,61184983.0
IRN,1993,1038.10985682067,67.037,61403543.0
IRN,1994,1167.76272513795,67.49,61520598.0
IRN,1995,1550.0095955025,67.904,62205567.0
IRN,1996,1914.78121294313,68.328,62881300.0
IRN,1997,1790.06617575598,68.649,63639638.0
IRN,1998,1709.19334096046,69.214,64519859.0
IRN,1999,1739.59462001458,69.686,65445391.0
IRN,2000,1650.01385833785,70.166,66418659.0
IRN,2001,1881.02266635283,70.619,67452005.0
IRN,2002,1891.25756091033,71.112,68011317.0
IRN,2003,2208.99636552406,70.464,68769340.0
IRN,2004,2672.4226651404,72.04,70256316.0
IRN,2005,3132.0508192007,72.446,71828455.0
IRN,2006,3618.91601364428,72.895,73392747.0
IRN,2007,4687.99166260718,73.299,74602648.0
IRN,2008,5377.4115072957,73.683,75514204.0
IRN,2009,5415.52280553446,74.041,76457825.0
IRN,2010,6291.19443655454,74.39,77420842.0
IRN,2011,8025.68743364356,74.721,78383598.0
IRN,2012,8114.08099831877,75.039,79370580.0
IRN,2013,6222.74194840326,75.349,80414686.0
IRN,2014,5672.06372896319,75.635,81502045.0
IRN,2015,4952.73355532178,75.907,82619362.0
IRN,2016,5710.59947089104,76.155,83812228.0
IRN,2017,6000.93346404409,76.396,85026754.0
IRN,2018,4783.01067340237,76.621,86117998.0
IRN,2019,3997.4935449585,76.855,87051648.0
IRN,2020,3202.50003502169,74.141,87723443.0
IRQ,1990,10261.4157706888,57.587,17581206.0
IRQ,1991,22.9521327615352,61.338,17767253.0
IRQ,1992,30.2539012636825,65.344,18300845.0
IRQ,1993,53.7437842348819,65.31,19201195.0
IRQ,1994,198.182101881974,65.027,20139807.0
IRQ,1995,619.135530927038,64.761,20825860.0
IRQ,1996,485.258492784825,64.618,21501321.0
IRQ,1997,936.341170908421,64.241,22176593.0
IRQ,1998,900.937142559106,64.405,22884399.0
IRQ,1999,1560.36466710272,64.532,23636527.0
IRQ,2000,1980.18916038782,64.86,24424056.0
IRQ,2001,1435.695683789,65.292,25197840.0
IRQ,2002,1266.15961275094,65.724,26006559.0
IRQ,2003,817.887862499622,64.834,26802659.0
IRQ,2004,1328.37157628292,64.634,27577878.0
IRQ,2005,1762.39360423421,64.899,28407448.0
IRQ,2006,2276.55435744086,64.029,28616515.0
IRQ,2007,3128.99010329066,64.428,28391607.0
IRQ,2008,4542.96609046032,66.465,28971036.0
IRQ,2009,3714.71205987194,67.834,30058206.0
IRQ,2010,4461.75196161555,68.092,31045366.0
IRQ,2011,5775.54229080293,68.435,32161424.0
IRQ,2012,6477.59618450955,68.827,33654842.0
IRQ,2013,6650.35282247395,69.047,35281989.0
IRQ,2014,6249.39226978969,69.679,36550059.0
IRQ,2015,4440.14189252367,69.977,37560535.0
IRQ,2016,4334.42096404188,68.683,38469627.0
IRQ,2017,4759.2846435467,69.788,39337353.0
IRQ,2018,5646.68932074742,71.116,40265624.0
IRQ,2019,5671.8568632942,71.245,41192171.0
IRQ,2020,4295.18945121228,69.651,42116605.0
ISL,1990,26272.2452156659,78.0363414634146,254826.0
ISL,1991,27739.8886025504,77.9919512195122,257797.0
ISL,1992,28072.4041083276,78.760243902439,261057.0
ISL,1993,24404.0275812365,78.9346341463415,263725.0
ISL,1994,24858.2031335605,79.2470731707317,266021.0
ISL,1995,27564.569102386,77.9843902439024,267468.0
ISL,1996,28583.5208959793,78.7778048780488,268916.0
ISL,1997,28461.7664095122,78.8853658536585,271128.0
ISL,1998,31519.1647473126,79.6024390243903,274047.0
ISL,1999,32834.4215745364,79.3512195121951,277381.0
ISL,2000,32503.578963236,79.6536585365854,281205.0
ISL,2001,29208.1981853568,80.690243902439,284968.0
ISL,2002,32749.379004627,80.5024390243903,287523.0
ISL,2003,39944.2104095591,80.9634146341464,289521.0
ISL,2004,47809.6073050042,80.9975609756098,292074.0
ISL,2005,57783.7745608117,81.5024390243902,296734.0
ISL,2006,58172.1426656622,81.1585365853659,303782.0
ISL,2007,70483.0117228535,81.4536585365854,311566.0
ISL,2008,57489.3399795216,81.609756097561,317414.0
ISL,2009,41483.7843682814,81.7512195121951,318499.0
ISL,2010,43776.4677400475,81.8975609756097,318041.0
ISL,2011,48254.953927254,82.3585365853659,319014.0
ISL,2012,46594.9869146614,82.9170731707317,320716.0
ISL,2013,50173.3360061057,82.0609756097561,323764.0
ISL,2014,55140.364935793,82.8609756097561,327386.0
ISL,2015,53505.6964079339,82.4682926829268,330815.0
ISL,2016,62854.0906407932,82.2048780487805,335439.0
ISL,2017,72976.3729990975,82.6609756097561,343400.0
ISL,2018,75633.8651351915,82.8609756097561,352721.0
ISL,2019,69296.3144361601,83.1634146341463,360563.0
ISL,2020,60127.9393575616,83.0634146341463,366463.0
ISR,1990,13300.0985026479,76.6073170731707,4660000.0
ISR,1991,14337.2280625182,76.7585365853659,4949000.0
ISR,1992,15500.4201495689,76.5048780487805,5123000.0
ISR,1993,15169.4731267116,77.1536585365854,5261000.0
ISR,1994,16796.463811535,77.4024390243903,5399000.0
ISR,1995,19013.94330229,77.4512195121951,5545000.0
ISR,1996,20212.9229756617,78.1048780487805,5692000.0
ISR,1997,20457.3857209047,78.0,5836000.0
ISR,1998,20175.625397054,78.1487804878049,5971000.0
ISR,1999,19808.8555169876,78.6585365853659,6125000.0
ISR,2000,21690.237340061,78.9536585365854,6289000.0
ISR,2001,20948.7745727671,79.4073170731707,6439000.0
ISR,2002,19058.7462869465,79.4512195121951,6570000.0
ISR,2003,19624.0321412582,79.6487804878049,6689700.0
ISR,2004,20550.0694706176,80.1463414634146,6809000.0
ISR,2005,21261.7474251846,80.1512195121951,6930100.0
ISR,2006,22499.7541717986,80.5536585365854,7053700.0
ISR,2007,25688.901610248,80.5048780487805,7180100.0
ISR,2008,30231.0191013609,80.9512195121951,7308800.0
ISR,2009,28469.6817348489,81.4048780487805,7485600.0
ISR,2010,31398.9266927022,81.6024390243903,7623600.0
ISR,2011,34476.7252065949,81.6560975609756,7765800.0
ISR,2012,33268.7066672115,81.7048780487805,7910500.0
ISR,2013,36980.622214228,82.0560975609756,8059500.0
ISR,2014,38265.3651949373,82.1536585365854,8215700.0
ISR,2015,36138.13561386,82.0512195121951,8380100.0
ISR,2016,37571.2561196275,82.4073170731707,8546000.0
ISR,2017,41013.2575323519,82.5512195121951,8713300.0
ISR,2018,42269.3770257585,82.8024390243903,8882800.0
ISR,2019,44091.8678022544,82.8048780487805,9054000.0
ISR,2020,44590.8237253282,82.6487804878049,9215100.0
ITA,1990,20873.7834092719,76.9707317073171,56719240.0
ITA,1991,22007.1350964074,77.0195121951219,56758521.0
ITA,1992,23297.0460325456,77.419512195122,56797087.0
ITA,1993,18781.9529427137,77.7219512195122,56831821.0
ITA,1994,19382.2002150155,77.9219512195122,56843400.0
ITA,1995,20712.1798690324,78.1707317073171,56844303.0
ITA,1996,23122.9337219116,78.5219512195122,56860281.0
ITA,1997,21883.9872666651,78.8243902439024,56890372.0
ITA,1998,22365.1837644545,78.9756097560976,56906744.0
ITA,1999,22049.9990620261,79.4243902439024,56916317.0
ITA,2000,20190.0035636084,79.7780487804878,56942108.0
ITA,2001,20570.4385917862,80.1268292682927,56976981.0
ITA,2002,22451.3964379368,80.2292682926829,57089824.0
ITA,2003,27577.5700319855,79.9829268292683,57399184.0
ITA,2004,31348.1901841445,80.7804878048781,57828179.0
ITA,2005,32062.723833669,80.7829268292683,58166682.0
ITA,2006,33537.1286994269,81.2829268292683,58399861.0
ITA,2007,37826.1754554823,81.4341463414634,58756247.0
ITA,2008,40828.5795580937,81.4853658536585,59211181.0
ITA,2009,37099.6133958219,81.6365853658537,59555454.0
ITA,2010,35856.8625485539,82.0365853658537,59819407.0
ITA,2011,38432.3742820019,82.1878048780488,60026841.0
ITA,2012,34854.3949441965,82.2390243902439,60191247.0
ITA,2013,35701.6746002376,82.690243902439,60311613.0
ITA,2014,36028.3494022349,83.090243902439,60320707.0
ITA,2015,30639.8829751432,82.5439024390244,60229605.0
ITA,2016,31391.5692898108,83.2439024390244,60115223.0
ITA,2017,32844.115660604,82.9463414634147,60002252.0
ITA,2018,35062.3364176949,83.3463414634146,59877221.0
ITA,2019,33812.788724868,83.4975609756098,59729081.0
ITA,2020,32091.4866621366,82.1951219512195,59438851.0
JAM,1990,1929.59891905857,71.705,2379877.0
JAM,1991,1710.30058243722,71.787,2400869.0
JAM,1992,1458.10146892635,71.816,2424701.0
JAM,1993,2220.51518327186,71.758,2449916.0
JAM,1994,2202.85831038471,71.624,2475220.0
JAM,1995,2630.84935382822,71.488,2500151.0
JAM,1996,2928.89692611996,71.328,2524463.0
JAM,1997,3296.91634805083,71.216,2547848.0
JAM,1998,3419.49352868739,71.17,2569736.0
JAM,1999,3431.56813468335,71.189,2589795.0
JAM,2000,3453.09252800226,71.281,2607826.0
JAM,2001,3503.55026688858,71.287,2624403.0
JAM,2002,3680.64551727724,71.478,2640572.0
JAM,2003,3549.70758394618,71.585,2656623.0
JAM,2004,3807.56293124552,71.542,2672225.0
JAM,2005,4184.43974867497,71.493,2687066.0
JAM,2006,4417.00127135363,71.395,2700968.0
JAM,2007,4716.48612542727,71.405,2713800.0
JAM,2008,5029.80095281745,71.502,2725635.0
JAM,2009,4428.38153333557,71.717,2736995.0
JAM,2010,4809.977380312,71.979,2748568.0
JAM,2011,5232.63644918132,72.245,2760494.0
JAM,2012,5340.83333232158,72.405,2772430.0
JAM,2013,5124.21301411137,72.435,2783687.0
JAM,2014,4975.11325459872,72.357,2793749.0
JAM,2015,5339.30718256806,72.214,2802534.0
JAM,2016,5302.29553353854,72.052,2809915.0
JAM,2017,5605.43541173019,71.879,2815764.0
JAM,2018,5976.90362644337,71.606,2820097.0
JAM,2019,6030.68896415921,71.532,2823271.0
JAM,2020,5299.04530804283,71.452,2830739.0
JOR,1990,1148.59005469899,70.094,3621908.0
JOR,1991,1109.65564611997,70.24,3915149.0
JOR,1992,1286.6347360596,70.4,4127693.0
JOR,1993,1289.4145431007,70.568,4348020.0
JOR,1994,1367.18721776691,70.738,4561406.0
JOR,1995,1415.71151592128,70.915,4752096.0
JOR,1996,1410.17424189419,71.105,4912516.0
JOR,1997,1435.87593846863,71.324,5046285.0
JOR,1998,1532.11380395602,71.521,5164284.0
JOR,1999,1544.58750592979,71.737,5276444.0
JOR,2000,1570.61002940477,71.926,5386945.0
JOR,2001,1632.29454010563,72.141,5498894.0
JOR,2002,1706.26744384401,72.359,5616066.0
JOR,2003,1775.67625581432,72.585,5741828.0
JOR,2004,1940.08641342805,72.788,5882061.0
JOR,2005,2087.87079273635,72.977,6029587.0
JOR,2006,2342.63459574933,73.225,6427371.0
JOR,2007,2506.20599484139,73.407,6827227.0
JOR,2008,3669.83012701745,73.563,6989866.0
JOR,2009,3845.34388086274,73.707,7141753.0
JOR,2010,4139.04283161368,73.797,7297043.0
JOR,2011,4363.42800211536,73.929,7480424.0
JOR,2012,4593.83609729005,74.087,7587127.0
JOR,2013,4739.02253641778,74.282,7991809.0
JOR,2014,4610.60460269382,74.606,8791710.0
JOR,2015,4441.61896013754,75.06,9544729.0
JOR,2016,4366.06999647268,75.55,10006367.0
JOR,2017,4449.34618076611,76.071,10234226.0
JOR,2018,4533.97658437205,76.491,10462306.0
JOR,2019,4557.79334729121,76.865,10671891.0
JOR,2020,4411.48321838396,75.583,10865228.0
JPN,1990,26344.7273187725,78.8370731707317,123478000.0
JPN,1991,30048.1401766828,79.0368292682927,123964000.0
JPN,1992,32666.5024513195,79.080243902439,124425000.0
JPN,1993,37110.6114371751,79.3036585365854,124829000.0
JPN,1994,40774.4450809919,79.6968292682927,125178000.0
JPN,1995,44947.4763611465,79.5360975609756,125472000.0
JPN,1996,39929.7185750327,80.219756097561,125757000.0
JPN,1997,36331.0311480645,80.4241463414634,126057000.0
JPN,1998,32835.1192750829,80.5014634146342,126400000.0
JPN,1999,37028.7168989208,80.4609756097561,126631000.0
JPN,2000,39752.937397755,81.0760975609756,126843000.0
JPN,2001,34910.166403687,81.4163414634146,127149000.0
JPN,2002,33315.9165174962,81.6907317073171,127445000.0
JPN,2003,35808.6816792388,81.76,127718000.0
JPN,2004,38677.5708064787,82.030243902439,127761000.0
JPN,2005,38158.6758263963,81.9551219512195,127773000.0
JPN,2006,36354.4271646349,82.3219512195122,127854000.0
JPN,2007,36129.9535132925,82.5070731707317,128001000.0
JPN,2008,40294.2081309702,82.5875609756098,128063000.0
JPN,2009,41678.1783063195,82.9314634146342,128047000.0
JPN,2010,45378.1378109399,82.8426829268293,128070000.0
JPN,2011,49122.077634247,82.5912195121951,127833000.0
JPN,2012,49626.6830327571,83.0960975609756,127629000.0
JPN,2013,41369.1948479498,83.3319512195122,127445000.0
JPN,2014,39172.8471161948,83.5878048780488,127276000.0
JPN,2015,35664.6446110613,83.7939024390244,127141000.0
JPN,2016,40214.9688631562,83.9848780487805,127076000.0
JPN,2017,39679.8635262948,84.099756097561,126972000.0
JPN,2018,40645.478086519,84.2109756097561,126811000.0
JPN,2019,41424.8655601543,84.3563414634146,126633000.0
JPN,2020,41098.9739004553,84.56,126261000.0
KAZ,1990,1570.00883112591,65.701,17154054.0
KAZ,1991,1442.42455540825,65.379,17278600.0
KAZ,1992,1437.59848100913,64.978,17332625.0
KAZ,1993,1355.13493859139,64.538,17274487.0
KAZ,1994,1246.83633018218,64.108,17043771.0
KAZ,1995,1217.79138769863,63.717,16730536.0
KAZ,1996,1281.39152895397,63.455,16416027.0
KAZ,1997,1381.63593295187,63.318,16043251.0
KAZ,1998,1414.59289652597,63.349,15647785.0
KAZ,1999,1091.54727722159,63.528,15455874.0
KAZ,2000,1180.0444563226,63.793,15501103.0
KAZ,2001,1422.27331810957,64.108,15575550.0
KAZ,2002,1573.55219932325,64.441,15656677.0
KAZ,2003,1958.02050246511,64.753,15747380.0
KAZ,2004,2722.47407755402,65.04,15850159.0
KAZ,2005,3577.35804001782,65.356,15968117.0
KAZ,2006,5030.13494711519,65.722,16103716.0
KAZ,2007,6449.43931096532,66.18,16257214.0
KAZ,2008,8123.54705891736,66.759,16426525.0
KAZ,2009,6938.01175663001,67.46,16619846.0
KAZ,2010,8793.07589980782,68.257,16836810.0
KAZ,2011,11287.1464926039,69.108,17066002.0
KAZ,2012,12018.7966527993,69.939,17306106.0
KAZ,2013,13478.459627612,70.719,17556502.0
KAZ,2014,12427.7094576939,71.415,17816285.0
KAZ,2015,10196.1226255982,72.024,18084169.0
KAZ,2016,7475.56688689424,72.549,18363600.0
KAZ,2017,8943.08416791984,72.996,18651931.0
KAZ,2018,9472.48527327758,73.369,18932727.0
KAZ,2019,9457.12614657136,73.658,19209555.0
KAZ,2020,8781.50797787648,71.195,19482117.0
KEN,1990,374.458992895562,58.334,22892651.0
KEN,1991,344.722642127742,57.826,23646514.0
KEN,1992,336.68139978696,57.095,24382460.0
KEN,1993,228.998032843434,56.668,25117188.0
KEN,1994,276.447871981244,56.101,25857130.0
KEN,1995,340.064842175429,55.856,26601751.0
KEN,1996,440.527078880876,55.575,27344211.0
KEN,1997,466.723814611399,55.478,28101768.0
KEN,1998,487.883239905452,55.568,28888057.0
KEN,1999,433.721235701305,55.866,29733408.0
KEN,2000,414.626365130846,56.084,30642890.0
KEN,2001,410.700452474814,56.501,31619170.0
KEN,2002,402.936385605382,56.759,32629808.0
KEN,2003,442.898457253405,57.369,33652223.0
KEN,2004,463.662781300121,57.947,34713455.0
KEN,2005,523.456312433863,58.51,35796484.0
KEN,2006,699.80237063381,59.059,36904008.0
KEN,2007,840.201439476765,59.407,38036349.0
KEN,2008,915.54435473604,59.955,39206351.0
KEN,2009,1047.9678324485,60.483,40408891.0
KEN,2010,1091.51873101194,60.915,41598567.0
KEN,2011,1096.14499807675,61.283,42758461.0
KEN,2012,1285.00536171512,61.537,43888303.0
KEN,2013,1370.87885214659,61.729,44986791.0
KEN,2014,1482.81566253497,61.99,46051440.0
KEN,2015,1489.11959777284,62.279,47088526.0
KEN,2016,1554.12610314423,62.526,48139687.0
KEN,2017,1667.48447230835,62.725,49197766.0
KEN,2018,1836.45275528993,62.825,50207107.0
KEN,2019,1960.40808854893,62.939,51202827.0
KEN,2020,1927.66459027849,61.596,52217334.0
KGZ,1990,605.798144966488,68.2975609756098,4391236.0
KGZ,1991,569.548584035047,68.5512195121951,4463634.0
KGZ,1992,512.766741120388,68.1024390243903,4515400.0
KGZ,1993,448.554190878232,67.1926829268293,4516777.0
KGZ,1994,372.481759948941,66.0390243902439,4515069.0
KGZ,1995,364.250365258345,65.790243902439,4560454.0
KGZ,1996,394.856879614212,66.5439024390244,4628438.0
KGZ,1997,376.427930059811,66.8926829268293,4696421.0
KGZ,1998,345.137046084246,67.0512195121951,4769015.0
KGZ,1999,258.048055936976,68.6560975609756,4840422.0
KGZ,2000,279.621738464365,68.5585365853659,4898362.0
KGZ,2001,308.41129550148,68.7073170731707,4945073.0
KGZ,2002,321.726775366804,68.1560975609756,4990704.0
KGZ,2003,380.505828812441,68.2560975609756,5043308.0
KGZ,2004,433.233873286,68.1536585365854,5104713.0
KGZ,2005,476.548193640077,67.9560975609756,5162640.0
KGZ,2006,543.113512472219,67.6951219512195,5218373.0
KGZ,2007,721.771577544361,67.8951219512195,5268385.0
KGZ,2008,966.388569370494,68.4512195121951,5318729.0
KGZ,2009,870.198894546917,69.1024390243903,5389643.0
KGZ,2010,876.954476440354,69.3,5467059.0
KGZ,2011,1117.40174350185,69.6024390243903,5546587.0
KGZ,2012,1168.62244675446,70.0024390243902,5652076.0
KGZ,2013,1269.66303464348,70.2024390243902,5777150.0
KGZ,2014,1264.52668823891,70.4024390243902,5905848.0
KGZ,2015,1105.65193844261,70.6512195121951,6040036.0
KGZ,2016,1103.27489428412,70.9512195121951,6175338.0
KGZ,2017,1221.39046807082,71.2,6306696.0
KGZ,2018,1283.5203037417,71.4,6444079.0
KGZ,2019,1421.99927504102,71.6,6590211.0
KGZ,2020,1229.51766602907,71.8,6726596.0
KHM,1990,190.181470036159,55.205,7374752.0
KHM,1991,267.336306726982,55.582,7686850.0
KHM,1992,307.094922385136,55.747,8113083.0
KHM,1993,294.059372727558,56.036,8616381.0
KHM,1994,302.1307854832,56.221,9239162.0
KHM,1995,343.485224671585,56.562,10018497.0
KHM,1996,324.655870983004,56.832,10801270.0
KHM,1997,297.59041960803,57.266,11570982.0
KHM,1998,258.780953189377,57.859,12058173.0
KHM,1999,286.753596443196,58.611,12265731.0
KHM,2000,296.426687526334,59.491,12462336.0
KHM,2001,327.500984314444,60.457,12658484.0
KHM,2002,350.147276634294,61.395,12855241.0
KHM,2003,386.691123931778,62.345,13050968.0
KHM,2004,444.199067529081,63.256,13244731.0
KHM,2005,525.797325120926,64.113,13439202.0
KHM,2006,612.252648550727,64.886,13639028.0
KHM,2007,731.692295125426,65.549,13841770.0
KHM,2008,866.283999789749,66.147,14053479.0
KHM,2009,875.748936193569,66.747,14276810.0
KHM,2010,952.274616324008,67.311,14500726.0
KHM,2011,1088.98152823081,67.869,14722584.0
KHM,2012,1192.80263041673,68.371,14945085.0
KHM,2013,1305.6600972686,68.755,15170208.0
KHM,2014,1431.56396469993,69.117,15396772.0
KHM,2015,1547.32010444393,69.398,15623251.0
KHM,2016,1675.19555711109,69.635,15852803.0
KHM,2017,1826.35391688754,69.842,16073372.0
KHM,2018,2036.67377566578,69.993,16274522.0
KHM,2019,2225.87705485686,70.127,16481304.0
KHM,2020,2081.73914242939,70.059,16725474.0
KIR,1990,488.067527876014,61.018,74855.0
KIR,1991,540.125861123481,61.502,76367.0
KIR,1992,791.99610105394,61.968,77641.0
KIR,1993,747.75302075115,62.406,78841.0
KIR,1994,837.971706204,62.797,80021.0
KIR,1995,844.429605862723,63.146,81234.0
KIR,1996,985.885941426854,63.47,82623.0
KIR,1997,953.162998384941,63.797,84147.0
KIR,1998,874.484349123221,64.1,85657.0
KIR,1999,887.496019475758,64.393,87126.0
KIR,2000,845.367240231973,64.674,88613.0
KIR,2001,718.833787096781,64.918,90335.0
KIR,2002,810.10870037444,65.123,92264.0
KIR,2003,1020.50033851394,65.287,94175.0
KIR,2004,1083.2688987175,65.416,96085.0
KIR,2005,1161.78341739977,65.517,98035.0
KIR,2006,1123.19258990684,65.601,100017.0
KIR,2007,1352.57814048911,65.677,102068.0
KIR,2008,1410.62246914058,65.746,104222.0
KIR,2009,1316.62753853678,65.808,106467.0
KIR,2010,1522.10068744154,65.859,108704.0
KIR,2011,1771.12926848792,65.896,110647.0
KIR,2012,1843.55336349889,65.908,112284.0
KIR,2013,1772.08718317132,65.898,113838.0
KIR,2014,1736.70535682101,65.869,115326.0
KIR,2015,1639.85274740652,65.831,116815.0
KIR,2016,1742.66799324117,65.799,118478.0
KIR,2017,1854.3326920967,65.787,120275.0
KIR,2018,1915.56002581991,65.807,122084.0
KIR,2019,1750.24040333237,65.866,123921.0
KIR,2020,1751.87199542272,65.205,126099.0
KNA,1990,5373.44824048425,65.641,40432.0
KNA,1991,5464.61025672087,65.958,40358.0
KNA,1992,5947.1211356266,66.339,40715.0
KNA,1993,6395.31437746849,66.708,41242.0
KNA,1994,7065.28291984056,67.002,41776.0
KNA,1995,7406.44486096454,67.23,42326.0
KNA,1996,7788.42839854571,67.488,42877.0
KNA,1997,8626.72257471312,67.811,43428.0
KNA,1998,8710.78984057184,67.891,43998.0
KNA,1999,9116.28627997718,68.725,44601.0
KNA,2000,9319.65545093525,69.249,45248.0
KNA,2001,10022.5919235637,69.767,45761.0
KNA,2002,10453.6587064313,70.194,46020.0
KNA,2003,10175.6295449989,70.614,46176.0
KNA,2004,10944.6183741768,70.92,46315.0
KNA,2005,11783.7867154145,71.151,46437.0
KNA,2006,13837.8495311219,71.356,46569.0
KNA,2007,14757.9579751035,71.437,46706.0
KNA,2008,16604.9448615905,71.479,46835.0
KNA,2009,16503.4119292794,71.488,46916.0
KNA,2010,16622.9457908577,71.452,46846.0
KNA,2011,17832.4572919975,71.4,46886.0
KNA,2012,17532.0559008608,71.362,47033.0
KNA,2013,18580.1301949935,71.29,47069.0
KNA,2014,20219.3954237956,71.228,47089.0
KNA,2015,20328.8003530109,71.211,47087.0
KNA,2016,21387.5415511103,71.227,47075.0
KNA,2017,22464.9899633959,71.284,47050.0
KNA,2018,22901.3816403197,71.336,47008.0
KNA,2019,23595.4923231291,71.54,46952.0
KNA,2020,18859.0190361046,71.181,46870.0
KOR,1990,6812.9019416767,71.5975609756098,42869283.0
KOR,1991,7872.65052449111,72.0463414634146,43295704.0
KOR,1992,8387.16308258471,72.4975609756098,43747962.0
KOR,1993,9179.96872485152,72.9975609756098,44194628.0
KOR,1994,10733.9888860657,73.3975609756098,44641540.0
KOR,1995,13001.7205867019,73.7,45092991.0
KOR,1996,13864.9376534518,74.1512195121951,45524681.0
KOR,1997,12821.6893313675,74.6024390243903,45953580.0
KOR,1998,8583.43557499234,75.0048780487805,46286503.0
KOR,1999,11062.5019301357,75.409756097561,46616677.0
KOR,2000,12710.2995795579,75.909756097561,47008111.0
KOR,2001,11981.4828218758,76.4121951219512,47370164.0
KOR,2002,13642.9424537101,76.7658536585366,47644736.0
KOR,2003,15211.5483770422,77.2146341463415,47892330.0
KOR,2004,17121.6301633201,77.6658536585366,48082519.0
KOR,2005,20167.0474902506,78.1682926829268,48184561.0
KOR,2006,22609.7059431449,78.6682926829268,48438292.0
KOR,2007,25078.4853957105,79.119512195122,48683638.0
KOR,2008,22252.3125108061,79.5170731707317,49054708.0
KOR,2009,19937.3029137734,79.9682926829268,49307835.0
KOR,2010,24071.2620526362,80.1170731707317,49554112.0
KOR,2011,26175.2398553363,80.5682926829269,49936638.0
KOR,2012,26600.5477433903,80.819512195122,50199853.0
KOR,2013,28449.3591104972,81.2707317073171,50428893.0
KOR,2014,30667.0912467447,81.7219512195122,50746659.0
KOR,2015,30171.7906545222,82.0243902439024,51014947.0
KOR,2016,30832.0628072516,82.2756097560976,51217803.0
KOR,2017,33296.9845439195,82.6268292682927,51361911.0
KOR,2018,35363.9508228687,82.6268292682927,51585058.0
KOR,2019,33826.9443301597,83.2268292682927,51764822.0
KOR,2020,33645.7719545073,83.4268292682927,51836239.0
KWT,1990,10937.5415268808,73.4171463414634,1684819.0
KWT,1991,8147.10807329839,73.907243902439,1351399.0
KWT,1992,12146.19505586,76.0023902439025,1634961.0
KWT,1993,14317.7209419057,76.0514878048781,1672151.0
KWT,1994,14929.7441110335,76.0328292682927,1664361.0
KWT,1995,16168.165602374,75.979756097561,1681513.0
KWT,1996,18201.0958607918,75.9250487804878,1730246.0
KWT,1997,16977.3895620399,75.9071463414634,1787683.0
KWT,1998,14066.9509572183,75.9642926829269,1844302.0
KWT,1999,15853.6264423466,76.0779512195122,1900030.0
KWT,2000,19296.3471698729,76.2258780487805,1954709.0
KWT,2001,17374.2318664227,76.3843414634146,2008121.0
KWT,2002,18512.7523035862,76.5316341463415,2059974.0
KWT,2003,22690.655175144,76.6445609756098,2109881.0
KWT,2004,27552.2827399787,76.7276829268293,2157320.0
KWT,2005,36122.6142741227,76.8007804878049,2236788.0
KWT,2006,42946.6374104066,76.8876829268293,2364733.0
KWT,2007,45709.4132876371,77.0101707317073,2507887.0
KWT,2008,55585.1889344442,77.1890487804878,2651421.0
KWT,2009,37907.1001320042,77.4333658536585,2795484.0
KWT,2010,39212.252220155,77.7262195121951,2943372.0
KWT,2011,49169.6063813095,78.052243902439,3132814.0
KWT,2012,52155.2225833921,78.3950243902439,3337109.0
KWT,2013,49651.0439275077,78.7418048780488,3507844.0
KWT,2014,44368.7813457751,79.0803414634146,3665876.0
KWT,2015,29882.2126495698,79.3765609756098,3834574.0
KWT,2016,27323.6890735517,79.6775853658537,4004096.0
KWT,2017,29047.6536135703,79.9160731707317,4154812.0
KWT,2018,32067.9623756889,80.1063658536585,4323515.0
KWT,2019,31707.8737443551,81.969756097561,4442316.0
KWT,2020,25236.0755848941,78.7609756097561,4400267.0
LAO,1990,200.7349054896,54.035,4311955.0
LAO,1991,231.806227548139,54.7,4435118.0
LAO,1992,247.345286150532,55.098,4559646.0
LAO,1993,283.400573286349,55.583,4685060.0
LAO,1994,320.968128951646,55.81,4809220.0
LAO,1995,357.758162193406,56.344,4929409.0
LAO,1996,371.341879197673,56.821,5045678.0
LAO,1997,339.09319241187,57.302,5152011.0
LAO,1998,243.923962451418,57.549,5248266.0
LAO,1999,272.325307005412,57.866,5340784.0
LAO,2000,318.749852236965,58.317,5431212.0
LAO,2001,320.316005439568,58.887,5521482.0
LAO,2002,313.350817148131,59.302,5610889.0
LAO,2003,355.097216151461,59.643,5697945.0
LAO,2004,409.296298284117,60.08,5781626.0
LAO,2005,466.061506997741,60.688,5869523.0
LAO,2006,579.391947440719,61.074,5963200.0
LAO,2007,697.323013673925,61.694,6056236.0
LAO,2008,885.747376088762,62.248,6148969.0
LAO,2009,935.03237283283,63.023,6241642.0
LAO,2010,1125.91610151261,63.69,6334194.0
LAO,2011,1361.54704394913,64.505,6426590.0
LAO,2012,1563.5650771337,65.126,6518978.0
LAO,2013,1812.51774424651,65.723,6611385.0
LAO,2014,1981.03910900473,66.35,6703172.0
LAO,2015,2121.01339097363,66.688,6801645.0
LAO,2016,2303.22156035363,67.014,6908802.0
LAO,2017,2432.43059478511,67.345,7018147.0
LAO,2018,2545.1075420815,67.594,7128045.0
LAO,2019,2589.32081035237,67.911,7237636.0
LAO,2020,2583.77730696131,68.339,7346533.0
LBN,1990,789.526338484738,65.479,3595175.0
LBN,1991,1278.42125745633,70.865,3668912.0
LBN,1992,1559.38100628446,71.169,3747371.0
LBN,1993,2078.63864215562,71.559,3820647.0
LBN,1994,2467.76942720577,72.03,3889799.0
LBN,1995,2958.74263957462,72.383,3960735.0
LBN,1996,3393.05090749359,72.614,4034781.0
LBN,1997,3834.0590787531,72.94,4108405.0
LBN,1998,4124.85527892575,73.201,4181281.0
LBN,1999,4086.93872789633,73.513,4255277.0
LBN,2000,3986.83513941026,73.895,4329340.0
LBN,2001,4009.55929751102,74.354,4401918.0
LBN,2002,4290.85283803266,74.836,4463504.0
LBN,2003,4437.71588507526,75.275,4525508.0
LBN,2004,4600.68371412993,75.693,4599279.0
LBN,2005,4602.19804637945,76.074,4671102.0
LBN,2006,4635.2514117486,75.677,4751136.0
LBN,2007,5125.25809960149,76.732,4844118.0
LBN,2008,5912.04532820842,76.956,4925354.0
LBN,2009,7090.85493856621,77.262,4992287.0
LBN,2010,7625.81051551165,77.529,5041288.0
LBN,2011,7834.96257108993,77.768,5096020.0
LBN,2012,8406.98405608118,77.941,5235742.0
LBN,2013,8162.37929361396,78.037,5743436.0
LBN,2014,7577.6413302369,78.148,6346990.0
LBN,2015,7714.1099998804,78.275,6472469.0
LBN,2016,8089.012088155,78.306,6323060.0
LBN,2017,8608.21084982387,78.192,6160128.0
LBN,2018,9174.53666204759,78.263,5984119.0
LBN,2019,8905.88005497437,78.208,5794594.0
LBN,2020,5561.19166950397,76.299,5702398.0
LBR,1990,172.867610123278,37.644,2223667.0
LBR,1991,177.867006590279,43.575,1956518.0
LBR,1992,107.842801384441,43.566,2072461.0
LBR,1993,74.4272028642409,43.022,2155126.0
LBR,1994,61.490431307467,42.621,2149928.0
LBR,1995,62.1438140627579,44.573,2169162.0
LBR,1996,71.4065248720036,44.945,2232289.0
LBR,1997,122.627993745516,48.302,2412989.0
LBR,1998,134.675393352518,49.367,2670124.0
LBR,1999,156.573166945696,50.412,2821684.0
LBR,2000,298.485340578945,51.852,2928117.0
LBR,2001,300.463828598983,53.109,3015338.0
LBR,2002,299.536445539621,54.061,3094782.0
LBR,2003,239.779556677091,53.045,3119532.0
LBR,2004,284.140223992458,55.949,3156892.0
LBR,2005,287.487333441381,56.765,3301015.0
LBR,2006,320.55808618515,57.495,3490787.0
LBR,2007,374.211308104278,58.147,3669050.0
LBR,2008,451.713856283285,58.675,3821003.0
LBR,2009,448.386367025545,59.106,3943028.0
LBR,2010,492.252808033724,59.358,4058890.0
LBR,2011,568.087865520004,59.486,4221178.0
LBR,2012,638.368751462083,59.785,4373043.0
LBR,2013,710.744570927863,59.992,4470239.0
LBR,2014,706.714490064507,59.21,4564293.0
LBR,2015,692.590082351257,59.248,4659431.0
LBR,2016,714.613063145659,60.483,4755608.0
LBR,2017,699.269095727404,60.777,4848925.0
LBR,2018,692.203127129794,60.999,4944726.0
LBR,2019,658.164180770507,61.232,5043721.0
LBR,2020,616.787867006715,61.267,5149463.0
LBY,1990,6502.27886565421,69.312,4445239.0
LBY,1991,7039.83391970596,69.635,4544400.0
LBY,1992,7302.68908679226,69.974,4640352.0
LBY,1993,6477.87035840641,70.247,4733045.0
LBY,1994,5933.29121354077,70.472,4822037.0
LBY,1995,5205.25706378741,70.641,4906843.0
LBY,1996,5591.02027544558,70.736,4987393.0
LBY,1997,6061.81366033598,70.72,5064639.0
LBY,1998,5301.08354775559,70.657,5140704.0
LBY,1999,6894.51875534758,70.601,5218038.0
LBY,2000,7214.10040377084,70.542,5305021.0
LBY,2001,6312.80030498965,70.653,5403639.0
LBY,2002,3718.29434696755,70.788,5508410.0
LBY,2003,4674.09943200321,70.996,5619398.0
LBY,2004,5773.76333234281,71.21,5736693.0
LBY,2005,8079.24957329001,71.439,5858798.0
LBY,2006,10048.8480434289,71.632,5980211.0
LBY,2007,11144.9448413435,71.788,6104380.0
LBY,2008,13906.1407818125,71.936,6235430.0
LBY,2009,9551.05403869755,72.071,6366686.0
LBY,2010,11600.9068649472,72.196,6497839.0
LBY,2011,7593.8391525702,69.95,6343203.0
LBY,2012,14975.8902795144,72.188,6179328.0
LBY,2013,11951.7134126011,72.339,6304628.0
LBY,2014,8926.42074591474,71.3,6427252.0
LBY,2015,7458.48917756374,71.644,6531819.0
LBY,2016,7525.80299308216,71.799,6632126.0
LBY,2017,9965.83236729757,72.721,6738770.0
LBY,2018,11196.5854810844,73.151,6849055.0
LBY,2019,9963.19489084483,72.941,6951033.0
LBY,2020,6650.33810585348,72.388,7045399.0
LCA,1990,4204.57161863111,70.008,137857.0
LCA,1991,4398.67906897723,70.309,139520.0
LCA,1992,4759.83867808296,70.734,141617.0
LCA,1993,4764.72464839218,71.05,143726.0
LCA,1994,4892.06733637469,71.076,145890.0
LCA,1995,5147.92024022295,71.172,148208.0
LCA,1996,5244.01665086076,70.963,150436.0
LCA,1997,5282.37011402006,70.778,152569.0
LCA,1998,5672.51373770766,70.68,154677.0
LCA,1999,5882.83398968649,70.692,156702.0
LCA,2000,5879.56191426207,70.779,158616.0
LCA,2001,5570.45247098106,71.367,160237.0
LCA,2002,5567.89428424719,71.707,161641.0
LCA,2003,6058.60622059326,72.188,162976.0
LCA,2004,6494.60034867886,72.453,164239.0
LCA,2005,6863.43641919345,72.544,165450.0
LCA,2006,7611.17856675319,72.794,166639.0
LCA,2007,7964.38211480117,72.86,167758.0
LCA,2008,8516.96075488787,72.963,168808.0
LCA,2009,8250.52180732734,72.946,169869.0
LCA,2010,8673.68720340529,72.768,170906.0
LCA,2011,9128.99442011613,72.962,171801.0
LCA,2012,9260.30006551714,72.86,172587.0
LCA,2013,9577.21733754358,72.687,173369.0
LCA,2014,10044.8218377677,72.676,174138.0
LCA,2015,10334.9860823918,72.932,174905.0
LCA,2016,10638.1269396653,72.552,175646.0
LCA,2017,11333.1123822102,72.522,176342.0
LCA,2018,11642.6984727769,72.655,177017.0
LCA,2019,11764.3944032403,72.249,177661.0
LCA,2020,8537.11495506727,72.308,178250.0
LIE,1990,49457.5609343203,78.3315365853659,28742.0
LIE,1991,50811.7464531317,78.4712926829268,29209.0
LIE,1992,55057.1110625654,78.4636585365854,29627.0
LIE,1993,55604.5479972049,78.2707073170732,30089.0
LIE,1994,63935.9902445462,78.4219512195122,30470.0
LIE,1995,78909.7043377718,77.390243902439,30776.0
LIE,1996,80688.7182490376,76.8365853658537,31033.0
LIE,1997,73590.8620289713,76.0463414634146,31232.0
LIE,1998,78302.9905905848,77.7463414634146,31668.0
LIE,1999,82682.284882177,79.109756097561,32221.0
LIE,2000,76087.911114202,76.8268292682927,32645.0
LIE,2001,75067.8001680043,79.2756097560976,33194.0
LIE,2002,79795.1785891101,79.6365853658537,33694.0
LIE,2003,90108.3673647008,79.9609756097561,34079.0
LIE,2004,100280.831356705,81.7707317073171,34447.0
LIE,2005,105295.057027611,80.6682926829268,34753.0
LIE,2006,114167.939211301,80.9487804878049,35037.0
LIE,2007,130492.595349517,81.2951219512195,35262.0
LIE,2008,143249.227302093,82.6829268292683,35473.0
LIE,2009,126024.714567466,81.5,35742.0
LIE,2010,141089.812849014,81.8414634146342,36022.0
LIE,2011,158066.369379163,81.7926829268293,36312.0
LIE,2012,148842.035144342,82.3829268292683,36657.0
LIE,2013,172823.607794648,82.2609756097561,36984.0
LIE,2014,178735.153020908,82.0731707317073,37248.0
LIE,2015,167187.15730982,82.6560975609756,37494.0
LIE,2016,165375.491396259,82.2585365853659,37716.0
LIE,2017,170547.092298954,83.7463414634147,37962.0
LIE,2018,174988.775083446,83.0414634146342,38246.0
LIE,2019,166907.839305016,84.1609756097561,38563.0
LIE,2020,164671.093553454,81.6585365853659,38901.0
LKA,1990,491.213686238493,69.239,16352458.0
LKA,1991,546.292515570886,69.131,16475354.0
LKA,1992,579.655117618283,69.619,16739284.0
LKA,1993,607.231847102846,70.049,17025918.0
LKA,1994,678.268012020205,70.211,17275773.0
LKA,1995,741.838255293455,69.746,17564068.0
LKA,1996,776.192371057587,69.841,17905018.0
LKA,1997,827.035756058631,69.934,18248200.0
LKA,1998,847.533577843861,70.134,18596003.0
LKA,1999,829.356379527539,70.427,18944731.0
LKA,2000,860.199884304769,71.179,19293054.0
LKA,2001,803.544026627385,71.804,19600362.0
LKA,2002,834.936014905338,72.271,19805752.0
LKA,2003,946.382255128072,72.442,19951521.0
LKA,2004,1028.62068132555,68.022,20087605.0
LKA,2005,1207.21994764165,73.073,20216524.0
LKA,2006,1388.89739119932,72.825,20352411.0
LKA,2007,1578.63451125392,72.983,20492545.0
LKA,2008,1973.58476901287,72.556,20629378.0
LKA,2009,2026.65939950702,70.298,20756435.0
LKA,2010,2808.36245207687,74.463,20879089.0
LKA,2011,3224.95745082305,74.74,21009048.0
LKA,2012,3327.77612404326,75.187,21169458.0
LKA,2013,3739.43182292825,75.546,20585000.0
LKA,2014,3972.04377042271,75.757,20778000.0
LKA,2015,4057.71582716521,75.99,20970000.0
LKA,2016,4149.19189391879,76.136,21209000.0
LKA,2017,4398.88828786059,76.239,21453000.0
LKA,2018,4358.56095905888,76.485,21670000.0
LKA,2019,4081.94772178134,76.698,21803000.0
LKA,2020,3847.60136741182,76.928,21919000.0
LSO,1990,329.563785157203,59.317,1809696.0
LSO,1991,382.291247739142,59.061,1842379.0
LSO,1992,443.624297195576,58.638,1873274.0
LSO,1993,439.365410681482,58.06,1901793.0
LSO,1994,455.593586203956,57.288,1927707.0
LSO,1995,513.413448796175,56.368,1951437.0
LSO,1996,479.671394625707,55.136,1972418.0
LSO,1997,501.981388900965,53.733,1988130.0
LSO,1998,464.683745548265,52.029,1998049.0
LSO,1999,455.650054387377,50.385,2003234.0
LSO,2000,442.779545779081,48.783,2003913.0
LSO,2001,412.677473676821,47.153,2000853.0
LSO,2002,388.92334985135,45.95,1994679.0
LSO,2003,583.270036200288,44.921,1985059.0
LSO,2004,766.685820928242,44.039,1971129.0
LSO,2005,861.381496414995,43.611,1953076.0
LSO,2006,925.467485502842,43.182,1945063.0
LSO,2007,861.188420899563,43.66,1953268.0
LSO,2008,898.482517882593,44.304,1966541.0
LSO,2009,878.847950537772,45.055,1980883.0
LSO,2010,1119.47557793042,46.045,1996251.0
LSO,2011,1280.73390931581,46.93,2014009.0
LSO,2012,1217.93071228944,48.235,2034354.0
LSO,2013,1151.03735837227,49.547,2056504.0
LSO,2014,1173.5377928819,50.786,2080089.0
LSO,2015,1121.19851342518,51.83,2104611.0
LSO,2016,992.491840678465,52.908,2130422.0
LSO,2017,1069.36673247542,53.874,2157110.0
LSO,2018,1170.65569702819,54.638,2183603.0
LSO,2019,1082.05706777516,55.249,2209405.0
LSO,2020,918.582574704447,55.133,2235727.0
LTU,1990,,71.1607317073171,3697838.0
LTU,1991,,70.3641463414634,3704134.0
LTU,1992,,70.2343902439025,3700114.0
LTU,1993,,68.9104878048781,3682613.0
LTU,1994,,68.530243902439,3657144.0
LTU,1995,2182.69156931505,69.0063414634147,3629102.0
LTU,1996,2340.67545970008,70.1080487804878,3601613.0
LTU,1997,2844.16286797492,70.9090243902439,3575137.0
LTU,1998,3180.64498555255,71.219512195122,3549331.0
LTU,1999,3127.51176667183,71.5707317073171,3524238.0
LTU,2000,3300.63634928559,72.0195121951219,3499536.0
LTU,2001,3532.52787363242,71.6585365853659,3470818.0
LTU,2002,4148.13091485015,71.7609756097561,3443067.0
LTU,2003,5507.47434187652,72.0609756097561,3415213.0
LTU,2004,6734.57487061946,71.9609756097561,3377075.0
LTU,2005,7857.03148786492,71.2536585365854,3322528.0
LTU,2006,9210.10118229413,71.0560975609756,3269909.0
LTU,2007,12295.1212779366,70.9,3231294.0
LTU,2008,14955.5345462921,71.8121951219512,3198231.0
LTU,2009,11854.3711053096,72.9146341463415,3162916.0
LTU,2010,11829.122609457,73.2682926829268,3097282.0
LTU,2011,14261.8433787325,73.5634146341464,3028115.0
LTU,2012,14288.1853493139,73.8634146341464,2989139.0
LTU,2013,15636.5252586048,73.9146341463415,2961250.0
LTU,2014,16446.1647181663,74.5170731707317,2937253.0
LTU,2015,14269.8039878287,74.3219512195122,2911109.0
LTU,2016,14934.2702840428,74.6707317073171,2877325.0
LTU,2017,16800.1510246099,75.4804878048781,2842639.0
LTU,2018,19247.2315367967,75.6804878048781,2819200.0
LTU,2019,19608.7943945553,76.2829268292683,2811089.0
LTU,2020,20428.6478157394,75.0292682926829,2810369.0
LUX,1990,33465.478207919,74.7754878048781,381850.0
LUX,1991,35747.3377992066,75.4634146341463,387000.0
LUX,1992,39570.8615665986,75.7707317073171,392175.0
LUX,1993,40066.7242518773,75.7121951219512,397475.0
LUX,1994,43933.235442736,76.3707317073171,402925.0
LUX,1995,51032.349635318,76.5121951219512,408625.0
LUX,1996,50444.3591236175,76.519512195122,414225.0
LUX,1997,46641.6408754876,76.880487804878,419450.0
LUX,1998,47445.3863148198,77.0170731707317,424700.0
LUX,1999,50872.4492684624,77.7707317073171,430475.0
LUX,2000,48659.6390968187,77.8731707317073,436300.0
LUX,2001,48440.1805564662,77.8243902439025,441525.0
LUX,2002,53005.731801629,77.9658536585366,446175.0
LUX,2003,65689.3214536911,77.7268292682927,451630.0
LUX,2004,76544.9170868473,79.1219512195122,458095.0
LUX,2005,80988.2044869403,79.4317073170732,465158.0
LUX,2006,90788.8164271049,79.2878048780488,472637.0
LUX,2007,107475.320297978,79.3829268292683,479993.0
LUX,2008,120422.137934157,80.5390243902439,488650.0
LUX,2009,109419.746953106,80.6365853658537,497783.0
LUX,2010,110885.991378721,80.6317073170732,506953.0
LUX,2011,119025.057203467,80.9878048780488,518347.0
LUX,2012,112584.676270958,81.3926829268293,530946.0
LUX,2013,120000.140729859,81.8,543360.0
LUX,2014,123678.706919314,82.2292682926829,556319.0
LUX,2015,105462.012584423,82.2926829268293,569604.0
LUX,2016,106899.293549552,82.6853658536585,582014.0
LUX,2017,110193.213797228,82.0951219512195,596336.0
LUX,2018,116926.759593905,82.2951219512195,607950.0
LUX,2019,112696.649059674,82.6390243902439,620001.0
LUX,2020,116860.02817236,82.1439024390244,630419.0
LVA,1990,,69.2731707317073,2663151.0
LVA,1991,,69.0324390243903,2650581.0
LVA,1992,,68.3960975609756,2614338.0
LVA,1993,,66.7226829268293,2563290.0
LVA,1994,,65.6643902439025,2520742.0
LVA,1995,2256.77360387054,66.3912195121951,2485056.0
LVA,1996,2360.1714816213,68.7765853658537,2457222.0
LVA,1997,2609.89308697195,69.3492682926829,2432851.0
LVA,1998,2893.79998716563,69.0121951219512,2410019.0
LVA,1999,3063.89794599707,69.7429268292683,2390482.0
LVA,2000,3278.17896440803,70.3146341463415,2367550.0
LVA,2001,3504.61829462397,70.7609756097561,2337170.0
LVA,2002,4003.60935783538,70.9609756097561,2310173.0
LVA,2003,4914.57992829302,71.2658536585366,2287955.0
LVA,2004,6109.73265186817,72.0268292682927,2263122.0
LVA,2005,7283.78738127622,71.3560975609756,2238799.0
LVA,2006,9211.7374468148,70.8658536585366,2218357.0
LVA,2007,13370.9789452508,71.019512195122,2200325.0
LVA,2008,15677.6080864506,72.419512195122,2177322.0
LVA,2009,11996.0322729773,73.0804878048781,2141669.0
LVA,2010,11188.4191700977,73.4829268292683,2097555.0
LVA,2011,12902.574053337,73.5756097560976,2059709.0
LVA,2012,13329.3499931271,73.7780487804878,2034319.0
LVA,2013,14484.4715282132,73.9829268292683,2012647.0
LVA,2014,15185.814581236,74.1243902439024,1993782.0
LVA,2015,13321.9753140616,74.4804878048781,1977527.0
LVA,2016,13838.5266823272,74.580487804878,1959537.0
LVA,2017,15132.4958333982,74.6292682926829,1942248.0
LVA,2018,17252.1710428626,74.7829268292683,1927174.0
LVA,2019,17294.9751600969,75.3878048780488,1913822.0
LVA,2020,17564.2321549354,75.1853658536585,1900449.0
MAC,1990,9692.43538809962,76.3986829268293,334950.0
MAC,1991,10707.3786750774,76.4601219512195,351650.0
MAC,1992,13249.8387410349,76.8933170731707,370900.0
MAC,1993,14754.1825906333,77.3012682926829,384000.0
MAC,1994,15905.2615421482,77.2664878048781,396800.0
MAC,1995,17215.1178522275,76.7585365853659,409300.0
MAC,1996,17289.5517956917,77.5439024390244,415100.0
MAC,1997,17415.6982810978,77.6463414634146,417300.0
MAC,1998,16094.9913844594,78.2463414634146,422300.0
MAC,1999,15318.6006770368,78.9951219512195,427400.0
MAC,2000,15731.4081633771,80.1829268292683,430600.0
MAC,2001,15810.7227666562,80.5878048780488,433900.0
MAC,2002,16814.9926424134,80.9463414634146,438400.0
MAC,2003,18589.8998330534,81.0439024390244,443600.0
MAC,2004,23407.1993692194,80.9926829268293,454700.0
MAC,2005,25681.2167315221,81.3414634146341,473500.0
MAC,2006,29813.7877167933,81.7292682926829,498900.0
MAC,2007,35400.2334659409,81.7292682926829,520900.0
MAC,2008,38888.5118044503,82.0268292682927,540700.0
MAC,2009,40354.2810293673,82.1756097560976,535000.0
MAC,2010,52596.2250160214,82.2731707317073,537000.0
MAC,2011,67046.7284292101,82.4707317073171,549600.0
MAC,2012,76058.0224963659,82.4707317073171,567900.0
MAC,2013,87107.8313063626,82.7219512195122,591900.0
MAC,2014,88355.3181764446,83.0219512195122,621700.0
MAC,2015,69902.9605741233,83.2243902439024,642900.0
MAC,2016,68911.6755919628,83.2756097560976,652500.0
MAC,2017,77570.9876166977,83.5268292682927,648400.0
MAC,2018,83588.2875009014,83.6780487804878,658900.0
MAC,2019,81882.6964523869,83.9292682926829,672000.0
MAC,2020,36883.6652578543,84.1292682926829,685400.0
MAF,1990,,74.565,28224.0
MAF,1991,,74.925,28800.0
MAF,1992,,75.15,29081.0
MAF,1993,,75.349,29282.0
MAF,1994,,75.533,29413.0
MAF,1995,,75.714,29470.0
MAF,1996,,75.885,29443.0
MAF,1997,,76.105,29323.0
MAF,1998,,76.338,29107.0
MAF,1999,,76.565,29284.0
MAF,2000,,76.793,29996.0
MAF,2001,,77.009,30803.0
MAF,2002,,77.219,31604.0
MAF,2003,,77.419,32395.0
MAF,2004,,77.612,33171.0
MAF,2005,,77.802,33928.0
MAF,2006,,77.989,34658.0
MAF,2007,,78.16,35337.0
MAF,2008,,78.326,35958.0
MAF,2009,,78.513,36502.0
MAF,2010,,78.752,36856.0
MAF,2011,20930.5821177758,79.016,37069.0
MAF,2012,,79.302,37276.0
MAF,2013,,79.528,37419.0
MAF,2014,20638.7705882379,79.727,37450.0
MAF,2015,,79.829,37369.0
MAF,2016,,79.885,37175.0
MAF,2017,,78.762,36837.0
MAF,2018,,80.029,36012.0
MAF,2019,19033.0649634889,80.078,34267.0
MAF,2020,,80.085,31786.0
MAR,1990,1229.07104492188,62.396,24375551.0
MAR,1991,1292.23376464844,62.919,24799014.0
MAR,1992,1327.02954101563,63.388,25212468.0
MAR,1993,1226.43054199219,63.868,25614586.0
MAR,1994,1358.79443359375,64.346,26000822.0
MAR,1995,1466.78820800781,64.725,26399429.0
MAR,1996,1596.83239746094,65.226,26808107.0
MAR,1997,1426.30114746094,65.616,27213337.0
MAR,1998,1668.49755859375,66.008,27621648.0
MAR,1999,1635.65673828125,66.404,28027179.0
MAR,2000,1499.107421875,66.794,28423435.0
MAR,2001,1506.24523925781,67.2,28814643.0
MAR,2002,1596.02062988281,67.582,29198142.0
MAR,2003,1941.87255859375,67.958,29571415.0
MAR,2004,2183.55541992188,68.272,29953018.0
MAR,2005,2242.98828125,68.748,30358144.0
MAR,2006,2438.12646484375,69.157,30771178.0
MAR,2007,2755.5859375,69.62,31186468.0
MAR,2008,3183.20043945313,70.051,31606767.0
MAR,2009,3119.58862304688,70.454,32030778.0
MAR,2010,3067.9853515625,70.821,32467016.0
MAR,2011,3301.98876953125,71.263,32912588.0
MAR,2012,3164.17724609375,71.674,33355241.0
MAR,2013,3379.7431640625,72.117,33787571.0
MAR,2014,3435.40698242188,72.522,34204780.0
MAR,2015,3146.24780273438,72.894,34607588.0
MAR,2016,3140.85546875,73.228,35023457.0
MAR,2017,3296.52661132813,73.608,35446392.0
MAR,2018,3501.69799804688,73.946,35839760.0
MAR,2019,3508.09765625,74.245,36210898.0
MAR,2020,3268.0302734375,73.133,36584208.0
MCO,1990,81734.8664968011,79.436,30358.0
MCO,1991,80997.2520924871,79.749,30625.0
MCO,1992,88614.926367223,80.065,30887.0
MCO,1993,82685.4559266948,80.365,31136.0
MCO,1994,86703.8130529474,80.654,31375.0
MCO,1995,99032.2375054091,80.902,31609.0
MCO,1996,98561.0137425657,81.133,31837.0
MCO,1997,88581.7044683607,81.358,32063.0
MCO,1998,90947.2051224438,81.605,32267.0
MCO,1999,89698.1924366737,81.826,32410.0
MCO,2000,81789.014508777,82.121,32455.0
MCO,2001,82402.7746362391,82.485,32447.0
MCO,2002,90051.4463079416,83.055,32422.0
MCO,2003,111110.460463916,83.613,32374.0
MCO,2004,125160.282928751,84.151,32307.0
MCO,2005,130538.711379722,84.34,32210.0
MCO,2006,143083.509443656,84.194,32057.0
MCO,2007,184558.455423983,83.903,31837.0
MCO,2008,204263.893236529,83.827,31836.0
MCO,2009,169150.337647299,84.187,32364.0
MCO,2010,161853.922745228,84.644,33163.0
MCO,2011,179364.009524397,85.01,33946.0
MCO,2012,165444.625782803,85.045,34711.0
MCO,2013,184940.633666281,85.056,35447.0
MCO,2014,195693.519540544,85.093,36128.0
MCO,2015,170437.021128628,85.323,36757.0
MCO,2016,173604.669723126,85.63,37276.0
MCO,2017,170663.470051177,85.878,37678.0
MCO,2018,188298.389694191,86.084,38154.0
MCO,2019,193746.729890885,86.151,38109.0
MCO,2020,176891.806328966,86.089,38050.0
MDA,1990,1206.50208704977,67.92,2977912.0
MDA,1991,1037.89950336245,67.554,2981566.0
MDA,1992,778.017667420102,66.749,2980965.0
MDA,1993,796.989388848336,66.66,2975966.0
MDA,1994,573.798647201304,66.319,2966745.0
MDA,1995,593.593177049161,66.218,2953200.0
MDA,1996,575.145455139019,66.248,2947293.0
MDA,1997,657.29213459795,66.484,2936413.0
MDA,1998,578.734627562193,66.84,2935227.0
MDA,1999,399.499818596336,67.205,2930622.0
MDA,2000,440.538683980372,67.462,2924668.0
MDA,2001,507.404076252819,67.672,2918135.0
MDA,2002,570.799866188293,67.793,2911385.0
MDA,2003,682.319095965299,67.9,2903198.0
MDA,2004,897.178494749468,68.017,2896023.0
MDA,2005,1034.39197746993,68.197,2888985.0
MDA,2006,1183.02481442894,68.423,2880967.0
MDA,2007,1531.21618590748,68.674,2874299.0
MDA,2008,2110.55305353857,69.0,2868833.0
MDA,2009,1898.43975710988,69.406,2865213.0
MDA,2010,2436.79935102421,69.876,2862354.0
MDA,2011,2941.36224066021,70.173,2860699.0
MDA,2012,3044.8084324815,70.344,2860324.0
MDA,2013,3321.04397795719,70.291,2859558.0
MDA,2014,3289.95758568777,70.241,2857815.0
MDA,2015,2749.55137054338,70.118,2835978.0
MDA,2016,2847.08794770479,70.179,2803186.0
MDA,2017,3453.26727720294,70.375,2755189.0
MDA,2018,4156.44981956646,70.236,2707203.0
MDA,2019,4405.33418162155,70.181,2664224.0
MDA,2020,4375.7788930524,69.914,2635130.0
MDG,1990,326.099253221978,52.14,12055639.0
MDG,1991,262.024402380479,52.555,12421412.0
MDG,1992,290.2120463948,52.946,12800870.0
MDG,1993,307.887603096441,53.733,13197345.0
MDG,1994,258.723806434505,54.247,13613850.0
MDG,1995,273.149653945976,54.845,14051275.0
MDG,1996,339.877283663608,55.477,14510711.0
MDG,1997,284.371843967244,56.127,14990814.0
MDG,1998,284.192923139852,56.803,15489364.0
MDG,1999,267.360530991414,57.434,16000506.0
MDG,2000,280.282905559649,57.974,16516338.0
MDG,2001,319.283278235657,58.674,17032939.0
MDG,2002,304.941777398445,59.17,17549913.0
MDG,2003,352.620095849925,59.693,18071854.0
MDG,2004,272.20074858856,60.168,18606608.0
MDG,2005,305.812074924388,60.664,19159707.0
MDG,2006,324.146874882604,61.14,19730909.0
MDG,2007,419.548001431865,61.533,20318583.0
MDG,2008,512.579800058444,61.992,20923840.0
MDG,2009,446.315238370592,62.304,21547280.0
MDG,2010,450.009391645726,62.597,22183340.0
MDG,2011,506.163691559309,62.86,22822300.0
MDG,2012,493.511162904211,63.007,23462438.0
MDG,2013,515.301589361832,63.161,24109290.0
MDG,2014,505.684922503435,63.261,24764348.0
MDG,2015,445.320069480568,63.362,25426702.0
MDG,2016,453.970714522463,63.431,26099952.0
MDG,2017,491.866848718929,63.433,26788375.0
MDG,2018,500.45718552916,63.491,27494926.0
MDG,2019,499.818837622534,63.504,28219554.0
MDG,2020,450.771615205157,62.706,28953556.0
MDV,1990,956.763019768672,63.148,224762.0
MDV,1991,1054.33413828759,63.911,231802.0
MDV,1992,1194.2325242813,64.664,238543.0
MDV,1993,1316.614548774,65.434,244884.0
MDV,1994,1419.39276513408,66.197,250822.0
MDV,1995,1554.60942754604,66.962,256649.0
MDV,1996,1716.74281753716,67.734,262347.0
MDV,1997,1898.43225010526,68.517,267707.0
MDV,1998,1980.38448396751,69.303,272723.0
MDV,1999,2124.06007530631,70.157,277412.0
MDV,2000,2213.81235053178,70.892,282019.0
MDV,2001,3033.93234507036,71.659,286767.0
MDV,2002,3076.07007160101,72.36,291616.0
MDV,2003,3548.5767011056,73.263,296491.0
MDV,2004,4070.2609459446,73.008,301413.0
MDV,2005,3796.51546524644,74.785,306429.0
MDV,2006,5018.94335409159,75.256,313851.0
MDV,2007,5758.10286933053,75.711,324479.0
MDV,2008,6757.43280929292,75.999,336170.0
MDV,2009,6734.03165601895,76.371,348275.0
MDV,2010,7173.59601844692,76.756,360792.0
MDV,2011,7424.520410971,77.141,373674.0
MDV,2012,7461.29703686309,77.512,386818.0
MDV,2013,8236.08177944126,77.847,400070.0
MDV,2014,8939.07416571472,78.187,413617.0
MDV,2015,9644.90655028145,78.607,428154.0
MDV,2016,9947.80744731739,78.913,443308.0
MDV,2017,10509.628805812,79.228,458287.0
MDV,2018,11423.2838427029,79.433,473099.0
MDV,2019,11740.2724029785,79.707,487731.0
MDV,2020,7393.8886543933,78.713,502118.0
MEX,1990,3154.46920349038,69.034,82820170.0
MEX,1991,3708.8420548157,69.368,84430572.0
MEX,1992,4220.56643677057,69.663,86044809.0
MEX,1993,6048.34840388099,69.961,87653807.0
MEX,1994,6202.36588372862,70.302,89259205.0
MEX,1995,4183.87847727479,70.703,90862455.0
MEX,1996,4674.36792733681,71.088,92452702.0
MEX,1997,5567.35599516667,71.472,94021207.0
MEX,1998,5832.69342004468,71.792,95575245.0
MEX,1999,6499.97182950425,72.203,97115707.0
MEX,2000,7524.0271380091,72.562,98625552.0
MEX,2001,7952.76479510706,72.912,100099099.0
MEX,2002,7983.03398381759,73.106,101548624.0
MEX,2003,7434.07465031562,73.308,102978515.0
MEX,2004,7849.66759649565,73.432,104394131.0
MEX,2005,8671.75891798441,73.627,105811504.0
MEX,2006,9512.63575346699,73.746,107253666.0
MEX,2007,10134.3327129706,73.796,108774360.0
MEX,2008,10523.7685427665,73.695,110374288.0
MEX,2009,8423.56933148639,73.628,111999721.0
MEX,2010,9728.80078307432,73.718,113623895.0
MEX,2011,10664.4944032313,73.921,115243504.0
MEX,2012,10744.1335236186,74.128,116818208.0
MEX,2013,11216.800851866,74.289,118343573.0
MEX,2014,11391.3773503964,74.404,119784261.0
MEX,2015,10021.2386113616,74.431,121072306.0
MEX,2016,9097.92397674769,74.376,122251351.0
MEX,2017,9649.27816729586,74.261,123400057.0
MEX,2018,10084.7937570364,74.301,124573711.0
MEX,2019,10369.5553593527,74.53,125762982.0
MEX,2020,8841.27074929751,70.449,126799054.0
MHL,1990,1758.40820990836,61.756,44629.0
MHL,1991,1810.63465589888,61.792,45568.0
MHL,1992,1963.07234629646,61.9,46388.0
MHL,1993,2112.01240099378,62.085,47093.0
MHL,1994,2265.0695841717,62.308,47712.0
MHL,1995,2490.98744457796,62.515,48266.0
MHL,1996,2272.84469502819,62.765,48775.0
MHL,1997,2230.75377088451,63.015,49259.0
MHL,1998,2254.16054870567,63.218,49717.0
MHL,1999,2257.92000318712,63.421,50202.0
MHL,2000,2264.79114897645,63.323,50706.0
MHL,2001,2394.34501105178,63.735,51123.0
MHL,2002,2566.06708799222,63.848,51425.0
MHL,2003,2539.3307383954,63.956,51639.0
MHL,2004,2566.08291015814,64.044,51791.0
MHL,2005,2658.65217893885,64.112,51906.0
MHL,2006,2754.26988767503,64.207,51992.0
MHL,2007,2892.28403958874,64.259,52035.0
MHL,2008,2817.60522775322,64.3,52030.0
MHL,2009,2906.63026970914,64.395,52019.0
MHL,2010,3095.45768964722,64.498,52044.0
MHL,2011,3319.39815439151,64.641,51907.0
MHL,2012,3514.26515490383,64.776,51419.0
MHL,2013,3677.90690791421,64.954,50681.0
MHL,2014,3735.23977829545,65.11,49796.0
MHL,2015,3764.34426229508,65.292,48800.0
MHL,2016,4229.80988911945,65.477,47709.0
MHL,2017,4592.83457628576,65.673,46529.0
MHL,2018,4858.12079054875,65.87,45285.0
MHL,2019,5292.33985502306,66.047,44007.0
MHL,2020,5661.96787336674,65.387,42706.0
MKD,1990,2277.30372314314,71.1720975609756,2063689.0
MKD,1991,2402.13517656378,71.5829024390244,2055994.0
MKD,1992,1198.92829846257,71.1484634146342,2032523.0
MKD,1993,1336.64775641463,71.5965609756098,2006854.0
MKD,1994,1786.35488334914,71.6926829268293,1992666.0
MKD,1995,2355.24705371138,71.8487804878049,1998534.0
MKD,1996,2306.53366957635,72.4951219512195,2012553.0
MKD,1997,1959.56073782188,72.4463414634146,1996869.0
MKD,1998,1875.81662735988,72.2975609756098,2007523.0
MKD,1999,1915.39281060996,72.790243902439,2017142.0
MKD,2000,1861.89899780644,72.9463414634147,2026350.0
MKD,2001,1823.02267682636,73.4365853658537,2034882.0
MKD,2002,1989.13537265159,73.0390243902439,2020157.0
MKD,2003,2445.36286400013,73.2414634146342,2022725.0
MKD,2004,2818.5814561242,73.5975609756098,2016186.0
MKD,2005,3120.98401394233,73.6975609756098,2005330.0
MKD,2006,3440.4411057968,73.8951219512195,1994287.0
MKD,2007,4204.11328760452,73.8,1982933.0
MKD,2008,5026.4202989873,74.4,1971493.0
MKD,2009,4799.78722768888,74.4463414634146,1958782.0
MKD,2010,4833.36586759968,74.9975609756098,1946298.0
MKD,2011,5416.86672931659,75.1,1937398.0
MKD,2012,5049.8265386157,74.9024390243903,1929821.0
MKD,2013,5626.26115664893,75.4,1922716.0
MKD,2014,5925.38592218015,75.4512195121951,1917557.0
MKD,2015,5262.68671928674,75.4024390243902,1912430.0
MKD,2016,5598.48622617967,75.4,1906313.0
MKD,2017,5955.2973863451,75.9536585365854,1898657.0
MKD,2018,6713.98925398989,76.6487804878049,1889051.0
MKD,2019,6718.85826635458,76.6024390243903,1876262.0
MKD,2020,6659.59651070776,74.3951219512195,1856124.0
MLI,1990,353.903252431339,46.541,9178830.0
MLI,1991,381.993534663018,46.889,9362888.0
MLI,1992,385.278654501558,47.238,9553540.0
MLI,1993,372.412257638931,47.586,9754786.0
MLI,1994,266.455340175594,47.914,9967031.0
MLI,1995,331.193112418678,48.292,10185365.0
MLI,1996,359.662096056414,48.5,10407278.0
MLI,1997,320.751522972854,49.086,10646495.0
MLI,1998,356.64704402466,49.592,10919573.0
MLI,1999,364.415678421892,50.06,11227415.0
MLI,2000,304.652870189314,50.605,11559290.0
MLI,2001,346.224554248587,51.3,11912158.0
MLI,2002,378.191678628068,51.995,12288050.0
MLI,2003,441.910358475171,52.632,12684955.0
MLI,2004,495.006294675661,53.253,13102409.0
MLI,2005,548.730382848879,53.792,13538647.0
MLI,2006,586.985415512593,54.305,13990139.0
MLI,2007,670.853394978069,54.756,14457775.0
MLI,2008,767.194838946144,55.187,14940782.0
MLI,2009,787.48256428259,55.588,15435539.0
MLI,2010,797.151541141189,55.993,15945198.0
MLI,2011,938.292902579598,56.367,16469049.0
MLI,2012,872.506092463946,56.696,16957033.0
MLI,2013,901.920957649814,57.052,17459615.0
MLI,2014,947.915033293219,57.482,18020267.0
MLI,2015,838.11986940103,57.852,18593022.0
MLI,2016,872.468587171653,58.286,19191289.0
MLI,2017,924.057531692284,58.562,19813011.0
MLI,2018,996.379292136901,58.873,20442030.0
MLI,2019,971.949318638092,59.217,21068405.0
MLI,2020,953.242943290974,58.858,21713836.0
MLT,1990,7192.38994693962,76.0459268292683,354170.0
MLT,1991,7558.75921583164,76.3776341463415,363845.0
MLT,1992,8220.33403924666,76.5651219512195,367618.0
MLT,1993,7296.35111127489,76.7196097560976,371308.0
MLT,1994,8000.3453286604,76.8329756097561,374797.0
MLT,1995,9828.32366424667,77.290243902439,377419.0
MLT,1996,10061.8500714248,77.3414634146342,379905.0
MLT,1997,9893.18885431564,77.7390243902439,382791.0
MLT,1998,10408.1156430599,77.5878048780488,385287.0
MLT,1999,10609.1105181418,77.5,387578.0
MLT,2000,10348.485765125,78.3487804878049,390087.0
MLT,2001,10357.7026407269,78.8439024390244,393028.0
MLT,2002,11251.2024877398,78.7390243902439,395969.0
MLT,2003,13593.9787182902,78.5463414634146,398582.0
MLT,2004,15212.1312964883,79.2536585365854,401268.0
MLT,2005,15831.3439802756,79.3,403834.0
MLT,2006,16653.6038312389,79.4390243902439,405308.0
MLT,2007,19444.1743635565,79.7926829268293,406724.0
MLT,2008,22405.6426266551,79.6365853658537,409379.0
MLT,2009,21261.5428699817,80.2414634146342,412477.0
MLT,2010,21946.6073066905,81.3975609756098,414508.0
MLT,2011,23516.972445816,80.7463414634146,416268.0
MLT,2012,22878.3095862582,80.7463414634146,420028.0
MLT,2013,25415.5525389054,81.7463414634146,424810.0
MLT,2014,27424.5693619702,81.8951219512195,433481.0
MLT,2015,25529.6693210673,81.7975609756098,444220.0
MLT,2016,26459.0644285369,82.3536585365854,454505.0
MLT,2017,30317.2611769875,82.1951219512195,467106.0
MLT,2018,33382.280781103,82.2487804878049,483903.0
MLT,2019,32421.9087471186,82.6585365853659,503912.0
MLT,2020,31823.422001724,82.0975609756098,515490.0
MMR,1990,53.1225401094506,57.159,39817251.0
MMR,1991,51.2408970610106,57.395,40394154.0
MMR,1992,58.8896739558883,57.681,40950342.0
MMR,1993,76.212889482598,58.032,41502429.0
MMR,1994,105.391561114159,58.326,42055143.0
MMR,1995,124.14348039051,58.671,42605338.0
MMR,1996,141.897267580367,59.169,43154860.0
MMR,1997,108.039770292032,59.523,43708798.0
MMR,1998,145.950830383757,59.896,44257793.0
MMR,1999,189.490155849067,60.107,44787724.0
MMR,2000,196.619580625284,60.357,45290841.0
MMR,2001,141.525660705722,60.64,45771139.0
MMR,2002,146.598390364449,60.925,46232653.0
MMR,2003,224.292688912409,61.196,46667192.0
MMR,2004,224.508811413327,61.443,47068772.0
MMR,2005,252.685193060728,61.72,47438365.0
MMR,2006,303.495087119254,62.026,47785135.0
MMR,2007,419.375780725042,62.367,48125043.0
MMR,2008,658.442487229705,56.364,48390793.0
MMR,2009,758.442935789255,63.095,48660459.0
MMR,2010,1010.53417343401,63.479,49024382.0
MMR,2011,1213.62898703376,63.859,49419820.0
MMR,2012,1202.6658960055,64.251,49837446.0
MMR,2013,1199.09561597055,64.617,50262658.0
MMR,2014,1293.00042298688,64.994,50681634.0
MMR,2015,1166.73305546337,65.288,51089056.0
MMR,2016,1229.19713515893,65.64,51495696.0
MMR,2017,1272.82241830603,65.909,51894938.0
MMR,2018,1298.21310320785,66.232,52272247.0
MMR,2019,1425.98954211903,66.457,52640713.0
MMR,2020,1490.21683548367,66.612,53016522.0
MNE,1990,,73.6963414634146,606372.0
MNE,1991,,73.7667317073171,607105.0
MNE,1992,,73.6216585365854,608516.0
MNE,1993,,73.6938780487805,610170.0
MNE,1994,,73.5877804878049,611389.0
MNE,1995,,73.5649268292683,611712.0
MNE,1996,,73.4447317073171,611003.0
MNE,1997,1375.32616813442,73.3429756097561,609520.0
MNE,1998,1405.81632669854,73.2877804878049,607662.0
MNE,1999,1367.90257335097,73.1438780487805,606001.0
MNE,2000,1627.06511911987,73.3968048780488,604950.0
MNE,2001,1909.59870186179,73.5801951219512,607389.0
MNE,2002,2109.30631947331,73.9652195121951,609828.0
MNE,2003,2789.95435110345,74.0557317073171,612267.0
MNE,2004,3386.38099417981,74.2056097560976,613353.0
MNE,2005,3675.98851272723,73.9829268292683,614261.0
MNE,2006,4422.55172559508,73.8390243902439,615025.0
MNE,2007,5979.43813180981,74.3390243902439,615875.0
MNE,2008,7390.01481290503,75.1365853658537,616969.0
MNE,2009,6726.67589734408,75.1439024390244,618294.0
MNE,2010,6678.63939560908,75.990243902439,619428.0
MNE,2011,7265.51771176628,76.0829268292683,620345.0
MNE,2012,6552.47970337373,76.3,621418.0
MNE,2013,7102.7776714702,76.490243902439,622587.0
MNE,2014,7342.17147363741,76.3390243902439,623744.0
MNE,2015,6421.00005731419,76.6024390243903,624651.0
MNE,2016,6968.01202883651,76.5414634146342,625353.0
MNE,2017,7674.2856571219,76.6853658536585,625982.0
MNE,2018,8673.59469069858,77.8853658536585,626438.0
MNE,2019,8749.25629734676,76.6829268292683,626753.0
MNE,2020,7555.48699036321,75.9317073170732,626590.0
MNG,1990,1220.17127664137,58.8011951219512,2098710.0
MNG,1991,1098.68017445549,59.8047317073171,2165342.0
MNG,1992,607.813424662797,60.4307073170732,2167790.0
MNG,1993,354.898613087701,60.8242195121951,2165130.0
MNG,1994,422.864349383041,60.859,2189395.0
MNG,1995,652.67456284915,60.892512195122,2224945.0
MNG,1996,595.5810149554,60.994,2259507.0
MNG,1997,515.298004947316,61.414512195122,2291750.0
MNG,1998,483.878066074871,62.0830731707317,2323809.0
MNG,1999,448.660368337533,62.7895365853659,2356813.0
MNG,2000,476.02755082717,63.2104878048781,2388299.0
MNG,2001,524.453483552485,63.3917073170732,2417751.0
MNG,2002,570.249213248399,63.540243902439,2449027.0
MNG,2003,643.168068921658,63.5753658536585,2480374.0
MNG,2004,794.154552001815,64.630243902439,2508412.0
MNG,2005,994.90010913241,65.2807317073171,2536407.0
MNG,2006,1329.89179579053,65.9021951219512,2567168.0
MNG,2007,1627.68787743359,66.5934146341464,2601850.0
MNG,2008,2127.42678594737,67.2460975609756,2643201.0
MNG,2009,1703.32756790019,67.9690243902439,2691115.0
MNG,2010,2625.21881402433,68.5056097560976,2738622.0
MNG,2011,3736.04201455077,69.109268292683,2786317.0
MNG,2012,4328.89001905655,69.500243902439,2839705.0
MNG,2013,4340.14310544449,70.0980487804878,2899011.0
MNG,2014,4126.23975800524,70.5831707317073,2963113.0
MNG,2015,3838.92126989984,70.810243902439,3026864.0
MNG,2016,3619.90026383792,70.2239024390244,3088856.0
MNG,2017,3645.96708669551,70.5434146341463,3148917.0
MNG,2018,4107.64288528468,70.8270731707317,3208189.0
MNG,2019,4347.54610314873,71.0531707317073,3267673.0
MNG,2020,4001.25193077703,71.3490243902439,3327204.0
MNP,1990,,70.038,43342.0
MNP,1991,,70.362,44393.0
MNP,1992,,70.762,45181.0
MNP,1993,,71.156,45952.0
MNP,1994,,71.533,46730.0
MNP,1995,,71.938,48176.0
MNP,1996,,72.442,51706.0
MNP,1997,,72.947,56596.0
MNP,1998,,73.573,61337.0
MNP,1999,,74.262,65916.0
MNP,2000,,74.9,68356.0
MNP,2001,,75.419,67984.0
MNP,2002,19227.8894246608,75.934,66778.0
MNP,2003,18938.8728389967,76.505,65421.0
MNP,2004,18924.5831899653,76.789,63938.0
MNP,2005,17015.7487891715,77.307,62354.0
MNP,2006,16314.5578590027,77.688,60682.0
MNP,2007,15914.2193040498,77.863,58941.0
MNP,2008,16430.4461942257,77.938,57150.0
MNP,2009,14369.6339810212,77.903,55325.0
MNP,2010,14771.4037455399,77.8,54091.0
MNP,2011,13598.7166094613,77.688,53608.0
MNP,2012,14013.6003306158,77.566,53234.0
MNP,2013,14632.8518897608,77.452,52758.0
MNP,2014,15945.417608954,77.377,52178.0
MNP,2015,17665.1007493109,77.36,51514.0
MNP,2016,24225.474169342,77.392,50773.0
MNP,2017,31225.6049960968,77.47,49959.0
MNP,2018,26509.3628379893,77.51,49077.0
MNP,2019,24496.6652122421,77.844,48129.0
MNP,2020,18220.8382427201,78.03,47528.0
MOZ,1990,,44.337,13094537.0
MOZ,1991,288.708092484444,44.705,13352090.0
MOZ,1992,205.585216062094,45.095,13613316.0
MOZ,1993,205.189844208699,45.675,14051192.0
MOZ,1994,196.763143175646,46.086,15033853.0
MOZ,1995,191.826096861406,46.546,15960530.0
MOZ,1996,244.362651012498,47.121,16492480.0
MOZ,1997,287.532091475389,47.8,16949982.0
MOZ,1998,320.125121723292,48.212,17340464.0
MOZ,1999,354.406245723711,48.837,17734506.0
MOZ,2000,327.12623979157,49.476,18129653.0
MOZ,2001,304.792138621913,50.259,18537729.0
MOZ,2002,313.886661721198,50.879,18958338.0
MOZ,2003,339.488737800648,51.383,19392475.0
MOZ,2004,400.056973161545,51.855,19840313.0
MOZ,2005,436.773856167384,52.322,20304569.0
MOZ,2006,457.487647833183,52.748,20787087.0
MOZ,2007,507.874923914304,53.255,21287635.0
MOZ,2008,592.159111184122,53.799,21819036.0
MOZ,2009,547.697144193651,54.4,22391745.0
MOZ,2010,496.185839392659,55.04,22999235.0
MOZ,2011,618.17649286789,55.733,23649039.0
MOZ,2012,685.685748199513,56.46,24337846.0
MOZ,2013,686.505672517351,57.189,25051611.0
MOZ,2014,697.142680444123,57.965,25788475.0
MOZ,2015,610.563774706589,58.711,26547572.0
MOZ,2016,441.489734819071,59.455,27337105.0
MOZ,2017,470.93856305196,60.148,28166393.0
MOZ,2018,517.507260258101,60.79,29018644.0
MOZ,2019,519.09255091362,61.306,29884380.0
MOZ,2020,462.433876479921,61.39,30783688.0
MRT,1990,772.033092140219,58.087,1951878.0
MRT,1991,1061.67704285264,58.291,2009738.0
MRT,1992,1036.47437808576,58.568,2088135.0
MRT,1993,849.620301696661,58.733,2174328.0
MRT,1994,864.599478365453,58.763,2249454.0
MRT,1995,904.719170071042,58.861,2312017.0
MRT,1996,904.120879798142,58.915,2358188.0
MRT,1997,859.28395817576,59.417,2411306.0
MRT,1998,821.266378551937,59.89,2474651.0
MRT,1999,781.337033563197,60.443,2541698.0
MRT,2000,680.911061879778,61.044,2613441.0
MRT,2001,651.817840199777,61.662,2678760.0
MRT,2002,648.879643934862,62.249,2738655.0
MRT,2003,732.017820812675,62.805,2802046.0
MRT,2004,823.554457141893,63.369,2868664.0
MRT,2005,998.96583416747,63.92,2939059.0
MRT,2006,1300.60367988659,64.493,3013660.0
MRT,2007,1405.15016203368,64.885,3093059.0
MRT,2008,1635.5630623124,65.233,3183269.0
MRT,2009,1435.43010811893,65.485,3284448.0
MRT,2010,1659.96369705455,65.661,3390965.0
MRT,2011,1931.19975525465,65.754,3502811.0
MRT,2012,1859.11733247641,65.808,3619034.0
MRT,2013,1936.26950446101,65.89,3734318.0
MRT,2014,1718.97089374709,66.207,3848514.0
MRT,2015,1558.84205473416,66.498,3965959.0
MRT,2016,1568.00551190332,66.823,4086657.0
MRT,2017,1617.93401542267,67.088,4210600.0
MRT,2018,1723.37809442655,67.419,4337685.0
MRT,2019,1767.072710621,67.64,4467708.0
MRT,2020,1795.72437324423,66.794,4600131.0
MUS,1990,2539.92846467452,69.4048780487805,1058775.0
MUS,1991,2705.26648158805,69.9560975609756,1070266.0
MUS,1992,3013.23706337167,70.0585365853659,1084441.0
MUS,1993,3013.83313790492,70.1073170731707,1097374.0
MUS,1994,3240.38624662702,70.1585365853659,1112846.0
MUS,1995,3648.01649622256,70.3258536585366,1122457.0
MUS,1996,3951.94494649336,70.3229268292683,1133996.0
MUS,1997,3695.73668844327,70.4048780487805,1148284.0
MUS,1998,3641.62142564086,70.6073170731707,1160421.0
MUS,1999,3745.69625069831,70.9609756097561,1175267.0
MUS,2000,3981.98343249582,71.6634146341463,1186873.0
MUS,2001,3908.55694927435,71.7658536585366,1196287.0
MUS,2002,4073.06053055903,71.9658536585366,1204621.0
MUS,2003,4858.26575549747,72.1170731707317,1213370.0
MUS,2004,5460.60800184198,72.2658536585366,1221003.0
MUS,2005,5354.02974260642,72.4321951219512,1228254.0
MUS,2006,5784.22491883026,72.4321951219512,1233996.0
MUS,2007,6677.37538616398,72.5707317073171,1239630.0
MUS,2008,8140.47983639243,72.5707317073171,1244121.0
MUS,2009,7426.86137313939,72.8824390243903,1247429.0
MUS,2010,8113.17670740212,72.9673170731707,1250400.0
MUS,2011,9324.24232310496,73.2668292682927,1252404.0
MUS,2012,9421.52514098225,73.8634146341464,1255882.0
MUS,2013,9877.13865958834,74.0170731707317,1258927.0
MUS,2014,10490.3315563853,74.1943902439024,1261208.0
MUS,2015,9630.5437837507,74.3531707317073,1262879.0
MUS,2016,10095.1225574156,74.3948780487805,1263747.0
MUS,2017,10986.7034093005,74.5146341463415,1264887.0
MUS,2018,11818.7480619272,74.4163414634146,1265577.0
MUS,2019,11568.2533399824,74.2358536585366,1265985.0
MUS,2020,9135.84773751062,74.1770731707317,1266014.0
MWI,1990,286.730598968269,43.575,9545852.0
MWI,1991,325.75273105931,43.54,9844227.0
MWI,1992,258.393430877557,43.636,10135079.0
MWI,1993,293.016883079922,43.648,10284024.0
MWI,1994,169.196526919639,43.8,10164894.0
MWI,1995,200.362370007247,43.804,10150117.0
MWI,1996,320.662735559137,44.005,10352228.0
MWI,1997,366.954461274104,44.2,10562035.0
MWI,1998,236.045479450504,44.3,10792876.0
MWI,1999,233.935986197873,45.06,11047804.0
MWI,2000,224.22415918428,46.17,11315942.0
MWI,2001,215.474524898357,47.205,11593058.0
MWI,2002,428.210439838398,48.176,11880440.0
MWI,2003,383.348596852642,49.601,12181574.0
MWI,2004,404.674248445428,51.073,12500737.0
MWI,2005,414.361121984475,52.469,12840031.0
MWI,2006,440.822149023873,53.652,13198701.0
MWI,2007,475.180261659331,54.687,13576343.0
MWI,2008,554.048820396119,55.715,13976417.0
MWI,2009,625.869729869625,56.714,14395788.0
MWI,2010,683.124694716799,57.787,14826463.0
MWI,2011,763.061000394572,58.859,15265022.0
MWI,2012,558.46208832772,59.87,15709577.0
MWI,2013,496.947368267313,60.816,16161816.0
MWI,2014,529.5133440206,61.651,16621538.0
MWI,2015,539.605363240686,62.324,17085587.0
MWI,2016,450.506105510719,63.163,17557739.0
MWI,2017,495.769683367165,63.914,18039715.0
MWI,2018,533.202567189331,64.464,18528081.0
MWI,2019,580.889139762475,64.995,19025752.0
MWI,2020,602.507478176106,65.216,19533888.0
MYS,1990,2468.69080320116,70.952,17833171.0
MYS,1991,2679.20101106745,71.219,18342464.0
MYS,1992,3141.43321987651,71.483,18834572.0
MYS,1993,3461.99504214189,71.721,19322664.0
MYS,1994,3757.65292858601,71.865,19820446.0
MYS,1995,4363.14458333034,71.979,20330599.0
MYS,1996,4837.16897250768,72.119,20850087.0
MYS,1997,4678.56390058182,72.296,21375218.0
MYS,1998,3294.30978444095,72.385,21906713.0
MYS,1999,3527.81581379249,72.428,22435531.0
MYS,2000,4083.52874483605,72.732,22967816.0
MYS,2001,3943.79943910239,73.08,23526538.0
MYS,2002,4184.03163773539,73.469,24102477.0
MYS,2003,4465.32194567208,73.727,24679602.0
MYS,2004,4939.24851854427,74.027,25256772.0
MYS,2005,5555.58179951206,74.37,25836071.0
MYS,2006,6158.40785533236,74.697,26417909.0
MYS,2007,7168.93031942508,74.961,26998389.0
MYS,2008,8371.82156086005,75.151,27570059.0
MYS,2009,7191.43287234626,75.269,28124778.0
MYS,2010,8899.34505544675,75.376,28655776.0
MYS,2011,10217.1068585031,75.488,29162039.0
MYS,2012,10600.5744240026,75.552,29662831.0
MYS,2013,10713.6407638899,75.464,30174265.0
MYS,2014,11013.3107334403,75.345,30696137.0
MYS,2015,9648.6797937523,75.288,31232798.0
MYS,2016,9476.53409809923,75.371,31789685.0
MYS,2017,9862.54806612235,75.542,32355644.0
MYS,2018,10901.8019954421,75.734,32910967.0
MYS,2019,10920.191763972,75.9,33440596.0
MYS,2020,9957.52626697613,76.057,33889558.0
NAM,1990,2037.47589359778,61.359,1369303.0
NAM,1991,2116.90552516214,60.833,1415684.0
NAM,1992,2346.86242963741,60.16,1461322.0
NAM,1993,2154.96473655435,59.26,1508697.0
NAM,1994,2355.90445673153,58.441,1556304.0
NAM,1995,2483.20353415161,57.518,1602170.0
NAM,1996,2423.3982907313,56.639,1646103.0
NAM,1997,2459.64511763936,55.844,1689264.0
NAM,1998,2235.24515468625,54.767,1732745.0
NAM,1999,2177.78733370092,53.983,1776368.0
NAM,2000,2156.67590512714,52.946,1818647.0
NAM,2001,1915.58926594875,51.98,1857048.0
NAM,2002,1772.07565537493,51.988,1889970.0
NAM,2003,2569.24739317883,51.918,1917464.0
NAM,2004,3403.15496192955,52.175,1942082.0
NAM,2005,3685.77299991587,52.557,1966582.0
NAM,2006,4017.1834716928,53.183,1991888.0
NAM,2007,4379.04313682732,54.026,2018600.0
NAM,2008,4204.78555422749,54.74,2047056.0
NAM,2009,4302.91374148376,55.347,2077394.0
NAM,2010,5418.21633365814,56.093,2109811.0
NAM,2011,5834.7917675794,56.647,2146325.0
NAM,2012,5942.64680978673,57.733,2194654.0
NAM,2013,5346.62131149967,58.468,2252508.0
NAM,2014,5378.32326241205,59.311,2312139.0
NAM,2015,4774.10650865775,60.008,2374300.0
NAM,2016,4395.68776162376,60.81,2439213.0
NAM,2017,5143.96072323076,61.661,2506853.0
NAM,2018,5308.60813408705,62.579,2577327.0
NAM,2019,4731.9210318831,63.546,2650494.0
NAM,2020,3878.58982993966,64.071,2728762.0
NCL,1990,14334.6807372176,69.526,176456.0
NCL,1991,14642.5179713722,69.82,181238.0
NCL,1992,15713.7198562158,70.143,186072.0
NCL,1993,14787.2165075183,70.504,190857.0
NCL,1994,15534.3093278924,70.897,195614.0
NCL,1995,18107.8880778022,71.314,200379.0
NCL,1996,17592.0502745845,71.75,205034.0
NCL,1997,15704.9593483537,72.204,209560.0
NCL,1998,16614.5978812179,72.677,214047.0
NCL,1999,16692.6835119189,73.141,218527.0
NCL,2000,15329.7297200058,73.574,223098.0
NCL,2001,14482.3606263602,73.958,227707.0
NCL,2002,16104.5520406819,74.278,232236.0
NCL,2003,20768.1061488848,74.5,236678.0
NCL,2004,24475.6488547037,74.713,240852.0
NCL,2005,25528.2918353444,74.867,244381.0
NCL,2006,28193.2537573387,75.016,247547.0
NCL,2007,35177.6535261448,75.181,250725.0
NCL,2008,35723.9033194947,75.398,253825.0
NCL,2009,33836.494080472,75.676,257250.0
NCL,2010,35798.9084757829,75.992,261582.0
NCL,2011,38835.9401851385,76.315,266543.0
NCL,2012,35559.5672006157,76.615,271633.0
NCL,2013,36671.1566752621,76.867,276822.0
NCL,2014,37816.9558599295,77.053,281224.0
NCL,2015,30858.7237060533,77.206,283168.0
NCL,2016,30782.8544433514,77.359,283423.0
NCL,2017,32354.7102832901,77.504,283546.0
NCL,2018,34902.8968780031,77.557,283541.0
NCL,2019,33411.3358835672,77.262,283606.0
NCL,2020,33270.330597637,77.049,284176.0
NER,1990,423.887460599302,41.732,8286059.0
NER,1991,384.44311679922,42.289,8546900.0
NER,1992,384.029657304316,43.064,8817633.0
NER,1993,335.429581902384,43.838,9100789.0
NER,1994,206.214617135856,44.586,9398258.0
NER,1995,237.01998956862,45.504,9714529.0
NER,1996,239.494513213973,46.313,10044852.0
NER,1997,220.562957209,47.097,10383969.0
NER,1998,246.090855923026,47.807,10741413.0
NER,1999,228.271656116064,48.48,11117411.0
NER,2000,194.771959898935,49.172,11509630.0
NER,2001,205.417936120931,49.872,11920647.0
NER,2002,225.294391147438,50.645,12349144.0
NER,2003,265.225363452469,51.545,12796984.0
NER,2004,283.468281798296,52.402,13265836.0
NER,2005,318.643121918273,53.32,13756192.0
NER,2006,333.345078419447,54.223,14268581.0
NER,2007,387.168065883301,55.063,14803610.0
NER,2008,475.044955398162,55.852,15361915.0
NER,2009,461.131533961487,56.487,15943675.0
NER,2010,474.425692340831,57.08,16548835.0
NER,2011,510.75956176268,57.6,17176283.0
NER,2012,528.510104469655,57.987,17836769.0
NER,2013,552.103334363117,58.364,18519898.0
NER,2014,565.30989731175,58.693,19215909.0
NER,2015,485.662574175279,58.85,19939498.0
NER,2016,499.910520068193,59.228,20685753.0
NER,2017,529.929418934868,59.524,21435446.0
NER,2018,576.927536415462,59.765,22188069.0
NER,2019,541.265819870273,60.031,22947757.0
NER,2020,575.451340306915,59.89,23717613.0
NGA,1990,556.376449130902,45.733,97120925.0
NGA,1991,596.938795710722,45.483,99720162.0
NGA,1992,508.515905682785,45.587,102372770.0
NGA,1993,539.573202297542,45.783,105122069.0
NGA,1994,744.884247151377,45.748,107935714.0
NGA,1995,1271.61617353199,45.87,110819428.0
NGA,1996,1632.72469370276,45.833,113754779.0
NGA,1997,1720.27540949396,45.96,116754792.0
NGA,1998,1822.46998452473,46.148,119846254.0
NGA,1999,480.669363941805,46.609,123047320.0
NGA,2000,547.318298903379,47.143,126382494.0
NGA,2001,566.428231812933,47.549,129862595.0
NGA,2002,712.164852077686,48.02,133471989.0
NGA,2003,763.388745367223,48.618,137202644.0
NGA,2004,962.48104194733,49.148,141057045.0
NGA,2005,1211.37703504386,49.538,145017253.0
NGA,2006,1599.53891556365,49.876,149077334.0
NGA,2007,1815.52697545827,50.381,153267261.0
NGA,2008,2154.10543545364,50.748,157595014.0
NGA,2009,1820.48633854782,51.08,162049464.0
NGA,2010,2202.25672957344,51.315,166642886.0
NGA,2011,2418.41316975875,51.49,171379598.0
NGA,2012,2633.19734671361,51.688,176200625.0
NGA,2013,2872.79083379398,51.827,181049443.0
NGA,2014,3088.72131316169,51.94,185896915.0
NGA,2015,2585.73360671797,51.939,190671878.0
NGA,2016,2070.4127339595,52.189,195443700.0
NGA,2017,1876.34027111773,52.397,200254579.0
NGA,2018,2057.87944554011,52.669,204938755.0
NGA,2019,3189.81286496183,53.009,209485641.0
NGA,2020,2797.184580679,53.072,213996181.0
NIC,1990,242.508390600822,62.473,4162559.0
NIC,1991,349.514318640612,63.31,4259637.0
NIC,1992,411.473330661786,63.672,4357026.0
NIC,1993,394.378074021071,64.093,4453732.0
NIC,1994,849.179331364895,64.549,4549316.0
NIC,1995,891.779352309996,64.869,4642931.0
NIC,1996,910.861645917295,65.215,4729974.0
NIC,1997,912.757429788533,65.523,4809573.0
NIC,1998,949.155373494771,64.111,4883655.0
NIC,1999,980.219744675246,65.892,4954018.0
NIC,2000,1017.3124434882,66.36,5022633.0
NIC,2001,1051.874235891,67.028,5087825.0
NIC,2002,1014.3339042591,67.95,5149909.0
NIC,2003,1021.35216668794,68.749,5210963.0
NIC,2004,1098.62118662335,69.51,5272912.0
NIC,2005,1183.30214010175,70.374,5342105.0
NIC,2006,1248.17371577788,70.958,5418855.0
NIC,2007,1350.38145753377,71.197,5497243.0
NIC,2008,1523.68437086409,71.404,5576593.0
NIC,2009,1467.08288052845,71.499,5656601.0
NIC,2010,1526.56706951408,71.761,5737450.0
NIC,2011,1679.71192084633,72.033,5819051.0
NIC,2012,1784.69836017555,72.435,5901287.0
NIC,2013,1835.43996363715,72.551,5983845.0
NIC,2014,1958.37047579547,72.792,6066492.0
NIC,2015,2074.45620634731,72.899,6149417.0
NIC,2016,2131.68704828322,73.18,6232666.0
NIC,2017,2182.61380995674,73.389,6316231.0
NIC,2018,2035.16549390507,73.879,6400080.0
NIC,2019,1958.62051528095,73.764,6483657.0
NIC,2020,1938.44704754382,70.766,6565267.0
NLD,1990,21322.1944802703,76.8780487804878,14951510.0
NLD,1991,21764.2144987258,77.0,15069798.0
NLD,1992,23939.2173482108,77.2170731707317,15184166.0
NLD,1993,23156.4404444568,76.9165853658537,15290368.0
NLD,1994,24682.5866742863,77.3751219512195,15382838.0
NLD,1995,29301.1940492376,77.4046341463415,15459006.0
NLD,1996,29063.6236532536,77.4356097560976,15530498.0
NLD,1997,26744.9601318097,77.7943902439024,15610650.0
NLD,1998,27924.281808994,77.8829268292683,15707209.0
NLD,1999,28318.7466538357,77.8365853658537,15812088.0
NLD,2000,26225.1697734149,77.9878048780488,15925513.0
NLD,2001,26955.7128032278,78.190243902439,16046180.0
NLD,2002,29446.5330872868,78.2926829268293,16148929.0
NLD,2003,35896.7504630706,78.4926829268293,16225302.0
NLD,2004,40611.3414353091,79.0951219512195,16281779.0
NLD,2005,42165.396168388,79.3463414634146,16319868.0
NLD,2006,45123.5432406426,79.6975609756098,16346101.0
NLD,2007,52100.7996285947,80.0975609756098,16381696.0
NLD,2008,58246.7026905874,80.2512195121951,16445593.0
NLD,2009,53172.0261581418,80.5487804878049,16530388.0
NLD,2010,51305.7338533973,80.7024390243902,16615394.0
NLD,2011,54701.7728030611,81.2048780487805,16693074.0
NLD,2012,50473.9442002689,81.1048780487805,16754962.0
NLD,2013,52602.2860520766,81.3048780487805,16804432.0
NLD,2014,53457.2234864322,81.7073170731707,16865008.0
NLD,2015,45793.8135434697,81.509756097561,16939923.0
NLD,2016,46808.5291492503,81.5609756097561,17030314.0
NLD,2017,49513.6817346384,81.7609756097561,17131296.0
NLD,2018,53955.0770024266,81.8121951219512,17231624.0
NLD,2019,53554.9007491475,82.1121951219512,17344874.0
NLD,2020,53467.9277413737,81.3585365853659,17441500.0
NOR,1990,28137.4837293741,76.5373170731707,4241473.0
NOR,1991,28427.2524217324,76.9807317073171,4261732.0
NOR,1992,30328.210916818,77.1843902439025,4286401.0
NOR,1993,27792.6599198329,77.1517073170732,4311991.0
NOR,1994,29129.7350937014,77.689756097561,4336613.0
NOR,1995,34658.6948344762,77.7365853658537,4359184.0
NOR,1996,37072.6000316602,78.1504878048781,4381336.0
NOR,1997,36324.1473513598,78.1426829268293,4405157.0
NOR,1998,34515.8977194734,78.3292682926829,4431464.0
NOR,1999,36151.4491624485,78.2829268292683,4461913.0
NOR,2000,37991.8907576589,78.6341463414634,4490967.0
NOR,2001,38458.2530907659,78.7853658536585,4513751.0
NOR,2002,43048.288735011,78.9878048780488,4538159.0
NOR,2003,50208.0960234078,79.390243902439,4564855.0
NOR,2004,57854.5698169407,79.8414634146342,4591910.0
NOR,2005,67358.3615969796,80.0414634146342,4623291.0
NOR,2006,75047.741700385,80.3439024390244,4660677.0
NOR,2007,86600.2387607877,80.3951219512195,4709153.0
NOR,2008,99001.5300678626,80.5926829268293,4768212.0
NOR,2009,81939.726548458,80.7951219512195,4828726.0
NOR,2010,90020.342257973,80.9975609756098,4889252.0
NOR,2011,103545.218988177,81.2951219512195,4953088.0
NOR,2012,104627.93694681,81.4512195121951,5018573.0
NOR,2013,106333.138368566,81.7512195121951,5079623.0
NOR,2014,100410.020200979,82.1,5137232.0
NOR,2015,77220.9524311414,82.3048780487805,5188607.0
NOR,2016,73222.4006864905,82.4073170731707,5234519.0
NOR,2017,78771.2151264554,82.609756097561,5276968.0
NOR,2018,85579.0776455494,82.7585365853659,5311916.0
NOR,2019,79329.3075190012,82.9585365853659,5347896.0
NOR,2020,71057.5879471399,83.209756097561,5379475.0
NPL,1990,185.794600449903,54.771,19524573.0
NPL,1991,195.716621410462,55.65,20036500.0
NPL,1992,165.02959412726,56.686,20609707.0
NPL,1993,172.805202579767,57.597,21180159.0
NPL,1994,187.258176246151,58.631,21717479.0
NPL,1995,197.843001330326,59.323,22245439.0
NPL,1996,198.821907435345,60.044,22741862.0
NPL,1997,211.834869589153,60.823,23219463.0
NPL,1998,205.075246306069,61.532,23680357.0
NPL,1999,208.646667913743,62.035,24125199.0
NPL,2000,223.830289183078,62.642,24546509.0
NPL,2001,240.795114544664,63.288,24946748.0
NPL,2002,238.89140296106,63.507,25328981.0
NPL,2003,246.429706587633,64.229,25688758.0
NPL,2004,279.587750044428,64.744,26016656.0
NPL,2005,309.024168339372,65.275,26309458.0
NPL,2006,340.431796437968,65.891,26565425.0
NPL,2007,385.449767660642,66.169,26788492.0
NPL,2008,464.817391891529,66.442,26990037.0
NPL,2009,473.078751198621,66.6,27173035.0
NPL,2010,585.278491984574,66.772,27341952.0
NPL,2011,785.518656222132,67.123,27464494.0
NPL,2012,788.202937148377,67.364,27534915.0
NPL,2013,803.269595420477,67.598,27589996.0
NPL,2014,821.455224911731,67.812,27672370.0
NPL,2015,875.543635474862,67.374,27823629.0
NPL,2016,877.256454696737,68.444,27955462.0
NPL,2017,1034.28374906846,68.74,28011258.0
NPL,2018,1179.19843190389,69.036,28079689.0
NPL,2019,1203.14294706401,69.299,28414064.0
NPL,2020,1154.21517578318,69.106,28966574.0
NRU,1990,5775.55347423089,59.102,9622.0
NRU,1991,5333.37954889626,59.312,9850.0
NRU,1992,5102.59685913907,59.518,10021.0
NRU,1993,4310.24433298623,59.761,10102.0
NRU,1994,3920.53972987914,59.954,10137.0
NRU,1995,3932.0910939209,60.063,10165.0
NRU,1996,3678.56242894634,60.07,10183.0
NRU,1997,3661.02846701327,59.985,10197.0
NRU,1998,2908.84986525428,59.86,10198.0
NRU,1999,2682.69486680046,59.701,10187.0
NRU,2000,2648.60152860938,59.574,10168.0
NRU,2001,2232.30874026726,59.482,10130.0
NRU,2002,2084.64824520971,59.427,10082.0
NRU,2003,2463.28259078079,59.359,10059.0
NRU,2004,3040.51349889,59.346,10060.0
NRU,2005,2992.40382776926,59.361,10049.0
NRU,2006,2910.14145794684,59.409,10034.0
NRU,2007,2272.15291307045,59.49,10020.0
NRU,2008,3756.84531228766,59.675,10009.0
NRU,2009,4410.56764668962,59.852,10016.0
NRU,2010,4735.92000502092,60.074,10043.0
NRU,2011,6444.03642094634,60.287,10098.0
NRU,2012,9842.77032731856,60.533,10267.0
NRU,2013,8974.51886874433,60.701,10517.0
NRU,2014,9230.05440328927,60.834,10742.0
NRU,2015,7747.25584993607,60.897,10954.0
NRU,2016,8748.15632605428,60.996,11150.0
NRU,2017,9656.97976571484,61.101,11324.0
NRU,2018,11413.7463016389,61.238,11477.0
NRU,2019,10801.7705659635,61.393,11587.0
NRU,2020,10709.068810538,61.527,11643.0
NZL,1990,13663.0216184298,75.3780487804878,3329800.0
NZL,1991,12230.0734548834,76.0317073170732,3495100.0
NZL,1992,11793.1392416214,76.1243902439025,3531700.0
NZL,1993,13094.3454502639,76.4341463414634,3572200.0
NZL,1994,15280.3127842922,76.8829268292683,3620000.0
NZL,1995,17400.4201848172,76.7341463414634,3673400.0
NZL,1996,18794.436039393,76.7878048780488,3732000.0
NZL,1997,17474.187029724,77.3341463414634,3781300.0
NZL,1998,14738.4455703918,78.0853658536585,3815000.0
NZL,1999,15322.2238340267,77.890243902439,3835100.0
NZL,2000,13641.1027183822,78.6365853658537,3857700.0
NZL,2001,13882.8568268586,78.6926829268293,3880500.0
NZL,2002,16874.1874918196,78.8463414634146,3948500.0
NZL,2003,21913.7081719961,79.1463414634146,4027200.0
NZL,2004,25420.234882944,79.5487804878049,4087500.0
NZL,2005,27751.0654708859,79.8512195121951,4133900.0
NZL,2006,26654.5932018985,80.0487804878049,4184600.0
NZL,2007,32479.9817381467,80.1512195121951,4223800.0
NZL,2008,31324.7397977102,80.3512195121951,4259800.0
NZL,2009,28276.7255416225,80.7024390243902,4302600.0
NZL,2010,33761.9009639947,80.9048780487805,4350700.0
NZL,2011,38425.829997974,81.1560975609756,4384000.0
NZL,2012,40041.7524816244,81.4073170731707,4408100.0
NZL,2013,42984.9571801167,81.4048780487805,4442100.0
NZL,2014,44599.8992733675,81.4568292682927,4516500.0
NZL,2015,38648.7302562109,81.6124390243903,4609400.0
NZL,2016,40088.3205470499,81.6585365853659,4714100.0
NZL,2017,42912.1537002148,81.8585365853659,4813600.0
NZL,2018,43204.1305124872,81.7073170731707,4900600.0
NZL,2019,42872.2681243427,82.0560975609756,4970300.0
NZL,2020,42054.6743136586,82.2560975609756,5072400.0
OMN,1990,7545.70305230441,69.012,1763954.0
OMN,1991,6977.3285922345,69.584,1851473.0
OMN,1992,7317.78815838166,70.114,1938238.0
OMN,1993,7038.9301587736,70.608,2021675.0
OMN,1994,7068.38996979073,71.072,2081834.0
OMN,1995,7414.30279204109,71.56,2120528.0
OMN,1996,8068.00076784612,72.023,2156926.0
OMN,1997,8234.64063759005,72.463,2190720.0
OMN,1998,7219.02932432025,72.882,2222489.0
OMN,1999,7915.44169380534,73.276,2252909.0
OMN,2000,9753.84755185404,73.643,2282131.0
OMN,2001,9611.96360191054,73.979,2310217.0
OMN,2002,9869.13050219438,74.276,2337140.0
OMN,2003,10463.5425832141,74.521,2363796.0
OMN,2004,11800.8507411171,74.82,2404821.0
OMN,2005,14434.8577924647,75.07,2459802.0
OMN,2006,16930.8565071853,75.354,2514795.0
OMN,2007,18792.653772482,75.596,2570174.0
OMN,2008,26576.779241509,76.124,2626529.0
OMN,2009,20655.9180249218,76.631,2684659.0
OMN,2010,23570.1798147325,77.184,2757446.0
OMN,2011,25188.0074151885,77.74,3076763.0
OMN,2012,24642.2978768596,78.187,3547106.0
OMN,2013,23458.0233840053,78.633,3833913.0
OMN,2014,23160.6502252547,79.03,4002439.0
OMN,2015,18808.3077921839,79.346,4184895.0
OMN,2016,17110.1897460545,79.581,4390877.0
OMN,2017,17820.0661809335,79.748,4537396.0
OMN,2018,19901.7615642016,79.864,4597877.0
OMN,2019,19180.1864152801,79.946,4591241.0
OMN,2020,16784.8630630058,77.763,4522497.0
PAK,1990,344.45547384189,59.728,116155576.0
PAK,1991,380.019843346229,59.864,120060406.0
PAK,1992,395.67720859593,59.983,123546848.0
PAK,1993,407.888140688466,60.083,127020117.0
PAK,1994,399.955927561352,60.197,130748083.0
PAK,1995,450.550279346206,60.273,134582253.0
PAK,1996,456.996961832943,60.466,138557092.0
PAK,1997,438.030942680153,60.623,142531804.0
PAK,1998,424.453697798497,61.134,146522356.0
PAK,1999,418.249257055367,61.54,150565377.0
PAK,2000,642.338346499898,61.903,154879127.0
PAK,2001,609.939506905073,62.241,159270907.0
PAK,2002,599.937345723927,62.556,163222549.0
PAK,2003,672.44178669894,62.834,167110248.0
PAK,2004,771.902247348954,63.097,171286000.0
PAK,2005,827.619861189926,62.416,175453212.0
PAK,2006,900.873564984808,63.624,179682690.0
PAK,2007,998.090114197524,63.807,184493231.0
PAK,2008,1067.04324565284,64.002,189499113.0
PAK,2009,963.788066395225,64.206,194376534.0
PAK,2010,987.304571124485,64.378,199239047.0
PAK,2011,1131.73513834324,64.659,203746065.0
PAK,2012,1204.36475491585,64.883,207667125.0
PAK,2013,1225.4340119198,65.129,211073978.0
PAK,2014,1266.61340849959,65.374,214264647.0
PAK,2015,1380.47020838317,65.641,217290883.0
PAK,2016,1424.69161195897,65.943,220138869.0
PAK,2017,1519.23459514248,66.223,223273967.0
PAK,2018,1569.33814626355,66.481,226928892.0
PAK,2019,1390.41690981745,66.729,230800899.0
PAK,2020,1278.39735206896,65.701,235001746.0
PAN,1990,2620.13827266274,71.266,2455583.0
PAN,1991,2820.54547665418,71.331,2508265.0
PAN,1992,3139.89952899581,71.461,2561336.0
PAN,1993,3358.41411740053,71.805,2615099.0
PAN,1994,3508.19570069218,71.943,2669546.0
PAN,1995,3513.89737854631,71.994,2724557.0
PAN,1996,3308.18429574276,72.199,2780227.0
PAN,1997,3545.97670881078,72.541,2836695.0
PAN,1998,3807.83869182014,72.785,2893914.0
PAN,1999,3950.34145012809,73.124,2951822.0
PAN,2000,3975.09308659503,73.443,3010369.0
PAN,2001,3991.7767076924,73.82,3069537.0
PAN,2002,4090.58617397129,74.195,3129344.0
PAN,2003,4264.66428846636,74.567,3189807.0
PAN,2004,4644.56582353041,74.845,3251155.0
PAN,2005,5017.7410922824,75.16,3313026.0
PAN,2006,5528.76705469354,75.429,3375024.0
PAN,2007,6317.81730274124,75.675,3437490.0
PAN,2008,7347.59050324397,75.937,3500648.0
PAN,2009,7796.92617035048,76.228,3564381.0
PAN,2010,8331.46421351868,76.417,3628535.0
PAN,2011,9662.29592216607,76.659,3693505.0
PAN,2012,11064.8063606203,76.877,3759256.0
PAN,2013,12273.3225037637,77.129,3825329.0
PAN,2014,13213.1989637473,77.365,3892101.0
PAN,2015,14082.6548502728,77.583,3960035.0
PAN,2016,14832.3611608191,77.772,4029086.0
PAN,2017,15694.6297454295,77.901,4098707.0
PAN,2018,16151.3273478476,78.266,4167860.0
PAN,2019,16477.9066285687,78.514,4234700.0
PAN,2020,13290.5608347594,76.33,4293261.0
PER,1990,1199.66666756615,63.979,22014771.0
PER,1991,1527.38879472866,64.248,22483775.0
PER,1992,1567.40910765128,65.031,22946340.0
PER,1993,1487.67404314175,65.732,23413783.0
PER,1994,1879.36657757919,66.544,23881493.0
PER,1995,2189.53431515311,67.22,24348919.0
PER,1996,2226.91682429265,67.85,24811171.0
PER,1997,2300.67200774461,68.324,25274147.0
PER,1998,2156.39377651613,68.724,25738095.0
PER,1999,1916.53397367908,69.302,26186504.0
PER,2000,1945.41338451698,69.821,26598331.0
PER,2001,1929.57273038846,70.315,26964601.0
PER,2002,2007.37019626753,70.815,27288217.0
PER,2003,2129.44114197634,71.278,27580490.0
PER,2004,2397.25147277714,71.447,27852190.0
PER,2005,2706.66947297608,71.988,28101180.0
PER,2006,3129.55996496982,72.337,28324491.0
PER,2007,3581.0893081917,72.746,28530699.0
PER,2008,4197.58444634142,72.743,28719041.0
PER,2009,4181.18755462253,72.631,28896811.0
PER,2010,5072.11494019615,72.886,29086019.0
PER,2011,5861.35793645245,73.327,29304086.0
PER,2012,6519.37852981527,73.979,29550366.0
PER,2013,6746.80025696601,74.591,29817919.0
PER,2014,6667.13410360861,75.26,30115826.0
PER,2015,6231.71150338894,75.732,30457600.0
PER,2016,6217.03599995447,75.951,30866494.0
PER,2017,6736.16693725487,75.958,31324637.0
PER,2018,6978.49121548627,76.018,31897584.0
PER,2019,7037.00803692604,76.275,32449303.0
PER,2020,6133.32552410183,73.832,32838579.0
PHL,1990,803.572588255813,64.382,62854666.0
PHL,1991,804.323330530547,64.622,64382249.0
PHL,1992,916.515694532029,65.353,65926125.0
PHL,1993,918.642953796961,65.661,67530621.0
PHL,1994,1059.9838951587,66.0,69019291.0
PHL,1995,1199.84171414993,66.311,70546246.0
PHL,1996,1311.09249403865,66.691,72190242.0
PHL,1997,1273.27604875636,66.994,73908810.0
PHL,1998,982.865943728564,67.212,75791024.0
PHL,1999,1101.43515975318,67.503,77753257.0
PHL,2000,1050.79273107952,67.789,79625397.0
PHL,2001,969.530611744453,67.829,81401488.0
PHL,2002,1014.90879320106,67.886,83068889.0
PHL,2003,1027.2301192843,68.049,84731835.0
PHL,2004,1099.63013023758,68.301,86394504.0
PHL,2005,1220.46018559867,68.423,88015962.0
PHL,2006,1426.14649179546,68.172,89508986.0
PHL,2007,1712.65543282793,68.549,91075184.0
PHL,2008,1959.29233534978,68.643,92699095.0
PHL,2009,1864.45043406471,68.631,94384250.0
PHL,2010,2162.91375885614,68.883,96337125.0
PHL,2011,2383.91892522087,69.096,98248614.0
PHL,2012,2614.61644401308,69.237,100175512.0
PHL,2013,2781.27957677397,69.283,102076336.0
PHL,2014,2866.83803761407,69.311,103767130.0
PHL,2015,2909.85818010301,69.45,105312992.0
PHL,2016,2985.19564024046,69.49,106735719.0
PHL,2017,3038.12124959289,69.966,108119693.0
PHL,2018,3168.51036609727,69.761,109465287.0
PHL,2019,3400.78949767074,69.68,110804683.0
PHL,2020,3227.57910235199,70.097,112081264.0
PLW,1990,6402.929615309,62.79,15259.0
PLW,1991,6824.34353785065,62.849,15614.0
PLW,1992,6552.7112389768,62.926,15989.0
PLW,1993,5891.50378695334,62.98,16372.0
PLW,1994,6329.06976744186,63.104,16770.0
PLW,1995,7038.00523407967,63.255,17195.0
PLW,1996,7788.29726974057,63.455,17654.0
PLW,1997,7944.59907223327,63.707,18108.0
PLW,1998,8047.91621679983,63.951,18524.0
PLW,1999,7629.56986402836,64.23,18901.0
PLW,2000,7798.07510558974,64.499,19178.0
PLW,2001,8239.26386807565,64.8,19352.0
PLW,2002,8340.18965031021,65.076,19503.0
PLW,2003,7862.39286077623,65.446,19659.0
PLW,2004,8393.73029137235,65.816,19820.0
PLW,2005,9367.68615343862,66.219,19819.0
PLW,2006,9737.01943934058,66.633,19593.0
PLW,2007,10155.0470806134,67.113,19302.0
PLW,2008,10471.1510008417,67.562,19009.0
PLW,2009,9837.49883077663,67.99,18709.0
PLW,2010,10018.065238367,68.347,18396.0
PLW,2011,10795.639900708,68.638,18078.0
PLW,2012,12098.4124331551,68.863,17765.0
PLW,2013,12820.5931621147,68.981,17648.0
PLW,2014,13854.730278013,69.062,17715.0
PLW,2015,15938.3652222848,69.07,17770.0
PLW,2016,17043.6660673147,69.046,17797.0
PLW,2017,16280.241199753,69.019,17812.0
PLW,2018,16179.877834849,68.989,17814.0
PLW,2019,15841.8923474548,68.982,17798.0
PLW,2020,14556.30954221,68.689,17792.0
PNG,1990,826.317152082832,59.778,3896481.0
PNG,1991,941.707721616563,59.94,4021837.0
PNG,1992,1050.7071689258,60.26,4166699.0
PNG,1993,1151.28388116601,60.466,4320872.0
PNG,1994,1228.24343638772,60.726,4480208.0
PNG,1995,998.229967376131,60.929,4644278.0
PNG,1996,1071.04185150251,61.071,4813361.0
PNG,1997,989.721550965343,61.27,4987883.0
PNG,1998,733.479860137662,60.435,5166390.0
PNG,1999,649.994719718763,61.505,5349333.0
PNG,2000,635.957919047725,61.609,5537064.0
PNG,2001,537.847459634131,61.647,5728435.0
PNG,2002,506.331789534482,61.643,5924003.0
PNG,2003,577.467922387259,61.741,6123997.0
PNG,2004,620.596147680561,61.795,6328041.0
PNG,2005,744.486489977433,61.868,6535905.0
PNG,2006,1238.18282926706,62.018,6747720.0
PNG,2007,1370.753415829,62.211,6963345.0
PNG,2008,1624.79319935188,62.511,7183002.0
PNG,2009,1568.83193368607,62.772,7406438.0
PNG,2010,1866.86889851208,63.056,7633523.0
PNG,2011,2288.37591141234,63.382,7859346.0
PNG,2012,2635.0873631547,63.639,8081390.0
PNG,2013,2560.77458976327,63.927,8302698.0
PNG,2014,2723.17529825196,64.198,8523441.0
PNG,2015,2484.5963398603,64.473,8743246.0
PNG,2016,2316.39479758492,64.7,8961718.0
PNG,2017,2477.76530986323,64.923,9178714.0
PNG,2018,2566.36833735041,65.114,9394513.0
PNG,2019,2575.77274140393,65.331,9609010.0
PNG,2020,2429.61134585269,65.075,9815746.0
POL,1990,1731.2095094382,70.890243902439,38110782.0
POL,1991,2235.54108862522,70.5878048780488,38246193.0
POL,1992,2459.02068468253,71.090243902439,38363667.0
POL,1993,2497.13055936127,71.5951219512195,38461408.0
POL,1994,2874.83163555069,71.6951219512195,38542652.0
POL,1995,3700.95956775144,71.8926829268293,38594998.0
POL,1996,4163.51195431959,72.2463414634146,38624370.0
POL,1997,4137.00831823145,72.6463414634146,38649660.0
POL,1998,4533.5356551781,72.9975609756098,38663481.0
POL,1999,4415.50067547826,73.0439024390244,38660271.0
POL,2000,4520.64100449111,73.7487804878049,38258629.0
POL,2001,5015.23790036613,74.2,38248076.0
POL,2002,5223.45178967082,74.4975609756098,38230364.0
POL,2003,5720.81366178104,74.5975609756098,38204570.0
POL,2004,6711.72715262967,74.8463414634146,38182222.0
POL,2005,8043.92332253757,74.9951219512195,38165445.0
POL,2006,9068.85528307627,75.1439024390244,38141267.0
POL,2007,11272.5293683383,75.2439024390244,38120560.0
POL,2008,14048.5604672654,75.5439024390244,38125759.0
POL,2009,11556.3026866026,75.6951219512195,38151603.0
POL,2010,12567.7317676382,76.2463414634146,38042794.0
POL,2011,13867.6669408192,76.6951219512195,38063255.0
POL,2012,13087.420943321,76.7463414634146,38063164.0
POL,2013,13621.9023794031,77.0,38040196.0
POL,2014,14262.2841914116,77.6024390243903,38011735.0
POL,2015,12637.5220324406,77.4512195121951,37986412.0
POL,2016,12464.0121044827,77.8512195121951,37970087.0
POL,2017,13913.3415190124,77.7536585365854,37974826.0
POL,2018,15658.210586693,77.6024390243903,37974750.0
POL,2019,15874.5220531254,77.9048780487805,37965475.0
POL,2020,16150.9304813473,76.4,37515748.0
PRI,1990,8652.50749222505,72.827,3537000.0
PRI,1991,9064.01851711486,73.877,3562110.0
PRI,1992,9659.33889995916,73.387,3585176.0
PRI,1993,10212.2767630564,73.309,3615497.0
PRI,1994,10876.4188239898,73.622,3649237.0
PRI,1995,11579.1849969985,73.571,3683103.0
PRI,1996,12173.163688986,73.995,3724655.0
PRI,1997,12817.6449621352,74.674,3759430.0
PRI,1998,14304.4049868015,74.556,3781101.0
PRI,1999,15220.9913420267,75.278,3800081.0
PRI,2000,16192.1269719638,75.514,3810605.0
PRI,2001,18123.1987019918,75.972,3818774.0
PRI,2002,18731.4593897378,76.819,3823701.0
PRI,2003,19557.1202492358,76.941,3826095.0
PRI,2004,20988.9923326534,76.913,3826878.0
PRI,2005,21959.322696986,76.703,3821362.0
PRI,2006,22935.9411586313,77.561,3805214.0
PRI,2007,23664.8823485096,77.659,3782995.0
PRI,2008,24898.3345857045,78.111,3760866.0
PRI,2009,25768.7258883384,78.377,3740410.0
PRI,2010,26414.8810634548,78.717,3724465.0
PRI,2011,27170.0766543278,78.766,3693464.0
PRI,2012,27742.024476618,79.258,3661045.0
PRI,2013,28212.0499737431,80.318,3631427.0
PRI,2014,28576.0988023209,80.039,3585017.0
PRI,2015,29242.041465085,80.677,3535167.0
PRI,2016,29978.0889268918,80.355,3480432.0
PRI,2017,30328.479490518,79.07,3410837.0
PRI,2018,30679.9181934488,81.086,3290690.0
PRI,2019,31830.5284993358,81.438,3302691.0
PRI,2020,31427.1034994916,80.009,3281591.0
PRK,1990,,70.484,21112137.0
PRK,1991,,70.717,21428638.0
PRK,1992,,71.009,21750911.0
PRK,1993,,70.794,22073352.0
PRK,1994,,70.472,22393975.0
PRK,1995,,60.766,22669304.0
PRK,1996,,60.82,22895746.0
PRK,1997,,60.869,23110830.0
PRK,1998,,60.887,23311564.0
PRK,1999,,60.91,23497599.0
PRK,2000,,60.911,23665910.0
PRK,2001,,60.893,23815358.0
PRK,2002,,60.877,23943973.0
PRK,2003,,69.399,24090380.0
PRK,2004,,69.294,24254943.0
PRK,2005,,69.168,24396433.0
PRK,2006,,69.061,24524507.0
PRK,2007,,69.021,24646383.0
PRK,2008,,69.303,24764618.0
PRK,2009,,69.702,24878332.0
PRK,2010,,70.246,24987258.0
PRK,2011,,70.772,25097874.0
PRK,2012,,71.317,25211728.0
PRK,2013,,71.867,25329451.0
PRK,2014,,72.451,25451262.0
PRK,2015,,72.825,25575350.0
PRK,2016,,72.971,25698326.0
PRK,2017,,73.034,25817709.0
PRK,2018,,73.02,25931147.0
PRK,2019,,72.928,26037632.0
PRK,2020,,72.783,26136312.0
PRT,1990,7884.61798756332,73.9658536585366,9983218.0
PRT,1991,8958.9853330247,74.0146341463415,9960235.0
PRT,1992,10810.5665079626,74.3121951219512,9952494.0
PRT,1993,9534.6563637308,74.5121951219512,9964675.0
PRT,1994,9977.31990905771,74.9146341463415,9991525.0
PRT,1995,11781.3618502221,75.3121951219512,10026176.0
PRT,1996,12185.0914010629,75.2609756097561,10063945.0
PRT,1997,11575.5071124358,75.4121951219512,10108977.0
PRT,1998,12199.206385024,75.7121951219512,10160196.0
PRT,1999,12475.2917701476,75.9634146341463,10217828.0
PRT,2000,11526.3720667968,76.3146341463415,10289898.0
PRT,2001,11734.7649743954,76.8146341463415,10362722.0
PRT,2002,12936.6928204482,77.0658536585366,10419631.0
PRT,2003,15797.7821340276,77.219512195122,10458821.0
PRT,2004,18064.1580932987,77.6707317073171,10483861.0
PRT,2005,18780.12751241,78.0707317073171,10503330.0
PRT,2006,19839.4540499032,78.419512195122,10522288.0
PRT,2007,22811.0564844365,78.3219512195122,10542964.0
PRT,2008,24949.0413566739,78.5243902439025,10558177.0
PRT,2009,23151.2154130712,78.7268292682927,10568247.0
PRT,2010,22551.935098809,79.0268292682927,10573100.0
PRT,2011,23246.5425416481,80.4707317073171,10557560.0
PRT,2012,20593.4274224109,80.3731707317073,10514844.0
PRT,2013,21676.4859642714,80.7219512195122,10457295.0
PRT,2014,22120.6850127107,81.1219512195122,10401062.0
PRT,2015,19215.7813014347,81.1243902439025,10358076.0
PRT,2016,19980.2808866516,81.1243902439025,10325452.0
PRT,2017,21442.3842768879,81.4243902439025,10300300.0
PRT,2018,23541.1401075289,81.3243902439024,10283822.0
PRT,2019,23343.3628970034,81.6756097560976,10286263.0
PRT,2020,22299.4044062173,81.3292682926829,10297081.0
PRY,1990,1440.15829610029,67.341,4035747.0
PRY,1991,1685.26890082621,67.676,4144364.0
PRY,1992,1682.67444777611,67.961,4253600.0
PRY,1993,1661.70955306218,68.234,4362696.0
PRY,1994,1760.28807083292,68.504,4471417.0
PRY,1995,1978.71514099575,68.778,4579806.0
PRY,1996,2088.17109102236,69.05,4687543.0
PRY,1997,2078.50841313824,69.284,4794412.0
PRY,1998,1889.88455618586,69.507,4900025.0
PRY,1999,1766.30657288259,69.774,5003135.0
PRY,2000,1736.11729210765,70.026,5100868.0
PRY,2001,1637.68615122932,70.281,5187689.0
PRY,2002,1367.76506935997,70.539,5261328.0
PRY,2003,1443.99885236205,70.795,5326436.0
PRY,2004,1786.21533938543,71.054,5388175.0
PRY,2005,1970.87169852378,71.317,5448097.0
PRY,2006,2439.43124694576,71.584,5505148.0
PRY,2007,3211.93621659546,71.817,5559386.0
PRY,2008,4384.9546943793,72.047,5613574.0
PRY,2009,3941.84815479271,72.282,5671236.0
PRY,2010,4750.96273669322,72.551,5737971.0
PRY,2011,5805.40154543044,72.787,5814626.0
PRY,2012,5642.1699167298,73.105,5897008.0
PRY,2013,6435.68342733182,73.292,5982445.0
PRY,2014,6652.25478942291,73.415,6069811.0
PRY,2015,5879.33792308671,73.454,6159103.0
PRY,2016,5775.1596339946,73.487,6249126.0
PRY,2017,6152.26711537703,73.45,6338660.0
PRY,2018,6258.44991640954,73.627,6427382.0
PRY,2019,5821.18199548637,73.668,6515058.0
PRY,2020,5365.47220721191,72.72,6603739.0
PSE,1990,,67.803,1978248.0
PSE,1991,,68.222,2068845.0
PSE,1992,,68.478,2163591.0
PSE,1993,,68.759,2262676.0
PSE,1994,1201.58154213882,69.328,2366298.0
PSE,1995,1326.56285737146,69.583,2474666.0
PSE,1996,1317.46675131385,69.982,2587997.0
PSE,1997,1389.16497137651,70.328,2706518.0
PSE,1998,1465.04605685868,70.564,2776568.0
PSE,1999,1499.49217657019,70.789,2848431.0
PSE,2000,1476.17185000238,70.298,2922153.0
PSE,2001,1335.55319529359,69.75,2997784.0
PSE,2002,1156.21747345769,70.88,3075373.0
PSE,2003,1257.69857009689,70.967,3154969.0
PSE,2004,1422.19088643544,71.094,3236626.0
PSE,2005,1543.70141392774,72.004,3320396.0
PSE,2006,1570.10439962728,71.831,3406334.0
PSE,2007,1664.24571669276,72.064,3494496.0
PSE,2008,2035.20234121766,72.204,3591977.0
PSE,2009,2191.78178736868,72.306,3689099.0
PSE,2010,2557.07562356699,73.302,3786161.0
PSE,2011,2880.79843707909,73.557,3882986.0
PSE,2012,3067.43872735614,73.722,3979998.0
PSE,2013,3315.29753909282,74.14,4076708.0
PSE,2014,3352.11259506043,72.781,4173398.0
PSE,2015,3272.15432360708,74.577,4270092.0
PSE,2016,3527.61382413178,74.917,4367088.0
PSE,2017,3620.36048715937,75.216,4454805.0
PSE,2018,3562.33094270256,75.38,4569087.0
PSE,2019,3656.85827137011,75.811,4685306.0
PSE,2020,3233.56863835858,74.998,4803269.0
PYF,1990,16293.1823294474,73.908,203776.0
PYF,1991,16414.8132696888,74.295,207744.0
PYF,1992,17554.3737937032,74.746,211559.0
PYF,1993,16469.7751983669,75.191,215219.0
PYF,1994,16806.0592491122,75.65,218738.0
PYF,1995,18850.3149185956,76.243,222118.0
PYF,1996,18475.7253329475,76.813,225489.0
PYF,1997,16423.0214308681,77.38,229121.0
PYF,1998,16759.7141702526,77.842,232891.0
PYF,1999,16532.9022343754,78.574,236595.0
PYF,2000,14978.324104668,79.0,240337.0
PYF,2001,14640.9360062298,79.316,244097.0
PYF,2002,16004.0583292112,79.544,247775.0
PYF,2003,19582.8936395312,79.71,251637.0
PYF,2004,21764.2203208782,79.829,255654.0
PYF,2005,21984.1936230719,79.951,259507.0
PYF,2006,22330.8676659055,80.1,263223.0
PYF,2007,24888.1781337361,80.328,266438.0
PYF,2008,26592.0262835732,80.587,268379.0
PYF,2009,24434.2197555208,80.867,269481.0
PYF,2010,22494.806706186,81.141,270580.0
PYF,2011,22831.5185348524,81.434,271727.0
PYF,2012,20846.5457478364,81.695,273084.0
PYF,2013,21955.6329264095,81.935,274728.0
PYF,2014,22258.6321384251,82.151,276387.0
PYF,2015,19166.9594761931,82.339,277866.0
PYF,2016,19690.0775734589,82.555,279178.0
PYF,2017,20826.9312492172,82.774,280087.0
PYF,2018,21925.616043938,82.985,279815.0
PYF,2019,21582.5892046801,83.195,279034.0
PYF,2020,19966.4838503859,82.459,279209.0
QAT,1990,16721.6210835226,73.405,440175.0
QAT,1991,15133.4969397069,73.654,454853.0
QAT,1992,16280.293589053,73.876,469657.0
QAT,1993,14769.718821974,74.071,484545.0
QAT,1994,14764.8766954856,74.245,499459.0
QAT,1995,15822.5092848142,74.404,514325.0
QAT,1996,17124.7926054464,74.558,529019.0
QAT,1997,20522.801449232,74.713,550500.0
QAT,1998,17665.4399446972,74.872,580540.0
QAT,1999,20233.6846826643,75.048,612500.0
QAT,2000,27535.182940934,75.25,644989.0
QAT,2001,25870.7991864314,75.486,677925.0
QAT,2002,27226.6593510117,75.766,711205.0
QAT,2003,31602.470865136,76.097,744682.0
QAT,2004,41035.5008380177,76.484,773332.0
QAT,2005,53949.6764091147,76.909,825408.0
QAT,2006,62582.4453138755,77.323,972831.0
QAT,2007,65954.1146428814,77.741,1208595.0
QAT,2008,80781.2113909506,78.262,1426938.0
QAT,2009,60785.7351551657,78.837,1608903.0
QAT,2010,77387.2936379616,79.444,1616832.0
QAT,2011,103261.510293068,79.994,1624761.0
QAT,2012,108470.378825036,80.499,1722438.0
QAT,2013,103697.008372373,80.974,1916426.0
QAT,2014,95840.6310094498,81.395,2151745.0
QAT,2015,68985.2946961507,81.785,2344557.0
QAT,2016,61253.6375482797,82.147,2477113.0
QAT,2017,63279.8556949332,82.458,2545820.0
QAT,2018,71039.8490579352,82.714,2580734.0
QAT,2019,66841.3013484919,82.945,2638657.0
QAT,2020,51683.5054376677,80.409,2794148.0
ROU,1990,1648.48522974542,69.7412195121951,23201835.0
ROU,1991,1254.3124421298,69.7843902439024,23001155.0
ROU,1992,1102.10378473246,69.7843902439024,22794284.0
ROU,1993,1158.05632799712,69.5634146341464,22763280.0
ROU,1994,1323.03237766927,69.509756097561,22730211.0
ROU,1995,1650.04922365201,69.4560975609756,22684270.0
ROU,1996,1633.01064354117,69.1048780487805,22619004.0
ROU,1997,1577.33656023974,69.0048780487805,22553978.0
ROU,1998,1852.5549693339,69.8073170731708,22507344.0
ROU,1999,1599.90622808339,70.5121951219512,22472040.0
ROU,2000,1659.92904910528,71.1634146341463,22442971.0
ROU,2001,1825.19299373184,71.1609756097561,22131970.0
ROU,2002,2119.85509684554,71.009756097561,21730496.0
ROU,2003,2679.40626016154,71.309756097561,21574326.0
ROU,2004,3494.99056448955,71.5609756097561,21451748.0
ROU,2005,4618.00350802913,71.9121951219512,21319685.0
ROU,2006,5757.53127301178,72.1634146341463,21193760.0
ROU,2007,8360.33775916596,72.5658536585366,20882982.0
ROU,2008,10435.1561230787,72.5658536585366,20537875.0
ROU,2009,8548.4543409242,73.309756097561,20367487.0
ROU,2010,8399.5374234284,73.4585365853659,20246871.0
ROU,2011,9560.6755277458,74.409756097561,20147528.0
ROU,2012,8929.95366231474,74.4121951219512,20058035.0
ROU,2013,9497.67411615237,75.0634146341463,19983693.0
ROU,2014,10031.7710755404,74.909756097561,19908979.0
ROU,2015,8977.01748158196,74.9121951219512,19815616.0
ROU,2016,9404.54005870715,75.209756097561,19702267.0
ROU,2017,10727.9822007426,75.209756097561,19588715.0
ROU,2018,12416.134317959,75.3585365853659,19473970.0
ROU,2019,12909.6104013244,75.6073170731707,19371648.0
ROU,2020,13009.1525348396,74.2536585365854,19265250.0
RUS,1990,3494.06323242188,68.8860975609756,147969406.0
RUS,1991,3490.45239257813,68.4743902439024,148394216.0
RUS,1992,3098.802734375,66.8731707317073,148538197.0
RUS,1993,2930.67016601563,64.9358536585366,148458777.0
RUS,1994,2662.10400390625,64.4670731707317,148407912.0
RUS,1995,2665.77978515625,64.6907317073171,148375787.0
RUS,1996,2643.92919921875,65.8541463414634,148160129.0
RUS,1997,2737.57202148438,66.6987804878049,147915361.0
RUS,1998,1834.86181640625,67.029756097561,147670784.0
RUS,1999,1330.75720214844,65.9821951219512,147214776.0
RUS,2000,1771.59411621094,65.4836585365854,146596869.0
RUS,2001,2100.3525390625,65.3834146341463,145976482.0
RUS,2002,2377.52954101563,65.1287804878049,145306497.0
RUS,2003,2975.123046875,65.0275609756098,144648618.0
RUS,2004,4102.36474609375,65.4709756097561,144067316.0
RUS,2005,5323.455078125,65.529756097561,143518814.0
RUS,2006,6920.19970703125,66.7275609756098,143049637.0
RUS,2007,9101.2392578125,67.5868292682927,142805114.0
RUS,2008,11635.2841796875,67.9492682926829,142742366.0
RUS,2009,8562.82421875,68.6846341463415,142785348.0
RUS,2010,10674.990234375,68.8412195121951,142849468.0
RUS,2011,14305.33203125,69.6839024390244,143018195.0
RUS,2012,15401.8515625,70.0721951219512,143378447.0
RUS,2013,15941.4482421875,70.5787804878049,143805638.0
RUS,2014,14055.47265625,70.7436585365854,144237223.0
RUS,2015,9277.7138671875,71.1834146341463,144640716.0
RUS,2016,8663.158203125,71.6512195121951,145015460.0
RUS,2017,10658.9130859375,72.4514634146342,145293260.0
RUS,2018,11211.8876953125,72.6621951219512,145398106.0
RUS,2019,11447.701171875,73.0839024390244,145453291.0
RUS,2020,10108.3271484375,71.3387804878049,145245148.0
RWA,1990,345.773495139137,47.763,7375307.0
RWA,1991,253.966902025944,46.243,7526966.0
RWA,1992,264.083914517464,44.397,7683266.0
RWA,1993,247.023318476014,42.937,7981132.0
RWA,1994,110.953668251372,12.158,6792352.0
RWA,1995,227.971147849318,41.518,5674118.0
RWA,1996,206.04911417485,42.486,6708764.0
RWA,1997,238.749371368214,41.978,7755238.0
RWA,1998,246.154673288384,43.099,8081681.0
RWA,1999,264.74368682977,45.749,8147912.0
RWA,2000,251.86926386091,47.798,8213931.0
RWA,2001,237.308846200901,49.49,8287094.0
RWA,2002,234.043016755733,51.262,8400180.0
RWA,2003,249.012274982252,53.529,8586875.0
RWA,2004,269.540446333402,55.52,8816844.0
RWA,2005,324.016863847189,56.968,9054528.0
RWA,2006,352.093916578347,58.342,9299246.0
RWA,2007,420.733580702508,59.504,9549933.0
RWA,2008,522.288339420679,60.641,9804269.0
RWA,2009,556.97399621739,61.813,10060432.0
RWA,2010,586.599950359877,62.804,10317553.0
RWA,2011,643.356138618166,63.476,10573733.0
RWA,2012,697.760143509565,64.189,10829901.0
RWA,2013,695.397140963607,64.651,11093340.0
RWA,2014,715.36808783393,65.088,11364757.0
RWA,2015,725.691418696952,65.419,11640022.0
RWA,2016,721.258515833094,65.733,11919183.0
RWA,2017,751.049039527547,66.14,12202060.0
RWA,2018,772.754982959354,66.354,12487996.0
RWA,2019,823.355304065304,66.691,12776103.0
RWA,2020,802.638686936204,66.953,13065837.0
SAU,1990,11054.7495049666,68.874,10640691.0
SAU,1991,11847.1699534218,69.341,11160744.0
SAU,1992,11730.2687665244,69.799,11686676.0
SAU,1993,10884.8607880777,70.208,12215862.0
SAU,1994,10601.9196697805,70.587,12750040.0
SAU,1995,10786.4008952769,70.944,13289245.0
SAU,1996,11471.5045960191,71.288,13831009.0
SAU,1997,11545.3455998551,71.624,14374943.0
SAU,1998,9836.05729768574,71.957,14922185.0
SAU,1999,10452.1899400479,72.29,15472075.0
SAU,2000,11714.5623675159,72.607,16177722.0
SAU,2001,10805.311325122,72.951,17041397.0
SAU,2002,10586.0543471363,73.296,17910910.0
SAU,2003,11487.220410693,73.657,18786767.0
SAU,2004,13154.4978989446,74.027,19669480.0
SAU,2005,15975.7473782258,74.4,20559890.0
SAU,2006,17563.6145370639,74.762,21459144.0
SAU,2007,18596.1502627898,75.066,22368313.0
SAU,2008,22320.4888964331,75.301,23287877.0
SAU,2009,17718.3911648365,75.447,24217654.0
SAU,2010,22028.3901426586,75.616,23978487.0
SAU,2011,27126.7498747702,75.808,25091867.0
SAU,2012,28733.4375513452,76.09,26168861.0
SAU,2013,27865.465604962,76.517,27624004.0
SAU,2014,27805.4850319422,77.116,28309273.0
SAU,2015,23256.1549553531,77.776,29816382.0
SAU,2016,22267.7217050387,78.354,30954198.0
SAU,2017,23929.2907135982,78.721,30977355.0
SAU,2018,29360.0658968566,78.75,30196281.0
SAU,2019,29566.7933827436,78.313,30063799.0
SAU,2020,24338.8307301067,77.596,31552510.0
SDN,1990,1257.1875,55.497,22021481.0
SDN,1991,1617.55676269531,55.553,22470676.0
SDN,1992,252.610092163086,55.952,22927355.0
SDN,1993,312.693908691406,56.102,23445592.0
SDN,1994,439.420806884766,57.022,24043948.0
SDN,1995,462.585235595703,57.447,24672143.0
SDN,1996,294.826965332031,57.638,25231528.0
SDN,1997,373.09375,58.058,25799821.0
SDN,1998,350.702880859375,58.308,26458999.0
SDN,1999,324.659606933594,58.607,27130613.0
SDN,2000,362.116882324219,58.946,27816745.0
SDN,2001,451.293304443359,59.264,28516770.0
SDN,2002,506.262634277344,59.308,29228727.0
SDN,2003,580.320251464844,58.319,29896035.0
SDN,2004,705.113342285156,56.773,30556637.0
SDN,2005,905.543640136719,57.226,31262444.0
SDN,2006,1132.474609375,60.4,31992435.0
SDN,2007,1444.37219238281,61.442,32764135.0
SDN,2008,1527.58239746094,61.261,33623980.0
SDN,2009,1178.22180175781,62.676,34569113.0
SDN,2010,1305.63598632813,62.979,35414399.0
SDN,2011,1332.6572265625,63.181,36140806.0
SDN,2012,1019.22210693359,63.427,36923178.0
SDN,2013,1138.62780761719,63.443,37785849.0
SDN,2014,1275.43835449219,63.99,38823318.0
SDN,2015,1292.37963867188,64.375,40024431.0
SDN,2016,1033.21594238281,64.677,41259892.0
SDN,2017,966.505676269531,65.146,42714306.0
SDN,2018,731.027465820313,65.501,44230596.0
SDN,2019,709.975280761719,65.803,45548175.0
SDN,2020,577.795227050781,65.124,46789231.0
SEN,1990,957.314337438177,56.674,7720523.0
SEN,1991,913.399575796737,57.037,7943085.0
SEN,1992,951.204960087807,57.287,8168395.0
SEN,1993,877.52900343803,57.348,8396288.0
SEN,1994,583.782776032181,57.479,8624078.0
SEN,1995,714.994396357297,57.336,8848101.0
SEN,1996,723.469950081149,57.129,9067014.0
SEN,1997,650.776321407448,57.107,9283495.0
SEN,1998,684.588105785786,57.076,9502952.0
SEN,1999,677.516338727268,57.315,9730887.0
SEN,2000,603.233162455158,57.615,9968260.0
SEN,2001,637.213530563724,58.158,10212942.0
SEN,2002,669.430447319209,58.912,10466214.0
SEN,2003,817.888034221442,59.474,10721176.0
SEN,2004,918.102079522155,60.308,10975704.0
SEN,2005,979.846101520171,60.98,11235472.0
SEN,2006,1017.20196747987,61.801,11500094.0
SEN,2007,1188.93877808175,62.653,11770344.0
SEN,2008,1398.79218010021,63.201,12048959.0
SEN,2009,1308.69404336205,63.751,12337389.0
SEN,2010,1275.88357492357,64.221,12635413.0
SEN,2011,1374.67591873844,64.799,12958897.0
SEN,2012,1326.83798848379,65.229,13310495.0
SEN,2013,1379.83196553924,65.638,13710849.0
SEN,2014,1398.89137601382,66.001,14152102.0
SEN,2015,1218.00613555438,66.451,14593331.0
SEN,2016,1266.43957151587,66.724,15034521.0
SEN,2017,1354.77007193387,67.059,15475002.0
SEN,2018,1452.55612562445,67.379,15914498.0
SEN,2019,1431.18128932159,67.668,16352922.0
SEN,2020,1461.08720350553,67.496,16789219.0
SGP,1990,11861.7561591366,75.2951219512195,3047132.0
SGP,1991,14502.3799938606,75.6463414634146,3135083.0
SGP,1992,16136.2405377661,75.9463414634146,3230698.0
SGP,1993,18290.130113185,76.0463414634146,3313471.0
SGP,1994,21552.4100366948,76.1975609756098,3419048.0
SGP,1995,24914.8507020358,76.2951219512195,3524506.0
SGP,1996,26232.866096827,76.5951219512195,3670704.0
SGP,1997,26375.8653668113,76.8975609756097,3796038.0
SGP,1998,21829.2737831583,77.3,3927213.0
SGP,1999,21796.6373891001,77.5512195121951,3958723.0
SGP,2000,23852.8389514753,77.9512195121951,4027887.0
SGP,2001,21699.7414868907,78.2512195121951,4138012.0
SGP,2002,22159.8373710639,78.5512195121951,4175950.0
SGP,2003,23730.3840054566,79.0390243902439,4114826.0
SGP,2004,27608.080013423,79.490243902439,4166664.0
SGP,2005,29961.3172812732,79.990243902439,4265762.0
SGP,2006,33768.4528234651,80.1414634146341,4401365.0
SGP,2007,39432.8860198877,80.4414634146342,4588599.0
SGP,2008,40008.5720489092,80.790243902439,4839396.0
SGP,2009,38926.8054365453,81.2414634146342,4987573.0
SGP,2010,47236.683084953,81.5414634146342,5076732.0
SGP,2011,53891.4570264372,81.7439024390244,5183688.0
SGP,2012,55547.5553077786,81.9951219512195,5312437.0
SGP,2013,56967.4257940383,82.2463414634147,5399162.0
SGP,2014,57564.8023114977,82.4951219512195,5469724.0
SGP,2015,55645.6068614606,82.7439024390244,5535002.0
SGP,2016,57204.0340105222,82.8463414634146,5607283.0
SGP,2017,61436.1325502558,83.0951219512195,5612253.0
SGP,2018,67032.8225769734,83.2975609756098,5638676.0
SGP,2019,66068.7003106378,83.5951219512195,5703569.0
SGP,2020,61772.5036492256,83.5439024390244,5685807.0
SLB,1990,648.325212624098,66.194,331435.0
SLB,1991,665.833104132659,66.357,341738.0
SLB,1992,763.857968549522,66.471,352205.0
SLB,1993,828.869997791691,66.558,362839.0
SLB,1994,1078.0410925874,66.661,373675.0
SLB,1995,1220.17919311126,66.717,384733.0
SLB,1996,1289.33036923435,66.739,396009.0
SLB,1997,1292.23951946469,66.768,407474.0
SLB,1998,1091.89096889326,66.89,419071.0
SLB,1999,1133.62256531791,67.001,430500.0
SLB,2000,953.17190137706,67.116,440469.0
SLB,2001,911.791935385411,67.237,449125.0
SLB,2002,756.890296490792,67.35,457671.0
SLB,2003,895.984242546501,67.479,466154.0
SLB,2004,986.070953503889,67.628,474611.0
SLB,2005,1144.49233397681,67.79,483080.0
SLB,2006,1255.62447417684,67.968,491594.0
SLB,2007,1390.14870956707,67.845,500156.0
SLB,2008,1525.84666261203,68.336,508790.0
SLB,2009,1554.70671006386,68.397,518141.0
SLB,2010,1685.14535823757,68.669,532968.0
SLB,2011,1924.05795643133,68.824,552945.0
SLB,2012,2066.25738638356,68.961,573606.0
SLB,2013,2161.38627543917,69.007,594945.0
SLB,2014,2164.95289873002,68.984,616908.0
SLB,2015,2045.47721526649,69.323,639415.0
SLB,2016,2082.62383124213,69.501,662379.0
SLB,2017,2143.57670489272,69.652,685672.0
SLB,2018,2278.19908624102,69.806,709101.0
SLB,2019,2223.65890942466,69.981,728147.0
SLB,2020,2063.32780991967,69.258,744498.0
SLE,1990,154.794072467618,43.72,4196828.0
SLE,1991,183.686515027567,43.287,4246267.0
SLE,1992,163.197571684381,43.451,4166366.0
SLE,1993,184.951609154872,43.428,4157130.0
SLE,1994,218.507275126222,42.808,4173105.0
SLE,1995,208.351997250955,42.579,4179179.0
SLE,1996,224.258711163044,43.528,4199210.0
SLE,1997,199.880001395777,43.649,4253716.0
SLE,1998,156.51811883387,42.714,4295785.0
SLE,1999,155.020833269007,41.962,4318043.0
SLE,2000,143.743743239644,44.834,4423611.0
SLE,2001,358.315716051546,45.448,4692716.0
SLE,2002,388.995111216836,46.174,4971435.0
SLE,2003,413.817607346927,46.784,5177687.0
SLE,2004,417.749983329227,47.485,5355717.0
SLE,2005,462.633324427945,48.306,5501712.0
SLE,2006,580.26796974773,49.547,5624466.0
SLE,2007,631.889926264998,50.024,5749352.0
SLE,2008,705.359014080005,50.693,5894722.0
SLE,2009,652.845806767943,51.312,6055646.0
SLE,2010,685.039673490948,51.927,6222714.0
SLE,2011,761.146365577281,52.594,6387251.0
SLE,2012,937.504428180231,53.159,6551080.0
SLE,2013,1117.47183075115,54.051,6714051.0
SLE,2014,1117.7586465721,54.281,6876385.0
SLE,2015,964.575980888989,55.454,7037655.0
SLE,2016,844.416411175476,56.937,7205328.0
SLE,2017,779.186007841728,57.761,7379299.0
SLE,2018,845.914540460932,59.059,7554563.0
SLE,2019,843.71251730417,59.593,7731991.0
SLE,2020,845.277558236182,59.694,7912558.0
SLV,1990,892.18271519703,61.981,5399726.0
SLV,1991,955.826897421092,62.542,5495077.0
SLV,1992,1040.78164082019,62.944,5585609.0
SLV,1993,1180.26854267621,63.998,5659957.0
SLV,1994,1343.9290572544,64.47,5714129.0
SLV,1995,1548.3763038362,64.903,5762131.0
SLV,1996,1651.31016800895,65.48,5805286.0
SLV,1997,1748.92111971129,66.248,5844578.0
SLV,1998,1859.73085887742,66.655,5880781.0
SLV,1999,1908.0804545224,67.285,5913900.0
SLV,2000,1982.87093542615,67.711,5943366.0
SLV,2001,2058.04459070452,67.965,5968060.0
SLV,2002,2115.41187355626,68.526,5986631.0
SLV,2003,2207.83089518069,68.792,5998599.0
SLV,2004,2285.68907438892,69.295,6004671.0
SLV,2005,2447.39140845394,69.336,6005578.0
SLV,2006,2665.61807194853,69.612,6002319.0
SLV,2007,2830.65693770733,69.82,6009824.0
SLV,2008,2983.24829577976,70.138,6029297.0
SLV,2009,2910.18651752011,70.359,6048279.0
SLV,2010,3040.07300952878,70.909,6068249.0
SLV,2011,3330.60049486653,71.192,6090127.0
SLV,2012,3497.91256915509,71.42,6113975.0
SLV,2013,3582.26694005169,71.225,6138839.0
SLV,2014,3666.01248913873,71.144,6162955.0
SLV,2015,3790.34089108162,70.952,6183676.0
SLV,2016,3901.34014965811,70.908,6200800.0
SLV,2017,4020.12671373919,71.007,6213533.0
SLV,2018,4183.54620971358,71.384,6219807.0
SLV,2019,4320.11671534627,71.725,6222318.0
SLV,2020,3997.19279583709,70.244,6234673.0
SMR,1990,,77.783,23475.0
SMR,1991,,77.944,23797.0
SMR,1992,,78.133,24125.0
SMR,1993,,78.373,24472.0
SMR,1994,,78.67,24823.0
SMR,1995,,79.031,25158.0
SMR,1996,,79.332,25482.0
SMR,1997,37852.9810311,79.677,25800.0
SMR,1998,40126.93686908,79.918,26125.0
SMR,1999,41931.7919135033,80.2,26459.0
SMR,2000,37600.7049136309,80.504,26799.0
SMR,2001,39035.1004348216,80.803,27143.0
SMR,2002,41790.8434204136,81.061,27491.0
SMR,2003,52529.9136967576,81.33,27843.0
SMR,2004,58232.0431338765,81.592,29457.0
SMR,2005,59877.7862692185,81.926,29836.0
SMR,2006,63270.7994496499,82.258,30184.0
SMR,2007,70124.4249984768,82.605,31211.0
SMR,2008,75902.1677701187,82.894,31662.0
SMR,2009,62429.0202738462,83.224,33066.0
SMR,2010,56543.190562068,83.464,33270.0
SMR,2011,55601.4008139955,83.713,32620.0
SMR,2012,47945.8917557105,83.943,33469.0
SMR,2013,50807.8206340193,84.175,33041.0
SMR,2014,51260.4804236805,84.394,32655.0
SMR,2015,43146.8035302005,84.596,32897.0
SMR,2016,44359.4574206971,84.775,33101.0
SMR,2017,45192.0530047599,84.933,33825.0
SMR,2018,47950.7076296808,85.095,34522.0
SMR,2019,46626.9998571568,85.257,34663.0
SMR,2020,44426.6259613672,82.65,34770.0
SOM,1990,145.603501373513,46.896,7082811.0
SOM,1991,105.37132651622,25.418,6813760.0
SOM,1992,109.204910481074,25.034,6495107.0
SOM,1993,188.603158677914,50.551,6681399.0
SOM,1994,210.793779581384,50.303,7026797.0
SOM,1995,210.673254610492,50.65,7285007.0
SOM,1996,237.241440951671,50.524,7554474.0
SOM,1997,280.112724233259,50.278,7824525.0
SOM,1998,363.200013489992,50.755,8155417.0
SOM,1999,358.658780828071,50.611,8492059.0
SOM,2000,386.119274401275,50.747,8838713.0
SOM,2001,244.914842538455,50.829,9198493.0
SOM,2002,229.598918310039,50.82,9550063.0
SOM,2003,286.273025198975,50.721,9909157.0
SOM,2004,375.410326225387,50.685,10280998.0
SOM,2005,439.979907805478,50.894,10644228.0
SOM,2006,457.996662206659,50.915,10975502.0
SOM,2007,479.635628065289,50.885,11322582.0
SOM,2008,507.03744334738,51.456,11663084.0
SOM,2009,246.513251675105,52.101,11961201.0
SOM,2010,219.202453852397,48.9,12261756.0
SOM,2011,235.325945610434,32.453,12348830.0
SOM,2012,350.261946720512,49.138,12461160.0
SOM,2013,393.398703952979,54.016,12869594.0
SOM,2014,429.431656725102,54.442,13339491.0
SOM,2015,445.583080073396,55.056,13806963.0
SOM,2016,460.928490585175,55.283,14348740.0
SOM,2017,510.939952317726,52.19,14916629.0
SOM,2018,509.497273804534,54.767,15452487.0
SOM,2019,539.954816211694,57.249,16030971.0
SOM,2020,518.16113333875,57.095,16651191.0
SRB,1990,,72.1552682926829,7897937.0
SRB,1991,,71.8760487804878,7595636.0
SRB,1992,,71.5688292682927,7604063.0
SRB,1993,,71.7946829268293,7614328.0
SRB,1994,,72.2040243902439,7622711.0
SRB,1995,2349.40645150289,72.6157317073171,7628264.0
SRB,1996,3053.90516860949,72.7948536585366,7622185.0
SRB,1997,3573.50440240049,72.8280975609756,7598538.0
SRB,1998,2775.47372982047,72.1948780487805,7567745.0
SRB,1999,2768.91041346166,69.9271463414634,7540401.0
SRB,2000,974.725469278615,71.5829268292683,7516346.0
SRB,2001,1812.42088281393,72.2341463414634,7503433.0
SRB,2002,2390.73459447107,72.2853658536585,7500031.0
SRB,2003,3153.9011312754,72.4365853658537,7480591.0
SRB,2004,3597.08798057009,72.6829268292683,7463157.0
SRB,2005,3807.97417321786,72.8341463414634,7440769.0
SRB,2006,4492.7136699046,73.3853658536585,7411569.0
SRB,2007,6081.08765700202,73.6317073170732,7381579.0
SRB,2008,7376.73517910716,73.8853658536585,7350222.0
SRB,2009,6414.0448463847,73.9853658536585,7320807.0
SRB,2010,5970.92660940072,74.3365853658537,7291436.0
SRB,2011,7082.2861666075,74.5365853658537,7236519.0
SRB,2012,6263.04086072815,74.8365853658537,7201497.0
SRB,2013,7040.41812068781,75.1853658536585,7166553.0
SRB,2014,6886.67809068704,75.3365853658537,7131787.0
SRB,2015,5820.3215576888,75.2878048780488,7095383.0
SRB,2016,5982.37030126471,75.6878048780488,7058322.0
SRB,2017,6548.03653824187,75.5390243902439,7020858.0
SRB,2018,7559.86165747394,75.890243902439,6982604.0
SRB,2019,7755.632986437,75.9365853658537,6945235.0
SRB,2020,8098.70955668849,74.4780487804878,6899126.0
SSD,1990,,28.628,4737633.0
SSD,1991,,29.185,4836677.0
SSD,1992,,21.938,4909749.0
SSD,1993,,22.263,4956002.0
SSD,1994,,44.858,5071184.0
SSD,1995,,31.51,5225836.0
SSD,1996,,32.124,5356925.0
SSD,1997,,33.068,5509136.0
SSD,1998,,19.048,5620068.0
SSD,1999,,44.537,5771628.0
SSD,2000,,47.591,6032267.0
SSD,2001,,48.55,6308391.0
SSD,2002,,49.394,6596806.0
SSD,2003,,52.324,6903127.0
SSD,2004,,53.052,7233041.0
SSD,2005,,53.965,7590143.0
SSD,2006,,54.653,7976526.0
SSD,2007,,55.425,8388788.0
SSD,2008,1654.21153546555,56.28,8817647.0
SSD,2009,1323.22068747862,56.848,9243556.0
SSD,2010,1498.27034985194,57.485,9745953.0
SSD,2011,1448.98435006408,57.674,10288109.0
SSD,2012,1109.26050083408,58.241,10756240.0
SSD,2013,1650.18943353528,58.285,11166275.0
SSD,2014,1242.73450181032,45.625,11235073.0
SSD,2015,1080.14718624765,39.757,11107561.0
SSD,2016,,36.72,10830102.0
SSD,2017,,35.351,10259154.0
SSD,2018,,51.905,10122977.0
SSD,2019,,58.129,10423384.0
SSD,2020,,57.648,10698467.0
STP,1990,970.059625606155,60.707,122980.0
STP,1991,855.105075821698,60.792,125697.0
STP,1992,740.471318576498,60.706,128110.0
STP,1993,963.785698734091,60.618,130467.0
STP,1994,989.500757799244,60.552,132732.0
STP,1995,768.710751184259,60.536,134895.0
STP,1996,987.048712395264,60.576,136962.0
STP,1997,661.668232822488,60.648,138922.0
STP,1998,513.569380269738,60.785,140751.0
STP,1999,542.692548018387,60.976,142442.0
STP,2000,529.089383412262,61.207,144018.0
STP,2001,518.88050130005,61.5,146375.0
STP,2002,568.10257252271,61.826,149922.0
STP,2003,663.696211810494,62.158,153814.0
STP,2004,726.560882130444,62.56,157705.0
STP,2005,844.169181884274,62.434,161639.0
STP,2006,861.970707697664,63.041,165638.0
STP,2007,878.885791918745,63.336,169700.0
STP,2008,1081.8684584729,63.448,173793.0
STP,2009,1128.28046213305,63.669,177853.0
STP,2010,1045.20958234528,63.867,181802.0
STP,2011,1219.80189089671,64.122,185649.0
STP,2012,1210.7926479817,64.505,189439.0
STP,2013,1382.5757842916,64.93,193148.0
STP,2014,1489.67633417608,65.478,196767.0
STP,2015,1298.10946596396,66.023,200291.0
STP,2016,1434.87018050521,66.563,203689.0
STP,2017,1555.79477812888,67.074,206970.0
STP,2018,1825.59971753966,67.602,210187.0
STP,2019,1935.2931816596,68.043,213392.0
STP,2020,2167.22001796925,67.979,217435.0
SUR,1990,941.591736102188,62.088,412493.0
SUR,1991,1079.72521342705,62.151,415013.0
SUR,1992,968.895253466926,62.246,417589.0
SUR,1993,1022.44583519896,62.382,419352.0
SUR,1994,1433.54255652781,62.542,422375.0
SUR,1995,1609.82504373206,62.779,429606.0
SUR,1996,1962.88495820295,63.079,438830.0
SUR,1997,2067.59814938391,63.385,448067.0
SUR,1998,2428.58641994202,63.706,457406.0
SUR,1999,1898.1801816053,64.035,466916.0
SUR,2000,1988.22172925433,64.409,476643.0
SUR,2001,1714.64846637242,64.82,486560.0
SUR,2002,2202.340682196,65.274,496551.0
SUR,2003,2516.10404020956,65.778,506414.0
SUR,2004,2887.7721728844,66.362,513923.0
SUR,2005,3453.42865937765,66.997,519313.0
SUR,2006,5002.65798695759,67.643,524997.0
SUR,2007,5530.17615638309,68.307,531016.0
SUR,2008,6576.08546307249,68.873,537245.0
SUR,2009,7129.5768626291,69.323,543568.0
SUR,2010,7943.60482816915,69.626,549923.0
SUR,2011,7949.88867218383,69.82,556269.0
SUR,2012,8851.24050668908,69.957,562633.0
SUR,2013,9043.19281529222,70.11,569020.0
SUR,2014,9108.18905406764,70.33,575373.0
SUR,2015,8813.61705392067,70.567,581627.0
SUR,2016,5644.2061057532,70.979,587757.0
SUR,2017,6049.52128553675,71.247,593713.0
SUR,2018,6665.74180472239,71.468,599513.0
SUR,2019,6629.66775248603,71.773,605768.0
SUR,2020,4755.39221710693,72.321,612317.0
SVK,1990,3221.04590790625,70.9326829268293,5299187.0
SVK,1991,2253.87911882661,70.8829268292683,5303294.0
SVK,1992,2437.87630211282,71.7951219512195,5305016.0
SVK,1993,2627.44823950706,72.4487804878049,5325305.0
SVK,1994,3027.82138293263,72.3,5346331.0
SVK,1995,3787.03820237267,72.2536585365854,5361999.0
SVK,1996,4069.11897669644,72.6536585365854,5373361.0
SVK,1997,4091.68452874888,72.7048780487805,5383291.0
SVK,1998,4250.37387978468,72.5512195121951,5390516.0
SVK,1999,3857.18012283382,72.9024390243902,5396020.0
SVK,2000,3827.72506501314,73.0512195121951,5388720.0
SVK,2001,3974.36802854653,73.4024390243903,5378867.0
SVK,2002,4606.38793538107,73.6048780487805,5376912.0
SVK,2003,6283.15169311309,73.6048780487805,5373374.0
SVK,2004,7996.74076556872,73.9585365853659,5372280.0
SVK,2005,9087.20357002472,73.9048780487805,5372807.0
SVK,2006,10629.1782325838,74.2048780487805,5373054.0
SVK,2007,14330.2064943926,74.2073170731707,5374622.0
SVK,2008,17973.8436435514,74.7048780487805,5379233.0
SVK,2009,16586.7527805228,74.909756097561,5386406.0
SVK,2010,16899.448680529,75.1121951219512,5391428.0
SVK,2011,18469.4354316836,75.9585365853659,5398384.0
SVK,2012,17516.9691054078,76.109756097561,5407579.0
SVK,2013,18312.7805149823,76.4121951219512,5413393.0
SVK,2014,18770.9289896545,76.8121951219512,5418649.0
SVK,2015,16442.0760860018,76.5634146341463,5423801.0
SVK,2016,16636.0769133073,77.1658536585366,5430798.0
SVK,2017,17645.5298716761,77.1658536585366,5439232.0
SVK,2018,19573.3717031314,77.2658536585366,5446771.0
SVK,2019,19406.0589683582,77.6658536585366,5454147.0
SVK,2020,19735.4858280801,76.8658536585366,5458827.0
SVN,1990,9925.14071044684,73.2048780487805,1998161.0
SVN,1991,7229.31149788617,73.3536585365854,1999429.0
SVN,1992,7151.15243829224,73.3048780487805,1996498.0
SVN,1993,7254.58887417768,73.2536585365854,1991746.0
SVN,1994,8243.89895545106,73.4048780487805,1989443.0
SVN,1995,10738.0887611468,73.9585365853659,1989872.0
SVN,1996,10796.7399446283,74.4585365853658,1988628.0
SVN,1997,10436.7260661871,74.7073170731707,1985956.0
SVN,1998,11131.5666628231,74.8073170731708,1981629.0
SVN,1999,11401.4906790909,75.009756097561,1983045.0
SVN,2000,10135.7219109212,75.4121951219512,1988925.0
SVN,2001,10375.6255869861,75.7585365853659,1992060.0
SVN,2002,11639.1297780477,76.0073170731707,1994530.0
SVN,2003,14711.674874253,76.8585365853659,1995733.0
SVN,2004,17103.8297783905,77.2073170731707,1997012.0
SVN,2005,17969.7095907161,77.6121951219512,2000474.0
SVN,2006,19563.005059144,78.0865853658537,2006868.0
SVN,2007,23725.1596001515,78.5609756097561,2018122.0
SVN,2008,27461.9764165315,78.7658536585366,2021316.0
SVN,2009,24501.7897290425,78.9707317073171,2039669.0
SVN,2010,23329.8417691156,79.4219512195122,2048583.0
SVN,2011,24940.6284841605,79.9707317073171,2052843.0
SVN,2012,22442.1417859955,80.1243902439024,2057159.0
SVN,2013,23236.9655321695,80.3219512195122,2059953.0
SVN,2014,24013.0682060959,81.0780487804878,2061980.0
SVN,2015,20697.2748530619,80.7756097560976,2063531.0
SVN,2016,21447.8377796036,81.1756097560976,2065042.0
SVN,2017,23303.077705959,81.0292682926829,2066388.0
SVN,2018,25888.0481065655,81.3780487804878,2073894.0
SVN,2019,25814.1687167572,81.5292682926829,2088385.0
SVN,2020,25392.0651093612,80.5317073170732,2102419.0
SWE,1990,30549.3185706762,77.5368292682927,8558835.0
SWE,1991,31776.6680192213,77.6668292682927,8617375.0
SWE,1992,32753.4287003642,77.9987804878049,8668067.0
SWE,1993,24389.8738124128,78.0604878048781,8718561.0
SWE,1994,26045.5196995275,78.650243902439,8780745.0
SWE,1995,30254.0273028727,78.7404878048781,8826939.0
SWE,1996,33022.2444768661,78.9590243902439,8840998.0
SWE,1997,30324.1845796306,79.1975609756098,8846062.0
SWE,1998,30605.3669074811,79.3390243902439,8850974.0
SWE,1999,30968.8710702052,79.4414634146342,8857874.0
SWE,2000,29632.5890811623,79.6439024390244,8872109.0
SWE,2001,27259.3174300217,79.7951219512195,8895960.0
SWE,2002,29957.7776664916,79.8463414634146,8924958.0
SWE,2003,37292.2419727801,80.0951219512195,8958229.0
SWE,2004,42758.0048564929,80.4975609756098,8993531.0
SWE,2005,43378.4077394363,80.5463414634146,9029572.0
SWE,2006,46531.3762240485,80.7487804878049,9080505.0
SWE,2007,53568.3057787832,80.9,9148092.0
SWE,2008,55817.1759726485,81.1,9219637.0
SWE,2009,46707.6425044751,81.3512195121951,9298515.0
SWE,2010,52542.5759090299,81.4512195121951,9378126.0
SWE,2011,60379.4814599322,81.8024390243903,9449213.0
SWE,2012,57749.5615420853,81.7048780487805,9519374.0
SWE,2013,60843.9888799369,81.9560975609756,9600379.0
SWE,2014,59583.4584491714,82.2536585365854,9696110.0
SWE,2015,51188.1652120493,82.2048780487805,9799186.0
SWE,2016,51703.5088332851,82.3073170731707,9923085.0
SWE,2017,53210.2233318965,82.409756097561,10057698.0
SWE,2018,54018.4554391861,82.5585365853659,10175214.0
SWE,2019,51648.9892820514,83.109756097561,10278887.0
SWE,2020,52568.5726980146,82.3560975609756,10353442.0
SWZ,1990,1277.69173005665,61.167,872428.0
SWZ,1991,1273.01224518903,60.392,908189.0
SWZ,1992,1361.8169795148,59.284,943416.0
SWZ,1993,1397.26593317978,58.092,971318.0
SWZ,1994,1461.36400128736,56.643,971212.0
SWZ,1995,1750.75400773784,55.08,970433.0
SWZ,1996,1619.19119707662,53.296,989841.0
SWZ,1997,1705.39874942229,51.699,1006635.0
SWZ,1998,1546.51519325373,50.066,1019653.0
SWZ,1999,1501.66426653189,48.808,1030782.0
SWZ,2000,1629.67038842815,47.627,1041414.0
SWZ,2001,1429.85630359447,46.344,1051064.0
SWZ,2002,1315.73634647994,45.38,1059441.0
SWZ,2003,2015.21743065251,44.632,1066700.0
SWZ,2004,2525.5640452625,43.906,1073159.0
SWZ,2005,2871.06877437449,43.958,1079022.0
SWZ,2006,2964.95865200682,44.563,1084436.0
SWZ,2007,3109.11097608864,45.16,1090705.0
SWZ,2008,2946.8606613746,45.853,1098091.0
SWZ,2009,3189.79679956637,46.913,1105153.0
SWZ,2010,3922.74039390733,48.331,1111650.0
SWZ,2011,4225.06049411911,49.057,1117833.0
SWZ,2012,4224.54789174487,50.714,1123863.0
SWZ,2013,3949.94310039907,52.11,1129990.0
SWZ,2014,3771.07228381938,53.491,1136299.0
SWZ,2015,3419.82276559528,54.941,1142813.0
SWZ,2016,3238.17611961364,56.228,1149507.0
SWZ,2017,3853.09956569679,57.574,1158195.0
SWZ,2018,3972.65450620357,58.707,1168929.0
SWZ,2019,3913.14577547336,59.85,1179874.0
SWZ,2020,3466.56936278145,59.862,1192729.0
SXM,1990,,72.414,28061.0
SXM,1991,,72.384,30046.0
SXM,1992,,72.402,31567.0
SXM,1993,,72.462,32026.0
SXM,1994,,72.597,31917.0
SXM,1995,,72.849,31772.0
SXM,1996,,73.188,31598.0
SXM,1997,,73.551,31404.0
SXM,1998,,73.9,31193.0
SXM,1999,,74.222,30977.0
SXM,2000,,74.409,30773.0
SXM,2001,,74.525,30726.0
SXM,2002,,74.585,30960.0
SXM,2003,,74.588,31327.0
SXM,2004,,74.618,31690.0
SXM,2005,,74.681,32057.0
SXM,2006,,74.779,32428.0
SXM,2007,,74.812,32791.0
SXM,2008,,74.852,33145.0
SXM,2009,25528.412619483,74.796,33491.0
SXM,2010,26403.8143692163,74.821,33794.0
SXM,2011,27317.5178881974,74.868,34267.0
SXM,2012,28149.0997855041,75.125,35023.0
SXM,2013,28529.7324687053,75.391,35854.0
SXM,2014,37134.912423099,75.735,36672.0
SXM,2015,37839.6283815163,75.899,37471.0
SXM,2016,37308.6147795736,75.952,38249.0
SXM,2017,34701.3058494468,75.455,38996.0
SXM,2018,31708.3110124742,75.693,39712.0
SXM,2019,34861.469528968,75.68,40385.0
SXM,2020,30150.8998380477,75.002,41008.0
SYC,1990,5642.072897243,68.1073170731707,69507.0
SYC,1991,5654.63975724251,70.7121951219512,70439.0
SYC,1992,6520.48950519188,71.2146341463415,70763.0
SYC,1993,6978.68075445824,69.4682926829268,72253.0
SYC,1994,6974.86770636796,70.7292682926829,74205.0
SYC,1995,7180.66832748656,72.4829268292683,75304.0
SYC,1996,7004.33603896356,71.5609756097561,76417.0
SYC,1997,7746.69851330444,71.2121951219512,77319.0
SYC,1998,8209.51444287,71.7463414634146,78846.0
SYC,1999,8243.23610099084,72.6682926829268,80410.0
SYC,2000,8063.65500575169,72.7780487804878,81131.0
SYC,2001,8153.2986369879,73.2536585365854,81202.0
SYC,2002,8864.16919495467,71.0878048780488,83723.0
SYC,2003,9070.28460757013,71.0292682926829,82781.0
SYC,2004,10827.671636033,72.6609756097561,82475.0
SYC,2005,11802.1118276833,72.1317073170732,82858.0
SYC,2006,12782.9938926475,72.2170731707317,84600.0
SYC,2007,12669.3026687222,73.1439024390244,85033.0
SYC,2008,11265.4376270005,73.1634146341463,86956.0
SYC,2009,9747.09180546291,73.0829268292683,87298.0
SYC,2010,10934.79494629,73.1975609756098,89770.0
SYC,2011,12110.0937461973,72.7243902439024,87441.0
SYC,2012,12337.1554669388,74.2756097560976,88303.0
SYC,2013,14821.2921476077,73.119512195122,89949.0
SYC,2014,15188.1902175113,73.2292682926829,91359.0
SYC,2015,15333.1051727105,74.2951219512195,93419.0
SYC,2016,16566.9946042294,74.309756097561,94677.0
SYC,2017,17480.3651911372,74.3,95843.0
SYC,2018,18440.2340460932,72.8414634146341,96762.0
SYC,2019,19141.5118743615,74.0463414634146,97625.0
SYC,2020,14041.4754074575,77.2365853658537,98462.0
SYR,1990,978.489616979607,69.83,12579208.0
SYR,1991,1000.07798684947,70.075,12980821.0
SYR,1992,990.138251191708,70.243,13385571.0
SYR,1993,992.771367475098,70.309,13795686.0
SYR,1994,712.387716635783,70.296,14208583.0
SYR,1995,779.699100153744,70.209,14616801.0
SYR,1996,918.195857362788,70.156,15018104.0
SYR,1997,940.826589804978,70.158,15417542.0
SYR,1998,960.837504927725,70.237,15820413.0
SYR,1999,978.17453169496,70.507,16228061.0
SYR,2000,1138.18722723683,70.856,16637888.0
SYR,2001,1177.53806921268,71.296,17051338.0
SYR,2002,1189.98119453595,71.742,17468332.0
SYR,2003,1220.179077256,72.188,17889296.0
SYR,2004,1368.11263904001,72.494,18336875.0
SYR,2005,1533.90017615946,72.797,18814091.0
SYR,2006,1718.78469956591,73.04,19637022.0
SYR,2007,1937.61199094087,73.256,20884125.0
SYR,2008,2429.1247629459,73.368,21636564.0
SYR,2009,2462.20127278738,73.496,21976969.0
SYR,2010,2730.61487784917,73.542,22482421.0
SYR,2011,2952.14372909443,72.259,22878098.0
SYR,2012,1897.66115018696,66.206,22759763.0
SYR,2013,985.892669221634,65.146,21666917.0
SYR,2014,1060.59105887433,65.492,20273659.0
SYR,2015,847.731545352582,63.265,19424618.0
SYR,2016,656.349017520952,65.19,19193834.0
SYR,2017,851.501972646386,65.651,19224668.0
SYR,2018,1098.06667935023,67.371,19577845.0
SYR,2019,1109.53933821464,70.97,20353534.0
SYR,2020,593.911771822527,71.944,21049429.0
TCA,1990,,70.218,11688.0
TCA,1991,,70.54,12305.0
TCA,1992,,70.887,12970.0
TCA,1993,,71.194,13648.0
TCA,1994,,71.575,14344.0
TCA,1995,,71.948,15052.0
TCA,1996,,72.328,15765.0
TCA,1997,,72.713,16482.0
TCA,1998,,73.113,17212.0
TCA,1999,,73.531,17959.0
TCA,2000,,73.972,18730.0
TCA,2001,18325.7458111974,74.409,19576.0
TCA,2002,17803.9471767733,74.843,20597.0
TCA,2003,18859.1890274773,75.262,21727.0
TCA,2004,21246.00980049,75.63,22856.0
TCA,2005,24122.3028180757,75.954,23988.0
TCA,2006,28734.2873064523,76.197,25123.0
TCA,2007,29443.8523030072,76.427,26270.0
TCA,2008,31453.8228752689,76.084,27427.0
TCA,2009,24596.8938015951,76.672,28588.0
TCA,2010,23093.8498268267,76.784,29739.0
TCA,2011,27327.4006354146,76.87,30846.0
TCA,2012,25923.6156503875,76.969,32127.0
TCA,2013,25653.819867471,77.1,33653.0
TCA,2014,27292.5820256776,77.212,35050.0
TCA,2015,29457.0140691162,77.321,36605.0
TCA,2016,31373.5612684327,77.437,38315.0
TCA,2017,30014.2309523213,77.505,39913.0
TCA,2018,31625.616593277,77.596,41559.0
TCA,2019,31780.5217068989,77.691,43166.0
TCA,2020,20690.9160546118,77.499,44386.0
TCD,1990,290.599045262191,45.074,5982833.0
TCD,1991,302.487268390603,46.596,6205676.0
TCD,1992,290.648286132566,46.777,6474656.0
TCD,1993,220.729964903293,47.002,6629146.0
TCD,1994,173.928895064035,47.08,6783450.0
TCD,1995,203.964852705041,47.453,7089064.0
TCD,1996,216.912541056484,47.551,7410108.0
TCD,1997,201.384076969355,47.762,7670366.0
TCD,1998,219.779530915601,47.802,7938840.0
TCD,1999,186.638531146223,47.934,8222705.0
TCD,2000,163.121663683369,47.937,8512093.0
TCD,2001,194.32295331156,48.306,8804124.0
TCD,2002,219.061391951349,48.36,9116192.0
TCD,2003,289.087621122168,48.609,9487833.0
TCD,2004,445.850767157087,48.687,9920036.0
TCD,2005,838.092107712557,48.86,10328092.0
TCD,2006,906.897260572747,48.747,10706424.0
TCD,2007,980.483531485103,49.21,11081660.0
TCD,2008,1166.36883453841,49.503,11476296.0
TCD,2009,1035.63719694254,49.828,11893754.0
TCD,2010,1141.80069268412,50.107,12312575.0
TCD,2011,1308.1421872538,50.426,12754997.0
TCD,2012,1354.34344701937,50.765,13210998.0
TCD,2013,1304.88742971475,51.051,13691079.0
TCD,2014,1278.78981422494,51.141,14188678.0
TCD,2015,993.990730610869,51.32,14647621.0
TCD,2016,861.831767630746,51.603,15114655.0
TCD,2017,854.46120040098,51.875,15622759.0
TCD,2018,948.656629871231,52.447,16156531.0
TCD,2019,893.336441643325,52.993,16685223.0
TCD,2020,866.947814890409,53.082,17224679.0
TGO,1990,619.184841877398,54.566,3714021.0
TGO,1991,591.939138361428,54.263,3822636.0
TGO,1992,607.946006940374,54.084,3932581.0
TGO,1993,448.033969931112,53.858,3887974.0
TGO,1994,355.429579368426,53.731,3904183.0
TGO,1995,449.85596910209,53.708,4110450.0
TGO,1996,482.27462715388,53.829,4291136.0
TGO,1997,476.890484883584,53.855,4438794.0
TGO,1998,492.493381462559,53.963,4551635.0
TGO,1999,477.217016566667,54.318,4665754.0
TGO,2000,440.420399069497,54.587,4783722.0
TGO,2001,426.883605884489,54.757,4904144.0
TGO,2002,479.438373869587,55.044,5027130.0
TGO,2003,579.728195854724,55.312,5154112.0
TGO,2004,604.311329116751,55.608,5281320.0
TGO,2005,595.200212014134,55.931,5413154.0
TGO,2006,596.249203137762,56.154,5569664.0
TGO,2007,654.083697666439,56.395,5748443.0
TGO,2008,771.351190404751,56.663,5936138.0
TGO,2009,770.172869777254,56.94,6130946.0
TGO,2010,750.323421086121,57.24,6325788.0
TGO,2011,834.14671980279,57.624,6500582.0
TGO,2012,813.611525037432,57.953,6653718.0
TGO,2013,885.698522723929,58.356,6798848.0
TGO,2014,921.539748631461,58.776,6937644.0
TGO,2015,813.894676975085,59.23,7071502.0
TGO,2016,843.114204338675,59.677,7200884.0
TGO,2017,872.076408845752,60.145,7324386.0
TGO,2018,942.480774393154,60.608,7458206.0
TGO,2019,917.718016777619,61.061,7619925.0
TGO,2020,961.219781201934,61.14,7788054.0
THA,1990,1559.11209344755,68.924,54738329.0
THA,1991,1765.62267359529,69.132,55637434.0
THA,1992,1971.60879910694,69.353,56528834.0
THA,1993,2245.13688708983,69.568,57408198.0
THA,1994,2517.70732641683,69.661,58260854.0
THA,1995,2864.36515719866,69.757,59098232.0
THA,1996,3054.65690806473,69.94,59920064.0
THA,1997,2473.14096982086,70.362,60724584.0
THA,1998,1847.70379269771,70.703,61522630.0
THA,1999,2033.24490520569,70.979,62299043.0
THA,2000,2005.97694514234,71.205,63007815.0
THA,2001,1889.93432467144,71.52,63651141.0
THA,2002,2089.75183111554,71.775,64266437.0
THA,2003,2347.54001286066,72.101,64868166.0
THA,2004,2641.56268717857,72.1,65452047.0
THA,2005,2867.70383436062,72.894,66017420.0
THA,2006,3331.32043511773,73.341,66567687.0
THA,2007,3918.52817434581,73.779,67102394.0
THA,2008,4309.13509292986,74.221,67619830.0
THA,2009,4135.43986952819,74.669,68121080.0
THA,2010,4973.86288823778,75.012,68579447.0
THA,2011,5373.6232832898,75.302,69007208.0
THA,2012,5725.52802835463,75.59,69436098.0
THA,2013,6018.08244729255,75.96,69845114.0
THA,2014,5801.1978916205,76.279,70216367.0
THA,2015,5688.85335397884,76.563,70540795.0
THA,2016,5833.57715617098,76.769,70859841.0
THA,2017,6413.09182530343,76.989,71160187.0
THA,2018,7099.77650081458,77.19,71376079.0
THA,2019,7605.69657797759,77.197,71522271.0
THA,2020,6983.03412836245,77.331,71641484.0
TJK,1990,487.03612866309,61.636,5398768.0
TJK,1991,457.767825924805,61.679,5541205.0
TJK,1992,337.833145514813,57.085,5649400.0
TJK,1993,287.620123754917,55.512,5724993.0
TJK,1994,261.271254544865,60.093,5825368.0
TJK,1995,207.034457343036,61.389,5948584.0
TJK,1996,172.035088688368,60.806,6066523.0
TJK,1997,150.088550171239,61.928,6139829.0
TJK,1998,213.749145581577,62.404,6176397.0
TJK,1999,175.023764735625,63.114,6208370.0
TJK,2000,136.925716400723,63.542,6284735.0
TJK,2001,168.676285365186,64.197,6407377.0
TJK,2002,186.951638285222,64.898,6531669.0
TJK,2003,233.58124845289,65.874,6658575.0
TJK,2004,305.745158587502,66.604,6790547.0
TJK,2005,333.927150941684,66.531,6924720.0
TJK,2006,401.018403316427,66.997,7057566.0
TJK,2007,516.997210618914,67.405,7194477.0
TJK,2008,703.327375898643,67.924,7338403.0
TJK,2009,664.795655734657,68.248,7490230.0
TJK,2010,737.338883219356,68.37,7652141.0
TJK,2011,833.601978202852,68.698,7824785.0
TJK,2012,952.452819695469,69.13,8014084.0
TJK,2013,1028.19704279396,69.579,8216724.0
TJK,2014,1081.54402932039,69.697,8425552.0
TJK,2015,956.916310930656,69.665,8643840.0
TJK,2016,788.710481734485,69.982,8865631.0
TJK,2017,829.45714764957,70.524,9085946.0
TJK,2018,834.288404578801,70.737,9307333.0
TJK,2019,871.022372934846,70.962,9529966.0
TJK,2020,834.311715460625,68.605,9749310.0
TKM,1990,848.155047388424,63.867,3760562.0
TKM,1991,831.99873207474,63.842,3855894.0
TKM,1992,811.354156451902,63.753,3944689.0
TKM,1993,788.418914207107,63.586,4032407.0
TKM,1994,622.13478015809,63.515,4116662.0
TKM,1995,592.247247321132,63.514,4191203.0
TKM,1996,557.894220051334,63.538,4263819.0
TKM,1997,565.022638048501,63.667,4336730.0
TKM,1998,590.791293266381,63.966,4410507.0
TKM,1999,545.519003106054,64.475,4492170.0
TKM,2000,633.835487638011,64.931,4582677.0
TKM,2001,756.034976276398,65.325,4675409.0
TKM,2002,935.540801478466,65.593,4769465.0
TKM,2003,1228.94870289404,65.854,4863865.0
TKM,2004,1379.23009682692,66.055,4958093.0
TKM,2005,1604.01618452312,66.275,5052257.0
TKM,2006,1996.59310717308,66.574,5147105.0
TKM,2007,2414.96071986964,67.02,5244046.0
TKM,2008,3605.50395120549,67.584,5345029.0
TKM,2009,3707.97850699617,68.155,5451592.0
TKM,2010,4058.53937000739,68.608,5564356.0
TKM,2011,5143.61929334647,68.87,5683417.0
TKM,2012,6053.8748468749,68.961,5808546.0
TKM,2013,6599.64529055481,68.968,5939341.0
TKM,2014,7164.14536184006,69.001,6075283.0
TKM,2015,5759.497903834,69.061,6215770.0
TKM,2016,5238.00827202546,69.142,6360041.0
TKM,2017,5125.54920055808,69.19,6507061.0
TKM,2018,3911.98557297865,69.272,6655524.0
TKM,2019,4365.1152919542,69.405,6803944.0
TKM,2020,3935.37749365223,68.846,6949912.0
TLS,1990,168.621010199317,45.185,760345.0
TLS,1991,189.794649212749,45.076,778278.0
TLS,1992,235.064767714477,46.19,799318.0
TLS,1993,264.066994790836,47.008,821437.0
TLS,1994,283.058000480762,47.861,844493.0
TLS,1995,302.736982028369,47.543,868146.0
TLS,1996,344.013327625123,48.26,892282.0
TLS,1997,348.86424098109,48.968,917184.0
TLS,1998,345.59090957317,48.583,942530.0
TLS,1999,269.987312761397,45.246,834697.0
TLS,2000,492.457669429651,58.097,745088.0
TLS,2001,587.700692767858,58.772,812249.0
TLS,2002,533.982476434866,59.477,879159.0
TLS,2003,534.901153697657,60.13,916878.0
TLS,2004,474.420767344689,60.743,929074.0
TLS,2005,487.464555404292,61.272,948311.0
TLS,2006,464.667001844159,61.881,976597.0
TLS,2007,540.154584237662,62.396,1004889.0
TLS,2008,628.153219252849,62.858,1032429.0
TLS,2009,686.579295832381,63.265,1058782.0
TLS,2010,813.060177250597,63.66,1084679.0
TLS,2011,939.045241112693,64.022,1110207.0
TLS,2012,1022.61903188429,64.384,1134885.0
TLS,2013,1204.56841532931,64.719,1158695.0
TLS,2014,1224.74957758801,65.027,1181903.0
TLS,2015,1319.59297370991,65.326,1205131.0
TLS,2016,1335.54390089814,65.61,1228312.0
TLS,2017,1266.17767952941,65.898,1251703.0
TLS,2018,1219.46598597604,66.204,1275959.0
TLS,2019,1562.36458881813,66.496,1300945.0
TLS,2020,1630.86935439232,66.919,1326053.0
TON,1990,1139.0553819198,67.539,99700.0
TON,1991,1323.40098550339,67.749,99895.0
TON,1992,1370.36142598699,67.927,100022.0
TON,1993,1383.47386584881,68.157,100103.0
TON,1994,1956.66180354821,68.371,100166.0
TON,1995,2084.02759539718,68.592,100225.0
TON,1996,2214.91474789811,68.803,100275.0
TON,1997,2135.52111086276,69.012,100674.0
TON,1998,1888.83194028282,69.224,101388.0
TON,1999,1952.14626248861,69.431,102046.0
TON,2000,1995.07667546271,69.635,102677.0
TON,2001,1753.51667576626,69.8,103288.0
TON,2002,1759.4805324576,70.03,103874.0
TON,2003,1936.04104012389,70.228,104464.0
TON,2004,2195.44890047673,70.433,105071.0
TON,2005,2477.72620144825,70.56,105671.0
TON,2006,2750.34778600857,70.71,106253.0
TON,2007,2797.06560109144,70.887,106726.0
TON,2008,3218.45303993196,71.041,107020.0
TON,2009,2914.23774004564,70.949,107203.0
TON,2010,3416.08356601207,71.319,107400.0
TON,2011,3849.99375750134,71.437,107570.0
TON,2012,4384.17058724217,71.546,107460.0
TON,2013,4219.24670113014,71.65,107078.0
TON,2014,4136.59010898445,71.721,106609.0
TON,2015,4123.90347238813,71.851,106095.0
TON,2016,3987.98618837043,71.951,105524.0
TON,2017,4365.92929788648,72.066,105356.0
TON,2018,4675.04776047973,72.169,105567.0
TON,2019,4788.83350468584,72.292,105669.0
TON,2020,4792.35872413906,72.379,105704.0
TTO,1990,4047.25093594674,67.591,1252208.0
TTO,1991,4205.37778348016,67.782,1262171.0
TTO,1992,4277.47436935604,67.78,1271674.0
TTO,1993,3646.71231742803,67.825,1280466.0
TTO,1994,3839.96290233114,67.837,1288341.0
TTO,1995,4114.68908475464,67.995,1295169.0
TTO,1996,4427.27832448289,68.039,1300928.0
TTO,1997,4393.94496943068,68.143,1305836.0
TTO,1998,4612.70900312686,68.331,1310225.0
TTO,1999,5179.08350809274,68.509,1314708.0
TTO,2000,6178.58975559687,68.629,1319774.0
TTO,2001,6657.41466937221,68.874,1325567.0
TTO,2002,6762.93080808096,69.232,1332011.0
TTO,2003,8445.04653518298,69.454,1338709.0
TTO,2004,9871.03419820086,69.879,1345380.0
TTO,2005,12346.4373094075,70.185,1294494.0
TTO,2006,14152.6607422113,70.437,1297944.0
TTO,2007,16606.675360681,70.797,1303188.0
TTO,2008,21298.9945258063,71.117,1308587.0
TTO,2009,14634.0565003912,71.404,1310106.0
TTO,2010,16815.424737361,71.809,1317714.0
TTO,2011,19151.0870229722,72.232,1328019.0
TTO,2012,20332.1389531925,72.513,1335194.0
TTO,2013,21304.9777496628,72.785,1340557.0
TTO,2014,21908.3014555644,72.898,1345343.0
TTO,2015,19887.2327716498,72.882,1349667.0
TTO,2016,17449.1538801956,72.935,1353895.0
TTO,2017,17566.0999700656,72.984,1356633.0
TTO,2018,17571.498737278,72.658,1359193.0
TTO,2019,17212.6128892163,72.836,1363985.0
TTO,2020,15283.6270531554,72.645,1366725.0
TUN,1990,1476.43160477311,69.092,8324509.0
TUN,1991,1537.87916511306,69.398,8501827.0
TUN,1992,1784.81850188268,69.684,8682512.0
TUN,1993,1649.18537309075,69.992,8857910.0
TUN,1994,1733.46614673506,70.363,9018448.0
TUN,1995,1968.16600944373,70.785,9161258.0
TUN,1996,2107.40815649257,71.247,9294432.0
TUN,1997,2202.06090620956,71.67,9421270.0
TUN,1998,2285.01933541864,72.067,9541667.0
TUN,1999,2376.06566791596,72.344,9655963.0
TUN,2000,2199.04465936314,72.604,9764935.0
TUN,2001,2235.71981624751,72.822,9869677.0
TUN,2002,2320.7723805785,73.07,9971515.0
TUN,2003,2725.8643148859,73.304,10071632.0
TUN,2004,3067.41936376975,73.519,10166163.0
TUN,2005,3146.8260743927,73.712,10255472.0
TUN,2006,3322.56933570096,73.888,10346410.0
TUN,2007,3726.91672935667,74.039,10441702.0
TUN,2008,4255.05008019523,74.192,10542635.0
TUN,2009,4080.09032448781,74.32,10650681.0
TUN,2010,4291.86120891575,74.438,10765980.0
TUN,2011,4420.64772206537,74.471,10886035.0
TUN,2012,4297.26782454273,74.599,11009647.0
TUN,2013,4369.79345826358,74.674,11141361.0
TUN,2014,4458.97895464547,74.784,11274288.0
TUN,2015,4014.94773686432,74.875,11402264.0
TUN,2016,3847.80354448809,75.007,11528674.0
TUN,2017,3619.03247319953,75.177,11650498.0
TUN,2018,3628.10366464236,75.37,11765514.0
TUN,2019,3528.87213306798,75.599,11875081.0
TUN,2020,3548.65363663803,75.004,11974057.0
TUR,1990,2689.52621921233,67.835,56015628.0
TUR,1991,2649.27259974439,68.287,57009887.0
TUR,1992,2743.65320297936,68.603,57990118.0
TUR,1993,3057.93737480422,69.018,58999167.0
TUR,1994,2176.2801813809,69.402,60033836.0
TUR,1995,3845.98997887841,69.734,61024503.0
TUR,1996,4041.36210281686,70.245,61951134.0
TUR,1997,4197.37636165642,70.668,62852966.0
TUR,1998,4331.02761275037,71.144,63734383.0
TUR,1999,3973.77763854116,70.752,64591923.0
TUR,2000,4199.3798635759,71.931,65425961.0
TUR,2001,3052.2256706793,72.271,66245128.0
TUR,2002,3591.08628982587,72.605,67048795.0
TUR,2003,4649.63668068586,72.906,67831730.0
TUR,2004,5979.6054216148,73.223,68592617.0
TUR,2005,7331.85429430255,73.51,69329557.0
TUR,2006,7990.08251407245,73.804,70045349.0
TUR,2007,9766.91734545294,74.129,70158112.0
TUR,2008,10913.4079047769,74.38,71051678.0
TUR,2009,9076.92472236977,74.679,72039206.0
TUR,2010,10698.9699409757,74.964,73142150.0
TUR,2011,11373.6355760885,74.823,74223629.0
TUR,2012,11776.7593362033,75.552,75175827.0
TUR,2013,12635.5570016068,76.171,76147624.0
TUR,2014,12209.3862327674,76.452,77181884.0
TUR,2015,11064.6494504662,76.539,78218479.0
TUR,2016,10984.3643169061,76.595,79277962.0
TUR,2017,10756.3877677883,77.037,80312698.0
TUR,2018,9684.11819884721,77.454,81407204.0
TUR,2019,9395.23378001368,77.737,82579440.0
TUR,2020,8798.11791709313,76.525,83384680.0
TUV,1990,1084.66707221699,61.643,8798.0
TUV,1991,1134.33175551477,61.809,8928.0
TUV,1992,1165.63710360353,60.29,9038.0
TUV,1993,1141.17904410247,62.11,9126.0
TUV,1994,1278.65870076399,62.317,9207.0
TUV,1995,1284.76446104166,62.505,9280.0
TUV,1996,1427.80960501753,62.709,9342.0
TUV,1997,1461.08618049276,62.942,9400.0
TUV,1998,1459.64937141718,63.162,9451.0
TUV,1999,1558.60396569869,63.346,9496.0
TUV,2000,1559.22072281826,63.536,9544.0
TUV,2001,1475.03705936258,63.709,9586.0
TUV,2002,1729.16968588975,63.825,9623.0
TUV,2003,2020.10103886055,63.897,9695.0
TUV,2004,2330.77403351989,63.989,9816.0
TUV,2005,2298.44257265761,64.096,9940.0
TUV,2006,2413.97836453913,64.247,10056.0
TUV,2007,2803.75365477849,64.402,10182.0
TUV,2008,3062.00125965971,64.516,10321.0
TUV,2009,2662.42865634448,64.693,10461.0
TUV,2010,3054.96154183353,64.834,10614.0
TUV,2011,3679.5325726267,64.96,10780.0
TUV,2012,3558.89749224226,65.079,10934.0
TUV,2013,3524.00277634143,65.171,11001.0
TUV,2014,3518.13249227107,65.278,10984.0
TUV,2015,3352.66722400181,65.365,10963.0
TUV,2016,3779.15293916285,65.51,10930.0
TUV,2017,4166.79162422818,65.683,10869.0
TUV,2018,4467.21144027065,65.871,10751.0
TUV,2019,5058.85266607659,66.109,10581.0
TUV,2020,5029.57159284173,66.357,10399.0
TZA,1990,243.611557006836,51.985,26110207.0
TZA,1991,276.452453613281,51.837,26780436.0
TZA,1992,250.329925537109,51.432,27457588.0
TZA,1993,224.491546630859,51.215,28332692.0
TZA,1994,228.890029907227,51.077,29442356.0
TZA,1995,258.418334960938,51.005,30383497.0
TZA,1996,313.658386230469,51.132,30945762.0
TZA,1997,363.597686767578,51.246,31578089.0
TZA,1998,386.378448486328,51.807,32420458.0
TZA,1999,392.621765136719,52.399,33300330.0
TZA,2000,401.698150634766,53.244,34260139.0
TZA,2001,396.638732910156,54.124,35198299.0
TZA,2002,402.649047851563,54.94,36121304.0
TZA,2003,422.18359375,55.929,37089555.0
TZA,2004,450.385284423828,56.836,38109668.0
TZA,2005,483.334869384766,57.675,39182076.0
TZA,2006,475.746734619141,58.512,40294902.0
TZA,2007,543.198303222656,59.26,41435512.0
TZA,2008,675.977233886719,59.896,42570728.0
TZA,2009,693.823547363281,60.494,43633982.0
TZA,2010,736.530151367188,61.127,44758488.0
TZA,2011,775.392761230469,61.618,46029367.0
TZA,2012,861.969909667969,62.286,47374260.0
TZA,2013,963.05712890625,62.788,48824128.0
TZA,2014,1022.74841308594,63.364,50351512.0
TZA,2015,939.127319335938,63.928,52020962.0
TZA,2016,953.0107421875,64.404,53824013.0
TZA,2017,986.674011230469,64.963,55652890.0
TZA,2018,1023.10626220703,65.488,57437145.0
TZA,2019,1063.32250976563,66.007,59174891.0
TZA,2020,1117.41528320313,66.771,60972798.0
UGA,1990,244.987168126806,47.561,17569897.0
UGA,1991,182.955897348348,47.549,18155901.0
UGA,1992,152.113542415537,47.671,18785032.0
UGA,1993,165.616476211716,47.681,19445161.0
UGA,1994,198.441987998795,47.675,20108801.0
UGA,1995,278.520835668767,47.706,20665667.0
UGA,1996,284.698259285733,47.759,21231550.0
UGA,1997,286.846637912964,48.026,21856046.0
UGA,1998,292.453037058835,48.263,22515806.0
UGA,1999,257.921949601357,48.977,23257281.0
UGA,2000,258.050338731086,49.64,24000150.0
UGA,2001,236.021188853993,50.576,24745676.0
UGA,2002,241.984688408335,51.443,25532870.0
UGA,2003,250.71543664681,52.414,26352124.0
UGA,2004,292.38185796262,53.699,27154515.0
UGA,2005,330.405402707025,54.926,27963289.0
UGA,2006,346.518255310647,56.118,28794003.0
UGA,2007,401.389130865581,57.248,29653430.0
UGA,2008,472.842681495852,58.253,30539553.0
UGA,2009,798.947089938247,59.157,31451151.0
UGA,2010,823.488144282,59.959,32390802.0
UGA,2011,835.620060555838,60.791,33354543.0
UGA,2012,795.222867553127,61.579,34337438.0
UGA,2013,818.285427416713,62.353,35337042.0
UGA,2014,896.054795546394,63.057,36395539.0
UGA,2015,862.934610355811,63.831,37531446.0
UGA,2016,752.696571725656,64.494,38799152.0
UGA,2017,765.218332297361,65.174,40177388.0
UGA,2018,792.16570022814,65.775,41565831.0
UGA,2019,822.171150036357,66.354,42999637.0
UGA,2020,845.766463890124,66.41,44457152.0
UKR,1990,1563.63415527344,70.354,52054092.0
UKR,1991,1482.6396484375,69.688,52170961.0
UKR,1992,1413.24011230469,68.947,52323671.0
UKR,1993,1254.02868652344,68.287,52350126.0
UKR,1994,1009.09405517578,67.534,52075998.0
UKR,1995,933.191772460938,67.114,51665539.0
UKR,1996,869.846069335938,67.097,51226109.0
UKR,1997,987.489807128906,67.658,50786885.0
UKR,1998,831.336791992188,67.993,50379731.0
UKR,1999,631.910461425781,68.004,49976446.0
UKR,2000,653.294311523438,67.786,49556660.0
UKR,2001,800.49072265625,67.675,49106855.0
UKR,2002,903.011901855469,67.699,48677281.0
UKR,2003,1076.48156738281,67.638,48315136.0
UKR,2004,1401.01806640625,67.472,47979507.0
UKR,2005,1875.33508300781,67.517,47585556.0
UKR,2006,2366.494140625,67.49,47278694.0
UKR,2007,3160.32763671875,67.715,47062798.0
UKR,2008,4017.806640625,68.262,46819175.0
UKR,2009,2607.08764648438,69.159,46623731.0
UKR,2010,3039.63232421875,70.188,46456003.0
UKR,2011,3656.69799804688,70.711,46307853.0
UKR,2012,3951.34228515625,71.09,46210056.0
UKR,2013,4129.89697265625,71.474,46126770.0
UKR,2014,3054.908203125,71.803,45972380.0
UKR,2015,2094.47387695313,72.686,45784896.0
UKR,2016,2158.46118164063,73.389,45616832.0
UKR,2017,2604.28759765625,73.993,45436041.0
UKR,2018,3059.0517578125,73.569,45208907.0
UKR,2019,3619.86157226563,73.92,44957458.0
UKR,2020,3709.76928710938,73.283,44680014.0
URY,1990,2995.36105663465,72.994,3104403.0
URY,1991,3589.01541942634,73.198,3122354.0
URY,1992,4101.71054155291,73.185,3139702.0
URY,1993,4753.00924682647,73.147,3156345.0
URY,1994,5507.56481300056,73.162,3172834.0
URY,1995,6050.48632253644,73.493,3189440.0
URY,1996,6398.43575184095,73.812,3206324.0
URY,1997,7436.29342620682,73.92,3223345.0
URY,1998,7836.89183322307,74.029,3239280.0
URY,1999,7370.56995453931,74.293,3254015.0
URY,2000,6987.70098766257,74.693,3266206.0
URY,2001,6382.76104740859,74.987,3274251.0
URY,2002,4149.76140312687,74.979,3278867.0
URY,2003,3671.12329256883,75.086,3281186.0
URY,2004,4168.66065438387,75.319,3283148.0
URY,2005,5284.25677987129,75.829,3285771.0
URY,2006,6001.33294783172,75.888,3289506.0
URY,2007,7222.05403645877,76.15,3295153.0
URY,2008,9423.96562595893,76.275,3302177.0
URY,2009,9881.39573127081,76.67,3310091.0
URY,2010,12641.0576849008,76.691,3318580.0
URY,2011,15132.2675725587,76.614,3326825.0
URY,2012,16259.5940814256,76.691,3335401.0
URY,2013,18335.2594772322,76.953,3345337.0
URY,2014,18322.4276767157,77.194,3356334.0
URY,2015,17125.9016800298,77.285,3368017.0
URY,2016,17009.7584207276,77.351,3379283.0
URY,2017,19184.6626114272,77.618,3388438.0
URY,2018,19249.9404677501,77.527,3394534.0
URY,2019,18315.7350377437,77.503,3397206.0
URY,2020,15757.5341990356,78.381,3398968.0
USA,1990,23888.6000088133,75.2146341463415,249623000.0
USA,1991,24342.2589048189,75.3658536585366,252981000.0
USA,1992,25418.9907763319,75.6170731707317,256514000.0
USA,1993,26387.2937338171,75.419512195122,259919000.0
USA,1994,27694.853416234,75.619512195122,263126000.0
USA,1995,28690.8757013347,75.6219512195122,266278000.0
USA,1996,29967.7127181749,76.0268292682927,269394000.0
USA,1997,31459.1299691554,76.4292682926829,272657000.0
USA,1998,32853.6725949234,76.5804878048781,275854000.0
USA,1999,34515.3813073394,76.5829268292683,279040000.0
USA,2000,36329.9702595751,76.6365853658537,282162411.0
USA,2001,37133.6203973517,76.8365853658537,284968955.0
USA,2002,37997.7424300242,76.9365853658537,287625193.0
USA,2003,39490.3023903176,77.0365853658537,290107933.0
USA,2004,41724.6411982614,77.4878048780488,292805298.0
USA,2005,44123.3996470026,77.4878048780488,295516599.0
USA,2006,46301.9876485519,77.6878048780488,298379912.0
USA,2007,48050.227412195,77.9878048780488,301231207.0
USA,2008,48570.0594269601,78.0390243902439,304093966.0
USA,2009,47194.9500893872,78.390243902439,306771529.0
USA,2010,48642.6312088213,78.5414634146342,309378227.0
USA,2011,50024.8812320773,78.6414634146341,311839461.0
USA,2012,51708.3940614082,78.7414634146342,314339099.0
USA,2013,53297.3862901595,78.7414634146342,316726282.0
USA,2014,55153.3940182967,78.8414634146341,319257560.0
USA,2015,56849.4697923159,78.690243902439,321815121.0
USA,2016,57976.628204291,78.5390243902439,324353340.0
USA,2017,60047.7190728307,78.5390243902439,326608609.0
USA,2018,62875.6661382728,78.6390243902439,328529577.0
USA,2019,65227.9565911038,78.7878048780488,330226227.0
USA,2020,64465.2971415748,76.9804878048781,331578104.0
UZB,1990,652.9376529256,65.772,20464956.0
UZB,1991,658.313550528068,65.529,20962910.0
UZB,1992,602.920525827048,65.236,21485090.0
UZB,1993,595.777099596612,64.924,21987955.0
UZB,1994,574.229079896619,64.681,22463291.0
UZB,1995,582.54213674034,64.67,22917589.0
UZB,1996,597.33228695111,64.78,23351981.0
UZB,1997,620.59129581366,65.028,23758960.0
UZB,1998,621.048904301242,65.169,24134929.0
UZB,1999,697.763539790812,65.307,24476008.0
UZB,2000,555.149231099186,65.456,24787054.0
UZB,2001,454.415812256778,65.853,25090283.0
UZB,2002,381.409296889283,66.376,25399980.0
UZB,2003,394.164028897235,66.852,25711259.0
UZB,2004,462.171492867885,67.203,26029350.0
UZB,2005,542.835808692209,67.481,26356975.0
UZB,2006,649.118167003925,67.905,26699043.0
UZB,2007,824.028192334768,68.483,27076008.0
UZB,2008,1074.72928796701,69.035,27494774.0
UZB,2009,1205.7993547038,69.517,27939328.0
UZB,2010,1956.78127255673,69.836,28385506.0
UZB,2011,2338.55462817306,70.143,28823196.0
UZB,2012,2573.95586785056,70.411,29261903.0
UZB,2013,2781.38869470315,70.692,29724065.0
UZB,2014,3021.00331668049,70.973,30222994.0
UZB,2015,3172.89899391083,71.33,30749346.0
UZB,2016,3128.42307170099,71.58,31284568.0
UZB,2017,2271.4730109511,71.737,31819178.0
UZB,2018,1894.09088741408,71.999,32373490.0
UZB,2019,2128.66067138334,72.093,32964701.0
UZB,2020,2087.96374711792,71.461,33586372.0
VCT,1990,2149.73944358984,70.647,111812.0
VCT,1991,2270.76357246912,70.64,112222.0
VCT,1992,2470.51840791008,70.745,112509.0
VCT,1993,2539.64968649849,70.621,112735.0
VCT,1994,2563.24976564442,70.602,112918.0
VCT,1995,2795.36305613955,70.575,113047.0
VCT,1996,2930.44394742606,70.466,113119.0
VCT,1997,3073.7784743848,70.382,113141.0
VCT,1998,3301.10018129103,70.263,113180.0
VCT,1999,3446.52293031878,70.312,113366.0
VCT,2000,3768.95536604022,70.35,113545.0
VCT,2001,4071.08601098962,70.382,113501.0
VCT,2002,4303.27976789727,70.658,113347.0
VCT,2003,4499.61454193342,70.43,113141.0
VCT,2004,4873.48947742443,70.445,112835.0
VCT,2005,5157.39373878102,70.454,112450.0
VCT,2006,5744.8278621257,70.434,112014.0
VCT,2007,6398.19123532172,70.446,111531.0
VCT,2008,6598.90531450859,70.611,111028.0
VCT,2009,6463.78777336717,70.712,110508.0
VCT,2010,6551.96835992405,70.66,109959.0
VCT,2011,6527.68996854448,70.609,109349.0
VCT,2012,6713.80768643865,70.539,108736.0
VCT,2013,7072.46737188939,70.091,108135.0
VCT,2014,7168.82875342911,70.355,107535.0
VCT,2015,7353.73556054184,70.463,106960.0
VCT,2016,7656.90042881178,70.7,106349.0
VCT,2017,7988.04445019298,71.013,105663.0
VCT,2018,8428.12677153069,71.017,104926.0
VCT,2019,8740.59425232061,70.994,104167.0
VCT,2020,8351.20324040982,69.605,103526.0
VEN,1990,2451.5523114567,70.964,19827010.0
VEN,1991,2632.53969814106,71.172,20304896.0
VEN,1992,2907.30334439434,71.177,20780948.0
VEN,1993,2824.69144366441,71.385,21254520.0
VEN,1994,2688.98325145295,71.283,21725188.0
VEN,1995,3486.98350635919,71.714,22193821.0
VEN,1996,3112.825848106,71.92,22662113.0
VEN,1997,3710.82688355096,72.56,23131685.0
VEN,1998,3869.98258848894,72.446,23601337.0
VEN,1999,4070.90619189484,72.088,24066593.0
VEN,2000,4776.2816763938,72.388,24526708.0
VEN,2001,4920.39313600453,71.019,24979922.0
VEN,2002,3652.09896501865,72.823,25435671.0
VEN,2003,3229.50557082079,72.056,25892703.0
VEN,2004,4269.08970872392,72.752,26340838.0
VEN,2005,5432.4854184654,73.075,26785804.0
VEN,2006,6739.38065342218,72.972,27224686.0
VEN,2007,8331.62096991844,73.348,27649363.0
VEN,2008,11262.4514256759,72.578,28053696.0
VEN,2009,11596.6021921731,72.785,28438298.0
VEN,2010,13646.3046622664,73.092,28813101.0
VEN,2011,10843.9229703167,73.09,29185212.0
VEN,2012,12582.0125686037,73.086,29553826.0
VEN,2013,8642.37380007027,73.076,29912198.0
VEN,2014,7101.15006382986,72.837,30254079.0
VEN,2015,4096.61989137473,73.004,30573972.0
VEN,2016,3671.23004093383,72.002,30765720.0
VEN,2017,3791.63262049576,71.903,30565323.0
VEN,2018,3421.51341607593,72.641,29807592.0
VEN,2019,2523.11527549578,72.766,28938098.0
VEN,2020,1506.04169391285,72.369,28444077.0
VGB,1990,,72.392,15704.0
VGB,1991,,72.75,16187.0
VGB,1992,,73.109,16593.0
VGB,1993,,73.431,16989.0
VGB,1994,,73.794,17406.0
VGB,1995,,74.089,17840.0
VGB,1996,,74.341,18287.0
VGB,1997,,74.469,18756.0
VGB,1998,,74.569,19238.0
VGB,1999,,74.652,19730.0
VGB,2000,,74.753,20241.0
VGB,2001,,74.831,20796.0
VGB,2002,,74.971,21430.0
VGB,2003,,75.183,22134.0
VGB,2004,,75.404,22881.0
VGB,2005,,75.569,23665.0
VGB,2006,,75.745,24493.0
VGB,2007,,75.893,25366.0
VGB,2008,,76.07,26288.0
VGB,2009,,76.205,27218.0
VGB,2010,,76.289,27675.0
VGB,2011,,76.363,28710.0
VGB,2012,,76.433,30345.0
VGB,2013,,76.472,31703.0
VGB,2014,,76.527,32962.0
VGB,2015,,76.558,34498.0
VGB,2016,,76.624,33878.0
VGB,2017,,75.67,32699.0
VGB,2018,,76.728,34657.0
VGB,2019,,76.845,36395.0
VGB,2020,,76.894,37135.0
VIR,1990,,70.6799756097561,103963.0
VIR,1991,,70.8079268292683,104807.0
VIR,1992,,70.9626097560976,105712.0
VIR,1993,,71.0782682926829,106578.0
VIR,1994,,71.2246341463415,107318.0
VIR,1995,,71.1666097560976,107818.0
VIR,1996,,71.575512195122,108095.0
VIR,1997,,70.9152195121951,108357.0
VIR,1998,,71.2462682926829,108537.0
VIR,1999,,71.1116097560976,108599.0
VIR,2000,,76.619512195122,108642.0
VIR,2001,,77.6219512195122,108549.0
VIR,2002,30062.0225050457,77.5219512195122,108509.0
VIR,2003,31731.2566241187,77.5219512195122,108505.0
VIR,2004,35006.3614404514,77.7731707317073,108466.0
VIR,2005,40828.7460927775,77.4219512195122,108453.0
VIR,2006,41377.1466009652,78.3243902439024,108369.0
VIR,2007,44158.5054044325,76.8634146341463,108337.0
VIR,2008,39152.3750657306,77.1634146341463,108397.0
VIR,2009,38753.1825393897,77.5146341463415,108404.0
VIR,2010,39905.1284180994,77.8658536585366,108357.0
VIR,2011,38997.1373164651,78.3170731707317,108290.0
VIR,2012,37795.3192590675,78.5170731707317,108188.0
VIR,2013,34597.9766940328,78.7170731707317,108041.0
VIR,2014,33045.3643795999,78.8682926829268,107882.0
VIR,2015,34007.3529411765,79.0170731707317,107712.0
VIR,2016,35324.9748874586,79.1682926829268,107516.0
VIR,2017,35365.0693039774,79.3682926829268,107281.0
VIR,2018,36663.2087550584,79.5195121951219,107001.0
VIR,2019,38633.5298915336,79.6682926829268,106669.0
VIR,2020,39787.3741650202,79.819512195122,106290.0
VNM,1990,98.7983370311401,69.027,65504552.0
VNM,1991,143.715270231936,69.303,66891775.0
VNM,1992,144.549392371677,69.62,68260337.0
VNM,1993,189.418573584332,69.957,69586384.0
VNM,1994,229.857787265757,70.379,70854391.0
VNM,1995,287.802661028593,70.871,72049940.0
VNM,1996,337.051231790277,71.296,73156447.0
VNM,1997,361.643884085566,71.67,74226889.0
VNM,1998,361.350928411167,72.283,75299660.0
VNM,1999,375.994455900496,72.575,76287452.0
VNM,2000,404.029784055118,72.746,77154011.0
VNM,2001,419.205677580901,72.984,77969361.0
VNM,2002,445.132861817313,73.138,78772224.0
VNM,2003,497.117089249256,73.236,79563777.0
VNM,2004,565.452284586212,73.062,80338971.0
VNM,2005,710.746759994861,73.198,81088313.0
VNM,2006,807.756645117054,73.293,82167897.0
VNM,2007,925.640338348717,73.385,83633375.0
VNM,2008,1163.83195772873,73.455,85175788.0
VNM,2009,1226.16976051536,73.525,86460018.0
VNM,2010,1683.16182443979,73.611,87455152.0
VNM,2011,1950.92504174913,73.713,88468314.0
VNM,2012,2185.11767654291,73.762,89510356.0
VNM,2013,2359.51736472828,73.821,90573104.0
VNM,2014,2546.38464459903,73.886,91679578.0
VNM,2015,2577.56885340113,73.955,92823254.0
VNM,2016,2735.0604380416,73.984,94000117.0
VNM,2017,2956.10992127753,74.026,95176977.0
VNM,2018,3222.31003125366,74.1,96237319.0
VNM,2019,3440.90025375434,74.211,97173776.0
VNM,2020,3534.03953482647,75.383,98079191.0
VUT,1990,1140.59020311724,66.684,148063.0
VUT,1991,1326.37321256212,67.114,151793.0
VUT,1992,1343.68942861831,67.433,155608.0
VUT,1993,1257.29387486656,67.724,159463.0
VUT,1994,1430.99367776483,67.984,163314.0
VUT,1995,1491.78967004617,68.104,167137.0
VUT,1996,1529.27573115021,68.176,170911.0
VUT,1997,1562.03090670153,68.309,174626.0
VUT,1998,1470.97189048658,68.372,178313.0
VUT,1999,1472.17751741462,67.924,182048.0
VUT,2000,1460.23817692229,68.586,186281.0
VUT,2001,1350.18338238522,68.722,191031.0
VUT,2002,1340.71537528287,68.836,195863.0
VUT,2003,1566.51396790858,68.933,200746.0
VUT,2004,1774.31867585894,68.985,205711.0
VUT,2005,1873.99142640619,69.166,210760.0
VUT,2006,2034.79289624351,69.126,215923.0
VUT,2007,2333.70506748914,69.144,221276.0
VUT,2008,2603.60883136724,69.302,226896.0
VUT,2009,2546.38324565986,69.422,232731.0
VUT,2010,2815.18828985779,69.57,238248.0
VUT,2011,3163.1861645138,69.729,243474.0
VUT,2012,3004.78416664293,69.898,248883.0
VUT,2013,3392.56675091682,69.986,254482.0
VUT,2014,3378.36411965135,70.043,260240.0
VUT,2015,3214.41948587141,70.163,266101.0
VUT,2016,3339.83436471043,70.397,272087.0
VUT,2017,3585.31798081216,70.5,278507.0
VUT,2018,3626.18862522473,70.626,285259.0
VUT,2019,3635.62344878185,70.783,291985.0
VUT,2020,3404.30359167624,70.385,298858.0
WSM,1990,743.994213008355,67.808,169042.0
WSM,1991,741.563963808482,68.039,169368.0
WSM,1992,776.740824409711,68.532,170331.0
WSM,1993,774.988631552282,68.818,171774.0
WSM,1994,1276.85021574897,69.162,173159.0
WSM,1995,1288.10473321401,69.469,174571.0
WSM,1996,1419.35849045228,69.767,176071.0
WSM,1997,1607.88744330521,70.045,177547.0
WSM,1998,1506.30359215846,70.308,178905.0
WSM,1999,1416.76915966987,70.555,180275.0
WSM,2000,1424.75240002471,70.791,181685.0
WSM,2001,1453.87021324606,71.028,183166.0
WSM,2002,1527.55790455937,71.233,184471.0
WSM,2003,1798.12429714048,71.441,185430.0
WSM,2004,2189.26042607992,71.508,186249.0
WSM,2005,2550.04221437511,71.487,186978.0
WSM,2006,2663.29135939532,71.62,187709.0
WSM,2007,3038.61904093377,71.605,188753.0
WSM,2008,3373.60639884263,71.531,190107.0
WSM,2009,3279.18269477295,69.486,191513.0
WSM,2010,3524.2479246203,71.451,193023.0
WSM,2011,3821.50678264479,71.393,194713.0
WSM,2012,3934.60320799981,71.159,196498.0
WSM,2013,4023.5254013825,71.229,198268.0
WSM,2014,3982.68080202084,71.142,200037.0
WSM,2015,4084.36083819933,71.06,201782.0
WSM,2016,4147.07097674888,71.003,203499.0
WSM,2017,4307.59381964907,70.991,205415.0
WSM,2018,4231.81409469194,71.052,207582.0
WSM,2019,4351.94234943706,70.269,209780.0
WSM,2020,4099.59660548583,70.727,211944.0
XKX,1990,,66.508,1973790.0
XKX,1991,,66.456,2005362.0
XKX,1992,,67.381,2039723.0
XKX,1993,,67.945,2072664.0
XKX,1994,,68.595,2105256.0
XKX,1995,,68.782,2137514.0
XKX,1996,,69.359,2168753.0
XKX,1997,,69.862,2197284.0
XKX,1998,,68.58,2078964.0
XKX,1999,,58.265,1871524.0
XKX,2000,,71.321,1802493.0
XKX,2001,,71.782,1820009.0
XKX,2002,,72.227,1829462.0
XKX,2003,,72.678,1826434.0
XKX,2004,,73.132,1822773.0
XKX,2005,,73.437,1818354.0
XKX,2006,,73.63,1813079.0
XKX,2007,,74.422,1807094.0
XKX,2008,2889.14677086951,74.711,1800858.0
XKX,2009,2805.94692985371,74.79,1794681.0
XKX,2010,2987.54523493128,74.609,1788743.0
XKX,2011,3538.94809762524,75.323,1791949.0
XKX,2012,3410.65497983011,75.75,1807126.0
XKX,2013,3704.55812411167,76.336,1818119.0
XKX,2014,3902.49322261901,76.179,1812788.0
XKX,2015,3520.62685324451,76.024,1788274.0
XKX,2016,3759.44777525332,76.748,1777568.0
XKX,2017,4009.32022064732,77.105,1791019.0
XKX,2018,4384.18796440547,77.117,1797086.0
XKX,2019,4415.6992744623,77.249,1788891.0
XKX,2020,4320.58382547288,74.212,1790151.0
YEM,1990,910.422465960748,58.528,13887862.0
YEM,1991,1016.30223044813,58.805,14430201.0
YEM,1992,1198.13031674085,59.26,14989494.0
YEM,1993,1396.61544419009,59.655,15563914.0
YEM,1994,1735.04419543214,59.828,16149147.0
YEM,1995,764.414656090937,60.532,16740058.0
YEM,1996,375.214994663363,60.884,17313177.0
YEM,1997,382.584928722421,61.34,17873936.0
YEM,1998,342.73940747773,61.788,18446013.0
YEM,1999,401.448141660801,62.275,19029420.0
YEM,2000,493.235182634814,62.761,19624141.0
YEM,2001,487.141257946318,63.286,20226147.0
YEM,2002,513.241486570603,63.807,20835086.0
YEM,2003,548.905883049973,64.407,21456379.0
YEM,2004,627.632023395762,64.881,22095167.0
YEM,2005,734.159908450927,65.356,22790085.0
YEM,2006,809.713127624703,65.8,23543083.0
YEM,2007,890.305768114988,66.23,24318082.0
YEM,2008,1071.63583282105,66.609,25111941.0
YEM,2009,969.243509864478,66.905,25927724.0
YEM,2010,1155.20305261418,67.223,26754387.0
YEM,2011,1186.47500581215,67.412,27582897.0
YEM,2012,1245.05068272078,67.569,28433647.0
YEM,2013,1378.75002954928,67.961,29312952.0
YEM,2014,1430.16420964026,68.003,30226309.0
YEM,2015,1362.1738120601,66.761,31159379.0
YEM,2016,975.359417003225,67.105,32109010.0
YEM,2017,811.165970405745,67.12,33090921.0
YEM,2018,633.887202451545,65.915,34085182.0
YEM,2019,,66.567,35111408.0
YEM,2020,,66.435,36134863.0
ZAF,1990,3093.48920352334,62.942,40746268.0
ZAF,1991,3243.23616023953,62.983,41687898.0
ZAF,1992,3462.39400202835,62.839,42443509.0
ZAF,1993,3399.64009566241,62.618,43297156.0
ZAF,1994,3488.59711541763,62.069,44004139.0
ZAF,1995,3855.6340871567,61.603,44541554.0
ZAF,1996,3617.55336002932,61.079,45123018.0
ZAF,1997,3700.23554789867,60.538,45666838.0
ZAF,1998,3309.60933087472,59.912,46223880.0
ZAF,1999,3242.36830483958,59.19,46730335.0
ZAF,2000,3217.84693448467,58.368,47159719.0
ZAF,2001,2847.15191945908,57.161,47566800.0
ZAF,2002,2688.23676032806,55.58,48019415.0
ZAF,2003,4062.21755993786,54.245,48500348.0
ZAF,2004,5221.46333731721,53.963,48991421.0
ZAF,2005,5836.87663325127,53.914,49490033.0
ZAF,2006,6077.38293388876,54.22,49998277.0
ZAF,2007,6591.85535960564,54.948,50528584.0
ZAF,2008,6184.75474328399,55.982,51114599.0
ZAF,2009,6374.70560042992,57.413,51728516.0
ZAF,2010,7973.47195771517,58.886,52344051.0
ZAF,2011,8646.05571071635,60.602,52995205.0
ZAF,2012,8076.97678479741,61.737,53782567.0
ZAF,2013,7331.65467384919,62.388,54678791.0
ZAF,2014,6856.73137092522,63.184,55594838.0
ZAF,2015,6112.27382485974,64.053,56723537.0
ZAF,2016,5651.20585165749,64.749,57259551.0
ZAF,2017,6618.33508255701,65.422,57635162.0
ZAF,2018,6914.1780318076,65.726,58613001.0
ZAF,2019,6533.71121032856,66.071,59587885.0
ZAF,2020,5580.60383075189,65.15,60562381.0
ZMB,1990,422.336298804219,48.204,7786169.0
ZMB,1991,423.071256835592,47.443,7981650.0
ZMB,1992,389.254665832226,46.968,8176680.0
ZMB,1993,390.916673784646,46.678,8373921.0
ZMB,1994,426.386598390102,46.344,8576269.0
ZMB,1995,433.312782642118,46.051,8785763.0
ZMB,1996,399.511304742449,45.757,9004053.0
ZMB,1997,465.871942164799,45.743,9237063.0
ZMB,1998,373.084763057408,45.709,9482408.0
ZMB,1999,349.515723095687,45.924,9740005.0
ZMB,2000,359.429500988221,46.577,10017631.0
ZMB,2001,396.548952993504,47.408,10325185.0
ZMB,2002,393.864625518616,48.461,10647949.0
ZMB,2003,446.290104839041,49.616,10983595.0
ZMB,2004,548.685974566277,50.54,11338198.0
ZMB,2005,710.982068171696,51.615,11718819.0
ZMB,2006,1051.71714895686,52.693,12129553.0
ZMB,2007,1118.73162626953,53.73,12565085.0
ZMB,2008,1375.50211006997,54.835,13021324.0
ZMB,2009,1136.24168316848,55.886,13490389.0
ZMB,2010,1451.10616017155,56.896,13965594.0
ZMB,2011,1624.86817763443,57.843,14437796.0
ZMB,2012,1710.05061343728,58.704,14913629.0
ZMB,2013,1820.71854827391,59.445,15398997.0
ZMB,2014,1707.48573136694,60.109,15895315.0
ZMB,2015,1295.87788680068,60.728,16399089.0
ZMB,2016,1239.08527877713,61.129,16914423.0
ZMB,2017,1483.46577328065,61.564,17441320.0
ZMB,2018,1463.89997855593,62.138,17973569.0
ZMB,2019,1258.98619844462,62.914,18513839.0
ZMB,2020,951.644316655957,63.361,19059395.0
ZWE,1990,866.928868406131,58.319,10137281.0
ZWE,1991,830.961354818769,57.037,10404816.0
ZWE,1992,631.149149280088,55.602,10702700.0
ZWE,1993,604.70311652877,53.976,10860288.0
ZWE,1994,634.062003018813,52.537,10873148.0
ZWE,1995,648.315259628165,51.144,10974599.0
ZWE,1996,766.913775859535,48.981,11158360.0
ZWE,1997,750.583100340929,48.536,11369827.0
ZWE,1998,552.448328691252,47.551,11594297.0
ZWE,1999,582.299355588147,46.379,11783458.0
ZWE,2000,562.833757496076,46.034,11892055.0
ZWE,2001,566.388746448872,44.525,11971901.0
ZWE,2002,524.936478570323,45.938,12087653.0
ZWE,2003,468.471932927213,45.373,12232323.0
ZWE,2004,469.719298949304,46.043,12365896.0
ZWE,2005,461.271387547912,46.57,12483432.0
ZWE,2006,431.034994414964,47.056,12636445.0
ZWE,2007,413.521244592925,47.576,12804058.0
ZWE,2008,340.917447588572,48.456,12959149.0
ZWE,2009,735.821693871697,49.75,13142790.0
ZWE,2010,902.010759067388,51.925,13356548.0
ZWE,2011,1037.77565157218,53.911,13595424.0
ZWE,2012,1239.22709745709,55.386,13817887.0
ZWE,2013,1362.99498323368,56.842,14013808.0
ZWE,2014,1372.91526173161,58.106,14207359.0
ZWE,2015,1387.12632595026,58.989,14399013.0
ZWE,2016,1408.13945253431,59.76,14600294.0
ZWE,2017,3445.44941020134,60.263,14812482.0
ZWE,2018,2270.89531874302,60.906,15034452.0
ZWE,2019,2184.52155388801,61.06,15271368.0
ZWE,2020,2059.63704025274,61.53,15526888.0
